1.00000000 1.00000000 1.25000000E+003
1.00000000 1.10000000 1.20148010E+003
1.00000000 1.20000000 1.15584160E+003
1.00000000 1.30000000 1.11296810E+003
1.00000000 1.40000000 1.07274560E+003
1.00000000 1.50000000 1.03506250E+003
1.00000000 1.60000000 9.99809600E+002
1.00000000 1.70000000 9.66880100E+002
1.00000000 1.80000000 9.36169600E+002
1.00000000 1.90000000 9.07576100E+002
1.00000000 2.00000000 8.81000000E+002
1.00000000 2.10000000 8.56344100E+002
1.00000000 2.20000000 8.33513600E+002
1.00000000 2.30000000 8.12416100E+002
1.00000000 2.40000000 7.92961600E+002
1.00000000 2.50000000 7.75062500E+002
1.00000000 2.60000000 7.58633600E+002
1.00000000 2.70000000 7.43592100E+002
1.00000000 2.80000000 7.29857600E+002
1.00000000 2.90000000 7.17352100E+002
1.00000000 3.00000000 7.06000000E+002
1.00000000 3.10000000 6.95728100E+002
1.00000000 3.20000000 6.86465600E+002
1.00000000 3.30000000 6.78144100E+002
1.00000000 3.40000000 6.70697600E+002
1.00000000 3.50000000 6.64062500E+002
1.00000000 3.60000000 6.58177600E+002
1.00000000 3.70000000 6.52984100E+002
1.00000000 3.80000000 6.48425600E+002
1.00000000 3.90000000 6.44448100E+002
1.00000000 4.00000000 6.41000000E+002
1.00000000 4.10000000 6.38032100E+002
1.00000000 4.20000000 6.35497600E+002
1.00000000 4.30000000 6.33352100E+002
1.00000000 4.40000000 6.31553600E+002
1.00000000 4.50000000 6.30062500E+002
1.00000000 4.60000000 6.28841600E+002
1.00000000 4.70000000 6.27856100E+002
1.00000000 4.80000000 6.27073600E+002
1.00000000 4.90000000 6.26464100E+002
1.00000000 5.00000000 6.26000000E+002
1.00000000 5.10000000 6.25656100E+002
1.00000000 5.20000000 6.25409600E+002
1.00000000 5.30000000 6.25240100E+002
1.00000000 5.40000000 6.25129600E+002
1.00000000 5.50000000 6.25062500E+002
1.00000000 5.60000000 6.25025600E+002
1.00000000 5.70000000 6.25008100E+002
1.00000000 5.80000000 6.25001600E+002
1.00000000 5.90000000 6.25000100E+002
1.00000000 6.00000000 6.25000000E+002
1.00000000 6.10000000 6.25000100E+002
1.00000000 6.20000000 6.25001600E+002
1.00000000 6.30000000 6.25008100E+002
1.00000000 6.40000000 6.25025600E+002
1.00000000 6.50000000 6.25062500E+002
1.00000000 6.60000000 6.25129600E+002
1.00000000 6.70000000 6.25240100E+002
1.00000000 6.80000000 6.25409600E+002
1.00000000 6.90000000 6.25656100E+002
1.00000000 7.00000000 6.26000000E+002
1.00000000 7.10000000 6.26464100E+002
1.00000000 7.20000000 6.27073600E+002
1.00000000 7.30000000 6.27856100E+002
1.00000000 7.40000000 6.28841600E+002
1.00000000 7.50000000 6.30062500E+002
1.00000000 7.60000000 6.31553600E+002
1.00000000 7.70000000 6.33352100E+002
1.00000000 7.80000000 6.35497600E+002
1.00000000 7.90000000 6.38032100E+002
1.00000000 8.00000000 6.41000000E+002
1.00000000 8.10000000 6.44448100E+002
1.00000000 8.20000000 6.48425600E+002
1.00000000 8.30000000 6.52984100E+002
1.00000000 8.40000000 6.58177600E+002
1.00000000 8.50000000 6.64062500E+002
1.00000000 8.60000000 6.70697600E+002
1.00000000 8.70000000 6.78144100E+002
1.00000000 8.80000000 6.86465600E+002
1.00000000 8.90000000 6.95728100E+002
1.00000000 9.00000000 7.06000000E+002
1.00000000 9.10000000 7.17352100E+002
1.00000000 9.20000000 7.29857600E+002
1.00000000 9.30000000 7.43592100E+002
1.00000000 9.40000000 7.58633600E+002
1.00000000 9.50000000 7.75062500E+002
1.00000000 9.60000000 7.92961600E+002
1.00000000 9.70000000 8.12416100E+002
1.00000000 9.80000000 8.33513600E+002
1.00000000 9.90000000 8.56344100E+002
1.00000000 10.00000000 8.81000000E+002
1.00000000 10.10000000 9.07576100E+002
1.00000000 10.20000000 9.36169600E+002
1.00000000 10.30000000 9.66880100E+002
1.00000000 10.40000000 9.99809600E+002
1.00000000 10.50000000 1.03506250E+003
1.00000000 10.60000000 1.07274560E+003
1.00000000 10.70000000 1.11296810E+003
1.00000000 10.80000000 1.15584160E+003
1.00000000 10.90000000 1.20148010E+003
1.00000000 11.00000000 1.25000000E+003
1.10000000 1.00000000 1.20148010E+003
1.10000000 1.10000000 1.15296020E+003
1.10000000 1.20000000 1.10732170E+003
1.10000000 1.30000000 1.06444820E+003
1.10000000 1.40000000 1.02422570E+003
1.10000000 1.50000000 9.86542600E+002
1.10000000 1.60000000 9.51289700E+002
1.10000000 1.70000000 9.18360200E+002
1.10000000 1.80000000 8.87649700E+002
1.10000000 1.90000000 8.59056200E+002
1.10000000 2.00000000 8.32480100E+002
1.10000000 2.10000000 8.07824200E+002
1.10000000 2.20000000 7.84993700E+002
1.10000000 2.30000000 7.63896200E+002
1.10000000 2.40000000 7.44441700E+002
1.10000000 2.50000000 7.26542600E+002
1.10000000 2.60000000 7.10113700E+002
1.10000000 2.70000000 6.95072200E+002
1.10000000 2.80000000 6.81337700E+002
1.10000000 2.90000000 6.68832200E+002
1.10000000 3.00000000 6.57480100E+002
1.10000000 3.10000000 6.47208200E+002
1.10000000 3.20000000 6.37945700E+002
1.10000000 3.30000000 6.29624200E+002
1.10000000 3.40000000 6.22177700E+002
1.10000000 3.50000000 6.15542600E+002
1.10000000 3.60000000 6.09657700E+002
1.10000000 3.70000000 6.04464200E+002
1.10000000 3.80000000 5.99905700E+002
1.10000000 3.90000000 5.95928200E+002
1.10000000 4.00000000 5.92480100E+002
1.10000000 4.10000000 5.89512200E+002
1.10000000 4.20000000 5.86977700E+002
1.10000000 4.30000000 5.84832200E+002
1.10000000 4.40000000 5.83033700E+002
1.10000000 4.50000000 5.81542600E+002
1.10000000 4.60000000 5.80321700E+002
1.10000000 4.70000000 5.79336200E+002
1.10000000 4.80000000 5.78553700E+002
1.10000000 4.90000000 5.77944200E+002
1.10000000 5.00000000 5.77480100E+002
1.10000000 5.10000000 5.77136200E+002
1.10000000 5.20000000 5.76889700E+002
1.10000000 5.30000000 5.76720200E+002
1.10000000 5.40000000 5.76609700E+002
1.10000000 5.50000000 5.76542600E+002
1.10000000 5.60000000 5.76505700E+002
1.10000000 5.70000000 5.76488200E+002
1.10000000 5.80000000 5.76481700E+002
1.10000000 5.90000000 5.76480200E+002
1.10000000 6.00000000 5.76480100E+002
1.10000000 6.10000000 5.76480200E+002
1.10000000 6.20000000 5.76481700E+002
1.10000000 6.30000000 5.76488200E+002
1.10000000 6.40000000 5.76505700E+002
1.10000000 6.50000000 5.76542600E+002
1.10000000 6.60000000 5.76609700E+002
1.10000000 6.70000000 5.76720200E+002
1.10000000 6.80000000 5.76889700E+002
1.10000000 6.90000000 5.77136200E+002
1.10000000 7.00000000 5.77480100E+002
1.10000000 7.10000000 5.77944200E+002
1.10000000 7.20000000 5.78553700E+002
1.10000000 7.30000000 5.79336200E+002
1.10000000 7.40000000 5.80321700E+002
1.10000000 7.50000000 5.81542600E+002
1.10000000 7.60000000 5.83033700E+002
1.10000000 7.70000000 5.84832200E+002
1.10000000 7.80000000 5.86977700E+002
1.10000000 7.90000000 5.89512200E+002
1.10000000 8.00000000 5.92480100E+002
1.10000000 8.10000000 5.95928200E+002
1.10000000 8.20000000 5.99905700E+002
1.10000000 8.30000000 6.04464200E+002
1.10000000 8.40000000 6.09657700E+002
1.10000000 8.50000000 6.15542600E+002
1.10000000 8.60000000 6.22177700E+002
1.10000000 8.70000000 6.29624200E+002
1.10000000 8.80000000 6.37945700E+002
1.10000000 8.90000000 6.47208200E+002
1.10000000 9.00000000 6.57480100E+002
1.10000000 9.10000000 6.68832200E+002
1.10000000 9.20000000 6.81337700E+002
1.10000000 9.30000000 6.95072200E+002
1.10000000 9.40000000 7.10113700E+002
1.10000000 9.50000000 7.26542600E+002
1.10000000 9.60000000 7.44441700E+002
1.10000000 9.70000000 7.63896200E+002
1.10000000 9.80000000 7.84993700E+002
1.10000000 9.90000000 8.07824200E+002
1.10000000 10.00000000 8.32480100E+002
1.10000000 10.10000000 8.59056200E+002
1.10000000 10.20000000 8.87649700E+002
1.10000000 10.30000000 9.18360200E+002
1.10000000 10.40000000 9.51289700E+002
1.10000000 10.50000000 9.86542600E+002
1.10000000 10.60000000 1.02422570E+003
1.10000000 10.70000000 1.06444820E+003
1.10000000 10.80000000 1.10732170E+003
1.10000000 10.90000000 1.15296020E+003
1.10000000 11.00000000 1.20148010E+003
1.20000000 1.00000000 1.15584160E+003
1.20000000 1.10000000 1.10732170E+003
1.20000000 1.20000000 1.06168320E+003
1.20000000 1.30000000 1.01880970E+003
1.20000000 1.40000000 9.78587200E+002
1.20000000 1.50000000 9.40904100E+002
1.20000000 1.60000000 9.05651200E+002
1.20000000 1.70000000 8.72721700E+002
1.20000000 1.80000000 8.42011200E+002
1.20000000 1.90000000 8.13417700E+002
1.20000000 2.00000000 7.86841600E+002
1.20000000 2.10000000 7.62185700E+002
1.20000000 2.20000000 7.39355200E+002
1.20000000 2.30000000 7.18257700E+002
1.20000000 2.40000000 6.98803200E+002
1.20000000 2.50000000 6.80904100E+002
1.20000000 2.60000000 6.64475200E+002
1.20000000 2.70000000 6.49433700E+002
1.20000000 2.80000000 6.35699200E+002
1.20000000 2.90000000 6.23193700E+002
1.20000000 3.00000000 6.11841600E+002
1.20000000 3.10000000 6.01569700E+002
1.20000000 3.20000000 5.92307200E+002
1.20000000 3.30000000 5.83985700E+002
1.20000000 3.40000000 5.76539200E+002
1.20000000 3.50000000 5.69904100E+002
1.20000000 3.60000000 5.64019200E+002
1.20000000 3.70000000 5.58825700E+002
1.20000000 3.80000000 5.54267200E+002
1.20000000 3.90000000 5.50289700E+002
1.20000000 4.00000000 5.46841600E+002
1.20000000 4.10000000 5.43873700E+002
1.20000000 4.20000000 5.41339200E+002
1.20000000 4.30000000 5.39193700E+002
1.20000000 4.40000000 5.37395200E+002
1.20000000 4.50000000 5.35904100E+002
1.20000000 4.60000000 5.34683200E+002
1.20000000 4.70000000 5.33697700E+002
1.20000000 4.80000000 5.32915200E+002
1.20000000 4.90000000 5.32305700E+002
1.20000000 5.00000000 5.31841600E+002
1.20000000 5.10000000 5.31497700E+002
1.20000000 5.20000000 5.31251200E+002
1.20000000 5.30000000 5.31081700E+002
1.20000000 5.40000000 5.30971200E+002
1.20000000 5.50000000 5.30904100E+002
1.20000000 5.60000000 5.30867200E+002
1.20000000 5.70000000 5.30849700E+002
1.20000000 5.80000000 5.30843200E+002
1.20000000 5.90000000 5.30841700E+002
1.20000000 6.00000000 5.30841600E+002
1.20000000 6.10000000 5.30841700E+002
1.20000000 6.20000000 5.30843200E+002
1.20000000 6.30000000 5.30849700E+002
1.20000000 6.40000000 5.30867200E+002
1.20000000 6.50000000 5.30904100E+002
1.20000000 6.60000000 5.30971200E+002
1.20000000 6.70000000 5.31081700E+002
1.20000000 6.80000000 5.31251200E+002
1.20000000 6.90000000 5.31497700E+002
1.20000000 7.00000000 5.31841600E+002
1.20000000 7.10000000 5.32305700E+002
1.20000000 7.20000000 5.32915200E+002
1.20000000 7.30000000 5.33697700E+002
1.20000000 7.40000000 5.34683200E+002
1.20000000 7.50000000 5.35904100E+002
1.20000000 7.60000000 5.37395200E+002
1.20000000 7.70000000 5.39193700E+002
1.20000000 7.80000000 5.41339200E+002
1.20000000 7.90000000 5.43873700E+002
1.20000000 8.00000000 5.46841600E+002
1.20000000 8.10000000 5.50289700E+002
1.20000000 8.20000000 5.54267200E+002
1.20000000 8.30000000 5.58825700E+002
1.20000000 8.40000000 5.64019200E+002
1.20000000 8.50000000 5.69904100E+002
1.20000000 8.60000000 5.76539200E+002
1.20000000 8.70000000 5.83985700E+002
1.20000000 8.80000000 5.92307200E+002
1.20000000 8.90000000 6.01569700E+002
1.20000000 9.00000000 6.11841600E+002
1.20000000 9.10000000 6.23193700E+002
1.20000000 9.20000000 6.35699200E+002
1.20000000 9.30000000 6.49433700E+002
1.20000000 9.40000000 6.64475200E+002
1.20000000 9.50000000 6.80904100E+002
1.20000000 9.60000000 6.98803200E+002
1.20000000 9.70000000 7.18257700E+002
1.20000000 9.80000000 7.39355200E+002
1.20000000 9.90000000 7.62185700E+002
1.20000000 10.00000000 7.86841600E+002
1.20000000 10.10000000 8.13417700E+002
1.20000000 10.20000000 8.42011200E+002
1.20000000 10.30000000 8.72721700E+002
1.20000000 10.40000000 9.05651200E+002
1.20000000 10.50000000 9.40904100E+002
1.20000000 10.60000000 9.78587200E+002
1.20000000 10.70000000 1.01880970E+003
1.20000000 10.80000000 1.06168320E+003
1.20000000 10.90000000 1.10732170E+003
1.20000000 11.00000000 1.15584160E+003
1.30000000 1.00000000 1.11296810E+003
1.30000000 1.10000000 1.06444820E+003
1.30000000 1.20000000 1.01880970E+003
1.30000000 1.30000000 9.75936200E+002
1.30000000 1.40000000 9.35713700E+002
1.30000000 1.50000000 8.98030600E+002
1.30000000 1.60000000 8.62777700E+002
1.30000000 1.70000000 8.29848200E+002
1.30000000 1.80000000 7.99137700E+002
1.30000000 1.90000000 7.70544200E+002
1.30000000 2.00000000 7.43968100E+002
1.30000000 2.10000000 7.19312200E+002
1.30000000 2.20000000 6.96481700E+002
1.30000000 2.30000000 6.75384200E+002
1.30000000 2.40000000 6.55929700E+002
1.30000000 2.50000000 6.38030600E+002
1.30000000 2.60000000 6.21601700E+002
1.30000000 2.70000000 6.06560200E+002
1.30000000 2.80000000 5.92825700E+002
1.30000000 2.90000000 5.80320200E+002
1.30000000 3.00000000 5.68968100E+002
1.30000000 3.10000000 5.58696200E+002
1.30000000 3.20000000 5.49433700E+002
1.30000000 3.30000000 5.41112200E+002
1.30000000 3.40000000 5.33665700E+002
1.30000000 3.50000000 5.27030600E+002
1.30000000 3.60000000 5.21145700E+002
1.30000000 3.70000000 5.15952200E+002
1.30000000 3.80000000 5.11393700E+002
1.30000000 3.90000000 5.07416200E+002
1.30000000 4.00000000 5.03968100E+002
1.30000000 4.10000000 5.01000200E+002
1.30000000 4.20000000 4.98465700E+002
1.30000000 4.30000000 4.96320200E+002
1.30000000 4.40000000 4.94521700E+002
1.30000000 4.50000000 4.93030600E+002
1.30000000 4.60000000 4.91809700E+002
1.30000000 4.70000000 4.90824200E+002
1.30000000 4.80000000 4.90041700E+002
1.30000000 4.90000000 4.89432200E+002
1.30000000 5.00000000 4.88968100E+002
1.30000000 5.10000000 4.88624200E+002
1.30000000 5.20000000 4.88377700E+002
1.30000000 5.30000000 4.88208200E+002
1.30000000 5.40000000 4.88097700E+002
1.30000000 5.50000000 4.88030600E+002
1.30000000 5.60000000 4.87993700E+002
1.30000000 5.70000000 4.87976200E+002
1.30000000 5.80000000 4.87969700E+002
1.30000000 5.90000000 4.87968200E+002
1.30000000 6.00000000 4.87968100E+002
1.30000000 6.10000000 4.87968200E+002
1.30000000 6.20000000 4.87969700E+002
1.30000000 6.30000000 4.87976200E+002
1.30000000 6.40000000 4.87993700E+002
1.30000000 6.50000000 4.88030600E+002
1.30000000 6.60000000 4.88097700E+002
1.30000000 6.70000000 4.88208200E+002
1.30000000 6.80000000 4.88377700E+002
1.30000000 6.90000000 4.88624200E+002
1.30000000 7.00000000 4.88968100E+002
1.30000000 7.10000000 4.89432200E+002
1.30000000 7.20000000 4.90041700E+002
1.30000000 7.30000000 4.90824200E+002
1.30000000 7.40000000 4.91809700E+002
1.30000000 7.50000000 4.93030600E+002
1.30000000 7.60000000 4.94521700E+002
1.30000000 7.70000000 4.96320200E+002
1.30000000 7.80000000 4.98465700E+002
1.30000000 7.90000000 5.01000200E+002
1.30000000 8.00000000 5.03968100E+002
1.30000000 8.10000000 5.07416200E+002
1.30000000 8.20000000 5.11393700E+002
1.30000000 8.30000000 5.15952200E+002
1.30000000 8.40000000 5.21145700E+002
1.30000000 8.50000000 5.27030600E+002
1.30000000 8.60000000 5.33665700E+002
1.30000000 8.70000000 5.41112200E+002
1.30000000 8.80000000 5.49433700E+002
1.30000000 8.90000000 5.58696200E+002
1.30000000 9.00000000 5.68968100E+002
1.30000000 9.10000000 5.80320200E+002
1.30000000 9.20000000 5.92825700E+002
1.30000000 9.30000000 6.06560200E+002
1.30000000 9.40000000 6.21601700E+002
1.30000000 9.50000000 6.38030600E+002
1.30000000 9.60000000 6.55929700E+002
1.30000000 9.70000000 6.75384200E+002
1.30000000 9.80000000 6.96481700E+002
1.30000000 9.90000000 7.19312200E+002
1.30000000 10.00000000 7.43968100E+002
1.30000000 10.10000000 7.70544200E+002
1.30000000 10.20000000 7.99137700E+002
1.30000000 10.30000000 8.29848200E+002
1.30000000 10.40000000 8.62777700E+002
1.30000000 10.50000000 8.98030600E+002
1.30000000 10.60000000 9.35713700E+002
1.30000000 10.70000000 9.75936200E+002
1.30000000 10.80000000 1.01880970E+003
1.30000000 10.90000000 1.06444820E+003
1.30000000 11.00000000 1.11296810E+003
1.40000000 1.00000000 1.07274560E+003
1.40000000 1.10000000 1.02422570E+003
1.40000000 1.20000000 9.78587200E+002
1.40000000 1.30000000 9.35713700E+002
1.40000000 1.40000000 8.95491200E+002
1.40000000 1.50000000 8.57808100E+002
1.40000000 1.60000000 8.22555200E+002
1.40000000 1.70000000 7.89625700E+002
1.40000000 1.80000000 7.58915200E+002
1.40000000 1.90000000 7.30321700E+002
1.40000000 2.00000000 7.03745600E+002
1.40000000 2.10000000 6.79089700E+002
1.40000000 2.20000000 6.56259200E+002
1.40000000 2.30000000 6.35161700E+002
1.40000000 2.40000000 6.15707200E+002
1.40000000 2.50000000 5.97808100E+002
1.40000000 2.60000000 5.81379200E+002
1.40000000 2.70000000 5.66337700E+002
1.40000000 2.80000000 5.52603200E+002
1.40000000 2.90000000 5.40097700E+002
1.40000000 3.00000000 5.28745600E+002
1.40000000 3.10000000 5.18473700E+002
1.40000000 3.20000000 5.09211200E+002
1.40000000 3.30000000 5.00889700E+002
1.40000000 3.40000000 4.93443200E+002
1.40000000 3.50000000 4.86808100E+002
1.40000000 3.60000000 4.80923200E+002
1.40000000 3.70000000 4.75729700E+002
1.40000000 3.80000000 4.71171200E+002
1.40000000 3.90000000 4.67193700E+002
1.40000000 4.00000000 4.63745600E+002
1.40000000 4.10000000 4.60777700E+002
1.40000000 4.20000000 4.58243200E+002
1.40000000 4.30000000 4.56097700E+002
1.40000000 4.40000000 4.54299200E+002
1.40000000 4.50000000 4.52808100E+002
1.40000000 4.60000000 4.51587200E+002
1.40000000 4.70000000 4.50601700E+002
1.40000000 4.80000000 4.49819200E+002
1.40000000 4.90000000 4.49209700E+002
1.40000000 5.00000000 4.48745600E+002
1.40000000 5.10000000 4.48401700E+002
1.40000000 5.20000000 4.48155200E+002
1.40000000 5.30000000 4.47985700E+002
1.40000000 5.40000000 4.47875200E+002
1.40000000 5.50000000 4.47808100E+002
1.40000000 5.60000000 4.47771200E+002
1.40000000 5.70000000 4.47753700E+002
1.40000000 5.80000000 4.47747200E+002
1.40000000 5.90000000 4.47745700E+002
1.40000000 6.00000000 4.47745600E+002
1.40000000 6.10000000 4.47745700E+002
1.40000000 6.20000000 4.47747200E+002
1.40000000 6.30000000 4.47753700E+002
1.40000000 6.40000000 4.47771200E+002
1.40000000 6.50000000 4.47808100E+002
1.40000000 6.60000000 4.47875200E+002
1.40000000 6.70000000 4.47985700E+002
1.40000000 6.80000000 4.48155200E+002
1.40000000 6.90000000 4.48401700E+002
1.40000000 7.00000000 4.48745600E+002
1.40000000 7.10000000 4.49209700E+002
1.40000000 7.20000000 4.49819200E+002
1.40000000 7.30000000 4.50601700E+002
1.40000000 7.40000000 4.51587200E+002
1.40000000 7.50000000 4.52808100E+002
1.40000000 7.60000000 4.54299200E+002
1.40000000 7.70000000 4.56097700E+002
1.40000000 7.80000000 4.58243200E+002
1.40000000 7.90000000 4.60777700E+002
1.40000000 8.00000000 4.63745600E+002
1.40000000 8.10000000 4.67193700E+002
1.40000000 8.20000000 4.71171200E+002
1.40000000 8.30000000 4.75729700E+002
1.40000000 8.40000000 4.80923200E+002
1.40000000 8.50000000 4.86808100E+002
1.40000000 8.60000000 4.93443200E+002
1.40000000 8.70000000 5.00889700E+002
1.40000000 8.80000000 5.09211200E+002
1.40000000 8.90000000 5.18473700E+002
1.40000000 9.00000000 5.28745600E+002
1.40000000 9.10000000 5.40097700E+002
1.40000000 9.20000000 5.52603200E+002
1.40000000 9.30000000 5.66337700E+002
1.40000000 9.40000000 5.81379200E+002
1.40000000 9.50000000 5.97808100E+002
1.40000000 9.60000000 6.15707200E+002
1.40000000 9.70000000 6.35161700E+002
1.40000000 9.80000000 6.56259200E+002
1.40000000 9.90000000 6.79089700E+002
1.40000000 10.00000000 7.03745600E+002
1.40000000 10.10000000 7.30321700E+002
1.40000000 10.20000000 7.58915200E+002
1.40000000 10.30000000 7.89625700E+002
1.40000000 10.40000000 8.22555200E+002
1.40000000 10.50000000 8.57808100E+002
1.40000000 10.60000000 8.95491200E+002
1.40000000 10.70000000 9.35713700E+002
1.40000000 10.80000000 9.78587200E+002
1.40000000 10.90000000 1.02422570E+003
1.40000000 11.00000000 1.07274560E+003
1.50000000 1.00000000 1.03506250E+003
1.50000000 1.10000000 9.86542600E+002
1.50000000 1.20000000 9.40904100E+002
1.50000000 1.30000000 8.98030600E+002
1.50000000 1.40000000 8.57808100E+002
1.50000000 1.50000000 8.20125000E+002
1.50000000 1.60000000 7.84872100E+002
1.50000000 1.70000000 7.51942600E+002
1.50000000 1.80000000 7.21232100E+002
1.50000000 1.90000000 6.92638600E+002
1.50000000 2.00000000 6.66062500E+002
1.50000000 2.10000000 6.41406600E+002
1.50000000 2.20000000 6.18576100E+002
1.50000000 2.30000000 5.97478600E+002
1.50000000 2.40000000 5.78024100E+002
1.50000000 2.50000000 5.60125000E+002
1.50000000 2.60000000 5.43696100E+002
1.50000000 2.70000000 5.28654600E+002
1.50000000 2.80000000 5.14920100E+002
1.50000000 2.90000000 5.02414600E+002
1.50000000 3.00000000 4.91062500E+002
1.50000000 3.10000000 4.80790600E+002
1.50000000 3.20000000 4.71528100E+002
1.50000000 3.30000000 4.63206600E+002
1.50000000 3.40000000 4.55760100E+002
1.50000000 3.50000000 4.49125000E+002
1.50000000 3.60000000 4.43240100E+002
1.50000000 3.70000000 4.38046600E+002
1.50000000 3.80000000 4.33488100E+002
1.50000000 3.90000000 4.29510600E+002
1.50000000 4.00000000 4.26062500E+002
1.50000000 4.10000000 4.23094600E+002
1.50000000 4.20000000 4.20560100E+002
1.50000000 4.30000000 4.18414600E+002
1.50000000 4.40000000 4.16616100E+002
1.50000000 4.50000000 4.15125000E+002
1.50000000 4.60000000 4.13904100E+002
1.50000000 4.70000000 4.12918600E+002
1.50000000 4.80000000 4.12136100E+002
1.50000000 4.90000000 4.11526600E+002
1.50000000 5.00000000 4.11062500E+002
1.50000000 5.10000000 4.10718600E+002
1.50000000 5.20000000 4.10472100E+002
1.50000000 5.30000000 4.10302600E+002
1.50000000 5.40000000 4.10192100E+002
1.50000000 5.50000000 4.10125000E+002
1.50000000 5.60000000 4.10088100E+002
1.50000000 5.70000000 4.10070600E+002
1.50000000 5.80000000 4.10064100E+002
1.50000000 5.90000000 4.10062600E+002
1.50000000 6.00000000 4.10062500E+002
1.50000000 6.10000000 4.10062600E+002
1.50000000 6.20000000 4.10064100E+002
1.50000000 6.30000000 4.10070600E+002
1.50000000 6.40000000 4.10088100E+002
1.50000000 6.50000000 4.10125000E+002
1.50000000 6.60000000 4.10192100E+002
1.50000000 6.70000000 4.10302600E+002
1.50000000 6.80000000 4.10472100E+002
1.50000000 6.90000000 4.10718600E+002
1.50000000 7.00000000 4.11062500E+002
1.50000000 7.10000000 4.11526600E+002
1.50000000 7.20000000 4.12136100E+002
1.50000000 7.30000000 4.12918600E+002
1.50000000 7.40000000 4.13904100E+002
1.50000000 7.50000000 4.15125000E+002
1.50000000 7.60000000 4.16616100E+002
1.50000000 7.70000000 4.18414600E+002
1.50000000 7.80000000 4.20560100E+002
1.50000000 7.90000000 4.23094600E+002
1.50000000 8.00000000 4.26062500E+002
1.50000000 8.10000000 4.29510600E+002
1.50000000 8.20000000 4.33488100E+002
1.50000000 8.30000000 4.38046600E+002
1.50000000 8.40000000 4.43240100E+002
1.50000000 8.50000000 4.49125000E+002
1.50000000 8.60000000 4.55760100E+002
1.50000000 8.70000000 4.63206600E+002
1.50000000 8.80000000 4.71528100E+002
1.50000000 8.90000000 4.80790600E+002
1.50000000 9.00000000 4.91062500E+002
1.50000000 9.10000000 5.02414600E+002
1.50000000 9.20000000 5.14920100E+002
1.50000000 9.30000000 5.28654600E+002
1.50000000 9.40000000 5.43696100E+002
1.50000000 9.50000000 5.60125000E+002
1.50000000 9.60000000 5.78024100E+002
1.50000000 9.70000000 5.97478600E+002
1.50000000 9.80000000 6.18576100E+002
1.50000000 9.90000000 6.41406600E+002
1.50000000 10.00000000 6.66062500E+002
1.50000000 10.10000000 6.92638600E+002
1.50000000 10.20000000 7.21232100E+002
1.50000000 10.30000000 7.51942600E+002
1.50000000 10.40000000 7.84872100E+002
1.50000000 10.50000000 8.20125000E+002
1.50000000 10.60000000 8.57808100E+002
1.50000000 10.70000000 8.98030600E+002
1.50000000 10.80000000 9.40904100E+002
1.50000000 10.90000000 9.86542600E+002
1.50000000 11.00000000 1.03506250E+003
1.60000000 1.00000000 9.99809600E+002
1.60000000 1.10000000 9.51289700E+002
1.60000000 1.20000000 9.05651200E+002
1.60000000 1.30000000 8.62777700E+002
1.60000000 1.40000000 8.22555200E+002
1.60000000 1.50000000 7.84872100E+002
1.60000000 1.60000000 7.49619200E+002
1.60000000 1.70000000 7.16689700E+002
1.60000000 1.80000000 6.85979200E+002
1.60000000 1.90000000 6.57385700E+002
1.60000000 2.00000000 6.30809600E+002
1.60000000 2.10000000 6.06153700E+002
1.60000000 2.20000000 5.83323200E+002
1.60000000 2.30000000 5.62225700E+002
1.60000000 2.40000000 5.42771200E+002
1.60000000 2.50000000 5.24872100E+002
1.60000000 2.60000000 5.08443200E+002
1.60000000 2.70000000 4.93401700E+002
1.60000000 2.80000000 4.79667200E+002
1.60000000 2.90000000 4.67161700E+002
1.60000000 3.00000000 4.55809600E+002
1.60000000 3.10000000 4.45537700E+002
1.60000000 3.20000000 4.36275200E+002
1.60000000 3.30000000 4.27953700E+002
1.60000000 3.40000000 4.20507200E+002
1.60000000 3.50000000 4.13872100E+002
1.60000000 3.60000000 4.07987200E+002
1.60000000 3.70000000 4.02793700E+002
1.60000000 3.80000000 3.98235200E+002
1.60000000 3.90000000 3.94257700E+002
1.60000000 4.00000000 3.90809600E+002
1.60000000 4.10000000 3.87841700E+002
1.60000000 4.20000000 3.85307200E+002
1.60000000 4.30000000 3.83161700E+002
1.60000000 4.40000000 3.81363200E+002
1.60000000 4.50000000 3.79872100E+002
1.60000000 4.60000000 3.78651200E+002
1.60000000 4.70000000 3.77665700E+002
1.60000000 4.80000000 3.76883200E+002
1.60000000 4.90000000 3.76273700E+002
1.60000000 5.00000000 3.75809600E+002
1.60000000 5.10000000 3.75465700E+002
1.60000000 5.20000000 3.75219200E+002
1.60000000 5.30000000 3.75049700E+002
1.60000000 5.40000000 3.74939200E+002
1.60000000 5.50000000 3.74872100E+002
1.60000000 5.60000000 3.74835200E+002
1.60000000 5.70000000 3.74817700E+002
1.60000000 5.80000000 3.74811200E+002
1.60000000 5.90000000 3.74809700E+002
1.60000000 6.00000000 3.74809600E+002
1.60000000 6.10000000 3.74809700E+002
1.60000000 6.20000000 3.74811200E+002
1.60000000 6.30000000 3.74817700E+002
1.60000000 6.40000000 3.74835200E+002
1.60000000 6.50000000 3.74872100E+002
1.60000000 6.60000000 3.74939200E+002
1.60000000 6.70000000 3.75049700E+002
1.60000000 6.80000000 3.75219200E+002
1.60000000 6.90000000 3.75465700E+002
1.60000000 7.00000000 3.75809600E+002
1.60000000 7.10000000 3.76273700E+002
1.60000000 7.20000000 3.76883200E+002
1.60000000 7.30000000 3.77665700E+002
1.60000000 7.40000000 3.78651200E+002
1.60000000 7.50000000 3.79872100E+002
1.60000000 7.60000000 3.81363200E+002
1.60000000 7.70000000 3.83161700E+002
1.60000000 7.80000000 3.85307200E+002
1.60000000 7.90000000 3.87841700E+002
1.60000000 8.00000000 3.90809600E+002
1.60000000 8.10000000 3.94257700E+002
1.60000000 8.20000000 3.98235200E+002
1.60000000 8.30000000 4.02793700E+002
1.60000000 8.40000000 4.07987200E+002
1.60000000 8.50000000 4.13872100E+002
1.60000000 8.60000000 4.20507200E+002
1.60000000 8.70000000 4.27953700E+002
1.60000000 8.80000000 4.36275200E+002
1.60000000 8.90000000 4.45537700E+002
1.60000000 9.00000000 4.55809600E+002
1.60000000 9.10000000 4.67161700E+002
1.60000000 9.20000000 4.79667200E+002
1.60000000 9.30000000 4.93401700E+002
1.60000000 9.40000000 5.08443200E+002
1.60000000 9.50000000 5.24872100E+002
1.60000000 9.60000000 5.42771200E+002
1.60000000 9.70000000 5.62225700E+002
1.60000000 9.80000000 5.83323200E+002
1.60000000 9.90000000 6.06153700E+002
1.60000000 10.00000000 6.30809600E+002
1.60000000 10.10000000 6.57385700E+002
1.60000000 10.20000000 6.85979200E+002
1.60000000 10.30000000 7.16689700E+002
1.60000000 10.40000000 7.49619200E+002
1.60000000 10.50000000 7.84872100E+002
1.60000000 10.60000000 8.22555200E+002
1.60000000 10.70000000 8.62777700E+002
1.60000000 10.80000000 9.05651200E+002
1.60000000 10.90000000 9.51289700E+002
1.60000000 11.00000000 9.99809600E+002
1.70000000 1.00000000 9.66880100E+002
1.70000000 1.10000000 9.18360200E+002
1.70000000 1.20000000 8.72721700E+002
1.70000000 1.30000000 8.29848200E+002
1.70000000 1.40000000 7.89625700E+002
1.70000000 1.50000000 7.51942600E+002
1.70000000 1.60000000 7.16689700E+002
1.70000000 1.70000000 6.83760200E+002
1.70000000 1.80000000 6.53049700E+002
1.70000000 1.90000000 6.24456200E+002
1.70000000 2.00000000 5.97880100E+002
1.70000000 2.10000000 5.73224200E+002
1.70000000 2.20000000 5.50393700E+002
1.70000000 2.30000000 5.29296200E+002
1.70000000 2.40000000 5.09841700E+002
1.70000000 2.50000000 4.91942600E+002
1.70000000 2.60000000 4.75513700E+002
1.70000000 2.70000000 4.60472200E+002
1.70000000 2.80000000 4.46737700E+002
1.70000000 2.90000000 4.34232200E+002
1.70000000 3.00000000 4.22880100E+002
1.70000000 3.10000000 4.12608200E+002
1.70000000 3.20000000 4.03345700E+002
1.70000000 3.30000000 3.95024200E+002
1.70000000 3.40000000 3.87577700E+002
1.70000000 3.50000000 3.80942600E+002
1.70000000 3.60000000 3.75057700E+002
1.70000000 3.70000000 3.69864200E+002
1.70000000 3.80000000 3.65305700E+002
1.70000000 3.90000000 3.61328200E+002
1.70000000 4.00000000 3.57880100E+002
1.70000000 4.10000000 3.54912200E+002
1.70000000 4.20000000 3.52377700E+002
1.70000000 4.30000000 3.50232200E+002
1.70000000 4.40000000 3.48433700E+002
1.70000000 4.50000000 3.46942600E+002
1.70000000 4.60000000 3.45721700E+002
1.70000000 4.70000000 3.44736200E+002
1.70000000 4.80000000 3.43953700E+002
1.70000000 4.90000000 3.43344200E+002
1.70000000 5.00000000 3.42880100E+002
1.70000000 5.10000000 3.42536200E+002
1.70000000 5.20000000 3.42289700E+002
1.70000000 5.30000000 3.42120200E+002
1.70000000 5.40000000 3.42009700E+002
1.70000000 5.50000000 3.41942600E+002
1.70000000 5.60000000 3.41905700E+002
1.70000000 5.70000000 3.41888200E+002
1.70000000 5.80000000 3.41881700E+002
1.70000000 5.90000000 3.41880200E+002
1.70000000 6.00000000 3.41880100E+002
1.70000000 6.10000000 3.41880200E+002
1.70000000 6.20000000 3.41881700E+002
1.70000000 6.30000000 3.41888200E+002
1.70000000 6.40000000 3.41905700E+002
1.70000000 6.50000000 3.41942600E+002
1.70000000 6.60000000 3.42009700E+002
1.70000000 6.70000000 3.42120200E+002
1.70000000 6.80000000 3.42289700E+002
1.70000000 6.90000000 3.42536200E+002
1.70000000 7.00000000 3.42880100E+002
1.70000000 7.10000000 3.43344200E+002
1.70000000 7.20000000 3.43953700E+002
1.70000000 7.30000000 3.44736200E+002
1.70000000 7.40000000 3.45721700E+002
1.70000000 7.50000000 3.46942600E+002
1.70000000 7.60000000 3.48433700E+002
1.70000000 7.70000000 3.50232200E+002
1.70000000 7.80000000 3.52377700E+002
1.70000000 7.90000000 3.54912200E+002
1.70000000 8.00000000 3.57880100E+002
1.70000000 8.10000000 3.61328200E+002
1.70000000 8.20000000 3.65305700E+002
1.70000000 8.30000000 3.69864200E+002
1.70000000 8.40000000 3.75057700E+002
1.70000000 8.50000000 3.80942600E+002
1.70000000 8.60000000 3.87577700E+002
1.70000000 8.70000000 3.95024200E+002
1.70000000 8.80000000 4.03345700E+002
1.70000000 8.90000000 4.12608200E+002
1.70000000 9.00000000 4.22880100E+002
1.70000000 9.10000000 4.34232200E+002
1.70000000 9.20000000 4.46737700E+002
1.70000000 9.30000000 4.60472200E+002
1.70000000 9.40000000 4.75513700E+002
1.70000000 9.50000000 4.91942600E+002
1.70000000 9.60000000 5.09841700E+002
1.70000000 9.70000000 5.29296200E+002
1.70000000 9.80000000 5.50393700E+002
1.70000000 9.90000000 5.73224200E+002
1.70000000 10.00000000 5.97880100E+002
1.70000000 10.10000000 6.24456200E+002
1.70000000 10.20000000 6.53049700E+002
1.70000000 10.30000000 6.83760200E+002
1.70000000 10.40000000 7.16689700E+002
1.70000000 10.50000000 7.51942600E+002
1.70000000 10.60000000 7.89625700E+002
1.70000000 10.70000000 8.29848200E+002
1.70000000 10.80000000 8.72721700E+002
1.70000000 10.90000000 9.18360200E+002
1.70000000 11.00000000 9.66880100E+002
1.80000000 1.00000000 9.36169600E+002
1.80000000 1.10000000 8.87649700E+002
1.80000000 1.20000000 8.42011200E+002
1.80000000 1.30000000 7.99137700E+002
1.80000000 1.40000000 7.58915200E+002
1.80000000 1.50000000 7.21232100E+002
1.80000000 1.60000000 6.85979200E+002
1.80000000 1.70000000 6.53049700E+002
1.80000000 1.80000000 6.22339200E+002
1.80000000 1.90000000 5.93745700E+002
1.80000000 2.00000000 5.67169600E+002
1.80000000 2.10000000 5.42513700E+002
1.80000000 2.20000000 5.19683200E+002
1.80000000 2.30000000 4.98585700E+002
1.80000000 2.40000000 4.79131200E+002
1.80000000 2.50000000 4.61232100E+002
1.80000000 2.60000000 4.44803200E+002
1.80000000 2.70000000 4.29761700E+002
1.80000000 2.80000000 4.16027200E+002
1.80000000 2.90000000 4.03521700E+002
1.80000000 3.00000000 3.92169600E+002
1.80000000 3.10000000 3.81897700E+002
1.80000000 3.20000000 3.72635200E+002
1.80000000 3.30000000 3.64313700E+002
1.80000000 3.40000000 3.56867200E+002
1.80000000 3.50000000 3.50232100E+002
1.80000000 3.60000000 3.44347200E+002
1.80000000 3.70000000 3.39153700E+002
1.80000000 3.80000000 3.34595200E+002
1.80000000 3.90000000 3.30617700E+002
1.80000000 4.00000000 3.27169600E+002
1.80000000 4.10000000 3.24201700E+002
1.80000000 4.20000000 3.21667200E+002
1.80000000 4.30000000 3.19521700E+002
1.80000000 4.40000000 3.17723200E+002
1.80000000 4.50000000 3.16232100E+002
1.80000000 4.60000000 3.15011200E+002
1.80000000 4.70000000 3.14025700E+002
1.80000000 4.80000000 3.13243200E+002
1.80000000 4.90000000 3.12633700E+002
1.80000000 5.00000000 3.12169600E+002
1.80000000 5.10000000 3.11825700E+002
1.80000000 5.20000000 3.11579200E+002
1.80000000 5.30000000 3.11409700E+002
1.80000000 5.40000000 3.11299200E+002
1.80000000 5.50000000 3.11232100E+002
1.80000000 5.60000000 3.11195200E+002
1.80000000 5.70000000 3.11177700E+002
1.80000000 5.80000000 3.11171200E+002
1.80000000 5.90000000 3.11169700E+002
1.80000000 6.00000000 3.11169600E+002
1.80000000 6.10000000 3.11169700E+002
1.80000000 6.20000000 3.11171200E+002
1.80000000 6.30000000 3.11177700E+002
1.80000000 6.40000000 3.11195200E+002
1.80000000 6.50000000 3.11232100E+002
1.80000000 6.60000000 3.11299200E+002
1.80000000 6.70000000 3.11409700E+002
1.80000000 6.80000000 3.11579200E+002
1.80000000 6.90000000 3.11825700E+002
1.80000000 7.00000000 3.12169600E+002
1.80000000 7.10000000 3.12633700E+002
1.80000000 7.20000000 3.13243200E+002
1.80000000 7.30000000 3.14025700E+002
1.80000000 7.40000000 3.15011200E+002
1.80000000 7.50000000 3.16232100E+002
1.80000000 7.60000000 3.17723200E+002
1.80000000 7.70000000 3.19521700E+002
1.80000000 7.80000000 3.21667200E+002
1.80000000 7.90000000 3.24201700E+002
1.80000000 8.00000000 3.27169600E+002
1.80000000 8.10000000 3.30617700E+002
1.80000000 8.20000000 3.34595200E+002
1.80000000 8.30000000 3.39153700E+002
1.80000000 8.40000000 3.44347200E+002
1.80000000 8.50000000 3.50232100E+002
1.80000000 8.60000000 3.56867200E+002
1.80000000 8.70000000 3.64313700E+002
1.80000000 8.80000000 3.72635200E+002
1.80000000 8.90000000 3.81897700E+002
1.80000000 9.00000000 3.92169600E+002
1.80000000 9.10000000 4.03521700E+002
1.80000000 9.20000000 4.16027200E+002
1.80000000 9.30000000 4.29761700E+002
1.80000000 9.40000000 4.44803200E+002
1.80000000 9.50000000 4.61232100E+002
1.80000000 9.60000000 4.79131200E+002
1.80000000 9.70000000 4.98585700E+002
1.80000000 9.80000000 5.19683200E+002
1.80000000 9.90000000 5.42513700E+002
1.80000000 10.00000000 5.67169600E+002
1.80000000 10.10000000 5.93745700E+002
1.80000000 10.20000000 6.22339200E+002
1.80000000 10.30000000 6.53049700E+002
1.80000000 10.40000000 6.85979200E+002
1.80000000 10.50000000 7.21232100E+002
1.80000000 10.60000000 7.58915200E+002
1.80000000 10.70000000 7.99137700E+002
1.80000000 10.80000000 8.42011200E+002
1.80000000 10.90000000 8.87649700E+002
1.80000000 11.00000000 9.36169600E+002
1.90000000 1.00000000 9.07576100E+002
1.90000000 1.10000000 8.59056200E+002
1.90000000 1.20000000 8.13417700E+002
1.90000000 1.30000000 7.70544200E+002
1.90000000 1.40000000 7.30321700E+002
1.90000000 1.50000000 6.92638600E+002
1.90000000 1.60000000 6.57385700E+002
1.90000000 1.70000000 6.24456200E+002
1.90000000 1.80000000 5.93745700E+002
1.90000000 1.90000000 5.65152200E+002
1.90000000 2.00000000 5.38576100E+002
1.90000000 2.10000000 5.13920200E+002
1.90000000 2.20000000 4.91089700E+002
1.90000000 2.30000000 4.69992200E+002
1.90000000 2.40000000 4.50537700E+002
1.90000000 2.50000000 4.32638600E+002
1.90000000 2.60000000 4.16209700E+002
1.90000000 2.70000000 4.01168200E+002
1.90000000 2.80000000 3.87433700E+002
1.90000000 2.90000000 3.74928200E+002
1.90000000 3.00000000 3.63576100E+002
1.90000000 3.10000000 3.53304200E+002
1.90000000 3.20000000 3.44041700E+002
1.90000000 3.30000000 3.35720200E+002
1.90000000 3.40000000 3.28273700E+002
1.90000000 3.50000000 3.21638600E+002
1.90000000 3.60000000 3.15753700E+002
1.90000000 3.70000000 3.10560200E+002
1.90000000 3.80000000 3.06001700E+002
1.90000000 3.90000000 3.02024200E+002
1.90000000 4.00000000 2.98576100E+002
1.90000000 4.10000000 2.95608200E+002
1.90000000 4.20000000 2.93073700E+002
1.90000000 4.30000000 2.90928200E+002
1.90000000 4.40000000 2.89129700E+002
1.90000000 4.50000000 2.87638600E+002
1.90000000 4.60000000 2.86417700E+002
1.90000000 4.70000000 2.85432200E+002
1.90000000 4.80000000 2.84649700E+002
1.90000000 4.90000000 2.84040200E+002
1.90000000 5.00000000 2.83576100E+002
1.90000000 5.10000000 2.83232200E+002
1.90000000 5.20000000 2.82985700E+002
1.90000000 5.30000000 2.82816200E+002
1.90000000 5.40000000 2.82705700E+002
1.90000000 5.50000000 2.82638600E+002
1.90000000 5.60000000 2.82601700E+002
1.90000000 5.70000000 2.82584200E+002
1.90000000 5.80000000 2.82577700E+002
1.90000000 5.90000000 2.82576200E+002
1.90000000 6.00000000 2.82576100E+002
1.90000000 6.10000000 2.82576200E+002
1.90000000 6.20000000 2.82577700E+002
1.90000000 6.30000000 2.82584200E+002
1.90000000 6.40000000 2.82601700E+002
1.90000000 6.50000000 2.82638600E+002
1.90000000 6.60000000 2.82705700E+002
1.90000000 6.70000000 2.82816200E+002
1.90000000 6.80000000 2.82985700E+002
1.90000000 6.90000000 2.83232200E+002
1.90000000 7.00000000 2.83576100E+002
1.90000000 7.10000000 2.84040200E+002
1.90000000 7.20000000 2.84649700E+002
1.90000000 7.30000000 2.85432200E+002
1.90000000 7.40000000 2.86417700E+002
1.90000000 7.50000000 2.87638600E+002
1.90000000 7.60000000 2.89129700E+002
1.90000000 7.70000000 2.90928200E+002
1.90000000 7.80000000 2.93073700E+002
1.90000000 7.90000000 2.95608200E+002
1.90000000 8.00000000 2.98576100E+002
1.90000000 8.10000000 3.02024200E+002
1.90000000 8.20000000 3.06001700E+002
1.90000000 8.30000000 3.10560200E+002
1.90000000 8.40000000 3.15753700E+002
1.90000000 8.50000000 3.21638600E+002
1.90000000 8.60000000 3.28273700E+002
1.90000000 8.70000000 3.35720200E+002
1.90000000 8.80000000 3.44041700E+002
1.90000000 8.90000000 3.53304200E+002
1.90000000 9.00000000 3.63576100E+002
1.90000000 9.10000000 3.74928200E+002
1.90000000 9.20000000 3.87433700E+002
1.90000000 9.30000000 4.01168200E+002
1.90000000 9.40000000 4.16209700E+002
1.90000000 9.50000000 4.32638600E+002
1.90000000 9.60000000 4.50537700E+002
1.90000000 9.70000000 4.69992200E+002
1.90000000 9.80000000 4.91089700E+002
1.90000000 9.90000000 5.13920200E+002
1.90000000 10.00000000 5.38576100E+002
1.90000000 10.10000000 5.65152200E+002
1.90000000 10.20000000 5.93745700E+002
1.90000000 10.30000000 6.24456200E+002
1.90000000 10.40000000 6.57385700E+002
1.90000000 10.50000000 6.92638600E+002
1.90000000 10.60000000 7.30321700E+002
1.90000000 10.70000000 7.70544200E+002
1.90000000 10.80000000 8.13417700E+002
1.90000000 10.90000000 8.59056200E+002
1.90000000 11.00000000 9.07576100E+002
2.00000000 1.00000000 8.81000000E+002
2.00000000 1.10000000 8.32480100E+002
2.00000000 1.20000000 7.86841600E+002
2.00000000 1.30000000 7.43968100E+002
2.00000000 1.40000000 7.03745600E+002
2.00000000 1.50000000 6.66062500E+002
2.00000000 1.60000000 6.30809600E+002
2.00000000 1.70000000 5.97880100E+002
2.00000000 1.80000000 5.67169600E+002
2.00000000 1.90000000 5.38576100E+002
2.00000000 2.00000000 5.12000000E+002
2.00000000 2.10000000 4.87344100E+002
2.00000000 2.20000000 4.64513600E+002
2.00000000 2.30000000 4.43416100E+002
2.00000000 2.40000000 4.23961600E+002
2.00000000 2.50000000 4.06062500E+002
2.00000000 2.60000000 3.89633600E+002
2.00000000 2.70000000 3.74592100E+002
2.00000000 2.80000000 3.60857600E+002
2.00000000 2.90000000 3.48352100E+002
2.00000000 3.00000000 3.37000000E+002
2.00000000 3.10000000 3.26728100E+002
2.00000000 3.20000000 3.17465600E+002
2.00000000 3.30000000 3.09144100E+002
2.00000000 3.40000000 3.01697600E+002
2.00000000 3.50000000 2.95062500E+002
2.00000000 3.60000000 2.89177600E+002
2.00000000 3.70000000 2.83984100E+002
2.00000000 3.80000000 2.79425600E+002
2.00000000 3.90000000 2.75448100E+002
2.00000000 4.00000000 2.72000000E+002
2.00000000 4.10000000 2.69032100E+002
2.00000000 4.20000000 2.66497600E+002
2.00000000 4.30000000 2.64352100E+002
2.00000000 4.40000000 2.62553600E+002
2.00000000 4.50000000 2.61062500E+002
2.00000000 4.60000000 2.59841600E+002
2.00000000 4.70000000 2.58856100E+002
2.00000000 4.80000000 2.58073600E+002
2.00000000 4.90000000 2.57464100E+002
2.00000000 5.00000000 2.57000000E+002
2.00000000 5.10000000 2.56656100E+002
2.00000000 5.20000000 2.56409600E+002
2.00000000 5.30000000 2.56240100E+002
2.00000000 5.40000000 2.56129600E+002
2.00000000 5.50000000 2.56062500E+002
2.00000000 5.60000000 2.56025600E+002
2.00000000 5.70000000 2.56008100E+002
2.00000000 5.80000000 2.56001600E+002
2.00000000 5.90000000 2.56000100E+002
2.00000000 6.00000000 2.56000000E+002
2.00000000 6.10000000 2.56000100E+002
2.00000000 6.20000000 2.56001600E+002
2.00000000 6.30000000 2.56008100E+002
2.00000000 6.40000000 2.56025600E+002
2.00000000 6.50000000 2.56062500E+002
2.00000000 6.60000000 2.56129600E+002
2.00000000 6.70000000 2.56240100E+002
2.00000000 6.80000000 2.56409600E+002
2.00000000 6.90000000 2.56656100E+002
2.00000000 7.00000000 2.57000000E+002
2.00000000 7.10000000 2.57464100E+002
2.00000000 7.20000000 2.58073600E+002
2.00000000 7.30000000 2.58856100E+002
2.00000000 7.40000000 2.59841600E+002
2.00000000 7.50000000 2.61062500E+002
2.00000000 7.60000000 2.62553600E+002
2.00000000 7.70000000 2.64352100E+002
2.00000000 7.80000000 2.66497600E+002
2.00000000 7.90000000 2.69032100E+002
2.00000000 8.00000000 2.72000000E+002
2.00000000 8.10000000 2.75448100E+002
2.00000000 8.20000000 2.79425600E+002
2.00000000 8.30000000 2.83984100E+002
2.00000000 8.40000000 2.89177600E+002
2.00000000 8.50000000 2.95062500E+002
2.00000000 8.60000000 3.01697600E+002
2.00000000 8.70000000 3.09144100E+002
2.00000000 8.80000000 3.17465600E+002
2.00000000 8.90000000 3.26728100E+002
2.00000000 9.00000000 3.37000000E+002
2.00000000 9.10000000 3.48352100E+002
2.00000000 9.20000000 3.60857600E+002
2.00000000 9.30000000 3.74592100E+002
2.00000000 9.40000000 3.89633600E+002
2.00000000 9.50000000 4.06062500E+002
2.00000000 9.60000000 4.23961600E+002
2.00000000 9.70000000 4.43416100E+002
2.00000000 9.80000000 4.64513600E+002
2.00000000 9.90000000 4.87344100E+002
2.00000000 10.00000000 5.12000000E+002
2.00000000 10.10000000 5.38576100E+002
2.00000000 10.20000000 5.67169600E+002
2.00000000 10.30000000 5.97880100E+002
2.00000000 10.40000000 6.30809600E+002
2.00000000 10.50000000 6.66062500E+002
2.00000000 10.60000000 7.03745600E+002
2.00000000 10.70000000 7.43968100E+002
2.00000000 10.80000000 7.86841600E+002
2.00000000 10.90000000 8.32480100E+002
2.00000000 11.00000000 8.81000000E+002
2.10000000 1.00000000 8.56344100E+002
2.10000000 1.10000000 8.07824200E+002
2.10000000 1.20000000 7.62185700E+002
2.10000000 1.30000000 7.19312200E+002
2.10000000 1.40000000 6.79089700E+002
2.10000000 1.50000000 6.41406600E+002
2.10000000 1.60000000 6.06153700E+002
2.10000000 1.70000000 5.73224200E+002
2.10000000 1.80000000 5.42513700E+002
2.10000000 1.90000000 5.13920200E+002
2.10000000 2.00000000 4.87344100E+002
2.10000000 2.10000000 4.62688200E+002
2.10000000 2.20000000 4.39857700E+002
2.10000000 2.30000000 4.18760200E+002
2.10000000 2.40000000 3.99305700E+002
2.10000000 2.50000000 3.81406600E+002
2.10000000 2.60000000 3.64977700E+002
2.10000000 2.70000000 3.49936200E+002
2.10000000 2.80000000 3.36201700E+002
2.10000000 2.90000000 3.23696200E+002
2.10000000 3.00000000 3.12344100E+002
2.10000000 3.10000000 3.02072200E+002
2.10000000 3.20000000 2.92809700E+002
2.10000000 3.30000000 2.84488200E+002
2.10000000 3.40000000 2.77041700E+002
2.10000000 3.50000000 2.70406600E+002
2.10000000 3.60000000 2.64521700E+002
2.10000000 3.70000000 2.59328200E+002
2.10000000 3.80000000 2.54769700E+002
2.10000000 3.90000000 2.50792200E+002
2.10000000 4.00000000 2.47344100E+002
2.10000000 4.10000000 2.44376200E+002
2.10000000 4.20000000 2.41841700E+002
2.10000000 4.30000000 2.39696200E+002
2.10000000 4.40000000 2.37897700E+002
2.10000000 4.50000000 2.36406600E+002
2.10000000 4.60000000 2.35185700E+002
2.10000000 4.70000000 2.34200200E+002
2.10000000 4.80000000 2.33417700E+002
2.10000000 4.90000000 2.32808200E+002
2.10000000 5.00000000 2.32344100E+002
2.10000000 5.10000000 2.32000200E+002
2.10000000 5.20000000 2.31753700E+002
2.10000000 5.30000000 2.31584200E+002
2.10000000 5.40000000 2.31473700E+002
2.10000000 5.50000000 2.31406600E+002
2.10000000 5.60000000 2.31369700E+002
2.10000000 5.70000000 2.31352200E+002
2.10000000 5.80000000 2.31345700E+002
2.10000000 5.90000000 2.31344200E+002
2.10000000 6.00000000 2.31344100E+002
2.10000000 6.10000000 2.31344200E+002
2.10000000 6.20000000 2.31345700E+002
2.10000000 6.30000000 2.31352200E+002
2.10000000 6.40000000 2.31369700E+002
2.10000000 6.50000000 2.31406600E+002
2.10000000 6.60000000 2.31473700E+002
2.10000000 6.70000000 2.31584200E+002
2.10000000 6.80000000 2.31753700E+002
2.10000000 6.90000000 2.32000200E+002
2.10000000 7.00000000 2.32344100E+002
2.10000000 7.10000000 2.32808200E+002
2.10000000 7.20000000 2.33417700E+002
2.10000000 7.30000000 2.34200200E+002
2.10000000 7.40000000 2.35185700E+002
2.10000000 7.50000000 2.36406600E+002
2.10000000 7.60000000 2.37897700E+002
2.10000000 7.70000000 2.39696200E+002
2.10000000 7.80000000 2.41841700E+002
2.10000000 7.90000000 2.44376200E+002
2.10000000 8.00000000 2.47344100E+002
2.10000000 8.10000000 2.50792200E+002
2.10000000 8.20000000 2.54769700E+002
2.10000000 8.30000000 2.59328200E+002
2.10000000 8.40000000 2.64521700E+002
2.10000000 8.50000000 2.70406600E+002
2.10000000 8.60000000 2.77041700E+002
2.10000000 8.70000000 2.84488200E+002
2.10000000 8.80000000 2.92809700E+002
2.10000000 8.90000000 3.02072200E+002
2.10000000 9.00000000 3.12344100E+002
2.10000000 9.10000000 3.23696200E+002
2.10000000 9.20000000 3.36201700E+002
2.10000000 9.30000000 3.49936200E+002
2.10000000 9.40000000 3.64977700E+002
2.10000000 9.50000000 3.81406600E+002
2.10000000 9.60000000 3.99305700E+002
2.10000000 9.70000000 4.18760200E+002
2.10000000 9.80000000 4.39857700E+002
2.10000000 9.90000000 4.62688200E+002
2.10000000 10.00000000 4.87344100E+002
2.10000000 10.10000000 5.13920200E+002
2.10000000 10.20000000 5.42513700E+002
2.10000000 10.30000000 5.73224200E+002
2.10000000 10.40000000 6.06153700E+002
2.10000000 10.50000000 6.41406600E+002
2.10000000 10.60000000 6.79089700E+002
2.10000000 10.70000000 7.19312200E+002
2.10000000 10.80000000 7.62185700E+002
2.10000000 10.90000000 8.07824200E+002
2.10000000 11.00000000 8.56344100E+002
2.20000000 1.00000000 8.33513600E+002
2.20000000 1.10000000 7.84993700E+002
2.20000000 1.20000000 7.39355200E+002
2.20000000 1.30000000 6.96481700E+002
2.20000000 1.40000000 6.56259200E+002
2.20000000 1.50000000 6.18576100E+002
2.20000000 1.60000000 5.83323200E+002
2.20000000 1.70000000 5.50393700E+002
2.20000000 1.80000000 5.19683200E+002
2.20000000 1.90000000 4.91089700E+002
2.20000000 2.00000000 4.64513600E+002
2.20000000 2.10000000 4.39857700E+002
2.20000000 2.20000000 4.17027200E+002
2.20000000 2.30000000 3.95929700E+002
2.20000000 2.40000000 3.76475200E+002
2.20000000 2.50000000 3.58576100E+002
2.20000000 2.60000000 3.42147200E+002
2.20000000 2.70000000 3.27105700E+002
2.20000000 2.80000000 3.13371200E+002
2.20000000 2.90000000 3.00865700E+002
2.20000000 3.00000000 2.89513600E+002
2.20000000 3.10000000 2.79241700E+002
2.20000000 3.20000000 2.69979200E+002
2.20000000 3.30000000 2.61657700E+002
2.20000000 3.40000000 2.54211200E+002
2.20000000 3.50000000 2.47576100E+002
2.20000000 3.60000000 2.41691200E+002
2.20000000 3.70000000 2.36497700E+002
2.20000000 3.80000000 2.31939200E+002
2.20000000 3.90000000 2.27961700E+002
2.20000000 4.00000000 2.24513600E+002
2.20000000 4.10000000 2.21545700E+002
2.20000000 4.20000000 2.19011200E+002
2.20000000 4.30000000 2.16865700E+002
2.20000000 4.40000000 2.15067200E+002
2.20000000 4.50000000 2.13576100E+002
2.20000000 4.60000000 2.12355200E+002
2.20000000 4.70000000 2.11369700E+002
2.20000000 4.80000000 2.10587200E+002
2.20000000 4.90000000 2.09977700E+002
2.20000000 5.00000000 2.09513600E+002
2.20000000 5.10000000 2.09169700E+002
2.20000000 5.20000000 2.08923200E+002
2.20000000 5.30000000 2.08753700E+002
2.20000000 5.40000000 2.08643200E+002
2.20000000 5.50000000 2.08576100E+002
2.20000000 5.60000000 2.08539200E+002
2.20000000 5.70000000 2.08521700E+002
2.20000000 5.80000000 2.08515200E+002
2.20000000 5.90000000 2.08513700E+002
2.20000000 6.00000000 2.08513600E+002
2.20000000 6.10000000 2.08513700E+002
2.20000000 6.20000000 2.08515200E+002
2.20000000 6.30000000 2.08521700E+002
2.20000000 6.40000000 2.08539200E+002
2.20000000 6.50000000 2.08576100E+002
2.20000000 6.60000000 2.08643200E+002
2.20000000 6.70000000 2.08753700E+002
2.20000000 6.80000000 2.08923200E+002
2.20000000 6.90000000 2.09169700E+002
2.20000000 7.00000000 2.09513600E+002
2.20000000 7.10000000 2.09977700E+002
2.20000000 7.20000000 2.10587200E+002
2.20000000 7.30000000 2.11369700E+002
2.20000000 7.40000000 2.12355200E+002
2.20000000 7.50000000 2.13576100E+002
2.20000000 7.60000000 2.15067200E+002
2.20000000 7.70000000 2.16865700E+002
2.20000000 7.80000000 2.19011200E+002
2.20000000 7.90000000 2.21545700E+002
2.20000000 8.00000000 2.24513600E+002
2.20000000 8.10000000 2.27961700E+002
2.20000000 8.20000000 2.31939200E+002
2.20000000 8.30000000 2.36497700E+002
2.20000000 8.40000000 2.41691200E+002
2.20000000 8.50000000 2.47576100E+002
2.20000000 8.60000000 2.54211200E+002
2.20000000 8.70000000 2.61657700E+002
2.20000000 8.80000000 2.69979200E+002
2.20000000 8.90000000 2.79241700E+002
2.20000000 9.00000000 2.89513600E+002
2.20000000 9.10000000 3.00865700E+002
2.20000000 9.20000000 3.13371200E+002
2.20000000 9.30000000 3.27105700E+002
2.20000000 9.40000000 3.42147200E+002
2.20000000 9.50000000 3.58576100E+002
2.20000000 9.60000000 3.76475200E+002
2.20000000 9.70000000 3.95929700E+002
2.20000000 9.80000000 4.17027200E+002
2.20000000 9.90000000 4.39857700E+002
2.20000000 10.00000000 4.64513600E+002
2.20000000 10.10000000 4.91089700E+002
2.20000000 10.20000000 5.19683200E+002
2.20000000 10.30000000 5.50393700E+002
2.20000000 10.40000000 5.83323200E+002
2.20000000 10.50000000 6.18576100E+002
2.20000000 10.60000000 6.56259200E+002
2.20000000 10.70000000 6.96481700E+002
2.20000000 10.80000000 7.39355200E+002
2.20000000 10.90000000 7.84993700E+002
2.20000000 11.00000000 8.33513600E+002
2.30000000 1.00000000 8.12416100E+002
2.30000000 1.10000000 7.63896200E+002
2.30000000 1.20000000 7.18257700E+002
2.30000000 1.30000000 6.75384200E+002
2.30000000 1.40000000 6.35161700E+002
2.30000000 1.50000000 5.97478600E+002
2.30000000 1.60000000 5.62225700E+002
2.30000000 1.70000000 5.29296200E+002
2.30000000 1.80000000 4.98585700E+002
2.30000000 1.90000000 4.69992200E+002
2.30000000 2.00000000 4.43416100E+002
2.30000000 2.10000000 4.18760200E+002
2.30000000 2.20000000 3.95929700E+002
2.30000000 2.30000000 3.74832200E+002
2.30000000 2.40000000 3.55377700E+002
2.30000000 2.50000000 3.37478600E+002
2.30000000 2.60000000 3.21049700E+002
2.30000000 2.70000000 3.06008200E+002
2.30000000 2.80000000 2.92273700E+002
2.30000000 2.90000000 2.79768200E+002
2.30000000 3.00000000 2.68416100E+002
2.30000000 3.10000000 2.58144200E+002
2.30000000 3.20000000 2.48881700E+002
2.30000000 3.30000000 2.40560200E+002
2.30000000 3.40000000 2.33113700E+002
2.30000000 3.50000000 2.26478600E+002
2.30000000 3.60000000 2.20593700E+002
2.30000000 3.70000000 2.15400200E+002
2.30000000 3.80000000 2.10841700E+002
2.30000000 3.90000000 2.06864200E+002
2.30000000 4.00000000 2.03416100E+002
2.30000000 4.10000000 2.00448200E+002
2.30000000 4.20000000 1.97913700E+002
2.30000000 4.30000000 1.95768200E+002
2.30000000 4.40000000 1.93969700E+002
2.30000000 4.50000000 1.92478600E+002
2.30000000 4.60000000 1.91257700E+002
2.30000000 4.70000000 1.90272200E+002
2.30000000 4.80000000 1.89489700E+002
2.30000000 4.90000000 1.88880200E+002
2.30000000 5.00000000 1.88416100E+002
2.30000000 5.10000000 1.88072200E+002
2.30000000 5.20000000 1.87825700E+002
2.30000000 5.30000000 1.87656200E+002
2.30000000 5.40000000 1.87545700E+002
2.30000000 5.50000000 1.87478600E+002
2.30000000 5.60000000 1.87441700E+002
2.30000000 5.70000000 1.87424200E+002
2.30000000 5.80000000 1.87417700E+002
2.30000000 5.90000000 1.87416200E+002
2.30000000 6.00000000 1.87416100E+002
2.30000000 6.10000000 1.87416200E+002
2.30000000 6.20000000 1.87417700E+002
2.30000000 6.30000000 1.87424200E+002
2.30000000 6.40000000 1.87441700E+002
2.30000000 6.50000000 1.87478600E+002
2.30000000 6.60000000 1.87545700E+002
2.30000000 6.70000000 1.87656200E+002
2.30000000 6.80000000 1.87825700E+002
2.30000000 6.90000000 1.88072200E+002
2.30000000 7.00000000 1.88416100E+002
2.30000000 7.10000000 1.88880200E+002
2.30000000 7.20000000 1.89489700E+002
2.30000000 7.30000000 1.90272200E+002
2.30000000 7.40000000 1.91257700E+002
2.30000000 7.50000000 1.92478600E+002
2.30000000 7.60000000 1.93969700E+002
2.30000000 7.70000000 1.95768200E+002
2.30000000 7.80000000 1.97913700E+002
2.30000000 7.90000000 2.00448200E+002
2.30000000 8.00000000 2.03416100E+002
2.30000000 8.10000000 2.06864200E+002
2.30000000 8.20000000 2.10841700E+002
2.30000000 8.30000000 2.15400200E+002
2.30000000 8.40000000 2.20593700E+002
2.30000000 8.50000000 2.26478600E+002
2.30000000 8.60000000 2.33113700E+002
2.30000000 8.70000000 2.40560200E+002
2.30000000 8.80000000 2.48881700E+002
2.30000000 8.90000000 2.58144200E+002
2.30000000 9.00000000 2.68416100E+002
2.30000000 9.10000000 2.79768200E+002
2.30000000 9.20000000 2.92273700E+002
2.30000000 9.30000000 3.06008200E+002
2.30000000 9.40000000 3.21049700E+002
2.30000000 9.50000000 3.37478600E+002
2.30000000 9.60000000 3.55377700E+002
2.30000000 9.70000000 3.74832200E+002
2.30000000 9.80000000 3.95929700E+002
2.30000000 9.90000000 4.18760200E+002
2.30000000 10.00000000 4.43416100E+002
2.30000000 10.10000000 4.69992200E+002
2.30000000 10.20000000 4.98585700E+002
2.30000000 10.30000000 5.29296200E+002
2.30000000 10.40000000 5.62225700E+002
2.30000000 10.50000000 5.97478600E+002
2.30000000 10.60000000 6.35161700E+002
2.30000000 10.70000000 6.75384200E+002
2.30000000 10.80000000 7.18257700E+002
2.30000000 10.90000000 7.63896200E+002
2.30000000 11.00000000 8.12416100E+002
2.40000000 1.00000000 7.92961600E+002
2.40000000 1.10000000 7.44441700E+002
2.40000000 1.20000000 6.98803200E+002
2.40000000 1.30000000 6.55929700E+002
2.40000000 1.40000000 6.15707200E+002
2.40000000 1.50000000 5.78024100E+002
2.40000000 1.60000000 5.42771200E+002
2.40000000 1.70000000 5.09841700E+002
2.40000000 1.80000000 4.79131200E+002
2.40000000 1.90000000 4.50537700E+002
2.40000000 2.00000000 4.23961600E+002
2.40000000 2.10000000 3.99305700E+002
2.40000000 2.20000000 3.76475200E+002
2.40000000 2.30000000 3.55377700E+002
2.40000000 2.40000000 3.35923200E+002
2.40000000 2.50000000 3.18024100E+002
2.40000000 2.60000000 3.01595200E+002
2.40000000 2.70000000 2.86553700E+002
2.40000000 2.80000000 2.72819200E+002
2.40000000 2.90000000 2.60313700E+002
2.40000000 3.00000000 2.48961600E+002
2.40000000 3.10000000 2.38689700E+002
2.40000000 3.20000000 2.29427200E+002
2.40000000 3.30000000 2.21105700E+002
2.40000000 3.40000000 2.13659200E+002
2.40000000 3.50000000 2.07024100E+002
2.40000000 3.60000000 2.01139200E+002
2.40000000 3.70000000 1.95945700E+002
2.40000000 3.80000000 1.91387200E+002
2.40000000 3.90000000 1.87409700E+002
2.40000000 4.00000000 1.83961600E+002
2.40000000 4.10000000 1.80993700E+002
2.40000000 4.20000000 1.78459200E+002
2.40000000 4.30000000 1.76313700E+002
2.40000000 4.40000000 1.74515200E+002
2.40000000 4.50000000 1.73024100E+002
2.40000000 4.60000000 1.71803200E+002
2.40000000 4.70000000 1.70817700E+002
2.40000000 4.80000000 1.70035200E+002
2.40000000 4.90000000 1.69425700E+002
2.40000000 5.00000000 1.68961600E+002
2.40000000 5.10000000 1.68617700E+002
2.40000000 5.20000000 1.68371200E+002
2.40000000 5.30000000 1.68201700E+002
2.40000000 5.40000000 1.68091200E+002
2.40000000 5.50000000 1.68024100E+002
2.40000000 5.60000000 1.67987200E+002
2.40000000 5.70000000 1.67969700E+002
2.40000000 5.80000000 1.67963200E+002
2.40000000 5.90000000 1.67961700E+002
2.40000000 6.00000000 1.67961600E+002
2.40000000 6.10000000 1.67961700E+002
2.40000000 6.20000000 1.67963200E+002
2.40000000 6.30000000 1.67969700E+002
2.40000000 6.40000000 1.67987200E+002
2.40000000 6.50000000 1.68024100E+002
2.40000000 6.60000000 1.68091200E+002
2.40000000 6.70000000 1.68201700E+002
2.40000000 6.80000000 1.68371200E+002
2.40000000 6.90000000 1.68617700E+002
2.40000000 7.00000000 1.68961600E+002
2.40000000 7.10000000 1.69425700E+002
2.40000000 7.20000000 1.70035200E+002
2.40000000 7.30000000 1.70817700E+002
2.40000000 7.40000000 1.71803200E+002
2.40000000 7.50000000 1.73024100E+002
2.40000000 7.60000000 1.74515200E+002
2.40000000 7.70000000 1.76313700E+002
2.40000000 7.80000000 1.78459200E+002
2.40000000 7.90000000 1.80993700E+002
2.40000000 8.00000000 1.83961600E+002
2.40000000 8.10000000 1.87409700E+002
2.40000000 8.20000000 1.91387200E+002
2.40000000 8.30000000 1.95945700E+002
2.40000000 8.40000000 2.01139200E+002
2.40000000 8.50000000 2.07024100E+002
2.40000000 8.60000000 2.13659200E+002
2.40000000 8.70000000 2.21105700E+002
2.40000000 8.80000000 2.29427200E+002
2.40000000 8.90000000 2.38689700E+002
2.40000000 9.00000000 2.48961600E+002
2.40000000 9.10000000 2.60313700E+002
2.40000000 9.20000000 2.72819200E+002
2.40000000 9.30000000 2.86553700E+002
2.40000000 9.40000000 3.01595200E+002
2.40000000 9.50000000 3.18024100E+002
2.40000000 9.60000000 3.35923200E+002
2.40000000 9.70000000 3.55377700E+002
2.40000000 9.80000000 3.76475200E+002
2.40000000 9.90000000 3.99305700E+002
2.40000000 10.00000000 4.23961600E+002
2.40000000 10.10000000 4.50537700E+002
2.40000000 10.20000000 4.79131200E+002
2.40000000 10.30000000 5.09841700E+002
2.40000000 10.40000000 5.42771200E+002
2.40000000 10.50000000 5.78024100E+002
2.40000000 10.60000000 6.15707200E+002
2.40000000 10.70000000 6.55929700E+002
2.40000000 10.80000000 6.98803200E+002
2.40000000 10.90000000 7.44441700E+002
2.40000000 11.00000000 7.92961600E+002
2.50000000 1.00000000 7.75062500E+002
2.50000000 1.10000000 7.26542600E+002
2.50000000 1.20000000 6.80904100E+002
2.50000000 1.30000000 6.38030600E+002
2.50000000 1.40000000 5.97808100E+002
2.50000000 1.50000000 5.60125000E+002
2.50000000 1.60000000 5.24872100E+002
2.50000000 1.70000000 4.91942600E+002
2.50000000 1.80000000 4.61232100E+002
2.50000000 1.90000000 4.32638600E+002
2.50000000 2.00000000 4.06062500E+002
2.50000000 2.10000000 3.81406600E+002
2.50000000 2.20000000 3.58576100E+002
2.50000000 2.30000000 3.37478600E+002
2.50000000 2.40000000 3.18024100E+002
2.50000000 2.50000000 3.00125000E+002
2.50000000 2.60000000 2.83696100E+002
2.50000000 2.70000000 2.68654600E+002
2.50000000 2.80000000 2.54920100E+002
2.50000000 2.90000000 2.42414600E+002
2.50000000 3.00000000 2.31062500E+002
2.50000000 3.10000000 2.20790600E+002
2.50000000 3.20000000 2.11528100E+002
2.50000000 3.30000000 2.03206600E+002
2.50000000 3.40000000 1.95760100E+002
2.50000000 3.50000000 1.89125000E+002
2.50000000 3.60000000 1.83240100E+002
2.50000000 3.70000000 1.78046600E+002
2.50000000 3.80000000 1.73488100E+002
2.50000000 3.90000000 1.69510600E+002
2.50000000 4.00000000 1.66062500E+002
2.50000000 4.10000000 1.63094600E+002
2.50000000 4.20000000 1.60560100E+002
2.50000000 4.30000000 1.58414600E+002
2.50000000 4.40000000 1.56616100E+002
2.50000000 4.50000000 1.55125000E+002
2.50000000 4.60000000 1.53904100E+002
2.50000000 4.70000000 1.52918600E+002
2.50000000 4.80000000 1.52136100E+002
2.50000000 4.90000000 1.51526600E+002
2.50000000 5.00000000 1.51062500E+002
2.50000000 5.10000000 1.50718600E+002
2.50000000 5.20000000 1.50472100E+002
2.50000000 5.30000000 1.50302600E+002
2.50000000 5.40000000 1.50192100E+002
2.50000000 5.50000000 1.50125000E+002
2.50000000 5.60000000 1.50088100E+002
2.50000000 5.70000000 1.50070600E+002
2.50000000 5.80000000 1.50064100E+002
2.50000000 5.90000000 1.50062600E+002
2.50000000 6.00000000 1.50062500E+002
2.50000000 6.10000000 1.50062600E+002
2.50000000 6.20000000 1.50064100E+002
2.50000000 6.30000000 1.50070600E+002
2.50000000 6.40000000 1.50088100E+002
2.50000000 6.50000000 1.50125000E+002
2.50000000 6.60000000 1.50192100E+002
2.50000000 6.70000000 1.50302600E+002
2.50000000 6.80000000 1.50472100E+002
2.50000000 6.90000000 1.50718600E+002
2.50000000 7.00000000 1.51062500E+002
2.50000000 7.10000000 1.51526600E+002
2.50000000 7.20000000 1.52136100E+002
2.50000000 7.30000000 1.52918600E+002
2.50000000 7.40000000 1.53904100E+002
2.50000000 7.50000000 1.55125000E+002
2.50000000 7.60000000 1.56616100E+002
2.50000000 7.70000000 1.58414600E+002
2.50000000 7.80000000 1.60560100E+002
2.50000000 7.90000000 1.63094600E+002
2.50000000 8.00000000 1.66062500E+002
2.50000000 8.10000000 1.69510600E+002
2.50000000 8.20000000 1.73488100E+002
2.50000000 8.30000000 1.78046600E+002
2.50000000 8.40000000 1.83240100E+002
2.50000000 8.50000000 1.89125000E+002
2.50000000 8.60000000 1.95760100E+002
2.50000000 8.70000000 2.03206600E+002
2.50000000 8.80000000 2.11528100E+002
2.50000000 8.90000000 2.20790600E+002
2.50000000 9.00000000 2.31062500E+002
2.50000000 9.10000000 2.42414600E+002
2.50000000 9.20000000 2.54920100E+002
2.50000000 9.30000000 2.68654600E+002
2.50000000 9.40000000 2.83696100E+002
2.50000000 9.50000000 3.00125000E+002
2.50000000 9.60000000 3.18024100E+002
2.50000000 9.70000000 3.37478600E+002
2.50000000 9.80000000 3.58576100E+002
2.50000000 9.90000000 3.81406600E+002
2.50000000 10.00000000 4.06062500E+002
2.50000000 10.10000000 4.32638600E+002
2.50000000 10.20000000 4.61232100E+002
2.50000000 10.30000000 4.91942600E+002
2.50000000 10.40000000 5.24872100E+002
2.50000000 10.50000000 5.60125000E+002
2.50000000 10.60000000 5.97808100E+002
2.50000000 10.70000000 6.38030600E+002
2.50000000 10.80000000 6.80904100E+002
2.50000000 10.90000000 7.26542600E+002
2.50000000 11.00000000 7.75062500E+002
2.60000000 1.00000000 7.58633600E+002
2.60000000 1.10000000 7.10113700E+002
2.60000000 1.20000000 6.64475200E+002
2.60000000 1.30000000 6.21601700E+002
2.60000000 1.40000000 5.81379200E+002
2.60000000 1.50000000 5.43696100E+002
2.60000000 1.60000000 5.08443200E+002
2.60000000 1.70000000 4.75513700E+002
2.60000000 1.80000000 4.44803200E+002
2.60000000 1.90000000 4.16209700E+002
2.60000000 2.00000000 3.89633600E+002
2.60000000 2.10000000 3.64977700E+002
2.60000000 2.20000000 3.42147200E+002
2.60000000 2.30000000 3.21049700E+002
2.60000000 2.40000000 3.01595200E+002
2.60000000 2.50000000 2.83696100E+002
2.60000000 2.60000000 2.67267200E+002
2.60000000 2.70000000 2.52225700E+002
2.60000000 2.80000000 2.38491200E+002
2.60000000 2.90000000 2.25985700E+002
2.60000000 3.00000000 2.14633600E+002
2.60000000 3.10000000 2.04361700E+002
2.60000000 3.20000000 1.95099200E+002
2.60000000 3.30000000 1.86777700E+002
2.60000000 3.40000000 1.79331200E+002
2.60000000 3.50000000 1.72696100E+002
2.60000000 3.60000000 1.66811200E+002
2.60000000 3.70000000 1.61617700E+002
2.60000000 3.80000000 1.57059200E+002
2.60000000 3.90000000 1.53081700E+002
2.60000000 4.00000000 1.49633600E+002
2.60000000 4.10000000 1.46665700E+002
2.60000000 4.20000000 1.44131200E+002
2.60000000 4.30000000 1.41985700E+002
2.60000000 4.40000000 1.40187200E+002
2.60000000 4.50000000 1.38696100E+002
2.60000000 4.60000000 1.37475200E+002
2.60000000 4.70000000 1.36489700E+002
2.60000000 4.80000000 1.35707200E+002
2.60000000 4.90000000 1.35097700E+002
2.60000000 5.00000000 1.34633600E+002
2.60000000 5.10000000 1.34289700E+002
2.60000000 5.20000000 1.34043200E+002
2.60000000 5.30000000 1.33873700E+002
2.60000000 5.40000000 1.33763200E+002
2.60000000 5.50000000 1.33696100E+002
2.60000000 5.60000000 1.33659200E+002
2.60000000 5.70000000 1.33641700E+002
2.60000000 5.80000000 1.33635200E+002
2.60000000 5.90000000 1.33633700E+002
2.60000000 6.00000000 1.33633600E+002
2.60000000 6.10000000 1.33633700E+002
2.60000000 6.20000000 1.33635200E+002
2.60000000 6.30000000 1.33641700E+002
2.60000000 6.40000000 1.33659200E+002
2.60000000 6.50000000 1.33696100E+002
2.60000000 6.60000000 1.33763200E+002
2.60000000 6.70000000 1.33873700E+002
2.60000000 6.80000000 1.34043200E+002
2.60000000 6.90000000 1.34289700E+002
2.60000000 7.00000000 1.34633600E+002
2.60000000 7.10000000 1.35097700E+002
2.60000000 7.20000000 1.35707200E+002
2.60000000 7.30000000 1.36489700E+002
2.60000000 7.40000000 1.37475200E+002
2.60000000 7.50000000 1.38696100E+002
2.60000000 7.60000000 1.40187200E+002
2.60000000 7.70000000 1.41985700E+002
2.60000000 7.80000000 1.44131200E+002
2.60000000 7.90000000 1.46665700E+002
2.60000000 8.00000000 1.49633600E+002
2.60000000 8.10000000 1.53081700E+002
2.60000000 8.20000000 1.57059200E+002
2.60000000 8.30000000 1.61617700E+002
2.60000000 8.40000000 1.66811200E+002
2.60000000 8.50000000 1.72696100E+002
2.60000000 8.60000000 1.79331200E+002
2.60000000 8.70000000 1.86777700E+002
2.60000000 8.80000000 1.95099200E+002
2.60000000 8.90000000 2.04361700E+002
2.60000000 9.00000000 2.14633600E+002
2.60000000 9.10000000 2.25985700E+002
2.60000000 9.20000000 2.38491200E+002
2.60000000 9.30000000 2.52225700E+002
2.60000000 9.40000000 2.67267200E+002
2.60000000 9.50000000 2.83696100E+002
2.60000000 9.60000000 3.01595200E+002
2.60000000 9.70000000 3.21049700E+002
2.60000000 9.80000000 3.42147200E+002
2.60000000 9.90000000 3.64977700E+002
2.60000000 10.00000000 3.89633600E+002
2.60000000 10.10000000 4.16209700E+002
2.60000000 10.20000000 4.44803200E+002
2.60000000 10.30000000 4.75513700E+002
2.60000000 10.40000000 5.08443200E+002
2.60000000 10.50000000 5.43696100E+002
2.60000000 10.60000000 5.81379200E+002
2.60000000 10.70000000 6.21601700E+002
2.60000000 10.80000000 6.64475200E+002
2.60000000 10.90000000 7.10113700E+002
2.60000000 11.00000000 7.58633600E+002
2.70000000 1.00000000 7.43592100E+002
2.70000000 1.10000000 6.95072200E+002
2.70000000 1.20000000 6.49433700E+002
2.70000000 1.30000000 6.06560200E+002
2.70000000 1.40000000 5.66337700E+002
2.70000000 1.50000000 5.28654600E+002
2.70000000 1.60000000 4.93401700E+002
2.70000000 1.70000000 4.60472200E+002
2.70000000 1.80000000 4.29761700E+002
2.70000000 1.90000000 4.01168200E+002
2.70000000 2.00000000 3.74592100E+002
2.70000000 2.10000000 3.49936200E+002
2.70000000 2.20000000 3.27105700E+002
2.70000000 2.30000000 3.06008200E+002
2.70000000 2.40000000 2.86553700E+002
2.70000000 2.50000000 2.68654600E+002
2.70000000 2.60000000 2.52225700E+002
2.70000000 2.70000000 2.37184200E+002
2.70000000 2.80000000 2.23449700E+002
2.70000000 2.90000000 2.10944200E+002
2.70000000 3.00000000 1.99592100E+002
2.70000000 3.10000000 1.89320200E+002
2.70000000 3.20000000 1.80057700E+002
2.70000000 3.30000000 1.71736200E+002
2.70000000 3.40000000 1.64289700E+002
2.70000000 3.50000000 1.57654600E+002
2.70000000 3.60000000 1.51769700E+002
2.70000000 3.70000000 1.46576200E+002
2.70000000 3.80000000 1.42017700E+002
2.70000000 3.90000000 1.38040200E+002
2.70000000 4.00000000 1.34592100E+002
2.70000000 4.10000000 1.31624200E+002
2.70000000 4.20000000 1.29089700E+002
2.70000000 4.30000000 1.26944200E+002
2.70000000 4.40000000 1.25145700E+002
2.70000000 4.50000000 1.23654600E+002
2.70000000 4.60000000 1.22433700E+002
2.70000000 4.70000000 1.21448200E+002
2.70000000 4.80000000 1.20665700E+002
2.70000000 4.90000000 1.20056200E+002
2.70000000 5.00000000 1.19592100E+002
2.70000000 5.10000000 1.19248200E+002
2.70000000 5.20000000 1.19001700E+002
2.70000000 5.30000000 1.18832200E+002
2.70000000 5.40000000 1.18721700E+002
2.70000000 5.50000000 1.18654600E+002
2.70000000 5.60000000 1.18617700E+002
2.70000000 5.70000000 1.18600200E+002
2.70000000 5.80000000 1.18593700E+002
2.70000000 5.90000000 1.18592200E+002
2.70000000 6.00000000 1.18592100E+002
2.70000000 6.10000000 1.18592200E+002
2.70000000 6.20000000 1.18593700E+002
2.70000000 6.30000000 1.18600200E+002
2.70000000 6.40000000 1.18617700E+002
2.70000000 6.50000000 1.18654600E+002
2.70000000 6.60000000 1.18721700E+002
2.70000000 6.70000000 1.18832200E+002
2.70000000 6.80000000 1.19001700E+002
2.70000000 6.90000000 1.19248200E+002
2.70000000 7.00000000 1.19592100E+002
2.70000000 7.10000000 1.20056200E+002
2.70000000 7.20000000 1.20665700E+002
2.70000000 7.30000000 1.21448200E+002
2.70000000 7.40000000 1.22433700E+002
2.70000000 7.50000000 1.23654600E+002
2.70000000 7.60000000 1.25145700E+002
2.70000000 7.70000000 1.26944200E+002
2.70000000 7.80000000 1.29089700E+002
2.70000000 7.90000000 1.31624200E+002
2.70000000 8.00000000 1.34592100E+002
2.70000000 8.10000000 1.38040200E+002
2.70000000 8.20000000 1.42017700E+002
2.70000000 8.30000000 1.46576200E+002
2.70000000 8.40000000 1.51769700E+002
2.70000000 8.50000000 1.57654600E+002
2.70000000 8.60000000 1.64289700E+002
2.70000000 8.70000000 1.71736200E+002
2.70000000 8.80000000 1.80057700E+002
2.70000000 8.90000000 1.89320200E+002
2.70000000 9.00000000 1.99592100E+002
2.70000000 9.10000000 2.10944200E+002
2.70000000 9.20000000 2.23449700E+002
2.70000000 9.30000000 2.37184200E+002
2.70000000 9.40000000 2.52225700E+002
2.70000000 9.50000000 2.68654600E+002
2.70000000 9.60000000 2.86553700E+002
2.70000000 9.70000000 3.06008200E+002
2.70000000 9.80000000 3.27105700E+002
2.70000000 9.90000000 3.49936200E+002
2.70000000 10.00000000 3.74592100E+002
2.70000000 10.10000000 4.01168200E+002
2.70000000 10.20000000 4.29761700E+002
2.70000000 10.30000000 4.60472200E+002
2.70000000 10.40000000 4.93401700E+002
2.70000000 10.50000000 5.28654600E+002
2.70000000 10.60000000 5.66337700E+002
2.70000000 10.70000000 6.06560200E+002
2.70000000 10.80000000 6.49433700E+002
2.70000000 10.90000000 6.95072200E+002
2.70000000 11.00000000 7.43592100E+002
2.80000000 1.00000000 7.29857600E+002
2.80000000 1.10000000 6.81337700E+002
2.80000000 1.20000000 6.35699200E+002
2.80000000 1.30000000 5.92825700E+002
2.80000000 1.40000000 5.52603200E+002
2.80000000 1.50000000 5.14920100E+002
2.80000000 1.60000000 4.79667200E+002
2.80000000 1.70000000 4.46737700E+002
2.80000000 1.80000000 4.16027200E+002
2.80000000 1.90000000 3.87433700E+002
2.80000000 2.00000000 3.60857600E+002
2.80000000 2.10000000 3.36201700E+002
2.80000000 2.20000000 3.13371200E+002
2.80000000 2.30000000 2.92273700E+002
2.80000000 2.40000000 2.72819200E+002
2.80000000 2.50000000 2.54920100E+002
2.80000000 2.60000000 2.38491200E+002
2.80000000 2.70000000 2.23449700E+002
2.80000000 2.80000000 2.09715200E+002
2.80000000 2.90000000 1.97209700E+002
2.80000000 3.00000000 1.85857600E+002
2.80000000 3.10000000 1.75585700E+002
2.80000000 3.20000000 1.66323200E+002
2.80000000 3.30000000 1.58001700E+002
2.80000000 3.40000000 1.50555200E+002
2.80000000 3.50000000 1.43920100E+002
2.80000000 3.60000000 1.38035200E+002
2.80000000 3.70000000 1.32841700E+002
2.80000000 3.80000000 1.28283200E+002
2.80000000 3.90000000 1.24305700E+002
2.80000000 4.00000000 1.20857600E+002
2.80000000 4.10000000 1.17889700E+002
2.80000000 4.20000000 1.15355200E+002
2.80000000 4.30000000 1.13209700E+002
2.80000000 4.40000000 1.11411200E+002
2.80000000 4.50000000 1.09920100E+002
2.80000000 4.60000000 1.08699200E+002
2.80000000 4.70000000 1.07713700E+002
2.80000000 4.80000000 1.06931200E+002
2.80000000 4.90000000 1.06321700E+002
2.80000000 5.00000000 1.05857600E+002
2.80000000 5.10000000 1.05513700E+002
2.80000000 5.20000000 1.05267200E+002
2.80000000 5.30000000 1.05097700E+002
2.80000000 5.40000000 1.04987200E+002
2.80000000 5.50000000 1.04920100E+002
2.80000000 5.60000000 1.04883200E+002
2.80000000 5.70000000 1.04865700E+002
2.80000000 5.80000000 1.04859200E+002
2.80000000 5.90000000 1.04857700E+002
2.80000000 6.00000000 1.04857600E+002
2.80000000 6.10000000 1.04857700E+002
2.80000000 6.20000000 1.04859200E+002
2.80000000 6.30000000 1.04865700E+002
2.80000000 6.40000000 1.04883200E+002
2.80000000 6.50000000 1.04920100E+002
2.80000000 6.60000000 1.04987200E+002
2.80000000 6.70000000 1.05097700E+002
2.80000000 6.80000000 1.05267200E+002
2.80000000 6.90000000 1.05513700E+002
2.80000000 7.00000000 1.05857600E+002
2.80000000 7.10000000 1.06321700E+002
2.80000000 7.20000000 1.06931200E+002
2.80000000 7.30000000 1.07713700E+002
2.80000000 7.40000000 1.08699200E+002
2.80000000 7.50000000 1.09920100E+002
2.80000000 7.60000000 1.11411200E+002
2.80000000 7.70000000 1.13209700E+002
2.80000000 7.80000000 1.15355200E+002
2.80000000 7.90000000 1.17889700E+002
2.80000000 8.00000000 1.20857600E+002
2.80000000 8.10000000 1.24305700E+002
2.80000000 8.20000000 1.28283200E+002
2.80000000 8.30000000 1.32841700E+002
2.80000000 8.40000000 1.38035200E+002
2.80000000 8.50000000 1.43920100E+002
2.80000000 8.60000000 1.50555200E+002
2.80000000 8.70000000 1.58001700E+002
2.80000000 8.80000000 1.66323200E+002
2.80000000 8.90000000 1.75585700E+002
2.80000000 9.00000000 1.85857600E+002
2.80000000 9.10000000 1.97209700E+002
2.80000000 9.20000000 2.09715200E+002
2.80000000 9.30000000 2.23449700E+002
2.80000000 9.40000000 2.38491200E+002
2.80000000 9.50000000 2.54920100E+002
2.80000000 9.60000000 2.72819200E+002
2.80000000 9.70000000 2.92273700E+002
2.80000000 9.80000000 3.13371200E+002
2.80000000 9.90000000 3.36201700E+002
2.80000000 10.00000000 3.60857600E+002
2.80000000 10.10000000 3.87433700E+002
2.80000000 10.20000000 4.16027200E+002
2.80000000 10.30000000 4.46737700E+002
2.80000000 10.40000000 4.79667200E+002
2.80000000 10.50000000 5.14920100E+002
2.80000000 10.60000000 5.52603200E+002
2.80000000 10.70000000 5.92825700E+002
2.80000000 10.80000000 6.35699200E+002
2.80000000 10.90000000 6.81337700E+002
2.80000000 11.00000000 7.29857600E+002
2.90000000 1.00000000 7.17352100E+002
2.90000000 1.10000000 6.68832200E+002
2.90000000 1.20000000 6.23193700E+002
2.90000000 1.30000000 5.80320200E+002
2.90000000 1.40000000 5.40097700E+002
2.90000000 1.50000000 5.02414600E+002
2.90000000 1.60000000 4.67161700E+002
2.90000000 1.70000000 4.34232200E+002
2.90000000 1.80000000 4.03521700E+002
2.90000000 1.90000000 3.74928200E+002
2.90000000 2.00000000 3.48352100E+002
2.90000000 2.10000000 3.23696200E+002
2.90000000 2.20000000 3.00865700E+002
2.90000000 2.30000000 2.79768200E+002
2.90000000 2.40000000 2.60313700E+002
2.90000000 2.50000000 2.42414600E+002
2.90000000 2.60000000 2.25985700E+002
2.90000000 2.70000000 2.10944200E+002
2.90000000 2.80000000 1.97209700E+002
2.90000000 2.90000000 1.84704200E+002
2.90000000 3.00000000 1.73352100E+002
2.90000000 3.10000000 1.63080200E+002
2.90000000 3.20000000 1.53817700E+002
2.90000000 3.30000000 1.45496200E+002
2.90000000 3.40000000 1.38049700E+002
2.90000000 3.50000000 1.31414600E+002
2.90000000 3.60000000 1.25529700E+002
2.90000000 3.70000000 1.20336200E+002
2.90000000 3.80000000 1.15777700E+002
2.90000000 3.90000000 1.11800200E+002
2.90000000 4.00000000 1.08352100E+002
2.90000000 4.10000000 1.05384200E+002
2.90000000 4.20000000 1.02849700E+002
2.90000000 4.30000000 1.00704200E+002
2.90000000 4.40000000 9.89057000E+001
2.90000000 4.50000000 9.74146000E+001
2.90000000 4.60000000 9.61937000E+001
2.90000000 4.70000000 9.52082000E+001
2.90000000 4.80000000 9.44257000E+001
2.90000000 4.90000000 9.38162000E+001
2.90000000 5.00000000 9.33521000E+001
2.90000000 5.10000000 9.30082000E+001
2.90000000 5.20000000 9.27617000E+001
2.90000000 5.30000000 9.25922000E+001
2.90000000 5.40000000 9.24817000E+001
2.90000000 5.50000000 9.24146000E+001
2.90000000 5.60000000 9.23777000E+001
2.90000000 5.70000000 9.23602000E+001
2.90000000 5.80000000 9.23537000E+001
2.90000000 5.90000000 9.23522000E+001
2.90000000 6.00000000 9.23521000E+001
2.90000000 6.10000000 9.23522000E+001
2.90000000 6.20000000 9.23537000E+001
2.90000000 6.30000000 9.23602000E+001
2.90000000 6.40000000 9.23777000E+001
2.90000000 6.50000000 9.24146000E+001
2.90000000 6.60000000 9.24817000E+001
2.90000000 6.70000000 9.25922000E+001
2.90000000 6.80000000 9.27617000E+001
2.90000000 6.90000000 9.30082000E+001
2.90000000 7.00000000 9.33521000E+001
2.90000000 7.10000000 9.38162000E+001
2.90000000 7.20000000 9.44257000E+001
2.90000000 7.30000000 9.52082000E+001
2.90000000 7.40000000 9.61937000E+001
2.90000000 7.50000000 9.74146000E+001
2.90000000 7.60000000 9.89057000E+001
2.90000000 7.70000000 1.00704200E+002
2.90000000 7.80000000 1.02849700E+002
2.90000000 7.90000000 1.05384200E+002
2.90000000 8.00000000 1.08352100E+002
2.90000000 8.10000000 1.11800200E+002
2.90000000 8.20000000 1.15777700E+002
2.90000000 8.30000000 1.20336200E+002
2.90000000 8.40000000 1.25529700E+002
2.90000000 8.50000000 1.31414600E+002
2.90000000 8.60000000 1.38049700E+002
2.90000000 8.70000000 1.45496200E+002
2.90000000 8.80000000 1.53817700E+002
2.90000000 8.90000000 1.63080200E+002
2.90000000 9.00000000 1.73352100E+002
2.90000000 9.10000000 1.84704200E+002
2.90000000 9.20000000 1.97209700E+002
2.90000000 9.30000000 2.10944200E+002
2.90000000 9.40000000 2.25985700E+002
2.90000000 9.50000000 2.42414600E+002
2.90000000 9.60000000 2.60313700E+002
2.90000000 9.70000000 2.79768200E+002
2.90000000 9.80000000 3.00865700E+002
2.90000000 9.90000000 3.23696200E+002
2.90000000 10.00000000 3.48352100E+002
2.90000000 10.10000000 3.74928200E+002
2.90000000 10.20000000 4.03521700E+002
2.90000000 10.30000000 4.34232200E+002
2.90000000 10.40000000 4.67161700E+002
2.90000000 10.50000000 5.02414600E+002
2.90000000 10.60000000 5.40097700E+002
2.90000000 10.70000000 5.80320200E+002
2.90000000 10.80000000 6.23193700E+002
2.90000000 10.90000000 6.68832200E+002
2.90000000 11.00000000 7.17352100E+002
3.00000000 1.00000000 7.06000000E+002
3.00000000 1.10000000 6.57480100E+002
3.00000000 1.20000000 6.11841600E+002
3.00000000 1.30000000 5.68968100E+002
3.00000000 1.40000000 5.28745600E+002
3.00000000 1.50000000 4.91062500E+002
3.00000000 1.60000000 4.55809600E+002
3.00000000 1.70000000 4.22880100E+002
3.00000000 1.80000000 3.92169600E+002
3.00000000 1.90000000 3.63576100E+002
3.00000000 2.00000000 3.37000000E+002
3.00000000 2.10000000 3.12344100E+002
3.00000000 2.20000000 2.89513600E+002
3.00000000 2.30000000 2.68416100E+002
3.00000000 2.40000000 2.48961600E+002
3.00000000 2.50000000 2.31062500E+002
3.00000000 2.60000000 2.14633600E+002
3.00000000 2.70000000 1.99592100E+002
3.00000000 2.80000000 1.85857600E+002
3.00000000 2.90000000 1.73352100E+002
3.00000000 3.00000000 1.62000000E+002
3.00000000 3.10000000 1.51728100E+002
3.00000000 3.20000000 1.42465600E+002
3.00000000 3.30000000 1.34144100E+002
3.00000000 3.40000000 1.26697600E+002
3.00000000 3.50000000 1.20062500E+002
3.00000000 3.60000000 1.14177600E+002
3.00000000 3.70000000 1.08984100E+002
3.00000000 3.80000000 1.04425600E+002
3.00000000 3.90000000 1.00448100E+002
3.00000000 4.00000000 9.70000000E+001
3.00000000 4.10000000 9.40321000E+001
3.00000000 4.20000000 9.14976000E+001
3.00000000 4.30000000 8.93521000E+001
3.00000000 4.40000000 8.75536000E+001
3.00000000 4.50000000 8.60625000E+001
3.00000000 4.60000000 8.48416000E+001
3.00000000 4.70000000 8.38561000E+001
3.00000000 4.80000000 8.30736000E+001
3.00000000 4.90000000 8.24641000E+001
3.00000000 5.00000000 8.20000000E+001
3.00000000 5.10000000 8.16561000E+001
3.00000000 5.20000000 8.14096000E+001
3.00000000 5.30000000 8.12401000E+001
3.00000000 5.40000000 8.11296000E+001
3.00000000 5.50000000 8.10625000E+001
3.00000000 5.60000000 8.10256000E+001
3.00000000 5.70000000 8.10081000E+001
3.00000000 5.80000000 8.10016000E+001
3.00000000 5.90000000 8.10001000E+001
3.00000000 6.00000000 8.10000000E+001
3.00000000 6.10000000 8.10001000E+001
3.00000000 6.20000000 8.10016000E+001
3.00000000 6.30000000 8.10081000E+001
3.00000000 6.40000000 8.10256000E+001
3.00000000 6.50000000 8.10625000E+001
3.00000000 6.60000000 8.11296000E+001
3.00000000 6.70000000 8.12401000E+001
3.00000000 6.80000000 8.14096000E+001
3.00000000 6.90000000 8.16561000E+001
3.00000000 7.00000000 8.20000000E+001
3.00000000 7.10000000 8.24641000E+001
3.00000000 7.20000000 8.30736000E+001
3.00000000 7.30000000 8.38561000E+001
3.00000000 7.40000000 8.48416000E+001
3.00000000 7.50000000 8.60625000E+001
3.00000000 7.60000000 8.75536000E+001
3.00000000 7.70000000 8.93521000E+001
3.00000000 7.80000000 9.14976000E+001
3.00000000 7.90000000 9.40321000E+001
3.00000000 8.00000000 9.70000000E+001
3.00000000 8.10000000 1.00448100E+002
3.00000000 8.20000000 1.04425600E+002
3.00000000 8.30000000 1.08984100E+002
3.00000000 8.40000000 1.14177600E+002
3.00000000 8.50000000 1.20062500E+002
3.00000000 8.60000000 1.26697600E+002
3.00000000 8.70000000 1.34144100E+002
3.00000000 8.80000000 1.42465600E+002
3.00000000 8.90000000 1.51728100E+002
3.00000000 9.00000000 1.62000000E+002
3.00000000 9.10000000 1.73352100E+002
3.00000000 9.20000000 1.85857600E+002
3.00000000 9.30000000 1.99592100E+002
3.00000000 9.40000000 2.14633600E+002
3.00000000 9.50000000 2.31062500E+002
3.00000000 9.60000000 2.48961600E+002
3.00000000 9.70000000 2.68416100E+002
3.00000000 9.80000000 2.89513600E+002
3.00000000 9.90000000 3.12344100E+002
3.00000000 10.00000000 3.37000000E+002
3.00000000 10.10000000 3.63576100E+002
3.00000000 10.20000000 3.92169600E+002
3.00000000 10.30000000 4.22880100E+002
3.00000000 10.40000000 4.55809600E+002
3.00000000 10.50000000 4.91062500E+002
3.00000000 10.60000000 5.28745600E+002
3.00000000 10.70000000 5.68968100E+002
3.00000000 10.80000000 6.11841600E+002
3.00000000 10.90000000 6.57480100E+002
3.00000000 11.00000000 7.06000000E+002
3.10000000 1.00000000 6.95728100E+002
3.10000000 1.10000000 6.47208200E+002
3.10000000 1.20000000 6.01569700E+002
3.10000000 1.30000000 5.58696200E+002
3.10000000 1.40000000 5.18473700E+002
3.10000000 1.50000000 4.80790600E+002
3.10000000 1.60000000 4.45537700E+002
3.10000000 1.70000000 4.12608200E+002
3.10000000 1.80000000 3.81897700E+002
3.10000000 1.90000000 3.53304200E+002
3.10000000 2.00000000 3.26728100E+002
3.10000000 2.10000000 3.02072200E+002
3.10000000 2.20000000 2.79241700E+002
3.10000000 2.30000000 2.58144200E+002
3.10000000 2.40000000 2.38689700E+002
3.10000000 2.50000000 2.20790600E+002
3.10000000 2.60000000 2.04361700E+002
3.10000000 2.70000000 1.89320200E+002
3.10000000 2.80000000 1.75585700E+002
3.10000000 2.90000000 1.63080200E+002
3.10000000 3.00000000 1.51728100E+002
3.10000000 3.10000000 1.41456200E+002
3.10000000 3.20000000 1.32193700E+002
3.10000000 3.30000000 1.23872200E+002
3.10000000 3.40000000 1.16425700E+002
3.10000000 3.50000000 1.09790600E+002
3.10000000 3.60000000 1.03905700E+002
3.10000000 3.70000000 9.87122000E+001
3.10000000 3.80000000 9.41537000E+001
3.10000000 3.90000000 9.01762000E+001
3.10000000 4.00000000 8.67281000E+001
3.10000000 4.10000000 8.37602000E+001
3.10000000 4.20000000 8.12257000E+001
3.10000000 4.30000000 7.90802000E+001
3.10000000 4.40000000 7.72817000E+001
3.10000000 4.50000000 7.57906000E+001
3.10000000 4.60000000 7.45697000E+001
3.10000000 4.70000000 7.35842000E+001
3.10000000 4.80000000 7.28017000E+001
3.10000000 4.90000000 7.21922000E+001
3.10000000 5.00000000 7.17281000E+001
3.10000000 5.10000000 7.13842000E+001
3.10000000 5.20000000 7.11377000E+001
3.10000000 5.30000000 7.09682000E+001
3.10000000 5.40000000 7.08577000E+001
3.10000000 5.50000000 7.07906000E+001
3.10000000 5.60000000 7.07537000E+001
3.10000000 5.70000000 7.07362000E+001
3.10000000 5.80000000 7.07297000E+001
3.10000000 5.90000000 7.07282000E+001
3.10000000 6.00000000 7.07281000E+001
3.10000000 6.10000000 7.07282000E+001
3.10000000 6.20000000 7.07297000E+001
3.10000000 6.30000000 7.07362000E+001
3.10000000 6.40000000 7.07537000E+001
3.10000000 6.50000000 7.07906000E+001
3.10000000 6.60000000 7.08577000E+001
3.10000000 6.70000000 7.09682000E+001
3.10000000 6.80000000 7.11377000E+001
3.10000000 6.90000000 7.13842000E+001
3.10000000 7.00000000 7.17281000E+001
3.10000000 7.10000000 7.21922000E+001
3.10000000 7.20000000 7.28017000E+001
3.10000000 7.30000000 7.35842000E+001
3.10000000 7.40000000 7.45697000E+001
3.10000000 7.50000000 7.57906000E+001
3.10000000 7.60000000 7.72817000E+001
3.10000000 7.70000000 7.90802000E+001
3.10000000 7.80000000 8.12257000E+001
3.10000000 7.90000000 8.37602000E+001
3.10000000 8.00000000 8.67281000E+001
3.10000000 8.10000000 9.01762000E+001
3.10000000 8.20000000 9.41537000E+001
3.10000000 8.30000000 9.87122000E+001
3.10000000 8.40000000 1.03905700E+002
3.10000000 8.50000000 1.09790600E+002
3.10000000 8.60000000 1.16425700E+002
3.10000000 8.70000000 1.23872200E+002
3.10000000 8.80000000 1.32193700E+002
3.10000000 8.90000000 1.41456200E+002
3.10000000 9.00000000 1.51728100E+002
3.10000000 9.10000000 1.63080200E+002
3.10000000 9.20000000 1.75585700E+002
3.10000000 9.30000000 1.89320200E+002
3.10000000 9.40000000 2.04361700E+002
3.10000000 9.50000000 2.20790600E+002
3.10000000 9.60000000 2.38689700E+002
3.10000000 9.70000000 2.58144200E+002
3.10000000 9.80000000 2.79241700E+002
3.10000000 9.90000000 3.02072200E+002
3.10000000 10.00000000 3.26728100E+002
3.10000000 10.10000000 3.53304200E+002
3.10000000 10.20000000 3.81897700E+002
3.10000000 10.30000000 4.12608200E+002
3.10000000 10.40000000 4.45537700E+002
3.10000000 10.50000000 4.80790600E+002
3.10000000 10.60000000 5.18473700E+002
3.10000000 10.70000000 5.58696200E+002
3.10000000 10.80000000 6.01569700E+002
3.10000000 10.90000000 6.47208200E+002
3.10000000 11.00000000 6.95728100E+002
3.20000000 1.00000000 6.86465600E+002
3.20000000 1.10000000 6.37945700E+002
3.20000000 1.20000000 5.92307200E+002
3.20000000 1.30000000 5.49433700E+002
3.20000000 1.40000000 5.09211200E+002
3.20000000 1.50000000 4.71528100E+002
3.20000000 1.60000000 4.36275200E+002
3.20000000 1.70000000 4.03345700E+002
3.20000000 1.80000000 3.72635200E+002
3.20000000 1.90000000 3.44041700E+002
3.20000000 2.00000000 3.17465600E+002
3.20000000 2.10000000 2.92809700E+002
3.20000000 2.20000000 2.69979200E+002
3.20000000 2.30000000 2.48881700E+002
3.20000000 2.40000000 2.29427200E+002
3.20000000 2.50000000 2.11528100E+002
3.20000000 2.60000000 1.95099200E+002
3.20000000 2.70000000 1.80057700E+002
3.20000000 2.80000000 1.66323200E+002
3.20000000 2.90000000 1.53817700E+002
3.20000000 3.00000000 1.42465600E+002
3.20000000 3.10000000 1.32193700E+002
3.20000000 3.20000000 1.22931200E+002
3.20000000 3.30000000 1.14609700E+002
3.20000000 3.40000000 1.07163200E+002
3.20000000 3.50000000 1.00528100E+002
3.20000000 3.60000000 9.46432000E+001
3.20000000 3.70000000 8.94497000E+001
3.20000000 3.80000000 8.48912000E+001
3.20000000 3.90000000 8.09137000E+001
3.20000000 4.00000000 7.74656000E+001
3.20000000 4.10000000 7.44977000E+001
3.20000000 4.20000000 7.19632000E+001
3.20000000 4.30000000 6.98177000E+001
3.20000000 4.40000000 6.80192000E+001
3.20000000 4.50000000 6.65281000E+001
3.20000000 4.60000000 6.53072000E+001
3.20000000 4.70000000 6.43217000E+001
3.20000000 4.80000000 6.35392000E+001
3.20000000 4.90000000 6.29297000E+001
3.20000000 5.00000000 6.24656000E+001
3.20000000 5.10000000 6.21217000E+001
3.20000000 5.20000000 6.18752000E+001
3.20000000 5.30000000 6.17057000E+001
3.20000000 5.40000000 6.15952000E+001
3.20000000 5.50000000 6.15281000E+001
3.20000000 5.60000000 6.14912000E+001
3.20000000 5.70000000 6.14737000E+001
3.20000000 5.80000000 6.14672000E+001
3.20000000 5.90000000 6.14657000E+001
3.20000000 6.00000000 6.14656000E+001
3.20000000 6.10000000 6.14657000E+001
3.20000000 6.20000000 6.14672000E+001
3.20000000 6.30000000 6.14737000E+001
3.20000000 6.40000000 6.14912000E+001
3.20000000 6.50000000 6.15281000E+001
3.20000000 6.60000000 6.15952000E+001
3.20000000 6.70000000 6.17057000E+001
3.20000000 6.80000000 6.18752000E+001
3.20000000 6.90000000 6.21217000E+001
3.20000000 7.00000000 6.24656000E+001
3.20000000 7.10000000 6.29297000E+001
3.20000000 7.20000000 6.35392000E+001
3.20000000 7.30000000 6.43217000E+001
3.20000000 7.40000000 6.53072000E+001
3.20000000 7.50000000 6.65281000E+001
3.20000000 7.60000000 6.80192000E+001
3.20000000 7.70000000 6.98177000E+001
3.20000000 7.80000000 7.19632000E+001
3.20000000 7.90000000 7.44977000E+001
3.20000000 8.00000000 7.74656000E+001
3.20000000 8.10000000 8.09137000E+001
3.20000000 8.20000000 8.48912000E+001
3.20000000 8.30000000 8.94497000E+001
3.20000000 8.40000000 9.46432000E+001
3.20000000 8.50000000 1.00528100E+002
3.20000000 8.60000000 1.07163200E+002
3.20000000 8.70000000 1.14609700E+002
3.20000000 8.80000000 1.22931200E+002
3.20000000 8.90000000 1.32193700E+002
3.20000000 9.00000000 1.42465600E+002
3.20000000 9.10000000 1.53817700E+002
3.20000000 9.20000000 1.66323200E+002
3.20000000 9.30000000 1.80057700E+002
3.20000000 9.40000000 1.95099200E+002
3.20000000 9.50000000 2.11528100E+002
3.20000000 9.60000000 2.29427200E+002
3.20000000 9.70000000 2.48881700E+002
3.20000000 9.80000000 2.69979200E+002
3.20000000 9.90000000 2.92809700E+002
3.20000000 10.00000000 3.17465600E+002
3.20000000 10.10000000 3.44041700E+002
3.20000000 10.20000000 3.72635200E+002
3.20000000 10.30000000 4.03345700E+002
3.20000000 10.40000000 4.36275200E+002
3.20000000 10.50000000 4.71528100E+002
3.20000000 10.60000000 5.09211200E+002
3.20000000 10.70000000 5.49433700E+002
3.20000000 10.80000000 5.92307200E+002
3.20000000 10.90000000 6.37945700E+002
3.20000000 11.00000000 6.86465600E+002
3.30000000 1.00000000 6.78144100E+002
3.30000000 1.10000000 6.29624200E+002
3.30000000 1.20000000 5.83985700E+002
3.30000000 1.30000000 5.41112200E+002
3.30000000 1.40000000 5.00889700E+002
3.30000000 1.50000000 4.63206600E+002
3.30000000 1.60000000 4.27953700E+002
3.30000000 1.70000000 3.95024200E+002
3.30000000 1.80000000 3.64313700E+002
3.30000000 1.90000000 3.35720200E+002
3.30000000 2.00000000 3.09144100E+002
3.30000000 2.10000000 2.84488200E+002
3.30000000 2.20000000 2.61657700E+002
3.30000000 2.30000000 2.40560200E+002
3.30000000 2.40000000 2.21105700E+002
3.30000000 2.50000000 2.03206600E+002
3.30000000 2.60000000 1.86777700E+002
3.30000000 2.70000000 1.71736200E+002
3.30000000 2.80000000 1.58001700E+002
3.30000000 2.90000000 1.45496200E+002
3.30000000 3.00000000 1.34144100E+002
3.30000000 3.10000000 1.23872200E+002
3.30000000 3.20000000 1.14609700E+002
3.30000000 3.30000000 1.06288200E+002
3.30000000 3.40000000 9.88417000E+001
3.30000000 3.50000000 9.22066000E+001
3.30000000 3.60000000 8.63217000E+001
3.30000000 3.70000000 8.11282000E+001
3.30000000 3.80000000 7.65697000E+001
3.30000000 3.90000000 7.25922000E+001
3.30000000 4.00000000 6.91441000E+001
3.30000000 4.10000000 6.61762000E+001
3.30000000 4.20000000 6.36417000E+001
3.30000000 4.30000000 6.14962000E+001
3.30000000 4.40000000 5.96977000E+001
3.30000000 4.50000000 5.82066000E+001
3.30000000 4.60000000 5.69857000E+001
3.30000000 4.70000000 5.60002000E+001
3.30000000 4.80000000 5.52177000E+001
3.30000000 4.90000000 5.46082000E+001
3.30000000 5.00000000 5.41441000E+001
3.30000000 5.10000000 5.38002000E+001
3.30000000 5.20000000 5.35537000E+001
3.30000000 5.30000000 5.33842000E+001
3.30000000 5.40000000 5.32737000E+001
3.30000000 5.50000000 5.32066000E+001
3.30000000 5.60000000 5.31697000E+001
3.30000000 5.70000000 5.31522000E+001
3.30000000 5.80000000 5.31457000E+001
3.30000000 5.90000000 5.31442000E+001
3.30000000 6.00000000 5.31441000E+001
3.30000000 6.10000000 5.31442000E+001
3.30000000 6.20000000 5.31457000E+001
3.30000000 6.30000000 5.31522000E+001
3.30000000 6.40000000 5.31697000E+001
3.30000000 6.50000000 5.32066000E+001
3.30000000 6.60000000 5.32737000E+001
3.30000000 6.70000000 5.33842000E+001
3.30000000 6.80000000 5.35537000E+001
3.30000000 6.90000000 5.38002000E+001
3.30000000 7.00000000 5.41441000E+001
3.30000000 7.10000000 5.46082000E+001
3.30000000 7.20000000 5.52177000E+001
3.30000000 7.30000000 5.60002000E+001
3.30000000 7.40000000 5.69857000E+001
3.30000000 7.50000000 5.82066000E+001
3.30000000 7.60000000 5.96977000E+001
3.30000000 7.70000000 6.14962000E+001
3.30000000 7.80000000 6.36417000E+001
3.30000000 7.90000000 6.61762000E+001
3.30000000 8.00000000 6.91441000E+001
3.30000000 8.10000000 7.25922000E+001
3.30000000 8.20000000 7.65697000E+001
3.30000000 8.30000000 8.11282000E+001
3.30000000 8.40000000 8.63217000E+001
3.30000000 8.50000000 9.22066000E+001
3.30000000 8.60000000 9.88417000E+001
3.30000000 8.70000000 1.06288200E+002
3.30000000 8.80000000 1.14609700E+002
3.30000000 8.90000000 1.23872200E+002
3.30000000 9.00000000 1.34144100E+002
3.30000000 9.10000000 1.45496200E+002
3.30000000 9.20000000 1.58001700E+002
3.30000000 9.30000000 1.71736200E+002
3.30000000 9.40000000 1.86777700E+002
3.30000000 9.50000000 2.03206600E+002
3.30000000 9.60000000 2.21105700E+002
3.30000000 9.70000000 2.40560200E+002
3.30000000 9.80000000 2.61657700E+002
3.30000000 9.90000000 2.84488200E+002
3.30000000 10.00000000 3.09144100E+002
3.30000000 10.10000000 3.35720200E+002
3.30000000 10.20000000 3.64313700E+002
3.30000000 10.30000000 3.95024200E+002
3.30000000 10.40000000 4.27953700E+002
3.30000000 10.50000000 4.63206600E+002
3.30000000 10.60000000 5.00889700E+002
3.30000000 10.70000000 5.41112200E+002
3.30000000 10.80000000 5.83985700E+002
3.30000000 10.90000000 6.29624200E+002
3.30000000 11.00000000 6.78144100E+002
3.40000000 1.00000000 6.70697600E+002
3.40000000 1.10000000 6.22177700E+002
3.40000000 1.20000000 5.76539200E+002
3.40000000 1.30000000 5.33665700E+002
3.40000000 1.40000000 4.93443200E+002
3.40000000 1.50000000 4.55760100E+002
3.40000000 1.60000000 4.20507200E+002
3.40000000 1.70000000 3.87577700E+002
3.40000000 1.80000000 3.56867200E+002
3.40000000 1.90000000 3.28273700E+002
3.40000000 2.00000000 3.01697600E+002
3.40000000 2.10000000 2.77041700E+002
3.40000000 2.20000000 2.54211200E+002
3.40000000 2.30000000 2.33113700E+002
3.40000000 2.40000000 2.13659200E+002
3.40000000 2.50000000 1.95760100E+002
3.40000000 2.60000000 1.79331200E+002
3.40000000 2.70000000 1.64289700E+002
3.40000000 2.80000000 1.50555200E+002
3.40000000 2.90000000 1.38049700E+002
3.40000000 3.00000000 1.26697600E+002
3.40000000 3.10000000 1.16425700E+002
3.40000000 3.20000000 1.07163200E+002
3.40000000 3.30000000 9.88417000E+001
3.40000000 3.40000000 9.13952000E+001
3.40000000 3.50000000 8.47601000E+001
3.40000000 3.60000000 7.88752000E+001
3.40000000 3.70000000 7.36817000E+001
3.40000000 3.80000000 6.91232000E+001
3.40000000 3.90000000 6.51457000E+001
3.40000000 4.00000000 6.16976000E+001
3.40000000 4.10000000 5.87297000E+001
3.40000000 4.20000000 5.61952000E+001
3.40000000 4.30000000 5.40497000E+001
3.40000000 4.40000000 5.22512000E+001
3.40000000 4.50000000 5.07601000E+001
3.40000000 4.60000000 4.95392000E+001
3.40000000 4.70000000 4.85537000E+001
3.40000000 4.80000000 4.77712000E+001
3.40000000 4.90000000 4.71617000E+001
3.40000000 5.00000000 4.66976000E+001
3.40000000 5.10000000 4.63537000E+001
3.40000000 5.20000000 4.61072000E+001
3.40000000 5.30000000 4.59377000E+001
3.40000000 5.40000000 4.58272000E+001
3.40000000 5.50000000 4.57601000E+001
3.40000000 5.60000000 4.57232000E+001
3.40000000 5.70000000 4.57057000E+001
3.40000000 5.80000000 4.56992000E+001
3.40000000 5.90000000 4.56977000E+001
3.40000000 6.00000000 4.56976000E+001
3.40000000 6.10000000 4.56977000E+001
3.40000000 6.20000000 4.56992000E+001
3.40000000 6.30000000 4.57057000E+001
3.40000000 6.40000000 4.57232000E+001
3.40000000 6.50000000 4.57601000E+001
3.40000000 6.60000000 4.58272000E+001
3.40000000 6.70000000 4.59377000E+001
3.40000000 6.80000000 4.61072000E+001
3.40000000 6.90000000 4.63537000E+001
3.40000000 7.00000000 4.66976000E+001
3.40000000 7.10000000 4.71617000E+001
3.40000000 7.20000000 4.77712000E+001
3.40000000 7.30000000 4.85537000E+001
3.40000000 7.40000000 4.95392000E+001
3.40000000 7.50000000 5.07601000E+001
3.40000000 7.60000000 5.22512000E+001
3.40000000 7.70000000 5.40497000E+001
3.40000000 7.80000000 5.61952000E+001
3.40000000 7.90000000 5.87297000E+001
3.40000000 8.00000000 6.16976000E+001
3.40000000 8.10000000 6.51457000E+001
3.40000000 8.20000000 6.91232000E+001
3.40000000 8.30000000 7.36817000E+001
3.40000000 8.40000000 7.88752000E+001
3.40000000 8.50000000 8.47601000E+001
3.40000000 8.60000000 9.13952000E+001
3.40000000 8.70000000 9.88417000E+001
3.40000000 8.80000000 1.07163200E+002
3.40000000 8.90000000 1.16425700E+002
3.40000000 9.00000000 1.26697600E+002
3.40000000 9.10000000 1.38049700E+002
3.40000000 9.20000000 1.50555200E+002
3.40000000 9.30000000 1.64289700E+002
3.40000000 9.40000000 1.79331200E+002
3.40000000 9.50000000 1.95760100E+002
3.40000000 9.60000000 2.13659200E+002
3.40000000 9.70000000 2.33113700E+002
3.40000000 9.80000000 2.54211200E+002
3.40000000 9.90000000 2.77041700E+002
3.40000000 10.00000000 3.01697600E+002
3.40000000 10.10000000 3.28273700E+002
3.40000000 10.20000000 3.56867200E+002
3.40000000 10.30000000 3.87577700E+002
3.40000000 10.40000000 4.20507200E+002
3.40000000 10.50000000 4.55760100E+002
3.40000000 10.60000000 4.93443200E+002
3.40000000 10.70000000 5.33665700E+002
3.40000000 10.80000000 5.76539200E+002
3.40000000 10.90000000 6.22177700E+002
3.40000000 11.00000000 6.70697600E+002
3.50000000 1.00000000 6.64062500E+002
3.50000000 1.10000000 6.15542600E+002
3.50000000 1.20000000 5.69904100E+002
3.50000000 1.30000000 5.27030600E+002
3.50000000 1.40000000 4.86808100E+002
3.50000000 1.50000000 4.49125000E+002
3.50000000 1.60000000 4.13872100E+002
3.50000000 1.70000000 3.80942600E+002
3.50000000 1.80000000 3.50232100E+002
3.50000000 1.90000000 3.21638600E+002
3.50000000 2.00000000 2.95062500E+002
3.50000000 2.10000000 2.70406600E+002
3.50000000 2.20000000 2.47576100E+002
3.50000000 2.30000000 2.26478600E+002
3.50000000 2.40000000 2.07024100E+002
3.50000000 2.50000000 1.89125000E+002
3.50000000 2.60000000 1.72696100E+002
3.50000000 2.70000000 1.57654600E+002
3.50000000 2.80000000 1.43920100E+002
3.50000000 2.90000000 1.31414600E+002
3.50000000 3.00000000 1.20062500E+002
3.50000000 3.10000000 1.09790600E+002
3.50000000 3.20000000 1.00528100E+002
3.50000000 3.30000000 9.22066000E+001
3.50000000 3.40000000 8.47601000E+001
3.50000000 3.50000000 7.81250000E+001
3.50000000 3.60000000 7.22401000E+001
3.50000000 3.70000000 6.70466000E+001
3.50000000 3.80000000 6.24881000E+001
3.50000000 3.90000000 5.85106000E+001
3.50000000 4.00000000 5.50625000E+001
3.50000000 4.10000000 5.20946000E+001
3.50000000 4.20000000 4.95601000E+001
3.50000000 4.30000000 4.74146000E+001
3.50000000 4.40000000 4.56161000E+001
3.50000000 4.50000000 4.41250000E+001
3.50000000 4.60000000 4.29041000E+001
3.50000000 4.70000000 4.19186000E+001
3.50000000 4.80000000 4.11361000E+001
3.50000000 4.90000000 4.05266000E+001
3.50000000 5.00000000 4.00625000E+001
3.50000000 5.10000000 3.97186000E+001
3.50000000 5.20000000 3.94721000E+001
3.50000000 5.30000000 3.93026000E+001
3.50000000 5.40000000 3.91921000E+001
3.50000000 5.50000000 3.91250000E+001
3.50000000 5.60000000 3.90881000E+001
3.50000000 5.70000000 3.90706000E+001
3.50000000 5.80000000 3.90641000E+001
3.50000000 5.90000000 3.90626000E+001
3.50000000 6.00000000 3.90625000E+001
3.50000000 6.10000000 3.90626000E+001
3.50000000 6.20000000 3.90641000E+001
3.50000000 6.30000000 3.90706000E+001
3.50000000 6.40000000 3.90881000E+001
3.50000000 6.50000000 3.91250000E+001
3.50000000 6.60000000 3.91921000E+001
3.50000000 6.70000000 3.93026000E+001
3.50000000 6.80000000 3.94721000E+001
3.50000000 6.90000000 3.97186000E+001
3.50000000 7.00000000 4.00625000E+001
3.50000000 7.10000000 4.05266000E+001
3.50000000 7.20000000 4.11361000E+001
3.50000000 7.30000000 4.19186000E+001
3.50000000 7.40000000 4.29041000E+001
3.50000000 7.50000000 4.41250000E+001
3.50000000 7.60000000 4.56161000E+001
3.50000000 7.70000000 4.74146000E+001
3.50000000 7.80000000 4.95601000E+001
3.50000000 7.90000000 5.20946000E+001
3.50000000 8.00000000 5.50625000E+001
3.50000000 8.10000000 5.85106000E+001
3.50000000 8.20000000 6.24881000E+001
3.50000000 8.30000000 6.70466000E+001
3.50000000 8.40000000 7.22401000E+001
3.50000000 8.50000000 7.81250000E+001
3.50000000 8.60000000 8.47601000E+001
3.50000000 8.70000000 9.22066000E+001
3.50000000 8.80000000 1.00528100E+002
3.50000000 8.90000000 1.09790600E+002
3.50000000 9.00000000 1.20062500E+002
3.50000000 9.10000000 1.31414600E+002
3.50000000 9.20000000 1.43920100E+002
3.50000000 9.30000000 1.57654600E+002
3.50000000 9.40000000 1.72696100E+002
3.50000000 9.50000000 1.89125000E+002
3.50000000 9.60000000 2.07024100E+002
3.50000000 9.70000000 2.26478600E+002
3.50000000 9.80000000 2.47576100E+002
3.50000000 9.90000000 2.70406600E+002
3.50000000 10.00000000 2.95062500E+002
3.50000000 10.10000000 3.21638600E+002
3.50000000 10.20000000 3.50232100E+002
3.50000000 10.30000000 3.80942600E+002
3.50000000 10.40000000 4.13872100E+002
3.50000000 10.50000000 4.49125000E+002
3.50000000 10.60000000 4.86808100E+002
3.50000000 10.70000000 5.27030600E+002
3.50000000 10.80000000 5.69904100E+002
3.50000000 10.90000000 6.15542600E+002
3.50000000 11.00000000 6.64062500E+002
3.60000000 1.00000000 6.58177600E+002
3.60000000 1.10000000 6.09657700E+002
3.60000000 1.20000000 5.64019200E+002
3.60000000 1.30000000 5.21145700E+002
3.60000000 1.40000000 4.80923200E+002
3.60000000 1.50000000 4.43240100E+002
3.60000000 1.60000000 4.07987200E+002
3.60000000 1.70000000 3.75057700E+002
3.60000000 1.80000000 3.44347200E+002
3.60000000 1.90000000 3.15753700E+002
3.60000000 2.00000000 2.89177600E+002
3.60000000 2.10000000 2.64521700E+002
3.60000000 2.20000000 2.41691200E+002
3.60000000 2.30000000 2.20593700E+002
3.60000000 2.40000000 2.01139200E+002
3.60000000 2.50000000 1.83240100E+002
3.60000000 2.60000000 1.66811200E+002
3.60000000 2.70000000 1.51769700E+002
3.60000000 2.80000000 1.38035200E+002
3.60000000 2.90000000 1.25529700E+002
3.60000000 3.00000000 1.14177600E+002
3.60000000 3.10000000 1.03905700E+002
3.60000000 3.20000000 9.46432000E+001
3.60000000 3.30000000 8.63217000E+001
3.60000000 3.40000000 7.88752000E+001
3.60000000 3.50000000 7.22401000E+001
3.60000000 3.60000000 6.63552000E+001
3.60000000 3.70000000 6.11617000E+001
3.60000000 3.80000000 5.66032000E+001
3.60000000 3.90000000 5.26257000E+001
3.60000000 4.00000000 4.91776000E+001
3.60000000 4.10000000 4.62097000E+001
3.60000000 4.20000000 4.36752000E+001
3.60000000 4.30000000 4.15297000E+001
3.60000000 4.40000000 3.97312000E+001
3.60000000 4.50000000 3.82401000E+001
3.60000000 4.60000000 3.70192000E+001
3.60000000 4.70000000 3.60337000E+001
3.60000000 4.80000000 3.52512000E+001
3.60000000 4.90000000 3.46417000E+001
3.60000000 5.00000000 3.41776000E+001
3.60000000 5.10000000 3.38337000E+001
3.60000000 5.20000000 3.35872000E+001
3.60000000 5.30000000 3.34177000E+001
3.60000000 5.40000000 3.33072000E+001
3.60000000 5.50000000 3.32401000E+001
3.60000000 5.60000000 3.32032000E+001
3.60000000 5.70000000 3.31857000E+001
3.60000000 5.80000000 3.31792000E+001
3.60000000 5.90000000 3.31777000E+001
3.60000000 6.00000000 3.31776000E+001
3.60000000 6.10000000 3.31777000E+001
3.60000000 6.20000000 3.31792000E+001
3.60000000 6.30000000 3.31857000E+001
3.60000000 6.40000000 3.32032000E+001
3.60000000 6.50000000 3.32401000E+001
3.60000000 6.60000000 3.33072000E+001
3.60000000 6.70000000 3.34177000E+001
3.60000000 6.80000000 3.35872000E+001
3.60000000 6.90000000 3.38337000E+001
3.60000000 7.00000000 3.41776000E+001
3.60000000 7.10000000 3.46417000E+001
3.60000000 7.20000000 3.52512000E+001
3.60000000 7.30000000 3.60337000E+001
3.60000000 7.40000000 3.70192000E+001
3.60000000 7.50000000 3.82401000E+001
3.60000000 7.60000000 3.97312000E+001
3.60000000 7.70000000 4.15297000E+001
3.60000000 7.80000000 4.36752000E+001
3.60000000 7.90000000 4.62097000E+001
3.60000000 8.00000000 4.91776000E+001
3.60000000 8.10000000 5.26257000E+001
3.60000000 8.20000000 5.66032000E+001
3.60000000 8.30000000 6.11617000E+001
3.60000000 8.40000000 6.63552000E+001
3.60000000 8.50000000 7.22401000E+001
3.60000000 8.60000000 7.88752000E+001
3.60000000 8.70000000 8.63217000E+001
3.60000000 8.80000000 9.46432000E+001
3.60000000 8.90000000 1.03905700E+002
3.60000000 9.00000000 1.14177600E+002
3.60000000 9.10000000 1.25529700E+002
3.60000000 9.20000000 1.38035200E+002
3.60000000 9.30000000 1.51769700E+002
3.60000000 9.40000000 1.66811200E+002
3.60000000 9.50000000 1.83240100E+002
3.60000000 9.60000000 2.01139200E+002
3.60000000 9.70000000 2.20593700E+002
3.60000000 9.80000000 2.41691200E+002
3.60000000 9.90000000 2.64521700E+002
3.60000000 10.00000000 2.89177600E+002
3.60000000 10.10000000 3.15753700E+002
3.60000000 10.20000000 3.44347200E+002
3.60000000 10.30000000 3.75057700E+002
3.60000000 10.40000000 4.07987200E+002
3.60000000 10.50000000 4.43240100E+002
3.60000000 10.60000000 4.80923200E+002
3.60000000 10.70000000 5.21145700E+002
3.60000000 10.80000000 5.64019200E+002
3.60000000 10.90000000 6.09657700E+002
3.60000000 11.00000000 6.58177600E+002
3.70000000 1.00000000 6.52984100E+002
3.70000000 1.10000000 6.04464200E+002
3.70000000 1.20000000 5.58825700E+002
3.70000000 1.30000000 5.15952200E+002
3.70000000 1.40000000 4.75729700E+002
3.70000000 1.50000000 4.38046600E+002
3.70000000 1.60000000 4.02793700E+002
3.70000000 1.70000000 3.69864200E+002
3.70000000 1.80000000 3.39153700E+002
3.70000000 1.90000000 3.10560200E+002
3.70000000 2.00000000 2.83984100E+002
3.70000000 2.10000000 2.59328200E+002
3.70000000 2.20000000 2.36497700E+002
3.70000000 2.30000000 2.15400200E+002
3.70000000 2.40000000 1.95945700E+002
3.70000000 2.50000000 1.78046600E+002
3.70000000 2.60000000 1.61617700E+002
3.70000000 2.70000000 1.46576200E+002
3.70000000 2.80000000 1.32841700E+002
3.70000000 2.90000000 1.20336200E+002
3.70000000 3.00000000 1.08984100E+002
3.70000000 3.10000000 9.87122000E+001
3.70000000 3.20000000 8.94497000E+001
3.70000000 3.30000000 8.11282000E+001
3.70000000 3.40000000 7.36817000E+001
3.70000000 3.50000000 6.70466000E+001
3.70000000 3.60000000 6.11617000E+001
3.70000000 3.70000000 5.59682000E+001
3.70000000 3.80000000 5.14097000E+001
3.70000000 3.90000000 4.74322000E+001
3.70000000 4.00000000 4.39841000E+001
3.70000000 4.10000000 4.10162000E+001
3.70000000 4.20000000 3.84817000E+001
3.70000000 4.30000000 3.63362000E+001
3.70000000 4.40000000 3.45377000E+001
3.70000000 4.50000000 3.30466000E+001
3.70000000 4.60000000 3.18257000E+001
3.70000000 4.70000000 3.08402000E+001
3.70000000 4.80000000 3.00577000E+001
3.70000000 4.90000000 2.94482000E+001
3.70000000 5.00000000 2.89841000E+001
3.70000000 5.10000000 2.86402000E+001
3.70000000 5.20000000 2.83937000E+001
3.70000000 5.30000000 2.82242000E+001
3.70000000 5.40000000 2.81137000E+001
3.70000000 5.50000000 2.80466000E+001
3.70000000 5.60000000 2.80097000E+001
3.70000000 5.70000000 2.79922000E+001
3.70000000 5.80000000 2.79857000E+001
3.70000000 5.90000000 2.79842000E+001
3.70000000 6.00000000 2.79841000E+001
3.70000000 6.10000000 2.79842000E+001
3.70000000 6.20000000 2.79857000E+001
3.70000000 6.30000000 2.79922000E+001
3.70000000 6.40000000 2.80097000E+001
3.70000000 6.50000000 2.80466000E+001
3.70000000 6.60000000 2.81137000E+001
3.70000000 6.70000000 2.82242000E+001
3.70000000 6.80000000 2.83937000E+001
3.70000000 6.90000000 2.86402000E+001
3.70000000 7.00000000 2.89841000E+001
3.70000000 7.10000000 2.94482000E+001
3.70000000 7.20000000 3.00577000E+001
3.70000000 7.30000000 3.08402000E+001
3.70000000 7.40000000 3.18257000E+001
3.70000000 7.50000000 3.30466000E+001
3.70000000 7.60000000 3.45377000E+001
3.70000000 7.70000000 3.63362000E+001
3.70000000 7.80000000 3.84817000E+001
3.70000000 7.90000000 4.10162000E+001
3.70000000 8.00000000 4.39841000E+001
3.70000000 8.10000000 4.74322000E+001
3.70000000 8.20000000 5.14097000E+001
3.70000000 8.30000000 5.59682000E+001
3.70000000 8.40000000 6.11617000E+001
3.70000000 8.50000000 6.70466000E+001
3.70000000 8.60000000 7.36817000E+001
3.70000000 8.70000000 8.11282000E+001
3.70000000 8.80000000 8.94497000E+001
3.70000000 8.90000000 9.87122000E+001
3.70000000 9.00000000 1.08984100E+002
3.70000000 9.10000000 1.20336200E+002
3.70000000 9.20000000 1.32841700E+002
3.70000000 9.30000000 1.46576200E+002
3.70000000 9.40000000 1.61617700E+002
3.70000000 9.50000000 1.78046600E+002
3.70000000 9.60000000 1.95945700E+002
3.70000000 9.70000000 2.15400200E+002
3.70000000 9.80000000 2.36497700E+002
3.70000000 9.90000000 2.59328200E+002
3.70000000 10.00000000 2.83984100E+002
3.70000000 10.10000000 3.10560200E+002
3.70000000 10.20000000 3.39153700E+002
3.70000000 10.30000000 3.69864200E+002
3.70000000 10.40000000 4.02793700E+002
3.70000000 10.50000000 4.38046600E+002
3.70000000 10.60000000 4.75729700E+002
3.70000000 10.70000000 5.15952200E+002
3.70000000 10.80000000 5.58825700E+002
3.70000000 10.90000000 6.04464200E+002
3.70000000 11.00000000 6.52984100E+002
3.80000000 1.00000000 6.48425600E+002
3.80000000 1.10000000 5.99905700E+002
3.80000000 1.20000000 5.54267200E+002
3.80000000 1.30000000 5.11393700E+002
3.80000000 1.40000000 4.71171200E+002
3.80000000 1.50000000 4.33488100E+002
3.80000000 1.60000000 3.98235200E+002
3.80000000 1.70000000 3.65305700E+002
3.80000000 1.80000000 3.34595200E+002
3.80000000 1.90000000 3.06001700E+002
3.80000000 2.00000000 2.79425600E+002
3.80000000 2.10000000 2.54769700E+002
3.80000000 2.20000000 2.31939200E+002
3.80000000 2.30000000 2.10841700E+002
3.80000000 2.40000000 1.91387200E+002
3.80000000 2.50000000 1.73488100E+002
3.80000000 2.60000000 1.57059200E+002
3.80000000 2.70000000 1.42017700E+002
3.80000000 2.80000000 1.28283200E+002
3.80000000 2.90000000 1.15777700E+002
3.80000000 3.00000000 1.04425600E+002
3.80000000 3.10000000 9.41537000E+001
3.80000000 3.20000000 8.48912000E+001
3.80000000 3.30000000 7.65697000E+001
3.80000000 3.40000000 6.91232000E+001
3.80000000 3.50000000 6.24881000E+001
3.80000000 3.60000000 5.66032000E+001
3.80000000 3.70000000 5.14097000E+001
3.80000000 3.80000000 4.68512000E+001
3.80000000 3.90000000 4.28737000E+001
3.80000000 4.00000000 3.94256000E+001
3.80000000 4.10000000 3.64577000E+001
3.80000000 4.20000000 3.39232000E+001
3.80000000 4.30000000 3.17777000E+001
3.80000000 4.40000000 2.99792000E+001
3.80000000 4.50000000 2.84881000E+001
3.80000000 4.60000000 2.72672000E+001
3.80000000 4.70000000 2.62817000E+001
3.80000000 4.80000000 2.54992000E+001
3.80000000 4.90000000 2.48897000E+001
3.80000000 5.00000000 2.44256000E+001
3.80000000 5.10000000 2.40817000E+001
3.80000000 5.20000000 2.38352000E+001
3.80000000 5.30000000 2.36657000E+001
3.80000000 5.40000000 2.35552000E+001
3.80000000 5.50000000 2.34881000E+001
3.80000000 5.60000000 2.34512000E+001
3.80000000 5.70000000 2.34337000E+001
3.80000000 5.80000000 2.34272000E+001
3.80000000 5.90000000 2.34257000E+001
3.80000000 6.00000000 2.34256000E+001
3.80000000 6.10000000 2.34257000E+001
3.80000000 6.20000000 2.34272000E+001
3.80000000 6.30000000 2.34337000E+001
3.80000000 6.40000000 2.34512000E+001
3.80000000 6.50000000 2.34881000E+001
3.80000000 6.60000000 2.35552000E+001
3.80000000 6.70000000 2.36657000E+001
3.80000000 6.80000000 2.38352000E+001
3.80000000 6.90000000 2.40817000E+001
3.80000000 7.00000000 2.44256000E+001
3.80000000 7.10000000 2.48897000E+001
3.80000000 7.20000000 2.54992000E+001
3.80000000 7.30000000 2.62817000E+001
3.80000000 7.40000000 2.72672000E+001
3.80000000 7.50000000 2.84881000E+001
3.80000000 7.60000000 2.99792000E+001
3.80000000 7.70000000 3.17777000E+001
3.80000000 7.80000000 3.39232000E+001
3.80000000 7.90000000 3.64577000E+001
3.80000000 8.00000000 3.94256000E+001
3.80000000 8.10000000 4.28737000E+001
3.80000000 8.20000000 4.68512000E+001
3.80000000 8.30000000 5.14097000E+001
3.80000000 8.40000000 5.66032000E+001
3.80000000 8.50000000 6.24881000E+001
3.80000000 8.60000000 6.91232000E+001
3.80000000 8.70000000 7.65697000E+001
3.80000000 8.80000000 8.48912000E+001
3.80000000 8.90000000 9.41537000E+001
3.80000000 9.00000000 1.04425600E+002
3.80000000 9.10000000 1.15777700E+002
3.80000000 9.20000000 1.28283200E+002
3.80000000 9.30000000 1.42017700E+002
3.80000000 9.40000000 1.57059200E+002
3.80000000 9.50000000 1.73488100E+002
3.80000000 9.60000000 1.91387200E+002
3.80000000 9.70000000 2.10841700E+002
3.80000000 9.80000000 2.31939200E+002
3.80000000 9.90000000 2.54769700E+002
3.80000000 10.00000000 2.79425600E+002
3.80000000 10.10000000 3.06001700E+002
3.80000000 10.20000000 3.34595200E+002
3.80000000 10.30000000 3.65305700E+002
3.80000000 10.40000000 3.98235200E+002
3.80000000 10.50000000 4.33488100E+002
3.80000000 10.60000000 4.71171200E+002
3.80000000 10.70000000 5.11393700E+002
3.80000000 10.80000000 5.54267200E+002
3.80000000 10.90000000 5.99905700E+002
3.80000000 11.00000000 6.48425600E+002
3.90000000 1.00000000 6.44448100E+002
3.90000000 1.10000000 5.95928200E+002
3.90000000 1.20000000 5.50289700E+002
3.90000000 1.30000000 5.07416200E+002
3.90000000 1.40000000 4.67193700E+002
3.90000000 1.50000000 4.29510600E+002
3.90000000 1.60000000 3.94257700E+002
3.90000000 1.70000000 3.61328200E+002
3.90000000 1.80000000 3.30617700E+002
3.90000000 1.90000000 3.02024200E+002
3.90000000 2.00000000 2.75448100E+002
3.90000000 2.10000000 2.50792200E+002
3.90000000 2.20000000 2.27961700E+002
3.90000000 2.30000000 2.06864200E+002
3.90000000 2.40000000 1.87409700E+002
3.90000000 2.50000000 1.69510600E+002
3.90000000 2.60000000 1.53081700E+002
3.90000000 2.70000000 1.38040200E+002
3.90000000 2.80000000 1.24305700E+002
3.90000000 2.90000000 1.11800200E+002
3.90000000 3.00000000 1.00448100E+002
3.90000000 3.10000000 9.01762000E+001
3.90000000 3.20000000 8.09137000E+001
3.90000000 3.30000000 7.25922000E+001
3.90000000 3.40000000 6.51457000E+001
3.90000000 3.50000000 5.85106000E+001
3.90000000 3.60000000 5.26257000E+001
3.90000000 3.70000000 4.74322000E+001
3.90000000 3.80000000 4.28737000E+001
3.90000000 3.90000000 3.88962000E+001
3.90000000 4.00000000 3.54481000E+001
3.90000000 4.10000000 3.24802000E+001
3.90000000 4.20000000 2.99457000E+001
3.90000000 4.30000000 2.78002000E+001
3.90000000 4.40000000 2.60017000E+001
3.90000000 4.50000000 2.45106000E+001
3.90000000 4.60000000 2.32897000E+001
3.90000000 4.70000000 2.23042000E+001
3.90000000 4.80000000 2.15217000E+001
3.90000000 4.90000000 2.09122000E+001
3.90000000 5.00000000 2.04481000E+001
3.90000000 5.10000000 2.01042000E+001
3.90000000 5.20000000 1.98577000E+001
3.90000000 5.30000000 1.96882000E+001
3.90000000 5.40000000 1.95777000E+001
3.90000000 5.50000000 1.95106000E+001
3.90000000 5.60000000 1.94737000E+001
3.90000000 5.70000000 1.94562000E+001
3.90000000 5.80000000 1.94497000E+001
3.90000000 5.90000000 1.94482000E+001
3.90000000 6.00000000 1.94481000E+001
3.90000000 6.10000000 1.94482000E+001
3.90000000 6.20000000 1.94497000E+001
3.90000000 6.30000000 1.94562000E+001
3.90000000 6.40000000 1.94737000E+001
3.90000000 6.50000000 1.95106000E+001
3.90000000 6.60000000 1.95777000E+001
3.90000000 6.70000000 1.96882000E+001
3.90000000 6.80000000 1.98577000E+001
3.90000000 6.90000000 2.01042000E+001
3.90000000 7.00000000 2.04481000E+001
3.90000000 7.10000000 2.09122000E+001
3.90000000 7.20000000 2.15217000E+001
3.90000000 7.30000000 2.23042000E+001
3.90000000 7.40000000 2.32897000E+001
3.90000000 7.50000000 2.45106000E+001
3.90000000 7.60000000 2.60017000E+001
3.90000000 7.70000000 2.78002000E+001
3.90000000 7.80000000 2.99457000E+001
3.90000000 7.90000000 3.24802000E+001
3.90000000 8.00000000 3.54481000E+001
3.90000000 8.10000000 3.88962000E+001
3.90000000 8.20000000 4.28737000E+001
3.90000000 8.30000000 4.74322000E+001
3.90000000 8.40000000 5.26257000E+001
3.90000000 8.50000000 5.85106000E+001
3.90000000 8.60000000 6.51457000E+001
3.90000000 8.70000000 7.25922000E+001
3.90000000 8.80000000 8.09137000E+001
3.90000000 8.90000000 9.01762000E+001
3.90000000 9.00000000 1.00448100E+002
3.90000000 9.10000000 1.11800200E+002
3.90000000 9.20000000 1.24305700E+002
3.90000000 9.30000000 1.38040200E+002
3.90000000 9.40000000 1.53081700E+002
3.90000000 9.50000000 1.69510600E+002
3.90000000 9.60000000 1.87409700E+002
3.90000000 9.70000000 2.06864200E+002
3.90000000 9.80000000 2.27961700E+002
3.90000000 9.90000000 2.50792200E+002
3.90000000 10.00000000 2.75448100E+002
3.90000000 10.10000000 3.02024200E+002
3.90000000 10.20000000 3.30617700E+002
3.90000000 10.30000000 3.61328200E+002
3.90000000 10.40000000 3.94257700E+002
3.90000000 10.50000000 4.29510600E+002
3.90000000 10.60000000 4.67193700E+002
3.90000000 10.70000000 5.07416200E+002
3.90000000 10.80000000 5.50289700E+002
3.90000000 10.90000000 5.95928200E+002
3.90000000 11.00000000 6.44448100E+002
4.00000000 1.00000000 6.41000000E+002
4.00000000 1.10000000 5.92480100E+002
4.00000000 1.20000000 5.46841600E+002
4.00000000 1.30000000 5.03968100E+002
4.00000000 1.40000000 4.63745600E+002
4.00000000 1.50000000 4.26062500E+002
4.00000000 1.60000000 3.90809600E+002
4.00000000 1.70000000 3.57880100E+002
4.00000000 1.80000000 3.27169600E+002
4.00000000 1.90000000 2.98576100E+002
4.00000000 2.00000000 2.72000000E+002
4.00000000 2.10000000 2.47344100E+002
4.00000000 2.20000000 2.24513600E+002
4.00000000 2.30000000 2.03416100E+002
4.00000000 2.40000000 1.83961600E+002
4.00000000 2.50000000 1.66062500E+002
4.00000000 2.60000000 1.49633600E+002
4.00000000 2.70000000 1.34592100E+002
4.00000000 2.80000000 1.20857600E+002
4.00000000 2.90000000 1.08352100E+002
4.00000000 3.00000000 9.70000000E+001
4.00000000 3.10000000 8.67281000E+001
4.00000000 3.20000000 7.74656000E+001
4.00000000 3.30000000 6.91441000E+001
4.00000000 3.40000000 6.16976000E+001
4.00000000 3.50000000 5.50625000E+001
4.00000000 3.60000000 4.91776000E+001
4.00000000 3.70000000 4.39841000E+001
4.00000000 3.80000000 3.94256000E+001
4.00000000 3.90000000 3.54481000E+001
4.00000000 4.00000000 3.20000000E+001
4.00000000 4.10000000 2.90321000E+001
4.00000000 4.20000000 2.64976000E+001
4.00000000 4.30000000 2.43521000E+001
4.00000000 4.40000000 2.25536000E+001
4.00000000 4.50000000 2.10625000E+001
4.00000000 4.60000000 1.98416000E+001
4.00000000 4.70000000 1.88561000E+001
4.00000000 4.80000000 1.80736000E+001
4.00000000 4.90000000 1.74641000E+001
4.00000000 5.00000000 1.70000000E+001
4.00000000 5.10000000 1.66561000E+001
4.00000000 5.20000000 1.64096000E+001
4.00000000 5.30000000 1.62401000E+001
4.00000000 5.40000000 1.61296000E+001
4.00000000 5.50000000 1.60625000E+001
4.00000000 5.60000000 1.60256000E+001
4.00000000 5.70000000 1.60081000E+001
4.00000000 5.80000000 1.60016000E+001
4.00000000 5.90000000 1.60001000E+001
4.00000000 6.00000000 1.60000000E+001
4.00000000 6.10000000 1.60001000E+001
4.00000000 6.20000000 1.60016000E+001
4.00000000 6.30000000 1.60081000E+001
4.00000000 6.40000000 1.60256000E+001
4.00000000 6.50000000 1.60625000E+001
4.00000000 6.60000000 1.61296000E+001
4.00000000 6.70000000 1.62401000E+001
4.00000000 6.80000000 1.64096000E+001
4.00000000 6.90000000 1.66561000E+001
4.00000000 7.00000000 1.70000000E+001
4.00000000 7.10000000 1.74641000E+001
4.00000000 7.20000000 1.80736000E+001
4.00000000 7.30000000 1.88561000E+001
4.00000000 7.40000000 1.98416000E+001
4.00000000 7.50000000 2.10625000E+001
4.00000000 7.60000000 2.25536000E+001
4.00000000 7.70000000 2.43521000E+001
4.00000000 7.80000000 2.64976000E+001
4.00000000 7.90000000 2.90321000E+001
4.00000000 8.00000000 3.20000000E+001
4.00000000 8.10000000 3.54481000E+001
4.00000000 8.20000000 3.94256000E+001
4.00000000 8.30000000 4.39841000E+001
4.00000000 8.40000000 4.91776000E+001
4.00000000 8.50000000 5.50625000E+001
4.00000000 8.60000000 6.16976000E+001
4.00000000 8.70000000 6.91441000E+001
4.00000000 8.80000000 7.74656000E+001
4.00000000 8.90000000 8.67281000E+001
4.00000000 9.00000000 9.70000000E+001
4.00000000 9.10000000 1.08352100E+002
4.00000000 9.20000000 1.20857600E+002
4.00000000 9.30000000 1.34592100E+002
4.00000000 9.40000000 1.49633600E+002
4.00000000 9.50000000 1.66062500E+002
4.00000000 9.60000000 1.83961600E+002
4.00000000 9.70000000 2.03416100E+002
4.00000000 9.80000000 2.24513600E+002
4.00000000 9.90000000 2.47344100E+002
4.00000000 10.00000000 2.72000000E+002
4.00000000 10.10000000 2.98576100E+002
4.00000000 10.20000000 3.27169600E+002
4.00000000 10.30000000 3.57880100E+002
4.00000000 10.40000000 3.90809600E+002
4.00000000 10.50000000 4.26062500E+002
4.00000000 10.60000000 4.63745600E+002
4.00000000 10.70000000 5.03968100E+002
4.00000000 10.80000000 5.46841600E+002
4.00000000 10.90000000 5.92480100E+002
4.00000000 11.00000000 6.41000000E+002
4.10000000 1.00000000 6.38032100E+002
4.10000000 1.10000000 5.89512200E+002
4.10000000 1.20000000 5.43873700E+002
4.10000000 1.30000000 5.01000200E+002
4.10000000 1.40000000 4.60777700E+002
4.10000000 1.50000000 4.23094600E+002
4.10000000 1.60000000 3.87841700E+002
4.10000000 1.70000000 3.54912200E+002
4.10000000 1.80000000 3.24201700E+002
4.10000000 1.90000000 2.95608200E+002
4.10000000 2.00000000 2.69032100E+002
4.10000000 2.10000000 2.44376200E+002
4.10000000 2.20000000 2.21545700E+002
4.10000000 2.30000000 2.00448200E+002
4.10000000 2.40000000 1.80993700E+002
4.10000000 2.50000000 1.63094600E+002
4.10000000 2.60000000 1.46665700E+002
4.10000000 2.70000000 1.31624200E+002
4.10000000 2.80000000 1.17889700E+002
4.10000000 2.90000000 1.05384200E+002
4.10000000 3.00000000 9.40321000E+001
4.10000000 3.10000000 8.37602000E+001
4.10000000 3.20000000 7.44977000E+001
4.10000000 3.30000000 6.61762000E+001
4.10000000 3.40000000 5.87297000E+001
4.10000000 3.50000000 5.20946000E+001
4.10000000 3.60000000 4.62097000E+001
4.10000000 3.70000000 4.10162000E+001
4.10000000 3.80000000 3.64577000E+001
4.10000000 3.90000000 3.24802000E+001
4.10000000 4.00000000 2.90321000E+001
4.10000000 4.10000000 2.60642000E+001
4.10000000 4.20000000 2.35297000E+001
4.10000000 4.30000000 2.13842000E+001
4.10000000 4.40000000 1.95857000E+001
4.10000000 4.50000000 1.80946000E+001
4.10000000 4.60000000 1.68737000E+001
4.10000000 4.70000000 1.58882000E+001
4.10000000 4.80000000 1.51057000E+001
4.10000000 4.90000000 1.44962000E+001
4.10000000 5.00000000 1.40321000E+001
4.10000000 5.10000000 1.36882000E+001
4.10000000 5.20000000 1.34417000E+001
4.10000000 5.30000000 1.32722000E+001
4.10000000 5.40000000 1.31617000E+001
4.10000000 5.50000000 1.30946000E+001
4.10000000 5.60000000 1.30577000E+001
4.10000000 5.70000000 1.30402000E+001
4.10000000 5.80000000 1.30337000E+001
4.10000000 5.90000000 1.30322000E+001
4.10000000 6.00000000 1.30321000E+001
4.10000000 6.10000000 1.30322000E+001
4.10000000 6.20000000 1.30337000E+001
4.10000000 6.30000000 1.30402000E+001
4.10000000 6.40000000 1.30577000E+001
4.10000000 6.50000000 1.30946000E+001
4.10000000 6.60000000 1.31617000E+001
4.10000000 6.70000000 1.32722000E+001
4.10000000 6.80000000 1.34417000E+001
4.10000000 6.90000000 1.36882000E+001
4.10000000 7.00000000 1.40321000E+001
4.10000000 7.10000000 1.44962000E+001
4.10000000 7.20000000 1.51057000E+001
4.10000000 7.30000000 1.58882000E+001
4.10000000 7.40000000 1.68737000E+001
4.10000000 7.50000000 1.80946000E+001
4.10000000 7.60000000 1.95857000E+001
4.10000000 7.70000000 2.13842000E+001
4.10000000 7.80000000 2.35297000E+001
4.10000000 7.90000000 2.60642000E+001
4.10000000 8.00000000 2.90321000E+001
4.10000000 8.10000000 3.24802000E+001
4.10000000 8.20000000 3.64577000E+001
4.10000000 8.30000000 4.10162000E+001
4.10000000 8.40000000 4.62097000E+001
4.10000000 8.50000000 5.20946000E+001
4.10000000 8.60000000 5.87297000E+001
4.10000000 8.70000000 6.61762000E+001
4.10000000 8.80000000 7.44977000E+001
4.10000000 8.90000000 8.37602000E+001
4.10000000 9.00000000 9.40321000E+001
4.10000000 9.10000000 1.05384200E+002
4.10000000 9.20000000 1.17889700E+002
4.10000000 9.30000000 1.31624200E+002
4.10000000 9.40000000 1.46665700E+002
4.10000000 9.50000000 1.63094600E+002
4.10000000 9.60000000 1.80993700E+002
4.10000000 9.70000000 2.00448200E+002
4.10000000 9.80000000 2.21545700E+002
4.10000000 9.90000000 2.44376200E+002
4.10000000 10.00000000 2.69032100E+002
4.10000000 10.10000000 2.95608200E+002
4.10000000 10.20000000 3.24201700E+002
4.10000000 10.30000000 3.54912200E+002
4.10000000 10.40000000 3.87841700E+002
4.10000000 10.50000000 4.23094600E+002
4.10000000 10.60000000 4.60777700E+002
4.10000000 10.70000000 5.01000200E+002
4.10000000 10.80000000 5.43873700E+002
4.10000000 10.90000000 5.89512200E+002
4.10000000 11.00000000 6.38032100E+002
4.20000000 1.00000000 6.35497600E+002
4.20000000 1.10000000 5.86977700E+002
4.20000000 1.20000000 5.41339200E+002
4.20000000 1.30000000 4.98465700E+002
4.20000000 1.40000000 4.58243200E+002
4.20000000 1.50000000 4.20560100E+002
4.20000000 1.60000000 3.85307200E+002
4.20000000 1.70000000 3.52377700E+002
4.20000000 1.80000000 3.21667200E+002
4.20000000 1.90000000 2.93073700E+002
4.20000000 2.00000000 2.66497600E+002
4.20000000 2.10000000 2.41841700E+002
4.20000000 2.20000000 2.19011200E+002
4.20000000 2.30000000 1.97913700E+002
4.20000000 2.40000000 1.78459200E+002
4.20000000 2.50000000 1.60560100E+002
4.20000000 2.60000000 1.44131200E+002
4.20000000 2.70000000 1.29089700E+002
4.20000000 2.80000000 1.15355200E+002
4.20000000 2.90000000 1.02849700E+002
4.20000000 3.00000000 9.14976000E+001
4.20000000 3.10000000 8.12257000E+001
4.20000000 3.20000000 7.19632000E+001
4.20000000 3.30000000 6.36417000E+001
4.20000000 3.40000000 5.61952000E+001
4.20000000 3.50000000 4.95601000E+001
4.20000000 3.60000000 4.36752000E+001
4.20000000 3.70000000 3.84817000E+001
4.20000000 3.80000000 3.39232000E+001
4.20000000 3.90000000 2.99457000E+001
4.20000000 4.00000000 2.64976000E+001
4.20000000 4.10000000 2.35297000E+001
4.20000000 4.20000000 2.09952000E+001
4.20000000 4.30000000 1.88497000E+001
4.20000000 4.40000000 1.70512000E+001
4.20000000 4.50000000 1.55601000E+001
4.20000000 4.60000000 1.43392000E+001
4.20000000 4.70000000 1.33537000E+001
4.20000000 4.80000000 1.25712000E+001
4.20000000 4.90000000 1.19617000E+001
4.20000000 5.00000000 1.14976000E+001
4.20000000 5.10000000 1.11537000E+001
4.20000000 5.20000000 1.09072000E+001
4.20000000 5.30000000 1.07377000E+001
4.20000000 5.40000000 1.06272000E+001
4.20000000 5.50000000 1.05601000E+001
4.20000000 5.60000000 1.05232000E+001
4.20000000 5.70000000 1.05057000E+001
4.20000000 5.80000000 1.04992000E+001
4.20000000 5.90000000 1.04977000E+001
4.20000000 6.00000000 1.04976000E+001
4.20000000 6.10000000 1.04977000E+001
4.20000000 6.20000000 1.04992000E+001
4.20000000 6.30000000 1.05057000E+001
4.20000000 6.40000000 1.05232000E+001
4.20000000 6.50000000 1.05601000E+001
4.20000000 6.60000000 1.06272000E+001
4.20000000 6.70000000 1.07377000E+001
4.20000000 6.80000000 1.09072000E+001
4.20000000 6.90000000 1.11537000E+001
4.20000000 7.00000000 1.14976000E+001
4.20000000 7.10000000 1.19617000E+001
4.20000000 7.20000000 1.25712000E+001
4.20000000 7.30000000 1.33537000E+001
4.20000000 7.40000000 1.43392000E+001
4.20000000 7.50000000 1.55601000E+001
4.20000000 7.60000000 1.70512000E+001
4.20000000 7.70000000 1.88497000E+001
4.20000000 7.80000000 2.09952000E+001
4.20000000 7.90000000 2.35297000E+001
4.20000000 8.00000000 2.64976000E+001
4.20000000 8.10000000 2.99457000E+001
4.20000000 8.20000000 3.39232000E+001
4.20000000 8.30000000 3.84817000E+001
4.20000000 8.40000000 4.36752000E+001
4.20000000 8.50000000 4.95601000E+001
4.20000000 8.60000000 5.61952000E+001
4.20000000 8.70000000 6.36417000E+001
4.20000000 8.80000000 7.19632000E+001
4.20000000 8.90000000 8.12257000E+001
4.20000000 9.00000000 9.14976000E+001
4.20000000 9.10000000 1.02849700E+002
4.20000000 9.20000000 1.15355200E+002
4.20000000 9.30000000 1.29089700E+002
4.20000000 9.40000000 1.44131200E+002
4.20000000 9.50000000 1.60560100E+002
4.20000000 9.60000000 1.78459200E+002
4.20000000 9.70000000 1.97913700E+002
4.20000000 9.80000000 2.19011200E+002
4.20000000 9.90000000 2.41841700E+002
4.20000000 10.00000000 2.66497600E+002
4.20000000 10.10000000 2.93073700E+002
4.20000000 10.20000000 3.21667200E+002
4.20000000 10.30000000 3.52377700E+002
4.20000000 10.40000000 3.85307200E+002
4.20000000 10.50000000 4.20560100E+002
4.20000000 10.60000000 4.58243200E+002
4.20000000 10.70000000 4.98465700E+002
4.20000000 10.80000000 5.41339200E+002
4.20000000 10.90000000 5.86977700E+002
4.20000000 11.00000000 6.35497600E+002
4.30000000 1.00000000 6.33352100E+002
4.30000000 1.10000000 5.84832200E+002
4.30000000 1.20000000 5.39193700E+002
4.30000000 1.30000000 4.96320200E+002
4.30000000 1.40000000 4.56097700E+002
4.30000000 1.50000000 4.18414600E+002
4.30000000 1.60000000 3.83161700E+002
4.30000000 1.70000000 3.50232200E+002
4.30000000 1.80000000 3.19521700E+002
4.30000000 1.90000000 2.90928200E+002
4.30000000 2.00000000 2.64352100E+002
4.30000000 2.10000000 2.39696200E+002
4.30000000 2.20000000 2.16865700E+002
4.30000000 2.30000000 1.95768200E+002
4.30000000 2.40000000 1.76313700E+002
4.30000000 2.50000000 1.58414600E+002
4.30000000 2.60000000 1.41985700E+002
4.30000000 2.70000000 1.26944200E+002
4.30000000 2.80000000 1.13209700E+002
4.30000000 2.90000000 1.00704200E+002
4.30000000 3.00000000 8.93521000E+001
4.30000000 3.10000000 7.90802000E+001
4.30000000 3.20000000 6.98177000E+001
4.30000000 3.30000000 6.14962000E+001
4.30000000 3.40000000 5.40497000E+001
4.30000000 3.50000000 4.74146000E+001
4.30000000 3.60000000 4.15297000E+001
4.30000000 3.70000000 3.63362000E+001
4.30000000 3.80000000 3.17777000E+001
4.30000000 3.90000000 2.78002000E+001
4.30000000 4.00000000 2.43521000E+001
4.30000000 4.10000000 2.13842000E+001
4.30000000 4.20000000 1.88497000E+001
4.30000000 4.30000000 1.67042000E+001
4.30000000 4.40000000 1.49057000E+001
4.30000000 4.50000000 1.34146000E+001
4.30000000 4.60000000 1.21937000E+001
4.30000000 4.70000000 1.12082000E+001
4.30000000 4.80000000 1.04257000E+001
4.30000000 4.90000000 9.81620000E+000
4.30000000 5.00000000 9.35210000E+000
4.30000000 5.10000000 9.00820000E+000
4.30000000 5.20000000 8.76170000E+000
4.30000000 5.30000000 8.59220000E+000
4.30000000 5.40000000 8.48170000E+000
4.30000000 5.50000000 8.41460000E+000
4.30000000 5.60000000 8.37770000E+000
4.30000000 5.70000000 8.36020000E+000
4.30000000 5.80000000 8.35370000E+000
4.30000000 5.90000000 8.35220000E+000
4.30000000 6.00000000 8.35210000E+000
4.30000000 6.10000000 8.35220000E+000
4.30000000 6.20000000 8.35370000E+000
4.30000000 6.30000000 8.36020000E+000
4.30000000 6.40000000 8.37770000E+000
4.30000000 6.50000000 8.41460000E+000
4.30000000 6.60000000 8.48170000E+000
4.30000000 6.70000000 8.59220000E+000
4.30000000 6.80000000 8.76170000E+000
4.30000000 6.90000000 9.00820000E+000
4.30000000 7.00000000 9.35210000E+000
4.30000000 7.10000000 9.81620000E+000
4.30000000 7.20000000 1.04257000E+001
4.30000000 7.30000000 1.12082000E+001
4.30000000 7.40000000 1.21937000E+001
4.30000000 7.50000000 1.34146000E+001
4.30000000 7.60000000 1.49057000E+001
4.30000000 7.70000000 1.67042000E+001
4.30000000 7.80000000 1.88497000E+001
4.30000000 7.90000000 2.13842000E+001
4.30000000 8.00000000 2.43521000E+001
4.30000000 8.10000000 2.78002000E+001
4.30000000 8.20000000 3.17777000E+001
4.30000000 8.30000000 3.63362000E+001
4.30000000 8.40000000 4.15297000E+001
4.30000000 8.50000000 4.74146000E+001
4.30000000 8.60000000 5.40497000E+001
4.30000000 8.70000000 6.14962000E+001
4.30000000 8.80000000 6.98177000E+001
4.30000000 8.90000000 7.90802000E+001
4.30000000 9.00000000 8.93521000E+001
4.30000000 9.10000000 1.00704200E+002
4.30000000 9.20000000 1.13209700E+002
4.30000000 9.30000000 1.26944200E+002
4.30000000 9.40000000 1.41985700E+002
4.30000000 9.50000000 1.58414600E+002
4.30000000 9.60000000 1.76313700E+002
4.30000000 9.70000000 1.95768200E+002
4.30000000 9.80000000 2.16865700E+002
4.30000000 9.90000000 2.39696200E+002
4.30000000 10.00000000 2.64352100E+002
4.30000000 10.10000000 2.90928200E+002
4.30000000 10.20000000 3.19521700E+002
4.30000000 10.30000000 3.50232200E+002
4.30000000 10.40000000 3.83161700E+002
4.30000000 10.50000000 4.18414600E+002
4.30000000 10.60000000 4.56097700E+002
4.30000000 10.70000000 4.96320200E+002
4.30000000 10.80000000 5.39193700E+002
4.30000000 10.90000000 5.84832200E+002
4.30000000 11.00000000 6.33352100E+002
4.40000000 1.00000000 6.31553600E+002
4.40000000 1.10000000 5.83033700E+002
4.40000000 1.20000000 5.37395200E+002
4.40000000 1.30000000 4.94521700E+002
4.40000000 1.40000000 4.54299200E+002
4.40000000 1.50000000 4.16616100E+002
4.40000000 1.60000000 3.81363200E+002
4.40000000 1.70000000 3.48433700E+002
4.40000000 1.80000000 3.17723200E+002
4.40000000 1.90000000 2.89129700E+002
4.40000000 2.00000000 2.62553600E+002
4.40000000 2.10000000 2.37897700E+002
4.40000000 2.20000000 2.15067200E+002
4.40000000 2.30000000 1.93969700E+002
4.40000000 2.40000000 1.74515200E+002
4.40000000 2.50000000 1.56616100E+002
4.40000000 2.60000000 1.40187200E+002
4.40000000 2.70000000 1.25145700E+002
4.40000000 2.80000000 1.11411200E+002
4.40000000 2.90000000 9.89057000E+001
4.40000000 3.00000000 8.75536000E+001
4.40000000 3.10000000 7.72817000E+001
4.40000000 3.20000000 6.80192000E+001
4.40000000 3.30000000 5.96977000E+001
4.40000000 3.40000000 5.22512000E+001
4.40000000 3.50000000 4.56161000E+001
4.40000000 3.60000000 3.97312000E+001
4.40000000 3.70000000 3.45377000E+001
4.40000000 3.80000000 2.99792000E+001
4.40000000 3.90000000 2.60017000E+001
4.40000000 4.00000000 2.25536000E+001
4.40000000 4.10000000 1.95857000E+001
4.40000000 4.20000000 1.70512000E+001
4.40000000 4.30000000 1.49057000E+001
4.40000000 4.40000000 1.31072000E+001
4.40000000 4.50000000 1.16161000E+001
4.40000000 4.60000000 1.03952000E+001
4.40000000 4.70000000 9.40970000E+000
4.40000000 4.80000000 8.62720000E+000
4.40000000 4.90000000 8.01770000E+000
4.40000000 5.00000000 7.55360000E+000
4.40000000 5.10000000 7.20970000E+000
4.40000000 5.20000000 6.96320000E+000
4.40000000 5.30000000 6.79370000E+000
4.40000000 5.40000000 6.68320000E+000
4.40000000 5.50000000 6.61610000E+000
4.40000000 5.60000000 6.57920000E+000
4.40000000 5.70000000 6.56170000E+000
4.40000000 5.80000000 6.55520000E+000
4.40000000 5.90000000 6.55370000E+000
4.40000000 6.00000000 6.55360000E+000
4.40000000 6.10000000 6.55370000E+000
4.40000000 6.20000000 6.55520000E+000
4.40000000 6.30000000 6.56170000E+000
4.40000000 6.40000000 6.57920000E+000
4.40000000 6.50000000 6.61610000E+000
4.40000000 6.60000000 6.68320000E+000
4.40000000 6.70000000 6.79370000E+000
4.40000000 6.80000000 6.96320000E+000
4.40000000 6.90000000 7.20970000E+000
4.40000000 7.00000000 7.55360000E+000
4.40000000 7.10000000 8.01770000E+000
4.40000000 7.20000000 8.62720000E+000
4.40000000 7.30000000 9.40970000E+000
4.40000000 7.40000000 1.03952000E+001
4.40000000 7.50000000 1.16161000E+001
4.40000000 7.60000000 1.31072000E+001
4.40000000 7.70000000 1.49057000E+001
4.40000000 7.80000000 1.70512000E+001
4.40000000 7.90000000 1.95857000E+001
4.40000000 8.00000000 2.25536000E+001
4.40000000 8.10000000 2.60017000E+001
4.40000000 8.20000000 2.99792000E+001
4.40000000 8.30000000 3.45377000E+001
4.40000000 8.40000000 3.97312000E+001
4.40000000 8.50000000 4.56161000E+001
4.40000000 8.60000000 5.22512000E+001
4.40000000 8.70000000 5.96977000E+001
4.40000000 8.80000000 6.80192000E+001
4.40000000 8.90000000 7.72817000E+001
4.40000000 9.00000000 8.75536000E+001
4.40000000 9.10000000 9.89057000E+001
4.40000000 9.20000000 1.11411200E+002
4.40000000 9.30000000 1.25145700E+002
4.40000000 9.40000000 1.40187200E+002
4.40000000 9.50000000 1.56616100E+002
4.40000000 9.60000000 1.74515200E+002
4.40000000 9.70000000 1.93969700E+002
4.40000000 9.80000000 2.15067200E+002
4.40000000 9.90000000 2.37897700E+002
4.40000000 10.00000000 2.62553600E+002
4.40000000 10.10000000 2.89129700E+002
4.40000000 10.20000000 3.17723200E+002
4.40000000 10.30000000 3.48433700E+002
4.40000000 10.40000000 3.81363200E+002
4.40000000 10.50000000 4.16616100E+002
4.40000000 10.60000000 4.54299200E+002
4.40000000 10.70000000 4.94521700E+002
4.40000000 10.80000000 5.37395200E+002
4.40000000 10.90000000 5.83033700E+002
4.40000000 11.00000000 6.31553600E+002
4.50000000 1.00000000 6.30062500E+002
4.50000000 1.10000000 5.81542600E+002
4.50000000 1.20000000 5.35904100E+002
4.50000000 1.30000000 4.93030600E+002
4.50000000 1.40000000 4.52808100E+002
4.50000000 1.50000000 4.15125000E+002
4.50000000 1.60000000 3.79872100E+002
4.50000000 1.70000000 3.46942600E+002
4.50000000 1.80000000 3.16232100E+002
4.50000000 1.90000000 2.87638600E+002
4.50000000 2.00000000 2.61062500E+002
4.50000000 2.10000000 2.36406600E+002
4.50000000 2.20000000 2.13576100E+002
4.50000000 2.30000000 1.92478600E+002
4.50000000 2.40000000 1.73024100E+002
4.50000000 2.50000000 1.55125000E+002
4.50000000 2.60000000 1.38696100E+002
4.50000000 2.70000000 1.23654600E+002
4.50000000 2.80000000 1.09920100E+002
4.50000000 2.90000000 9.74146000E+001
4.50000000 3.00000000 8.60625000E+001
4.50000000 3.10000000 7.57906000E+001
4.50000000 3.20000000 6.65281000E+001
4.50000000 3.30000000 5.82066000E+001
4.50000000 3.40000000 5.07601000E+001
4.50000000 3.50000000 4.41250000E+001
4.50000000 3.60000000 3.82401000E+001
4.50000000 3.70000000 3.30466000E+001
4.50000000 3.80000000 2.84881000E+001
4.50000000 3.90000000 2.45106000E+001
4.50000000 4.00000000 2.10625000E+001
4.50000000 4.10000000 1.80946000E+001
4.50000000 4.20000000 1.55601000E+001
4.50000000 4.30000000 1.34146000E+001
4.50000000 4.40000000 1.16161000E+001
4.50000000 4.50000000 1.01250000E+001
4.50000000 4.60000000 8.90410000E+000
4.50000000 4.70000000 7.91860000E+000
4.50000000 4.80000000 7.13610000E+000
4.50000000 4.90000000 6.52660000E+000
4.50000000 5.00000000 6.06250000E+000
4.50000000 5.10000000 5.71860000E+000
4.50000000 5.20000000 5.47210000E+000
4.50000000 5.30000000 5.30260000E+000
4.50000000 5.40000000 5.19210000E+000
4.50000000 5.50000000 5.12500000E+000
4.50000000 5.60000000 5.08810000E+000
4.50000000 5.70000000 5.07060000E+000
4.50000000 5.80000000 5.06410000E+000
4.50000000 5.90000000 5.06260000E+000
4.50000000 6.00000000 5.06250000E+000
4.50000000 6.10000000 5.06260000E+000
4.50000000 6.20000000 5.06410000E+000
4.50000000 6.30000000 5.07060000E+000
4.50000000 6.40000000 5.08810000E+000
4.50000000 6.50000000 5.12500000E+000
4.50000000 6.60000000 5.19210000E+000
4.50000000 6.70000000 5.30260000E+000
4.50000000 6.80000000 5.47210000E+000
4.50000000 6.90000000 5.71860000E+000
4.50000000 7.00000000 6.06250000E+000
4.50000000 7.10000000 6.52660000E+000
4.50000000 7.20000000 7.13610000E+000
4.50000000 7.30000000 7.91860000E+000
4.50000000 7.40000000 8.90410000E+000
4.50000000 7.50000000 1.01250000E+001
4.50000000 7.60000000 1.16161000E+001
4.50000000 7.70000000 1.34146000E+001
4.50000000 7.80000000 1.55601000E+001
4.50000000 7.90000000 1.80946000E+001
4.50000000 8.00000000 2.10625000E+001
4.50000000 8.10000000 2.45106000E+001
4.50000000 8.20000000 2.84881000E+001
4.50000000 8.30000000 3.30466000E+001
4.50000000 8.40000000 3.82401000E+001
4.50000000 8.50000000 4.41250000E+001
4.50000000 8.60000000 5.07601000E+001
4.50000000 8.70000000 5.82066000E+001
4.50000000 8.80000000 6.65281000E+001
4.50000000 8.90000000 7.57906000E+001
4.50000000 9.00000000 8.60625000E+001
4.50000000 9.10000000 9.74146000E+001
4.50000000 9.20000000 1.09920100E+002
4.50000000 9.30000000 1.23654600E+002
4.50000000 9.40000000 1.38696100E+002
4.50000000 9.50000000 1.55125000E+002
4.50000000 9.60000000 1.73024100E+002
4.50000000 9.70000000 1.92478600E+002
4.50000000 9.80000000 2.13576100E+002
4.50000000 9.90000000 2.36406600E+002
4.50000000 10.00000000 2.61062500E+002
4.50000000 10.10000000 2.87638600E+002
4.50000000 10.20000000 3.16232100E+002
4.50000000 10.30000000 3.46942600E+002
4.50000000 10.40000000 3.79872100E+002
4.50000000 10.50000000 4.15125000E+002
4.50000000 10.60000000 4.52808100E+002
4.50000000 10.70000000 4.93030600E+002
4.50000000 10.80000000 5.35904100E+002
4.50000000 10.90000000 5.81542600E+002
4.50000000 11.00000000 6.30062500E+002
4.60000000 1.00000000 6.28841600E+002
4.60000000 1.10000000 5.80321700E+002
4.60000000 1.20000000 5.34683200E+002
4.60000000 1.30000000 4.91809700E+002
4.60000000 1.40000000 4.51587200E+002
4.60000000 1.50000000 4.13904100E+002
4.60000000 1.60000000 3.78651200E+002
4.60000000 1.70000000 3.45721700E+002
4.60000000 1.80000000 3.15011200E+002
4.60000000 1.90000000 2.86417700E+002
4.60000000 2.00000000 2.59841600E+002
4.60000000 2.10000000 2.35185700E+002
4.60000000 2.20000000 2.12355200E+002
4.60000000 2.30000000 1.91257700E+002
4.60000000 2.40000000 1.71803200E+002
4.60000000 2.50000000 1.53904100E+002
4.60000000 2.60000000 1.37475200E+002
4.60000000 2.70000000 1.22433700E+002
4.60000000 2.80000000 1.08699200E+002
4.60000000 2.90000000 9.61937000E+001
4.60000000 3.00000000 8.48416000E+001
4.60000000 3.10000000 7.45697000E+001
4.60000000 3.20000000 6.53072000E+001
4.60000000 3.30000000 5.69857000E+001
4.60000000 3.40000000 4.95392000E+001
4.60000000 3.50000000 4.29041000E+001
4.60000000 3.60000000 3.70192000E+001
4.60000000 3.70000000 3.18257000E+001
4.60000000 3.80000000 2.72672000E+001
4.60000000 3.90000000 2.32897000E+001
4.60000000 4.00000000 1.98416000E+001
4.60000000 4.10000000 1.68737000E+001
4.60000000 4.20000000 1.43392000E+001
4.60000000 4.30000000 1.21937000E+001
4.60000000 4.40000000 1.03952000E+001
4.60000000 4.50000000 8.90410000E+000
4.60000000 4.60000000 7.68320000E+000
4.60000000 4.70000000 6.69770000E+000
4.60000000 4.80000000 5.91520000E+000
4.60000000 4.90000000 5.30570000E+000
4.60000000 5.00000000 4.84160000E+000
4.60000000 5.10000000 4.49770000E+000
4.60000000 5.20000000 4.25120000E+000
4.60000000 5.30000000 4.08170000E+000
4.60000000 5.40000000 3.97120000E+000
4.60000000 5.50000000 3.90410000E+000
4.60000000 5.60000000 3.86720000E+000
4.60000000 5.70000000 3.84970000E+000
4.60000000 5.80000000 3.84320000E+000
4.60000000 5.90000000 3.84170000E+000
4.60000000 6.00000000 3.84160000E+000
4.60000000 6.10000000 3.84170000E+000
4.60000000 6.20000000 3.84320000E+000
4.60000000 6.30000000 3.84970000E+000
4.60000000 6.40000000 3.86720000E+000
4.60000000 6.50000000 3.90410000E+000
4.60000000 6.60000000 3.97120000E+000
4.60000000 6.70000000 4.08170000E+000
4.60000000 6.80000000 4.25120000E+000
4.60000000 6.90000000 4.49770000E+000
4.60000000 7.00000000 4.84160000E+000
4.60000000 7.10000000 5.30570000E+000
4.60000000 7.20000000 5.91520000E+000
4.60000000 7.30000000 6.69770000E+000
4.60000000 7.40000000 7.68320000E+000
4.60000000 7.50000000 8.90410000E+000
4.60000000 7.60000000 1.03952000E+001
4.60000000 7.70000000 1.21937000E+001
4.60000000 7.80000000 1.43392000E+001
4.60000000 7.90000000 1.68737000E+001
4.60000000 8.00000000 1.98416000E+001
4.60000000 8.10000000 2.32897000E+001
4.60000000 8.20000000 2.72672000E+001
4.60000000 8.30000000 3.18257000E+001
4.60000000 8.40000000 3.70192000E+001
4.60000000 8.50000000 4.29041000E+001
4.60000000 8.60000000 4.95392000E+001
4.60000000 8.70000000 5.69857000E+001
4.60000000 8.80000000 6.53072000E+001
4.60000000 8.90000000 7.45697000E+001
4.60000000 9.00000000 8.48416000E+001
4.60000000 9.10000000 9.61937000E+001
4.60000000 9.20000000 1.08699200E+002
4.60000000 9.30000000 1.22433700E+002
4.60000000 9.40000000 1.37475200E+002
4.60000000 9.50000000 1.53904100E+002
4.60000000 9.60000000 1.71803200E+002
4.60000000 9.70000000 1.91257700E+002
4.60000000 9.80000000 2.12355200E+002
4.60000000 9.90000000 2.35185700E+002
4.60000000 10.00000000 2.59841600E+002
4.60000000 10.10000000 2.86417700E+002
4.60000000 10.20000000 3.15011200E+002
4.60000000 10.30000000 3.45721700E+002
4.60000000 10.40000000 3.78651200E+002
4.60000000 10.50000000 4.13904100E+002
4.60000000 10.60000000 4.51587200E+002
4.60000000 10.70000000 4.91809700E+002
4.60000000 10.80000000 5.34683200E+002
4.60000000 10.90000000 5.80321700E+002
4.60000000 11.00000000 6.28841600E+002
4.70000000 1.00000000 6.27856100E+002
4.70000000 1.10000000 5.79336200E+002
4.70000000 1.20000000 5.33697700E+002
4.70000000 1.30000000 4.90824200E+002
4.70000000 1.40000000 4.50601700E+002
4.70000000 1.50000000 4.12918600E+002
4.70000000 1.60000000 3.77665700E+002
4.70000000 1.70000000 3.44736200E+002
4.70000000 1.80000000 3.14025700E+002
4.70000000 1.90000000 2.85432200E+002
4.70000000 2.00000000 2.58856100E+002
4.70000000 2.10000000 2.34200200E+002
4.70000000 2.20000000 2.11369700E+002
4.70000000 2.30000000 1.90272200E+002
4.70000000 2.40000000 1.70817700E+002
4.70000000 2.50000000 1.52918600E+002
4.70000000 2.60000000 1.36489700E+002
4.70000000 2.70000000 1.21448200E+002
4.70000000 2.80000000 1.07713700E+002
4.70000000 2.90000000 9.52082000E+001
4.70000000 3.00000000 8.38561000E+001
4.70000000 3.10000000 7.35842000E+001
4.70000000 3.20000000 6.43217000E+001
4.70000000 3.30000000 5.60002000E+001
4.70000000 3.40000000 4.85537000E+001
4.70000000 3.50000000 4.19186000E+001
4.70000000 3.60000000 3.60337000E+001
4.70000000 3.70000000 3.08402000E+001
4.70000000 3.80000000 2.62817000E+001
4.70000000 3.90000000 2.23042000E+001
4.70000000 4.00000000 1.88561000E+001
4.70000000 4.10000000 1.58882000E+001
4.70000000 4.20000000 1.33537000E+001
4.70000000 4.30000000 1.12082000E+001
4.70000000 4.40000000 9.40970000E+000
4.70000000 4.50000000 7.91860000E+000
4.70000000 4.60000000 6.69770000E+000
4.70000000 4.70000000 5.71220000E+000
4.70000000 4.80000000 4.92970000E+000
4.70000000 4.90000000 4.32020000E+000
4.70000000 5.00000000 3.85610000E+000
4.70000000 5.10000000 3.51220000E+000
4.70000000 5.20000000 3.26570000E+000
4.70000000 5.30000000 3.09620000E+000
4.70000000 5.40000000 2.98570000E+000
4.70000000 5.50000000 2.91860000E+000
4.70000000 5.60000000 2.88170000E+000
4.70000000 5.70000000 2.86420000E+000
4.70000000 5.80000000 2.85770000E+000
4.70000000 5.90000000 2.85620000E+000
4.70000000 6.00000000 2.85610000E+000
4.70000000 6.10000000 2.85620000E+000
4.70000000 6.20000000 2.85770000E+000
4.70000000 6.30000000 2.86420000E+000
4.70000000 6.40000000 2.88170000E+000
4.70000000 6.50000000 2.91860000E+000
4.70000000 6.60000000 2.98570000E+000
4.70000000 6.70000000 3.09620000E+000
4.70000000 6.80000000 3.26570000E+000
4.70000000 6.90000000 3.51220000E+000
4.70000000 7.00000000 3.85610000E+000
4.70000000 7.10000000 4.32020000E+000
4.70000000 7.20000000 4.92970000E+000
4.70000000 7.30000000 5.71220000E+000
4.70000000 7.40000000 6.69770000E+000
4.70000000 7.50000000 7.91860000E+000
4.70000000 7.60000000 9.40970000E+000
4.70000000 7.70000000 1.12082000E+001
4.70000000 7.80000000 1.33537000E+001
4.70000000 7.90000000 1.58882000E+001
4.70000000 8.00000000 1.88561000E+001
4.70000000 8.10000000 2.23042000E+001
4.70000000 8.20000000 2.62817000E+001
4.70000000 8.30000000 3.08402000E+001
4.70000000 8.40000000 3.60337000E+001
4.70000000 8.50000000 4.19186000E+001
4.70000000 8.60000000 4.85537000E+001
4.70000000 8.70000000 5.60002000E+001
4.70000000 8.80000000 6.43217000E+001
4.70000000 8.90000000 7.35842000E+001
4.70000000 9.00000000 8.38561000E+001
4.70000000 9.10000000 9.52082000E+001
4.70000000 9.20000000 1.07713700E+002
4.70000000 9.30000000 1.21448200E+002
4.70000000 9.40000000 1.36489700E+002
4.70000000 9.50000000 1.52918600E+002
4.70000000 9.60000000 1.70817700E+002
4.70000000 9.70000000 1.90272200E+002
4.70000000 9.80000000 2.11369700E+002
4.70000000 9.90000000 2.34200200E+002
4.70000000 10.00000000 2.58856100E+002
4.70000000 10.10000000 2.85432200E+002
4.70000000 10.20000000 3.14025700E+002
4.70000000 10.30000000 3.44736200E+002
4.70000000 10.40000000 3.77665700E+002
4.70000000 10.50000000 4.12918600E+002
4.70000000 10.60000000 4.50601700E+002
4.70000000 10.70000000 4.90824200E+002
4.70000000 10.80000000 5.33697700E+002
4.70000000 10.90000000 5.79336200E+002
4.70000000 11.00000000 6.27856100E+002
4.80000000 1.00000000 6.27073600E+002
4.80000000 1.10000000 5.78553700E+002
4.80000000 1.20000000 5.32915200E+002
4.80000000 1.30000000 4.90041700E+002
4.80000000 1.40000000 4.49819200E+002
4.80000000 1.50000000 4.12136100E+002
4.80000000 1.60000000 3.76883200E+002
4.80000000 1.70000000 3.43953700E+002
4.80000000 1.80000000 3.13243200E+002
4.80000000 1.90000000 2.84649700E+002
4.80000000 2.00000000 2.58073600E+002
4.80000000 2.10000000 2.33417700E+002
4.80000000 2.20000000 2.10587200E+002
4.80000000 2.30000000 1.89489700E+002
4.80000000 2.40000000 1.70035200E+002
4.80000000 2.50000000 1.52136100E+002
4.80000000 2.60000000 1.35707200E+002
4.80000000 2.70000000 1.20665700E+002
4.80000000 2.80000000 1.06931200E+002
4.80000000 2.90000000 9.44257000E+001
4.80000000 3.00000000 8.30736000E+001
4.80000000 3.10000000 7.28017000E+001
4.80000000 3.20000000 6.35392000E+001
4.80000000 3.30000000 5.52177000E+001
4.80000000 3.40000000 4.77712000E+001
4.80000000 3.50000000 4.11361000E+001
4.80000000 3.60000000 3.52512000E+001
4.80000000 3.70000000 3.00577000E+001
4.80000000 3.80000000 2.54992000E+001
4.80000000 3.90000000 2.15217000E+001
4.80000000 4.00000000 1.80736000E+001
4.80000000 4.10000000 1.51057000E+001
4.80000000 4.20000000 1.25712000E+001
4.80000000 4.30000000 1.04257000E+001
4.80000000 4.40000000 8.62720000E+000
4.80000000 4.50000000 7.13610000E+000
4.80000000 4.60000000 5.91520000E+000
4.80000000 4.70000000 4.92970000E+000
4.80000000 4.80000000 4.14720000E+000
4.80000000 4.90000000 3.53770000E+000
4.80000000 5.00000000 3.07360000E+000
4.80000000 5.10000000 2.72970000E+000
4.80000000 5.20000000 2.48320000E+000
4.80000000 5.30000000 2.31370000E+000
4.80000000 5.40000000 2.20320000E+000
4.80000000 5.50000000 2.13610000E+000
4.80000000 5.60000000 2.09920000E+000
4.80000000 5.70000000 2.08170000E+000
4.80000000 5.80000000 2.07520000E+000
4.80000000 5.90000000 2.07370000E+000
4.80000000 6.00000000 2.07360000E+000
4.80000000 6.10000000 2.07370000E+000
4.80000000 6.20000000 2.07520000E+000
4.80000000 6.30000000 2.08170000E+000
4.80000000 6.40000000 2.09920000E+000
4.80000000 6.50000000 2.13610000E+000
4.80000000 6.60000000 2.20320000E+000
4.80000000 6.70000000 2.31370000E+000
4.80000000 6.80000000 2.48320000E+000
4.80000000 6.90000000 2.72970000E+000
4.80000000 7.00000000 3.07360000E+000
4.80000000 7.10000000 3.53770000E+000
4.80000000 7.20000000 4.14720000E+000
4.80000000 7.30000000 4.92970000E+000
4.80000000 7.40000000 5.91520000E+000
4.80000000 7.50000000 7.13610000E+000
4.80000000 7.60000000 8.62720000E+000
4.80000000 7.70000000 1.04257000E+001
4.80000000 7.80000000 1.25712000E+001
4.80000000 7.90000000 1.51057000E+001
4.80000000 8.00000000 1.80736000E+001
4.80000000 8.10000000 2.15217000E+001
4.80000000 8.20000000 2.54992000E+001
4.80000000 8.30000000 3.00577000E+001
4.80000000 8.40000000 3.52512000E+001
4.80000000 8.50000000 4.11361000E+001
4.80000000 8.60000000 4.77712000E+001
4.80000000 8.70000000 5.52177000E+001
4.80000000 8.80000000 6.35392000E+001
4.80000000 8.90000000 7.28017000E+001
4.80000000 9.00000000 8.30736000E+001
4.80000000 9.10000000 9.44257000E+001
4.80000000 9.20000000 1.06931200E+002
4.80000000 9.30000000 1.20665700E+002
4.80000000 9.40000000 1.35707200E+002
4.80000000 9.50000000 1.52136100E+002
4.80000000 9.60000000 1.70035200E+002
4.80000000 9.70000000 1.89489700E+002
4.80000000 9.80000000 2.10587200E+002
4.80000000 9.90000000 2.33417700E+002
4.80000000 10.00000000 2.58073600E+002
4.80000000 10.10000000 2.84649700E+002
4.80000000 10.20000000 3.13243200E+002
4.80000000 10.30000000 3.43953700E+002
4.80000000 10.40000000 3.76883200E+002
4.80000000 10.50000000 4.12136100E+002
4.80000000 10.60000000 4.49819200E+002
4.80000000 10.70000000 4.90041700E+002
4.80000000 10.80000000 5.32915200E+002
4.80000000 10.90000000 5.78553700E+002
4.80000000 11.00000000 6.27073600E+002
4.90000000 1.00000000 6.26464100E+002
4.90000000 1.10000000 5.77944200E+002
4.90000000 1.20000000 5.32305700E+002
4.90000000 1.30000000 4.89432200E+002
4.90000000 1.40000000 4.49209700E+002
4.90000000 1.50000000 4.11526600E+002
4.90000000 1.60000000 3.76273700E+002
4.90000000 1.70000000 3.43344200E+002
4.90000000 1.80000000 3.12633700E+002
4.90000000 1.90000000 2.84040200E+002
4.90000000 2.00000000 2.57464100E+002
4.90000000 2.10000000 2.32808200E+002
4.90000000 2.20000000 2.09977700E+002
4.90000000 2.30000000 1.88880200E+002
4.90000000 2.40000000 1.69425700E+002
4.90000000 2.50000000 1.51526600E+002
4.90000000 2.60000000 1.35097700E+002
4.90000000 2.70000000 1.20056200E+002
4.90000000 2.80000000 1.06321700E+002
4.90000000 2.90000000 9.38162000E+001
4.90000000 3.00000000 8.24641000E+001
4.90000000 3.10000000 7.21922000E+001
4.90000000 3.20000000 6.29297000E+001
4.90000000 3.30000000 5.46082000E+001
4.90000000 3.40000000 4.71617000E+001
4.90000000 3.50000000 4.05266000E+001
4.90000000 3.60000000 3.46417000E+001
4.90000000 3.70000000 2.94482000E+001
4.90000000 3.80000000 2.48897000E+001
4.90000000 3.90000000 2.09122000E+001
4.90000000 4.00000000 1.74641000E+001
4.90000000 4.10000000 1.44962000E+001
4.90000000 4.20000000 1.19617000E+001
4.90000000 4.30000000 9.81620000E+000
4.90000000 4.40000000 8.01770000E+000
4.90000000 4.50000000 6.52660000E+000
4.90000000 4.60000000 5.30570000E+000
4.90000000 4.70000000 4.32020000E+000
4.90000000 4.80000000 3.53770000E+000
4.90000000 4.90000000 2.92820000E+000
4.90000000 5.00000000 2.46410000E+000
4.90000000 5.10000000 2.12020000E+000
4.90000000 5.20000000 1.87370000E+000
4.90000000 5.30000000 1.70420000E+000
4.90000000 5.40000000 1.59370000E+000
4.90000000 5.50000000 1.52660000E+000
4.90000000 5.60000000 1.48970000E+000
4.90000000 5.70000000 1.47220000E+000
4.90000000 5.80000000 1.46570000E+000
4.90000000 5.90000000 1.46420000E+000
4.90000000 6.00000000 1.46410000E+000
4.90000000 6.10000000 1.46420000E+000
4.90000000 6.20000000 1.46570000E+000
4.90000000 6.30000000 1.47220000E+000
4.90000000 6.40000000 1.48970000E+000
4.90000000 6.50000000 1.52660000E+000
4.90000000 6.60000000 1.59370000E+000
4.90000000 6.70000000 1.70420000E+000
4.90000000 6.80000000 1.87370000E+000
4.90000000 6.90000000 2.12020000E+000
4.90000000 7.00000000 2.46410000E+000
4.90000000 7.10000000 2.92820000E+000
4.90000000 7.20000000 3.53770000E+000
4.90000000 7.30000000 4.32020000E+000
4.90000000 7.40000000 5.30570000E+000
4.90000000 7.50000000 6.52660000E+000
4.90000000 7.60000000 8.01770000E+000
4.90000000 7.70000000 9.81620000E+000
4.90000000 7.80000000 1.19617000E+001
4.90000000 7.90000000 1.44962000E+001
4.90000000 8.00000000 1.74641000E+001
4.90000000 8.10000000 2.09122000E+001
4.90000000 8.20000000 2.48897000E+001
4.90000000 8.30000000 2.94482000E+001
4.90000000 8.40000000 3.46417000E+001
4.90000000 8.50000000 4.05266000E+001
4.90000000 8.60000000 4.71617000E+001
4.90000000 8.70000000 5.46082000E+001
4.90000000 8.80000000 6.29297000E+001
4.90000000 8.90000000 7.21922000E+001
4.90000000 9.00000000 8.24641000E+001
4.90000000 9.10000000 9.38162000E+001
4.90000000 9.20000000 1.06321700E+002
4.90000000 9.30000000 1.20056200E+002
4.90000000 9.40000000 1.35097700E+002
4.90000000 9.50000000 1.51526600E+002
4.90000000 9.60000000 1.69425700E+002
4.90000000 9.70000000 1.88880200E+002
4.90000000 9.80000000 2.09977700E+002
4.90000000 9.90000000 2.32808200E+002
4.90000000 10.00000000 2.57464100E+002
4.90000000 10.10000000 2.84040200E+002
4.90000000 10.20000000 3.12633700E+002
4.90000000 10.30000000 3.43344200E+002
4.90000000 10.40000000 3.76273700E+002
4.90000000 10.50000000 4.11526600E+002
4.90000000 10.60000000 4.49209700E+002
4.90000000 10.70000000 4.89432200E+002
4.90000000 10.80000000 5.32305700E+002
4.90000000 10.90000000 5.77944200E+002
4.90000000 11.00000000 6.26464100E+002
5.00000000 1.00000000 6.26000000E+002
5.00000000 1.10000000 5.77480100E+002
5.00000000 1.20000000 5.31841600E+002
5.00000000 1.30000000 4.88968100E+002
5.00000000 1.40000000 4.48745600E+002
5.00000000 1.50000000 4.11062500E+002
5.00000000 1.60000000 3.75809600E+002
5.00000000 1.70000000 3.42880100E+002
5.00000000 1.80000000 3.12169600E+002
5.00000000 1.90000000 2.83576100E+002
5.00000000 2.00000000 2.57000000E+002
5.00000000 2.10000000 2.32344100E+002
5.00000000 2.20000000 2.09513600E+002
5.00000000 2.30000000 1.88416100E+002
5.00000000 2.40000000 1.68961600E+002
5.00000000 2.50000000 1.51062500E+002
5.00000000 2.60000000 1.34633600E+002
5.00000000 2.70000000 1.19592100E+002
5.00000000 2.80000000 1.05857600E+002
5.00000000 2.90000000 9.33521000E+001
5.00000000 3.00000000 8.20000000E+001
5.00000000 3.10000000 7.17281000E+001
5.00000000 3.20000000 6.24656000E+001
5.00000000 3.30000000 5.41441000E+001
5.00000000 3.40000000 4.66976000E+001
5.00000000 3.50000000 4.00625000E+001
5.00000000 3.60000000 3.41776000E+001
5.00000000 3.70000000 2.89841000E+001
5.00000000 3.80000000 2.44256000E+001
5.00000000 3.90000000 2.04481000E+001
5.00000000 4.00000000 1.70000000E+001
5.00000000 4.10000000 1.40321000E+001
5.00000000 4.20000000 1.14976000E+001
5.00000000 4.30000000 9.35210000E+000
5.00000000 4.40000000 7.55360000E+000
5.00000000 4.50000000 6.06250000E+000
5.00000000 4.60000000 4.84160000E+000
5.00000000 4.70000000 3.85610000E+000
5.00000000 4.80000000 3.07360000E+000
5.00000000 4.90000000 2.46410000E+000
5.00000000 5.00000000 2.00000000E+000
5.00000000 5.10000000 1.65610000E+000
5.00000000 5.20000000 1.40960000E+000
5.00000000 5.30000000 1.24010000E+000
5.00000000 5.40000000 1.12960000E+000
5.00000000 5.50000000 1.06250000E+000
5.00000000 5.60000000 1.02560000E+000
5.00000000 5.70000000 1.00810000E+000
5.00000000 5.80000000 1.00160000E+000
5.00000000 5.90000000 1.00010000E+000
5.00000000 6.00000000 1.00000000E+000
5.00000000 6.10000000 1.00010000E+000
5.00000000 6.20000000 1.00160000E+000
5.00000000 6.30000000 1.00810000E+000
5.00000000 6.40000000 1.02560000E+000
5.00000000 6.50000000 1.06250000E+000
5.00000000 6.60000000 1.12960000E+000
5.00000000 6.70000000 1.24010000E+000
5.00000000 6.80000000 1.40960000E+000
5.00000000 6.90000000 1.65610000E+000
5.00000000 7.00000000 2.00000000E+000
5.00000000 7.10000000 2.46410000E+000
5.00000000 7.20000000 3.07360000E+000
5.00000000 7.30000000 3.85610000E+000
5.00000000 7.40000000 4.84160000E+000
5.00000000 7.50000000 6.06250000E+000
5.00000000 7.60000000 7.55360000E+000
5.00000000 7.70000000 9.35210000E+000
5.00000000 7.80000000 1.14976000E+001
5.00000000 7.90000000 1.40321000E+001
5.00000000 8.00000000 1.70000000E+001
5.00000000 8.10000000 2.04481000E+001
5.00000000 8.20000000 2.44256000E+001
5.00000000 8.30000000 2.89841000E+001
5.00000000 8.40000000 3.41776000E+001
5.00000000 8.50000000 4.00625000E+001
5.00000000 8.60000000 4.66976000E+001
5.00000000 8.70000000 5.41441000E+001
5.00000000 8.80000000 6.24656000E+001
5.00000000 8.90000000 7.17281000E+001
5.00000000 9.00000000 8.20000000E+001
5.00000000 9.10000000 9.33521000E+001
5.00000000 9.20000000 1.05857600E+002
5.00000000 9.30000000 1.19592100E+002
5.00000000 9.40000000 1.34633600E+002
5.00000000 9.50000000 1.51062500E+002
5.00000000 9.60000000 1.68961600E+002
5.00000000 9.70000000 1.88416100E+002
5.00000000 9.80000000 2.09513600E+002
5.00000000 9.90000000 2.32344100E+002
5.00000000 10.00000000 2.57000000E+002
5.00000000 10.10000000 2.83576100E+002
5.00000000 10.20000000 3.12169600E+002
5.00000000 10.30000000 3.42880100E+002
5.00000000 10.40000000 3.75809600E+002
5.00000000 10.50000000 4.11062500E+002
5.00000000 10.60000000 4.48745600E+002
5.00000000 10.70000000 4.88968100E+002
5.00000000 10.80000000 5.31841600E+002
5.00000000 10.90000000 5.77480100E+002
5.00000000 11.00000000 6.26000000E+002
5.10000000 1.00000000 6.25656100E+002
5.10000000 1.10000000 5.77136200E+002
5.10000000 1.20000000 5.31497700E+002
5.10000000 1.30000000 4.88624200E+002
5.10000000 1.40000000 4.48401700E+002
5.10000000 1.50000000 4.10718600E+002
5.10000000 1.60000000 3.75465700E+002
5.10000000 1.70000000 3.42536200E+002
5.10000000 1.80000000 3.11825700E+002
5.10000000 1.90000000 2.83232200E+002
5.10000000 2.00000000 2.56656100E+002
5.10000000 2.10000000 2.32000200E+002
5.10000000 2.20000000 2.09169700E+002
5.10000000 2.30000000 1.88072200E+002
5.10000000 2.40000000 1.68617700E+002
5.10000000 2.50000000 1.50718600E+002
5.10000000 2.60000000 1.34289700E+002
5.10000000 2.70000000 1.19248200E+002
5.10000000 2.80000000 1.05513700E+002
5.10000000 2.90000000 9.30082000E+001
5.10000000 3.00000000 8.16561000E+001
5.10000000 3.10000000 7.13842000E+001
5.10000000 3.20000000 6.21217000E+001
5.10000000 3.30000000 5.38002000E+001
5.10000000 3.40000000 4.63537000E+001
5.10000000 3.50000000 3.97186000E+001
5.10000000 3.60000000 3.38337000E+001
5.10000000 3.70000000 2.86402000E+001
5.10000000 3.80000000 2.40817000E+001
5.10000000 3.90000000 2.01042000E+001
5.10000000 4.00000000 1.66561000E+001
5.10000000 4.10000000 1.36882000E+001
5.10000000 4.20000000 1.11537000E+001
5.10000000 4.30000000 9.00820000E+000
5.10000000 4.40000000 7.20970000E+000
5.10000000 4.50000000 5.71860000E+000
5.10000000 4.60000000 4.49770000E+000
5.10000000 4.70000000 3.51220000E+000
5.10000000 4.80000000 2.72970000E+000
5.10000000 4.90000000 2.12020000E+000
5.10000000 5.00000000 1.65610000E+000
5.10000000 5.10000000 1.31220000E+000
5.10000000 5.20000000 1.06570000E+000
5.10000000 5.30000000 8.96200000E-001
5.10000000 5.40000000 7.85700000E-001
5.10000000 5.50000000 7.18600000E-001
5.10000000 5.60000000 6.81700000E-001
5.10000000 5.70000000 6.64200000E-001
5.10000000 5.80000000 6.57700000E-001
5.10000000 5.90000000 6.56200000E-001
5.10000000 6.00000000 6.56100000E-001
5.10000000 6.10000000 6.56200000E-001
5.10000000 6.20000000 6.57700000E-001
5.10000000 6.30000000 6.64200000E-001
5.10000000 6.40000000 6.81700000E-001
5.10000000 6.50000000 7.18600000E-001
5.10000000 6.60000000 7.85700000E-001
5.10000000 6.70000000 8.96200000E-001
5.10000000 6.80000000 1.06570000E+000
5.10000000 6.90000000 1.31220000E+000
5.10000000 7.00000000 1.65610000E+000
5.10000000 7.10000000 2.12020000E+000
5.10000000 7.20000000 2.72970000E+000
5.10000000 7.30000000 3.51220000E+000
5.10000000 7.40000000 4.49770000E+000
5.10000000 7.50000000 5.71860000E+000
5.10000000 7.60000000 7.20970000E+000
5.10000000 7.70000000 9.00820000E+000
5.10000000 7.80000000 1.11537000E+001
5.10000000 7.90000000 1.36882000E+001
5.10000000 8.00000000 1.66561000E+001
5.10000000 8.10000000 2.01042000E+001
5.10000000 8.20000000 2.40817000E+001
5.10000000 8.30000000 2.86402000E+001
5.10000000 8.40000000 3.38337000E+001
5.10000000 8.50000000 3.97186000E+001
5.10000000 8.60000000 4.63537000E+001
5.10000000 8.70000000 5.38002000E+001
5.10000000 8.80000000 6.21217000E+001
5.10000000 8.90000000 7.13842000E+001
5.10000000 9.00000000 8.16561000E+001
5.10000000 9.10000000 9.30082000E+001
5.10000000 9.20000000 1.05513700E+002
5.10000000 9.30000000 1.19248200E+002
5.10000000 9.40000000 1.34289700E+002
5.10000000 9.50000000 1.50718600E+002
5.10000000 9.60000000 1.68617700E+002
5.10000000 9.70000000 1.88072200E+002
5.10000000 9.80000000 2.09169700E+002
5.10000000 9.90000000 2.32000200E+002
5.10000000 10.00000000 2.56656100E+002
5.10000000 10.10000000 2.83232200E+002
5.10000000 10.20000000 3.11825700E+002
5.10000000 10.30000000 3.42536200E+002
5.10000000 10.40000000 3.75465700E+002
5.10000000 10.50000000 4.10718600E+002
5.10000000 10.60000000 4.48401700E+002
5.10000000 10.70000000 4.88624200E+002
5.10000000 10.80000000 5.31497700E+002
5.10000000 10.90000000 5.77136200E+002
5.10000000 11.00000000 6.25656100E+002
5.20000000 1.00000000 6.25409600E+002
5.20000000 1.10000000 5.76889700E+002
5.20000000 1.20000000 5.31251200E+002
5.20000000 1.30000000 4.88377700E+002
5.20000000 1.40000000 4.48155200E+002
5.20000000 1.50000000 4.10472100E+002
5.20000000 1.60000000 3.75219200E+002
5.20000000 1.70000000 3.42289700E+002
5.20000000 1.80000000 3.11579200E+002
5.20000000 1.90000000 2.82985700E+002
5.20000000 2.00000000 2.56409600E+002
5.20000000 2.10000000 2.31753700E+002
5.20000000 2.20000000 2.08923200E+002
5.20000000 2.30000000 1.87825700E+002
5.20000000 2.40000000 1.68371200E+002
5.20000000 2.50000000 1.50472100E+002
5.20000000 2.60000000 1.34043200E+002
5.20000000 2.70000000 1.19001700E+002
5.20000000 2.80000000 1.05267200E+002
5.20000000 2.90000000 9.27617000E+001
5.20000000 3.00000000 8.14096000E+001
5.20000000 3.10000000 7.11377000E+001
5.20000000 3.20000000 6.18752000E+001
5.20000000 3.30000000 5.35537000E+001
5.20000000 3.40000000 4.61072000E+001
5.20000000 3.50000000 3.94721000E+001
5.20000000 3.60000000 3.35872000E+001
5.20000000 3.70000000 2.83937000E+001
5.20000000 3.80000000 2.38352000E+001
5.20000000 3.90000000 1.98577000E+001
5.20000000 4.00000000 1.64096000E+001
5.20000000 4.10000000 1.34417000E+001
5.20000000 4.20000000 1.09072000E+001
5.20000000 4.30000000 8.76170000E+000
5.20000000 4.40000000 6.96320000E+000
5.20000000 4.50000000 5.47210000E+000
5.20000000 4.60000000 4.25120000E+000
5.20000000 4.70000000 3.26570000E+000
5.20000000 4.80000000 2.48320000E+000
5.20000000 4.90000000 1.87370000E+000
5.20000000 5.00000000 1.40960000E+000
5.20000000 5.10000000 1.06570000E+000
5.20000000 5.20000000 8.19200000E-001
5.20000000 5.30000000 6.49700000E-001
5.20000000 5.40000000 5.39200000E-001
5.20000000 5.50000000 4.72100000E-001
5.20000000 5.60000000 4.35200000E-001
5.20000000 5.70000000 4.17700000E-001
5.20000000 5.80000000 4.11200000E-001
5.20000000 5.90000000 4.09700000E-001
5.20000000 6.00000000 4.09600000E-001
5.20000000 6.10000000 4.09700000E-001
5.20000000 6.20000000 4.11200000E-001
5.20000000 6.30000000 4.17700000E-001
5.20000000 6.40000000 4.35200000E-001
5.20000000 6.50000000 4.72100000E-001
5.20000000 6.60000000 5.39200000E-001
5.20000000 6.70000000 6.49700000E-001
5.20000000 6.80000000 8.19200000E-001
5.20000000 6.90000000 1.06570000E+000
5.20000000 7.00000000 1.40960000E+000
5.20000000 7.10000000 1.87370000E+000
5.20000000 7.20000000 2.48320000E+000
5.20000000 7.30000000 3.26570000E+000
5.20000000 7.40000000 4.25120000E+000
5.20000000 7.50000000 5.47210000E+000
5.20000000 7.60000000 6.96320000E+000
5.20000000 7.70000000 8.76170000E+000
5.20000000 7.80000000 1.09072000E+001
5.20000000 7.90000000 1.34417000E+001
5.20000000 8.00000000 1.64096000E+001
5.20000000 8.10000000 1.98577000E+001
5.20000000 8.20000000 2.38352000E+001
5.20000000 8.30000000 2.83937000E+001
5.20000000 8.40000000 3.35872000E+001
5.20000000 8.50000000 3.94721000E+001
5.20000000 8.60000000 4.61072000E+001
5.20000000 8.70000000 5.35537000E+001
5.20000000 8.80000000 6.18752000E+001
5.20000000 8.90000000 7.11377000E+001
5.20000000 9.00000000 8.14096000E+001
5.20000000 9.10000000 9.27617000E+001
5.20000000 9.20000000 1.05267200E+002
5.20000000 9.30000000 1.19001700E+002
5.20000000 9.40000000 1.34043200E+002
5.20000000 9.50000000 1.50472100E+002
5.20000000 9.60000000 1.68371200E+002
5.20000000 9.70000000 1.87825700E+002
5.20000000 9.80000000 2.08923200E+002
5.20000000 9.90000000 2.31753700E+002
5.20000000 10.00000000 2.56409600E+002
5.20000000 10.10000000 2.82985700E+002
5.20000000 10.20000000 3.11579200E+002
5.20000000 10.30000000 3.42289700E+002
5.20000000 10.40000000 3.75219200E+002
5.20000000 10.50000000 4.10472100E+002
5.20000000 10.60000000 4.48155200E+002
5.20000000 10.70000000 4.88377700E+002
5.20000000 10.80000000 5.31251200E+002
5.20000000 10.90000000 5.76889700E+002
5.20000000 11.00000000 6.25409600E+002
5.30000000 1.00000000 6.25240100E+002
5.30000000 1.10000000 5.76720200E+002
5.30000000 1.20000000 5.31081700E+002
5.30000000 1.30000000 4.88208200E+002
5.30000000 1.40000000 4.47985700E+002
5.30000000 1.50000000 4.10302600E+002
5.30000000 1.60000000 3.75049700E+002
5.30000000 1.70000000 3.42120200E+002
5.30000000 1.80000000 3.11409700E+002
5.30000000 1.90000000 2.82816200E+002
5.30000000 2.00000000 2.56240100E+002
5.30000000 2.10000000 2.31584200E+002
5.30000000 2.20000000 2.08753700E+002
5.30000000 2.30000000 1.87656200E+002
5.30000000 2.40000000 1.68201700E+002
5.30000000 2.50000000 1.50302600E+002
5.30000000 2.60000000 1.33873700E+002
5.30000000 2.70000000 1.18832200E+002
5.30000000 2.80000000 1.05097700E+002
5.30000000 2.90000000 9.25922000E+001
5.30000000 3.00000000 8.12401000E+001
5.30000000 3.10000000 7.09682000E+001
5.30000000 3.20000000 6.17057000E+001
5.30000000 3.30000000 5.33842000E+001
5.30000000 3.40000000 4.59377000E+001
5.30000000 3.50000000 3.93026000E+001
5.30000000 3.60000000 3.34177000E+001
5.30000000 3.70000000 2.82242000E+001
5.30000000 3.80000000 2.36657000E+001
5.30000000 3.90000000 1.96882000E+001
5.30000000 4.00000000 1.62401000E+001
5.30000000 4.10000000 1.32722000E+001
5.30000000 4.20000000 1.07377000E+001
5.30000000 4.30000000 8.59220000E+000
5.30000000 4.40000000 6.79370000E+000
5.30000000 4.50000000 5.30260000E+000
5.30000000 4.60000000 4.08170000E+000
5.30000000 4.70000000 3.09620000E+000
5.30000000 4.80000000 2.31370000E+000
5.30000000 4.90000000 1.70420000E+000
5.30000000 5.00000000 1.24010000E+000
5.30000000 5.10000000 8.96200000E-001
5.30000000 5.20000000 6.49700000E-001
5.30000000 5.30000000 4.80200000E-001
5.30000000 5.40000000 3.69700000E-001
5.30000000 5.50000000 3.02600000E-001
5.30000000 5.60000000 2.65700000E-001
5.30000000 5.70000000 2.48200000E-001
5.30000000 5.80000000 2.41700000E-001
5.30000000 5.90000000 2.40200000E-001
5.30000000 6.00000000 2.40100000E-001
5.30000000 6.10000000 2.40200000E-001
5.30000000 6.20000000 2.41700000E-001
5.30000000 6.30000000 2.48200000E-001
5.30000000 6.40000000 2.65700000E-001
5.30000000 6.50000000 3.02600000E-001
5.30000000 6.60000000 3.69700000E-001
5.30000000 6.70000000 4.80200000E-001
5.30000000 6.80000000 6.49700000E-001
5.30000000 6.90000000 8.96200000E-001
5.30000000 7.00000000 1.24010000E+000
5.30000000 7.10000000 1.70420000E+000
5.30000000 7.20000000 2.31370000E+000
5.30000000 7.30000000 3.09620000E+000
5.30000000 7.40000000 4.08170000E+000
5.30000000 7.50000000 5.30260000E+000
5.30000000 7.60000000 6.79370000E+000
5.30000000 7.70000000 8.59220000E+000
5.30000000 7.80000000 1.07377000E+001
5.30000000 7.90000000 1.32722000E+001
5.30000000 8.00000000 1.62401000E+001
5.30000000 8.10000000 1.96882000E+001
5.30000000 8.20000000 2.36657000E+001
5.30000000 8.30000000 2.82242000E+001
5.30000000 8.40000000 3.34177000E+001
5.30000000 8.50000000 3.93026000E+001
5.30000000 8.60000000 4.59377000E+001
5.30000000 8.70000000 5.33842000E+001
5.30000000 8.80000000 6.17057000E+001
5.30000000 8.90000000 7.09682000E+001
5.30000000 9.00000000 8.12401000E+001
5.30000000 9.10000000 9.25922000E+001
5.30000000 9.20000000 1.05097700E+002
5.30000000 9.30000000 1.18832200E+002
5.30000000 9.40000000 1.33873700E+002
5.30000000 9.50000000 1.50302600E+002
5.30000000 9.60000000 1.68201700E+002
5.30000000 9.70000000 1.87656200E+002
5.30000000 9.80000000 2.08753700E+002
5.30000000 9.90000000 2.31584200E+002
5.30000000 10.00000000 2.56240100E+002
5.30000000 10.10000000 2.82816200E+002
5.30000000 10.20000000 3.11409700E+002
5.30000000 10.30000000 3.42120200E+002
5.30000000 10.40000000 3.75049700E+002
5.30000000 10.50000000 4.10302600E+002
5.30000000 10.60000000 4.47985700E+002
5.30000000 10.70000000 4.88208200E+002
5.30000000 10.80000000 5.31081700E+002
5.30000000 10.90000000 5.76720200E+002
5.30000000 11.00000000 6.25240100E+002
5.40000000 1.00000000 6.25129600E+002
5.40000000 1.10000000 5.76609700E+002
5.40000000 1.20000000 5.30971200E+002
5.40000000 1.30000000 4.88097700E+002
5.40000000 1.40000000 4.47875200E+002
5.40000000 1.50000000 4.10192100E+002
5.40000000 1.60000000 3.74939200E+002
5.40000000 1.70000000 3.42009700E+002
5.40000000 1.80000000 3.11299200E+002
5.40000000 1.90000000 2.82705700E+002
5.40000000 2.00000000 2.56129600E+002
5.40000000 2.10000000 2.31473700E+002
5.40000000 2.20000000 2.08643200E+002
5.40000000 2.30000000 1.87545700E+002
5.40000000 2.40000000 1.68091200E+002
5.40000000 2.50000000 1.50192100E+002
5.40000000 2.60000000 1.33763200E+002
5.40000000 2.70000000 1.18721700E+002
5.40000000 2.80000000 1.04987200E+002
5.40000000 2.90000000 9.24817000E+001
5.40000000 3.00000000 8.11296000E+001
5.40000000 3.10000000 7.08577000E+001
5.40000000 3.20000000 6.15952000E+001
5.40000000 3.30000000 5.32737000E+001
5.40000000 3.40000000 4.58272000E+001
5.40000000 3.50000000 3.91921000E+001
5.40000000 3.60000000 3.33072000E+001
5.40000000 3.70000000 2.81137000E+001
5.40000000 3.80000000 2.35552000E+001
5.40000000 3.90000000 1.95777000E+001
5.40000000 4.00000000 1.61296000E+001
5.40000000 4.10000000 1.31617000E+001
5.40000000 4.20000000 1.06272000E+001
5.40000000 4.30000000 8.48170000E+000
5.40000000 4.40000000 6.68320000E+000
5.40000000 4.50000000 5.19210000E+000
5.40000000 4.60000000 3.97120000E+000
5.40000000 4.70000000 2.98570000E+000
5.40000000 4.80000000 2.20320000E+000
5.40000000 4.90000000 1.59370000E+000
5.40000000 5.00000000 1.12960000E+000
5.40000000 5.10000000 7.85700000E-001
5.40000000 5.20000000 5.39200000E-001
5.40000000 5.30000000 3.69700000E-001
5.40000000 5.40000000 2.59200000E-001
5.40000000 5.50000000 1.92100000E-001
5.40000000 5.60000000 1.55200000E-001
5.40000000 5.70000000 1.37700000E-001
5.40000000 5.80000000 1.31200000E-001
5.40000000 5.90000000 1.29700000E-001
5.40000000 6.00000000 1.29600000E-001
5.40000000 6.10000000 1.29700000E-001
5.40000000 6.20000000 1.31200000E-001
5.40000000 6.30000000 1.37700000E-001
5.40000000 6.40000000 1.55200000E-001
5.40000000 6.50000000 1.92100000E-001
5.40000000 6.60000000 2.59200000E-001
5.40000000 6.70000000 3.69700000E-001
5.40000000 6.80000000 5.39200000E-001
5.40000000 6.90000000 7.85700000E-001
5.40000000 7.00000000 1.12960000E+000
5.40000000 7.10000000 1.59370000E+000
5.40000000 7.20000000 2.20320000E+000
5.40000000 7.30000000 2.98570000E+000
5.40000000 7.40000000 3.97120000E+000
5.40000000 7.50000000 5.19210000E+000
5.40000000 7.60000000 6.68320000E+000
5.40000000 7.70000000 8.48170000E+000
5.40000000 7.80000000 1.06272000E+001
5.40000000 7.90000000 1.31617000E+001
5.40000000 8.00000000 1.61296000E+001
5.40000000 8.10000000 1.95777000E+001
5.40000000 8.20000000 2.35552000E+001
5.40000000 8.30000000 2.81137000E+001
5.40000000 8.40000000 3.33072000E+001
5.40000000 8.50000000 3.91921000E+001
5.40000000 8.60000000 4.58272000E+001
5.40000000 8.70000000 5.32737000E+001
5.40000000 8.80000000 6.15952000E+001
5.40000000 8.90000000 7.08577000E+001
5.40000000 9.00000000 8.11296000E+001
5.40000000 9.10000000 9.24817000E+001
5.40000000 9.20000000 1.04987200E+002
5.40000000 9.30000000 1.18721700E+002
5.40000000 9.40000000 1.33763200E+002
5.40000000 9.50000000 1.50192100E+002
5.40000000 9.60000000 1.68091200E+002
5.40000000 9.70000000 1.87545700E+002
5.40000000 9.80000000 2.08643200E+002
5.40000000 9.90000000 2.31473700E+002
5.40000000 10.00000000 2.56129600E+002
5.40000000 10.10000000 2.82705700E+002
5.40000000 10.20000000 3.11299200E+002
5.40000000 10.30000000 3.42009700E+002
5.40000000 10.40000000 3.74939200E+002
5.40000000 10.50000000 4.10192100E+002
5.40000000 10.60000000 4.47875200E+002
5.40000000 10.70000000 4.88097700E+002
5.40000000 10.80000000 5.30971200E+002
5.40000000 10.90000000 5.76609700E+002
5.40000000 11.00000000 6.25129600E+002
5.50000000 1.00000000 6.25062500E+002
5.50000000 1.10000000 5.76542600E+002
5.50000000 1.20000000 5.30904100E+002
5.50000000 1.30000000 4.88030600E+002
5.50000000 1.40000000 4.47808100E+002
5.50000000 1.50000000 4.10125000E+002
5.50000000 1.60000000 3.74872100E+002
5.50000000 1.70000000 3.41942600E+002
5.50000000 1.80000000 3.11232100E+002
5.50000000 1.90000000 2.82638600E+002
5.50000000 2.00000000 2.56062500E+002
5.50000000 2.10000000 2.31406600E+002
5.50000000 2.20000000 2.08576100E+002
5.50000000 2.30000000 1.87478600E+002
5.50000000 2.40000000 1.68024100E+002
5.50000000 2.50000000 1.50125000E+002
5.50000000 2.60000000 1.33696100E+002
5.50000000 2.70000000 1.18654600E+002
5.50000000 2.80000000 1.04920100E+002
5.50000000 2.90000000 9.24146000E+001
5.50000000 3.00000000 8.10625000E+001
5.50000000 3.10000000 7.07906000E+001
5.50000000 3.20000000 6.15281000E+001
5.50000000 3.30000000 5.32066000E+001
5.50000000 3.40000000 4.57601000E+001
5.50000000 3.50000000 3.91250000E+001
5.50000000 3.60000000 3.32401000E+001
5.50000000 3.70000000 2.80466000E+001
5.50000000 3.80000000 2.34881000E+001
5.50000000 3.90000000 1.95106000E+001
5.50000000 4.00000000 1.60625000E+001
5.50000000 4.10000000 1.30946000E+001
5.50000000 4.20000000 1.05601000E+001
5.50000000 4.30000000 8.41460000E+000
5.50000000 4.40000000 6.61610000E+000
5.50000000 4.50000000 5.12500000E+000
5.50000000 4.60000000 3.90410000E+000
5.50000000 4.70000000 2.91860000E+000
5.50000000 4.80000000 2.13610000E+000
5.50000000 4.90000000 1.52660000E+000
5.50000000 5.00000000 1.06250000E+000
5.50000000 5.10000000 7.18600000E-001
5.50000000 5.20000000 4.72100000E-001
5.50000000 5.30000000 3.02600000E-001
5.50000000 5.40000000 1.92100000E-001
5.50000000 5.50000000 1.25000000E-001
5.50000000 5.60000000 8.81000000E-002
5.50000000 5.70000000 7.06000000E-002
5.50000000 5.80000000 6.41000000E-002
5.50000000 5.90000000 6.26000000E-002
5.50000000 6.00000000 6.25000000E-002
5.50000000 6.10000000 6.26000000E-002
5.50000000 6.20000000 6.41000000E-002
5.50000000 6.30000000 7.06000000E-002
5.50000000 6.40000000 8.81000000E-002
5.50000000 6.50000000 1.25000000E-001
5.50000000 6.60000000 1.92100000E-001
5.50000000 6.70000000 3.02600000E-001
5.50000000 6.80000000 4.72100000E-001
5.50000000 6.90000000 7.18600000E-001
5.50000000 7.00000000 1.06250000E+000
5.50000000 7.10000000 1.52660000E+000
5.50000000 7.20000000 2.13610000E+000
5.50000000 7.30000000 2.91860000E+000
5.50000000 7.40000000 3.90410000E+000
5.50000000 7.50000000 5.12500000E+000
5.50000000 7.60000000 6.61610000E+000
5.50000000 7.70000000 8.41460000E+000
5.50000000 7.80000000 1.05601000E+001
5.50000000 7.90000000 1.30946000E+001
5.50000000 8.00000000 1.60625000E+001
5.50000000 8.10000000 1.95106000E+001
5.50000000 8.20000000 2.34881000E+001
5.50000000 8.30000000 2.80466000E+001
5.50000000 8.40000000 3.32401000E+001
5.50000000 8.50000000 3.91250000E+001
5.50000000 8.60000000 4.57601000E+001
5.50000000 8.70000000 5.32066000E+001
5.50000000 8.80000000 6.15281000E+001
5.50000000 8.90000000 7.07906000E+001
5.50000000 9.00000000 8.10625000E+001
5.50000000 9.10000000 9.24146000E+001
5.50000000 9.20000000 1.04920100E+002
5.50000000 9.30000000 1.18654600E+002
5.50000000 9.40000000 1.33696100E+002
5.50000000 9.50000000 1.50125000E+002
5.50000000 9.60000000 1.68024100E+002
5.50000000 9.70000000 1.87478600E+002
5.50000000 9.80000000 2.08576100E+002
5.50000000 9.90000000 2.31406600E+002
5.50000000 10.00000000 2.56062500E+002
5.50000000 10.10000000 2.82638600E+002
5.50000000 10.20000000 3.11232100E+002
5.50000000 10.30000000 3.41942600E+002
5.50000000 10.40000000 3.74872100E+002
5.50000000 10.50000000 4.10125000E+002
5.50000000 10.60000000 4.47808100E+002
5.50000000 10.70000000 4.88030600E+002
5.50000000 10.80000000 5.30904100E+002
5.50000000 10.90000000 5.76542600E+002
5.50000000 11.00000000 6.25062500E+002
5.60000000 1.00000000 6.25025600E+002
5.60000000 1.10000000 5.76505700E+002
5.60000000 1.20000000 5.30867200E+002
5.60000000 1.30000000 4.87993700E+002
5.60000000 1.40000000 4.47771200E+002
5.60000000 1.50000000 4.10088100E+002
5.60000000 1.60000000 3.74835200E+002
5.60000000 1.70000000 3.41905700E+002
5.60000000 1.80000000 3.11195200E+002
5.60000000 1.90000000 2.82601700E+002
5.60000000 2.00000000 2.56025600E+002
5.60000000 2.10000000 2.31369700E+002
5.60000000 2.20000000 2.08539200E+002
5.60000000 2.30000000 1.87441700E+002
5.60000000 2.40000000 1.67987200E+002
5.60000000 2.50000000 1.50088100E+002
5.60000000 2.60000000 1.33659200E+002
5.60000000 2.70000000 1.18617700E+002
5.60000000 2.80000000 1.04883200E+002
5.60000000 2.90000000 9.23777000E+001
5.60000000 3.00000000 8.10256000E+001
5.60000000 3.10000000 7.07537000E+001
5.60000000 3.20000000 6.14912000E+001
5.60000000 3.30000000 5.31697000E+001
5.60000000 3.40000000 4.57232000E+001
5.60000000 3.50000000 3.90881000E+001
5.60000000 3.60000000 3.32032000E+001
5.60000000 3.70000000 2.80097000E+001
5.60000000 3.80000000 2.34512000E+001
5.60000000 3.90000000 1.94737000E+001
5.60000000 4.00000000 1.60256000E+001
5.60000000 4.10000000 1.30577000E+001
5.60000000 4.20000000 1.05232000E+001
5.60000000 4.30000000 8.37770000E+000
5.60000000 4.40000000 6.57920000E+000
5.60000000 4.50000000 5.08810000E+000
5.60000000 4.60000000 3.86720000E+000
5.60000000 4.70000000 2.88170000E+000
5.60000000 4.80000000 2.09920000E+000
5.60000000 4.90000000 1.48970000E+000
5.60000000 5.00000000 1.02560000E+000
5.60000000 5.10000000 6.81700000E-001
5.60000000 5.20000000 4.35200000E-001
5.60000000 5.30000000 2.65700000E-001
5.60000000 5.40000000 1.55200000E-001
5.60000000 5.50000000 8.81000000E-002
5.60000000 5.60000000 5.12000000E-002
5.60000000 5.70000000 3.37000000E-002
5.60000000 5.80000000 2.72000000E-002
5.60000000 5.90000000 2.57000000E-002
5.60000000 6.00000000 2.56000000E-002
5.60000000 6.10000000 2.57000000E-002
5.60000000 6.20000000 2.72000000E-002
5.60000000 6.30000000 3.37000000E-002
5.60000000 6.40000000 5.12000000E-002
5.60000000 6.50000000 8.81000000E-002
5.60000000 6.60000000 1.55200000E-001
5.60000000 6.70000000 2.65700000E-001
5.60000000 6.80000000 4.35200000E-001
5.60000000 6.90000000 6.81700000E-001
5.60000000 7.00000000 1.02560000E+000
5.60000000 7.10000000 1.48970000E+000
5.60000000 7.20000000 2.09920000E+000
5.60000000 7.30000000 2.88170000E+000
5.60000000 7.40000000 3.86720000E+000
5.60000000 7.50000000 5.08810000E+000
5.60000000 7.60000000 6.57920000E+000
5.60000000 7.70000000 8.37770000E+000
5.60000000 7.80000000 1.05232000E+001
5.60000000 7.90000000 1.30577000E+001
5.60000000 8.00000000 1.60256000E+001
5.60000000 8.10000000 1.94737000E+001
5.60000000 8.20000000 2.34512000E+001
5.60000000 8.30000000 2.80097000E+001
5.60000000 8.40000000 3.32032000E+001
5.60000000 8.50000000 3.90881000E+001
5.60000000 8.60000000 4.57232000E+001
5.60000000 8.70000000 5.31697000E+001
5.60000000 8.80000000 6.14912000E+001
5.60000000 8.90000000 7.07537000E+001
5.60000000 9.00000000 8.10256000E+001
5.60000000 9.10000000 9.23777000E+001
5.60000000 9.20000000 1.04883200E+002
5.60000000 9.30000000 1.18617700E+002
5.60000000 9.40000000 1.33659200E+002
5.60000000 9.50000000 1.50088100E+002
5.60000000 9.60000000 1.67987200E+002
5.60000000 9.70000000 1.87441700E+002
5.60000000 9.80000000 2.08539200E+002
5.60000000 9.90000000 2.31369700E+002
5.60000000 10.00000000 2.56025600E+002
5.60000000 10.10000000 2.82601700E+002
5.60000000 10.20000000 3.11195200E+002
5.60000000 10.30000000 3.41905700E+002
5.60000000 10.40000000 3.74835200E+002
5.60000000 10.50000000 4.10088100E+002
5.60000000 10.60000000 4.47771200E+002
5.60000000 10.70000000 4.87993700E+002
5.60000000 10.80000000 5.30867200E+002
5.60000000 10.90000000 5.76505700E+002
5.60000000 11.00000000 6.25025600E+002
5.70000000 1.00000000 6.25008100E+002
5.70000000 1.10000000 5.76488200E+002
5.70000000 1.20000000 5.30849700E+002
5.70000000 1.30000000 4.87976200E+002
5.70000000 1.40000000 4.47753700E+002
5.70000000 1.50000000 4.10070600E+002
5.70000000 1.60000000 3.74817700E+002
5.70000000 1.70000000 3.41888200E+002
5.70000000 1.80000000 3.11177700E+002
5.70000000 1.90000000 2.82584200E+002
5.70000000 2.00000000 2.56008100E+002
5.70000000 2.10000000 2.31352200E+002
5.70000000 2.20000000 2.08521700E+002
5.70000000 2.30000000 1.87424200E+002
5.70000000 2.40000000 1.67969700E+002
5.70000000 2.50000000 1.50070600E+002
5.70000000 2.60000000 1.33641700E+002
5.70000000 2.70000000 1.18600200E+002
5.70000000 2.80000000 1.04865700E+002
5.70000000 2.90000000 9.23602000E+001
5.70000000 3.00000000 8.10081000E+001
5.70000000 3.10000000 7.07362000E+001
5.70000000 3.20000000 6.14737000E+001
5.70000000 3.30000000 5.31522000E+001
5.70000000 3.40000000 4.57057000E+001
5.70000000 3.50000000 3.90706000E+001
5.70000000 3.60000000 3.31857000E+001
5.70000000 3.70000000 2.79922000E+001
5.70000000 3.80000000 2.34337000E+001
5.70000000 3.90000000 1.94562000E+001
5.70000000 4.00000000 1.60081000E+001
5.70000000 4.10000000 1.30402000E+001
5.70000000 4.20000000 1.05057000E+001
5.70000000 4.30000000 8.36020000E+000
5.70000000 4.40000000 6.56170000E+000
5.70000000 4.50000000 5.07060000E+000
5.70000000 4.60000000 3.84970000E+000
5.70000000 4.70000000 2.86420000E+000
5.70000000 4.80000000 2.08170000E+000
5.70000000 4.90000000 1.47220000E+000
5.70000000 5.00000000 1.00810000E+000
5.70000000 5.10000000 6.64200000E-001
5.70000000 5.20000000 4.17700000E-001
5.70000000 5.30000000 2.48200000E-001
5.70000000 5.40000000 1.37700000E-001
5.70000000 5.50000000 7.06000000E-002
5.70000000 5.60000000 3.37000000E-002
5.70000000 5.70000000 1.62000000E-002
5.70000000 5.80000000 9.70000000E-003
5.70000000 5.90000000 8.20000000E-003
5.70000000 6.00000000 8.10000000E-003
5.70000000 6.10000000 8.20000000E-003
5.70000000 6.20000000 9.70000000E-003
5.70000000 6.30000000 1.62000000E-002
5.70000000 6.40000000 3.37000000E-002
5.70000000 6.50000000 7.06000000E-002
5.70000000 6.60000000 1.37700000E-001
5.70000000 6.70000000 2.48200000E-001
5.70000000 6.80000000 4.17700000E-001
5.70000000 6.90000000 6.64200000E-001
5.70000000 7.00000000 1.00810000E+000
5.70000000 7.10000000 1.47220000E+000
5.70000000 7.20000000 2.08170000E+000
5.70000000 7.30000000 2.86420000E+000
5.70000000 7.40000000 3.84970000E+000
5.70000000 7.50000000 5.07060000E+000
5.70000000 7.60000000 6.56170000E+000
5.70000000 7.70000000 8.36020000E+000
5.70000000 7.80000000 1.05057000E+001
5.70000000 7.90000000 1.30402000E+001
5.70000000 8.00000000 1.60081000E+001
5.70000000 8.10000000 1.94562000E+001
5.70000000 8.20000000 2.34337000E+001
5.70000000 8.30000000 2.79922000E+001
5.70000000 8.40000000 3.31857000E+001
5.70000000 8.50000000 3.90706000E+001
5.70000000 8.60000000 4.57057000E+001
5.70000000 8.70000000 5.31522000E+001
5.70000000 8.80000000 6.14737000E+001
5.70000000 8.90000000 7.07362000E+001
5.70000000 9.00000000 8.10081000E+001
5.70000000 9.10000000 9.23602000E+001
5.70000000 9.20000000 1.04865700E+002
5.70000000 9.30000000 1.18600200E+002
5.70000000 9.40000000 1.33641700E+002
5.70000000 9.50000000 1.50070600E+002
5.70000000 9.60000000 1.67969700E+002
5.70000000 9.70000000 1.87424200E+002
5.70000000 9.80000000 2.08521700E+002
5.70000000 9.90000000 2.31352200E+002
5.70000000 10.00000000 2.56008100E+002
5.70000000 10.10000000 2.82584200E+002
5.70000000 10.20000000 3.11177700E+002
5.70000000 10.30000000 3.41888200E+002
5.70000000 10.40000000 3.74817700E+002
5.70000000 10.50000000 4.10070600E+002
5.70000000 10.60000000 4.47753700E+002
5.70000000 10.70000000 4.87976200E+002
5.70000000 10.80000000 5.30849700E+002
5.70000000 10.90000000 5.76488200E+002
5.70000000 11.00000000 6.25008100E+002
5.80000000 1.00000000 6.25001600E+002
5.80000000 1.10000000 5.76481700E+002
5.80000000 1.20000000 5.30843200E+002
5.80000000 1.30000000 4.87969700E+002
5.80000000 1.40000000 4.47747200E+002
5.80000000 1.50000000 4.10064100E+002
5.80000000 1.60000000 3.74811200E+002
5.80000000 1.70000000 3.41881700E+002
5.80000000 1.80000000 3.11171200E+002
5.80000000 1.90000000 2.82577700E+002
5.80000000 2.00000000 2.56001600E+002
5.80000000 2.10000000 2.31345700E+002
5.80000000 2.20000000 2.08515200E+002
5.80000000 2.30000000 1.87417700E+002
5.80000000 2.40000000 1.67963200E+002
5.80000000 2.50000000 1.50064100E+002
5.80000000 2.60000000 1.33635200E+002
5.80000000 2.70000000 1.18593700E+002
5.80000000 2.80000000 1.04859200E+002
5.80000000 2.90000000 9.23537000E+001
5.80000000 3.00000000 8.10016000E+001
5.80000000 3.10000000 7.07297000E+001
5.80000000 3.20000000 6.14672000E+001
5.80000000 3.30000000 5.31457000E+001
5.80000000 3.40000000 4.56992000E+001
5.80000000 3.50000000 3.90641000E+001
5.80000000 3.60000000 3.31792000E+001
5.80000000 3.70000000 2.79857000E+001
5.80000000 3.80000000 2.34272000E+001
5.80000000 3.90000000 1.94497000E+001
5.80000000 4.00000000 1.60016000E+001
5.80000000 4.10000000 1.30337000E+001
5.80000000 4.20000000 1.04992000E+001
5.80000000 4.30000000 8.35370000E+000
5.80000000 4.40000000 6.55520000E+000
5.80000000 4.50000000 5.06410000E+000
5.80000000 4.60000000 3.84320000E+000
5.80000000 4.70000000 2.85770000E+000
5.80000000 4.80000000 2.07520000E+000
5.80000000 4.90000000 1.46570000E+000
5.80000000 5.00000000 1.00160000E+000
5.80000000 5.10000000 6.57700000E-001
5.80000000 5.20000000 4.11200000E-001
5.80000000 5.30000000 2.41700000E-001
5.80000000 5.40000000 1.31200000E-001
5.80000000 5.50000000 6.41000000E-002
5.80000000 5.60000000 2.72000000E-002
5.80000000 5.70000000 9.70000000E-003
5.80000000 5.80000000 3.20000000E-003
5.80000000 5.90000000 1.70000000E-003
5.80000000 6.00000000 1.60000000E-003
5.80000000 6.10000000 1.70000000E-003
5.80000000 6.20000000 3.20000000E-003
5.80000000 6.30000000 9.70000000E-003
5.80000000 6.40000000 2.72000000E-002
5.80000000 6.50000000 6.41000000E-002
5.80000000 6.60000000 1.31200000E-001
5.80000000 6.70000000 2.41700000E-001
5.80000000 6.80000000 4.11200000E-001
5.80000000 6.90000000 6.57700000E-001
5.80000000 7.00000000 1.00160000E+000
5.80000000 7.10000000 1.46570000E+000
5.80000000 7.20000000 2.07520000E+000
5.80000000 7.30000000 2.85770000E+000
5.80000000 7.40000000 3.84320000E+000
5.80000000 7.50000000 5.06410000E+000
5.80000000 7.60000000 6.55520000E+000
5.80000000 7.70000000 8.35370000E+000
5.80000000 7.80000000 1.04992000E+001
5.80000000 7.90000000 1.30337000E+001
5.80000000 8.00000000 1.60016000E+001
5.80000000 8.10000000 1.94497000E+001
5.80000000 8.20000000 2.34272000E+001
5.80000000 8.30000000 2.79857000E+001
5.80000000 8.40000000 3.31792000E+001
5.80000000 8.50000000 3.90641000E+001
5.80000000 8.60000000 4.56992000E+001
5.80000000 8.70000000 5.31457000E+001
5.80000000 8.80000000 6.14672000E+001
5.80000000 8.90000000 7.07297000E+001
5.80000000 9.00000000 8.10016000E+001
5.80000000 9.10000000 9.23537000E+001
5.80000000 9.20000000 1.04859200E+002
5.80000000 9.30000000 1.18593700E+002
5.80000000 9.40000000 1.33635200E+002
5.80000000 9.50000000 1.50064100E+002
5.80000000 9.60000000 1.67963200E+002
5.80000000 9.70000000 1.87417700E+002
5.80000000 9.80000000 2.08515200E+002
5.80000000 9.90000000 2.31345700E+002
5.80000000 10.00000000 2.56001600E+002
5.80000000 10.10000000 2.82577700E+002
5.80000000 10.20000000 3.11171200E+002
5.80000000 10.30000000 3.41881700E+002
5.80000000 10.40000000 3.74811200E+002
5.80000000 10.50000000 4.10064100E+002
5.80000000 10.60000000 4.47747200E+002
5.80000000 10.70000000 4.87969700E+002
5.80000000 10.80000000 5.30843200E+002
5.80000000 10.90000000 5.76481700E+002
5.80000000 11.00000000 6.25001600E+002
5.90000000 1.00000000 6.25000100E+002
5.90000000 1.10000000 5.76480200E+002
5.90000000 1.20000000 5.30841700E+002
5.90000000 1.30000000 4.87968200E+002
5.90000000 1.40000000 4.47745700E+002
5.90000000 1.50000000 4.10062600E+002
5.90000000 1.60000000 3.74809700E+002
5.90000000 1.70000000 3.41880200E+002
5.90000000 1.80000000 3.11169700E+002
5.90000000 1.90000000 2.82576200E+002
5.90000000 2.00000000 2.56000100E+002
5.90000000 2.10000000 2.31344200E+002
5.90000000 2.20000000 2.08513700E+002
5.90000000 2.30000000 1.87416200E+002
5.90000000 2.40000000 1.67961700E+002
5.90000000 2.50000000 1.50062600E+002
5.90000000 2.60000000 1.33633700E+002
5.90000000 2.70000000 1.18592200E+002
5.90000000 2.80000000 1.04857700E+002
5.90000000 2.90000000 9.23522000E+001
5.90000000 3.00000000 8.10001000E+001
5.90000000 3.10000000 7.07282000E+001
5.90000000 3.20000000 6.14657000E+001
5.90000000 3.30000000 5.31442000E+001
5.90000000 3.40000000 4.56977000E+001
5.90000000 3.50000000 3.90626000E+001
5.90000000 3.60000000 3.31777000E+001
5.90000000 3.70000000 2.79842000E+001
5.90000000 3.80000000 2.34257000E+001
5.90000000 3.90000000 1.94482000E+001
5.90000000 4.00000000 1.60001000E+001
5.90000000 4.10000000 1.30322000E+001
5.90000000 4.20000000 1.04977000E+001
5.90000000 4.30000000 8.35220000E+000
5.90000000 4.40000000 6.55370000E+000
5.90000000 4.50000000 5.06260000E+000
5.90000000 4.60000000 3.84170000E+000
5.90000000 4.70000000 2.85620000E+000
5.90000000 4.80000000 2.07370000E+000
5.90000000 4.90000000 1.46420000E+000
5.90000000 5.00000000 1.00010000E+000
5.90000000 5.10000000 6.56200000E-001
5.90000000 5.20000000 4.09700000E-001
5.90000000 5.30000000 2.40200000E-001
5.90000000 5.40000000 1.29700000E-001
5.90000000 5.50000000 6.26000000E-002
5.90000000 5.60000000 2.57000000E-002
5.90000000 5.70000000 8.20000000E-003
5.90000000 5.80000000 1.70000000E-003
5.90000000 5.90000000 2.00000000E-004
5.90000000 6.00000000 1.00000000E-004
5.90000000 6.10000000 2.00000000E-004
5.90000000 6.20000000 1.70000000E-003
5.90000000 6.30000000 8.20000000E-003
5.90000000 6.40000000 2.57000000E-002
5.90000000 6.50000000 6.26000000E-002
5.90000000 6.60000000 1.29700000E-001
5.90000000 6.70000000 2.40200000E-001
5.90000000 6.80000000 4.09700000E-001
5.90000000 6.90000000 6.56200000E-001
5.90000000 7.00000000 1.00010000E+000
5.90000000 7.10000000 1.46420000E+000
5.90000000 7.20000000 2.07370000E+000
5.90000000 7.30000000 2.85620000E+000
5.90000000 7.40000000 3.84170000E+000
5.90000000 7.50000000 5.06260000E+000
5.90000000 7.60000000 6.55370000E+000
5.90000000 7.70000000 8.35220000E+000
5.90000000 7.80000000 1.04977000E+001
5.90000000 7.90000000 1.30322000E+001
5.90000000 8.00000000 1.60001000E+001
5.90000000 8.10000000 1.94482000E+001
5.90000000 8.20000000 2.34257000E+001
5.90000000 8.30000000 2.79842000E+001
5.90000000 8.40000000 3.31777000E+001
5.90000000 8.50000000 3.90626000E+001
5.90000000 8.60000000 4.56977000E+001
5.90000000 8.70000000 5.31442000E+001
5.90000000 8.80000000 6.14657000E+001
5.90000000 8.90000000 7.07282000E+001
5.90000000 9.00000000 8.10001000E+001
5.90000000 9.10000000 9.23522000E+001
5.90000000 9.20000000 1.04857700E+002
5.90000000 9.30000000 1.18592200E+002
5.90000000 9.40000000 1.33633700E+002
5.90000000 9.50000000 1.50062600E+002
5.90000000 9.60000000 1.67961700E+002
5.90000000 9.70000000 1.87416200E+002
5.90000000 9.80000000 2.08513700E+002
5.90000000 9.90000000 2.31344200E+002
5.90000000 10.00000000 2.56000100E+002
5.90000000 10.10000000 2.82576200E+002
5.90000000 10.20000000 3.11169700E+002
5.90000000 10.30000000 3.41880200E+002
5.90000000 10.40000000 3.74809700E+002
5.90000000 10.50000000 4.10062600E+002
5.90000000 10.60000000 4.47745700E+002
5.90000000 10.70000000 4.87968200E+002
5.90000000 10.80000000 5.30841700E+002
5.90000000 10.90000000 5.76480200E+002
5.90000000 11.00000000 6.25000100E+002
6.00000000 1.00000000 6.25000000E+002
6.00000000 1.10000000 5.76480100E+002
6.00000000 1.20000000 5.30841600E+002
6.00000000 1.30000000 4.87968100E+002
6.00000000 1.40000000 4.47745600E+002
6.00000000 1.50000000 4.10062500E+002
6.00000000 1.60000000 3.74809600E+002
6.00000000 1.70000000 3.41880100E+002
6.00000000 1.80000000 3.11169600E+002
6.00000000 1.90000000 2.82576100E+002
6.00000000 2.00000000 2.56000000E+002
6.00000000 2.10000000 2.31344100E+002
6.00000000 2.20000000 2.08513600E+002
6.00000000 2.30000000 1.87416100E+002
6.00000000 2.40000000 1.67961600E+002
6.00000000 2.50000000 1.50062500E+002
6.00000000 2.60000000 1.33633600E+002
6.00000000 2.70000000 1.18592100E+002
6.00000000 2.80000000 1.04857600E+002
6.00000000 2.90000000 9.23521000E+001
6.00000000 3.00000000 8.10000000E+001
6.00000000 3.10000000 7.07281000E+001
6.00000000 3.20000000 6.14656000E+001
6.00000000 3.30000000 5.31441000E+001
6.00000000 3.40000000 4.56976000E+001
6.00000000 3.50000000 3.90625000E+001
6.00000000 3.60000000 3.31776000E+001
6.00000000 3.70000000 2.79841000E+001
6.00000000 3.80000000 2.34256000E+001
6.00000000 3.90000000 1.94481000E+001
6.00000000 4.00000000 1.60000000E+001
6.00000000 4.10000000 1.30321000E+001
6.00000000 4.20000000 1.04976000E+001
6.00000000 4.30000000 8.35210000E+000
6.00000000 4.40000000 6.55360000E+000
6.00000000 4.50000000 5.06250000E+000
6.00000000 4.60000000 3.84160000E+000
6.00000000 4.70000000 2.85610000E+000
6.00000000 4.80000000 2.07360000E+000
6.00000000 4.90000000 1.46410000E+000
6.00000000 5.00000000 1.00000000E+000
6.00000000 5.10000000 6.56100000E-001
6.00000000 5.20000000 4.09600000E-001
6.00000000 5.30000000 2.40100000E-001
6.00000000 5.40000000 1.29600000E-001
6.00000000 5.50000000 6.25000000E-002
6.00000000 5.60000000 2.56000000E-002
6.00000000 5.70000000 8.10000000E-003
6.00000000 5.80000000 1.60000000E-003
6.00000000 5.90000000 1.00000000E-004
6.00000000 6.00000000 0.00000000E+000
6.00000000 6.10000000 1.00000000E-004
6.00000000 6.20000000 1.60000000E-003
6.00000000 6.30000000 8.10000000E-003
6.00000000 6.40000000 2.56000000E-002
6.00000000 6.50000000 6.25000000E-002
6.00000000 6.60000000 1.29600000E-001
6.00000000 6.70000000 2.40100000E-001
6.00000000 6.80000000 4.09600000E-001
6.00000000 6.90000000 6.56100000E-001
6.00000000 7.00000000 1.00000000E+000
6.00000000 7.10000000 1.46410000E+000
6.00000000 7.20000000 2.07360000E+000
6.00000000 7.30000000 2.85610000E+000
6.00000000 7.40000000 3.84160000E+000
6.00000000 7.50000000 5.06250000E+000
6.00000000 7.60000000 6.55360000E+000
6.00000000 7.70000000 8.35210000E+000
6.00000000 7.80000000 1.04976000E+001
6.00000000 7.90000000 1.30321000E+001
6.00000000 8.00000000 1.60000000E+001
6.00000000 8.10000000 1.94481000E+001
6.00000000 8.20000000 2.34256000E+001
6.00000000 8.30000000 2.79841000E+001
6.00000000 8.40000000 3.31776000E+001
6.00000000 8.50000000 3.90625000E+001
6.00000000 8.60000000 4.56976000E+001
6.00000000 8.70000000 5.31441000E+001
6.00000000 8.80000000 6.14656000E+001
6.00000000 8.90000000 7.07281000E+001
6.00000000 9.00000000 8.10000000E+001
6.00000000 9.10000000 9.23521000E+001
6.00000000 9.20000000 1.04857600E+002
6.00000000 9.30000000 1.18592100E+002
6.00000000 9.40000000 1.33633600E+002
6.00000000 9.50000000 1.50062500E+002
6.00000000 9.60000000 1.67961600E+002
6.00000000 9.70000000 1.87416100E+002
6.00000000 9.80000000 2.08513600E+002
6.00000000 9.90000000 2.31344100E+002
6.00000000 10.00000000 2.56000000E+002
6.00000000 10.10000000 2.82576100E+002
6.00000000 10.20000000 3.11169600E+002
6.00000000 10.30000000 3.41880100E+002
6.00000000 10.40000000 3.74809600E+002
6.00000000 10.50000000 4.10062500E+002
6.00000000 10.60000000 4.47745600E+002
6.00000000 10.70000000 4.87968100E+002
6.00000000 10.80000000 5.30841600E+002
6.00000000 10.90000000 5.76480100E+002
6.00000000 11.00000000 6.25000000E+002
6.10000000 1.00000000 6.25000100E+002
6.10000000 1.10000000 5.76480200E+002
6.10000000 1.20000000 5.30841700E+002
6.10000000 1.30000000 4.87968200E+002
6.10000000 1.40000000 4.47745700E+002
6.10000000 1.50000000 4.10062600E+002
6.10000000 1.60000000 3.74809700E+002
6.10000000 1.70000000 3.41880200E+002
6.10000000 1.80000000 3.11169700E+002
6.10000000 1.90000000 2.82576200E+002
6.10000000 2.00000000 2.56000100E+002
6.10000000 2.10000000 2.31344200E+002
6.10000000 2.20000000 2.08513700E+002
6.10000000 2.30000000 1.87416200E+002
6.10000000 2.40000000 1.67961700E+002
6.10000000 2.50000000 1.50062600E+002
6.10000000 2.60000000 1.33633700E+002
6.10000000 2.70000000 1.18592200E+002
6.10000000 2.80000000 1.04857700E+002
6.10000000 2.90000000 9.23522000E+001
6.10000000 3.00000000 8.10001000E+001
6.10000000 3.10000000 7.07282000E+001
6.10000000 3.20000000 6.14657000E+001
6.10000000 3.30000000 5.31442000E+001
6.10000000 3.40000000 4.56977000E+001
6.10000000 3.50000000 3.90626000E+001
6.10000000 3.60000000 3.31777000E+001
6.10000000 3.70000000 2.79842000E+001
6.10000000 3.80000000 2.34257000E+001
6.10000000 3.90000000 1.94482000E+001
6.10000000 4.00000000 1.60001000E+001
6.10000000 4.10000000 1.30322000E+001
6.10000000 4.20000000 1.04977000E+001
6.10000000 4.30000000 8.35220000E+000
6.10000000 4.40000000 6.55370000E+000
6.10000000 4.50000000 5.06260000E+000
6.10000000 4.60000000 3.84170000E+000
6.10000000 4.70000000 2.85620000E+000
6.10000000 4.80000000 2.07370000E+000
6.10000000 4.90000000 1.46420000E+000
6.10000000 5.00000000 1.00010000E+000
6.10000000 5.10000000 6.56200000E-001
6.10000000 5.20000000 4.09700000E-001
6.10000000 5.30000000 2.40200000E-001
6.10000000 5.40000000 1.29700000E-001
6.10000000 5.50000000 6.26000000E-002
6.10000000 5.60000000 2.57000000E-002
6.10000000 5.70000000 8.20000000E-003
6.10000000 5.80000000 1.70000000E-003
6.10000000 5.90000000 2.00000000E-004
6.10000000 6.00000000 1.00000000E-004
6.10000000 6.10000000 2.00000000E-004
6.10000000 6.20000000 1.70000000E-003
6.10000000 6.30000000 8.20000000E-003
6.10000000 6.40000000 2.57000000E-002
6.10000000 6.50000000 6.26000000E-002
6.10000000 6.60000000 1.29700000E-001
6.10000000 6.70000000 2.40200000E-001
6.10000000 6.80000000 4.09700000E-001
6.10000000 6.90000000 6.56200000E-001
6.10000000 7.00000000 1.00010000E+000
6.10000000 7.10000000 1.46420000E+000
6.10000000 7.20000000 2.07370000E+000
6.10000000 7.30000000 2.85620000E+000
6.10000000 7.40000000 3.84170000E+000
6.10000000 7.50000000 5.06260000E+000
6.10000000 7.60000000 6.55370000E+000
6.10000000 7.70000000 8.35220000E+000
6.10000000 7.80000000 1.04977000E+001
6.10000000 7.90000000 1.30322000E+001
6.10000000 8.00000000 1.60001000E+001
6.10000000 8.10000000 1.94482000E+001
6.10000000 8.20000000 2.34257000E+001
6.10000000 8.30000000 2.79842000E+001
6.10000000 8.40000000 3.31777000E+001
6.10000000 8.50000000 3.90626000E+001
6.10000000 8.60000000 4.56977000E+001
6.10000000 8.70000000 5.31442000E+001
6.10000000 8.80000000 6.14657000E+001
6.10000000 8.90000000 7.07282000E+001
6.10000000 9.00000000 8.10001000E+001
6.10000000 9.10000000 9.23522000E+001
6.10000000 9.20000000 1.04857700E+002
6.10000000 9.30000000 1.18592200E+002
6.10000000 9.40000000 1.33633700E+002
6.10000000 9.50000000 1.50062600E+002
6.10000000 9.60000000 1.67961700E+002
6.10000000 9.70000000 1.87416200E+002
6.10000000 9.80000000 2.08513700E+002
6.10000000 9.90000000 2.31344200E+002
6.10000000 10.00000000 2.56000100E+002
6.10000000 10.10000000 2.82576200E+002
6.10000000 10.20000000 3.11169700E+002
6.10000000 10.30000000 3.41880200E+002
6.10000000 10.40000000 3.74809700E+002
6.10000000 10.50000000 4.10062600E+002
6.10000000 10.60000000 4.47745700E+002
6.10000000 10.70000000 4.87968200E+002
6.10000000 10.80000000 5.30841700E+002
6.10000000 10.90000000 5.76480200E+002
6.10000000 11.00000000 6.25000100E+002
6.20000000 1.00000000 6.25001600E+002
6.20000000 1.10000000 5.76481700E+002
6.20000000 1.20000000 5.30843200E+002
6.20000000 1.30000000 4.87969700E+002
6.20000000 1.40000000 4.47747200E+002
6.20000000 1.50000000 4.10064100E+002
6.20000000 1.60000000 3.74811200E+002
6.20000000 1.70000000 3.41881700E+002
6.20000000 1.80000000 3.11171200E+002
6.20000000 1.90000000 2.82577700E+002
6.20000000 2.00000000 2.56001600E+002
6.20000000 2.10000000 2.31345700E+002
6.20000000 2.20000000 2.08515200E+002
6.20000000 2.30000000 1.87417700E+002
6.20000000 2.40000000 1.67963200E+002
6.20000000 2.50000000 1.50064100E+002
6.20000000 2.60000000 1.33635200E+002
6.20000000 2.70000000 1.18593700E+002
6.20000000 2.80000000 1.04859200E+002
6.20000000 2.90000000 9.23537000E+001
6.20000000 3.00000000 8.10016000E+001
6.20000000 3.10000000 7.07297000E+001
6.20000000 3.20000000 6.14672000E+001
6.20000000 3.30000000 5.31457000E+001
6.20000000 3.40000000 4.56992000E+001
6.20000000 3.50000000 3.90641000E+001
6.20000000 3.60000000 3.31792000E+001
6.20000000 3.70000000 2.79857000E+001
6.20000000 3.80000000 2.34272000E+001
6.20000000 3.90000000 1.94497000E+001
6.20000000 4.00000000 1.60016000E+001
6.20000000 4.10000000 1.30337000E+001
6.20000000 4.20000000 1.04992000E+001
6.20000000 4.30000000 8.35370000E+000
6.20000000 4.40000000 6.55520000E+000
6.20000000 4.50000000 5.06410000E+000
6.20000000 4.60000000 3.84320000E+000
6.20000000 4.70000000 2.85770000E+000
6.20000000 4.80000000 2.07520000E+000
6.20000000 4.90000000 1.46570000E+000
6.20000000 5.00000000 1.00160000E+000
6.20000000 5.10000000 6.57700000E-001
6.20000000 5.20000000 4.11200000E-001
6.20000000 5.30000000 2.41700000E-001
6.20000000 5.40000000 1.31200000E-001
6.20000000 5.50000000 6.41000000E-002
6.20000000 5.60000000 2.72000000E-002
6.20000000 5.70000000 9.70000000E-003
6.20000000 5.80000000 3.20000000E-003
6.20000000 5.90000000 1.70000000E-003
6.20000000 6.00000000 1.60000000E-003
6.20000000 6.10000000 1.70000000E-003
6.20000000 6.20000000 3.20000000E-003
6.20000000 6.30000000 9.70000000E-003
6.20000000 6.40000000 2.72000000E-002
6.20000000 6.50000000 6.41000000E-002
6.20000000 6.60000000 1.31200000E-001
6.20000000 6.70000000 2.41700000E-001
6.20000000 6.80000000 4.11200000E-001
6.20000000 6.90000000 6.57700000E-001
6.20000000 7.00000000 1.00160000E+000
6.20000000 7.10000000 1.46570000E+000
6.20000000 7.20000000 2.07520000E+000
6.20000000 7.30000000 2.85770000E+000
6.20000000 7.40000000 3.84320000E+000
6.20000000 7.50000000 5.06410000E+000
6.20000000 7.60000000 6.55520000E+000
6.20000000 7.70000000 8.35370000E+000
6.20000000 7.80000000 1.04992000E+001
6.20000000 7.90000000 1.30337000E+001
6.20000000 8.00000000 1.60016000E+001
6.20000000 8.10000000 1.94497000E+001
6.20000000 8.20000000 2.34272000E+001
6.20000000 8.30000000 2.79857000E+001
6.20000000 8.40000000 3.31792000E+001
6.20000000 8.50000000 3.90641000E+001
6.20000000 8.60000000 4.56992000E+001
6.20000000 8.70000000 5.31457000E+001
6.20000000 8.80000000 6.14672000E+001
6.20000000 8.90000000 7.07297000E+001
6.20000000 9.00000000 8.10016000E+001
6.20000000 9.10000000 9.23537000E+001
6.20000000 9.20000000 1.04859200E+002
6.20000000 9.30000000 1.18593700E+002
6.20000000 9.40000000 1.33635200E+002
6.20000000 9.50000000 1.50064100E+002
6.20000000 9.60000000 1.67963200E+002
6.20000000 9.70000000 1.87417700E+002
6.20000000 9.80000000 2.08515200E+002
6.20000000 9.90000000 2.31345700E+002
6.20000000 10.00000000 2.56001600E+002
6.20000000 10.10000000 2.82577700E+002
6.20000000 10.20000000 3.11171200E+002
6.20000000 10.30000000 3.41881700E+002
6.20000000 10.40000000 3.74811200E+002
6.20000000 10.50000000 4.10064100E+002
6.20000000 10.60000000 4.47747200E+002
6.20000000 10.70000000 4.87969700E+002
6.20000000 10.80000000 5.30843200E+002
6.20000000 10.90000000 5.76481700E+002
6.20000000 11.00000000 6.25001600E+002
6.30000000 1.00000000 6.25008100E+002
6.30000000 1.10000000 5.76488200E+002
6.30000000 1.20000000 5.30849700E+002
6.30000000 1.30000000 4.87976200E+002
6.30000000 1.40000000 4.47753700E+002
6.30000000 1.50000000 4.10070600E+002
6.30000000 1.60000000 3.74817700E+002
6.30000000 1.70000000 3.41888200E+002
6.30000000 1.80000000 3.11177700E+002
6.30000000 1.90000000 2.82584200E+002
6.30000000 2.00000000 2.56008100E+002
6.30000000 2.10000000 2.31352200E+002
6.30000000 2.20000000 2.08521700E+002
6.30000000 2.30000000 1.87424200E+002
6.30000000 2.40000000 1.67969700E+002
6.30000000 2.50000000 1.50070600E+002
6.30000000 2.60000000 1.33641700E+002
6.30000000 2.70000000 1.18600200E+002
6.30000000 2.80000000 1.04865700E+002
6.30000000 2.90000000 9.23602000E+001
6.30000000 3.00000000 8.10081000E+001
6.30000000 3.10000000 7.07362000E+001
6.30000000 3.20000000 6.14737000E+001
6.30000000 3.30000000 5.31522000E+001
6.30000000 3.40000000 4.57057000E+001
6.30000000 3.50000000 3.90706000E+001
6.30000000 3.60000000 3.31857000E+001
6.30000000 3.70000000 2.79922000E+001
6.30000000 3.80000000 2.34337000E+001
6.30000000 3.90000000 1.94562000E+001
6.30000000 4.00000000 1.60081000E+001
6.30000000 4.10000000 1.30402000E+001
6.30000000 4.20000000 1.05057000E+001
6.30000000 4.30000000 8.36020000E+000
6.30000000 4.40000000 6.56170000E+000
6.30000000 4.50000000 5.07060000E+000
6.30000000 4.60000000 3.84970000E+000
6.30000000 4.70000000 2.86420000E+000
6.30000000 4.80000000 2.08170000E+000
6.30000000 4.90000000 1.47220000E+000
6.30000000 5.00000000 1.00810000E+000
6.30000000 5.10000000 6.64200000E-001
6.30000000 5.20000000 4.17700000E-001
6.30000000 5.30000000 2.48200000E-001
6.30000000 5.40000000 1.37700000E-001
6.30000000 5.50000000 7.06000000E-002
6.30000000 5.60000000 3.37000000E-002
6.30000000 5.70000000 1.62000000E-002
6.30000000 5.80000000 9.70000000E-003
6.30000000 5.90000000 8.20000000E-003
6.30000000 6.00000000 8.10000000E-003
6.30000000 6.10000000 8.20000000E-003
6.30000000 6.20000000 9.70000000E-003
6.30000000 6.30000000 1.62000000E-002
6.30000000 6.40000000 3.37000000E-002
6.30000000 6.50000000 7.06000000E-002
6.30000000 6.60000000 1.37700000E-001
6.30000000 6.70000000 2.48200000E-001
6.30000000 6.80000000 4.17700000E-001
6.30000000 6.90000000 6.64200000E-001
6.30000000 7.00000000 1.00810000E+000
6.30000000 7.10000000 1.47220000E+000
6.30000000 7.20000000 2.08170000E+000
6.30000000 7.30000000 2.86420000E+000
6.30000000 7.40000000 3.84970000E+000
6.30000000 7.50000000 5.07060000E+000
6.30000000 7.60000000 6.56170000E+000
6.30000000 7.70000000 8.36020000E+000
6.30000000 7.80000000 1.05057000E+001
6.30000000 7.90000000 1.30402000E+001
6.30000000 8.00000000 1.60081000E+001
6.30000000 8.10000000 1.94562000E+001
6.30000000 8.20000000 2.34337000E+001
6.30000000 8.30000000 2.79922000E+001
6.30000000 8.40000000 3.31857000E+001
6.30000000 8.50000000 3.90706000E+001
6.30000000 8.60000000 4.57057000E+001
6.30000000 8.70000000 5.31522000E+001
6.30000000 8.80000000 6.14737000E+001
6.30000000 8.90000000 7.07362000E+001
6.30000000 9.00000000 8.10081000E+001
6.30000000 9.10000000 9.23602000E+001
6.30000000 9.20000000 1.04865700E+002
6.30000000 9.30000000 1.18600200E+002
6.30000000 9.40000000 1.33641700E+002
6.30000000 9.50000000 1.50070600E+002
6.30000000 9.60000000 1.67969700E+002
6.30000000 9.70000000 1.87424200E+002
6.30000000 9.80000000 2.08521700E+002
6.30000000 9.90000000 2.31352200E+002
6.30000000 10.00000000 2.56008100E+002
6.30000000 10.10000000 2.82584200E+002
6.30000000 10.20000000 3.11177700E+002
6.30000000 10.30000000 3.41888200E+002
6.30000000 10.40000000 3.74817700E+002
6.30000000 10.50000000 4.10070600E+002
6.30000000 10.60000000 4.47753700E+002
6.30000000 10.70000000 4.87976200E+002
6.30000000 10.80000000 5.30849700E+002
6.30000000 10.90000000 5.76488200E+002
6.30000000 11.00000000 6.25008100E+002
6.40000000 1.00000000 6.25025600E+002
6.40000000 1.10000000 5.76505700E+002
6.40000000 1.20000000 5.30867200E+002
6.40000000 1.30000000 4.87993700E+002
6.40000000 1.40000000 4.47771200E+002
6.40000000 1.50000000 4.10088100E+002
6.40000000 1.60000000 3.74835200E+002
6.40000000 1.70000000 3.41905700E+002
6.40000000 1.80000000 3.11195200E+002
6.40000000 1.90000000 2.82601700E+002
6.40000000 2.00000000 2.56025600E+002
6.40000000 2.10000000 2.31369700E+002
6.40000000 2.20000000 2.08539200E+002
6.40000000 2.30000000 1.87441700E+002
6.40000000 2.40000000 1.67987200E+002
6.40000000 2.50000000 1.50088100E+002
6.40000000 2.60000000 1.33659200E+002
6.40000000 2.70000000 1.18617700E+002
6.40000000 2.80000000 1.04883200E+002
6.40000000 2.90000000 9.23777000E+001
6.40000000 3.00000000 8.10256000E+001
6.40000000 3.10000000 7.07537000E+001
6.40000000 3.20000000 6.14912000E+001
6.40000000 3.30000000 5.31697000E+001
6.40000000 3.40000000 4.57232000E+001
6.40000000 3.50000000 3.90881000E+001
6.40000000 3.60000000 3.32032000E+001
6.40000000 3.70000000 2.80097000E+001
6.40000000 3.80000000 2.34512000E+001
6.40000000 3.90000000 1.94737000E+001
6.40000000 4.00000000 1.60256000E+001
6.40000000 4.10000000 1.30577000E+001
6.40000000 4.20000000 1.05232000E+001
6.40000000 4.30000000 8.37770000E+000
6.40000000 4.40000000 6.57920000E+000
6.40000000 4.50000000 5.08810000E+000
6.40000000 4.60000000 3.86720000E+000
6.40000000 4.70000000 2.88170000E+000
6.40000000 4.80000000 2.09920000E+000
6.40000000 4.90000000 1.48970000E+000
6.40000000 5.00000000 1.02560000E+000
6.40000000 5.10000000 6.81700000E-001
6.40000000 5.20000000 4.35200000E-001
6.40000000 5.30000000 2.65700000E-001
6.40000000 5.40000000 1.55200000E-001
6.40000000 5.50000000 8.81000000E-002
6.40000000 5.60000000 5.12000000E-002
6.40000000 5.70000000 3.37000000E-002
6.40000000 5.80000000 2.72000000E-002
6.40000000 5.90000000 2.57000000E-002
6.40000000 6.00000000 2.56000000E-002
6.40000000 6.10000000 2.57000000E-002
6.40000000 6.20000000 2.72000000E-002
6.40000000 6.30000000 3.37000000E-002
6.40000000 6.40000000 5.12000000E-002
6.40000000 6.50000000 8.81000000E-002
6.40000000 6.60000000 1.55200000E-001
6.40000000 6.70000000 2.65700000E-001
6.40000000 6.80000000 4.35200000E-001
6.40000000 6.90000000 6.81700000E-001
6.40000000 7.00000000 1.02560000E+000
6.40000000 7.10000000 1.48970000E+000
6.40000000 7.20000000 2.09920000E+000
6.40000000 7.30000000 2.88170000E+000
6.40000000 7.40000000 3.86720000E+000
6.40000000 7.50000000 5.08810000E+000
6.40000000 7.60000000 6.57920000E+000
6.40000000 7.70000000 8.37770000E+000
6.40000000 7.80000000 1.05232000E+001
6.40000000 7.90000000 1.30577000E+001
6.40000000 8.00000000 1.60256000E+001
6.40000000 8.10000000 1.94737000E+001
6.40000000 8.20000000 2.34512000E+001
6.40000000 8.30000000 2.80097000E+001
6.40000000 8.40000000 3.32032000E+001
6.40000000 8.50000000 3.90881000E+001
6.40000000 8.60000000 4.57232000E+001
6.40000000 8.70000000 5.31697000E+001
6.40000000 8.80000000 6.14912000E+001
6.40000000 8.90000000 7.07537000E+001
6.40000000 9.00000000 8.10256000E+001
6.40000000 9.10000000 9.23777000E+001
6.40000000 9.20000000 1.04883200E+002
6.40000000 9.30000000 1.18617700E+002
6.40000000 9.40000000 1.33659200E+002
6.40000000 9.50000000 1.50088100E+002
6.40000000 9.60000000 1.67987200E+002
6.40000000 9.70000000 1.87441700E+002
6.40000000 9.80000000 2.08539200E+002
6.40000000 9.90000000 2.31369700E+002
6.40000000 10.00000000 2.56025600E+002
6.40000000 10.10000000 2.82601700E+002
6.40000000 10.20000000 3.11195200E+002
6.40000000 10.30000000 3.41905700E+002
6.40000000 10.40000000 3.74835200E+002
6.40000000 10.50000000 4.10088100E+002
6.40000000 10.60000000 4.47771200E+002
6.40000000 10.70000000 4.87993700E+002
6.40000000 10.80000000 5.30867200E+002
6.40000000 10.90000000 5.76505700E+002
6.40000000 11.00000000 6.25025600E+002
6.50000000 1.00000000 6.25062500E+002
6.50000000 1.10000000 5.76542600E+002
6.50000000 1.20000000 5.30904100E+002
6.50000000 1.30000000 4.88030600E+002
6.50000000 1.40000000 4.47808100E+002
6.50000000 1.50000000 4.10125000E+002
6.50000000 1.60000000 3.74872100E+002
6.50000000 1.70000000 3.41942600E+002
6.50000000 1.80000000 3.11232100E+002
6.50000000 1.90000000 2.82638600E+002
6.50000000 2.00000000 2.56062500E+002
6.50000000 2.10000000 2.31406600E+002
6.50000000 2.20000000 2.08576100E+002
6.50000000 2.30000000 1.87478600E+002
6.50000000 2.40000000 1.68024100E+002
6.50000000 2.50000000 1.50125000E+002
6.50000000 2.60000000 1.33696100E+002
6.50000000 2.70000000 1.18654600E+002
6.50000000 2.80000000 1.04920100E+002
6.50000000 2.90000000 9.24146000E+001
6.50000000 3.00000000 8.10625000E+001
6.50000000 3.10000000 7.07906000E+001
6.50000000 3.20000000 6.15281000E+001
6.50000000 3.30000000 5.32066000E+001
6.50000000 3.40000000 4.57601000E+001
6.50000000 3.50000000 3.91250000E+001
6.50000000 3.60000000 3.32401000E+001
6.50000000 3.70000000 2.80466000E+001
6.50000000 3.80000000 2.34881000E+001
6.50000000 3.90000000 1.95106000E+001
6.50000000 4.00000000 1.60625000E+001
6.50000000 4.10000000 1.30946000E+001
6.50000000 4.20000000 1.05601000E+001
6.50000000 4.30000000 8.41460000E+000
6.50000000 4.40000000 6.61610000E+000
6.50000000 4.50000000 5.12500000E+000
6.50000000 4.60000000 3.90410000E+000
6.50000000 4.70000000 2.91860000E+000
6.50000000 4.80000000 2.13610000E+000
6.50000000 4.90000000 1.52660000E+000
6.50000000 5.00000000 1.06250000E+000
6.50000000 5.10000000 7.18600000E-001
6.50000000 5.20000000 4.72100000E-001
6.50000000 5.30000000 3.02600000E-001
6.50000000 5.40000000 1.92100000E-001
6.50000000 5.50000000 1.25000000E-001
6.50000000 5.60000000 8.81000000E-002
6.50000000 5.70000000 7.06000000E-002
6.50000000 5.80000000 6.41000000E-002
6.50000000 5.90000000 6.26000000E-002
6.50000000 6.00000000 6.25000000E-002
6.50000000 6.10000000 6.26000000E-002
6.50000000 6.20000000 6.41000000E-002
6.50000000 6.30000000 7.06000000E-002
6.50000000 6.40000000 8.81000000E-002
6.50000000 6.50000000 1.25000000E-001
6.50000000 6.60000000 1.92100000E-001
6.50000000 6.70000000 3.02600000E-001
6.50000000 6.80000000 4.72100000E-001
6.50000000 6.90000000 7.18600000E-001
6.50000000 7.00000000 1.06250000E+000
6.50000000 7.10000000 1.52660000E+000
6.50000000 7.20000000 2.13610000E+000
6.50000000 7.30000000 2.91860000E+000
6.50000000 7.40000000 3.90410000E+000
6.50000000 7.50000000 5.12500000E+000
6.50000000 7.60000000 6.61610000E+000
6.50000000 7.70000000 8.41460000E+000
6.50000000 7.80000000 1.05601000E+001
6.50000000 7.90000000 1.30946000E+001
6.50000000 8.00000000 1.60625000E+001
6.50000000 8.10000000 1.95106000E+001
6.50000000 8.20000000 2.34881000E+001
6.50000000 8.30000000 2.80466000E+001
6.50000000 8.40000000 3.32401000E+001
6.50000000 8.50000000 3.91250000E+001
6.50000000 8.60000000 4.57601000E+001
6.50000000 8.70000000 5.32066000E+001
6.50000000 8.80000000 6.15281000E+001
6.50000000 8.90000000 7.07906000E+001
6.50000000 9.00000000 8.10625000E+001
6.50000000 9.10000000 9.24146000E+001
6.50000000 9.20000000 1.04920100E+002
6.50000000 9.30000000 1.18654600E+002
6.50000000 9.40000000 1.33696100E+002
6.50000000 9.50000000 1.50125000E+002
6.50000000 9.60000000 1.68024100E+002
6.50000000 9.70000000 1.87478600E+002
6.50000000 9.80000000 2.08576100E+002
6.50000000 9.90000000 2.31406600E+002
6.50000000 10.00000000 2.56062500E+002
6.50000000 10.10000000 2.82638600E+002
6.50000000 10.20000000 3.11232100E+002
6.50000000 10.30000000 3.41942600E+002
6.50000000 10.40000000 3.74872100E+002
6.50000000 10.50000000 4.10125000E+002
6.50000000 10.60000000 4.47808100E+002
6.50000000 10.70000000 4.88030600E+002
6.50000000 10.80000000 5.30904100E+002
6.50000000 10.90000000 5.76542600E+002
6.50000000 11.00000000 6.25062500E+002
6.60000000 1.00000000 6.25129600E+002
6.60000000 1.10000000 5.76609700E+002
6.60000000 1.20000000 5.30971200E+002
6.60000000 1.30000000 4.88097700E+002
6.60000000 1.40000000 4.47875200E+002
6.60000000 1.50000000 4.10192100E+002
6.60000000 1.60000000 3.74939200E+002
6.60000000 1.70000000 3.42009700E+002
6.60000000 1.80000000 3.11299200E+002
6.60000000 1.90000000 2.82705700E+002
6.60000000 2.00000000 2.56129600E+002
6.60000000 2.10000000 2.31473700E+002
6.60000000 2.20000000 2.08643200E+002
6.60000000 2.30000000 1.87545700E+002
6.60000000 2.40000000 1.68091200E+002
6.60000000 2.50000000 1.50192100E+002
6.60000000 2.60000000 1.33763200E+002
6.60000000 2.70000000 1.18721700E+002
6.60000000 2.80000000 1.04987200E+002
6.60000000 2.90000000 9.24817000E+001
6.60000000 3.00000000 8.11296000E+001
6.60000000 3.10000000 7.08577000E+001
6.60000000 3.20000000 6.15952000E+001
6.60000000 3.30000000 5.32737000E+001
6.60000000 3.40000000 4.58272000E+001
6.60000000 3.50000000 3.91921000E+001
6.60000000 3.60000000 3.33072000E+001
6.60000000 3.70000000 2.81137000E+001
6.60000000 3.80000000 2.35552000E+001
6.60000000 3.90000000 1.95777000E+001
6.60000000 4.00000000 1.61296000E+001
6.60000000 4.10000000 1.31617000E+001
6.60000000 4.20000000 1.06272000E+001
6.60000000 4.30000000 8.48170000E+000
6.60000000 4.40000000 6.68320000E+000
6.60000000 4.50000000 5.19210000E+000
6.60000000 4.60000000 3.97120000E+000
6.60000000 4.70000000 2.98570000E+000
6.60000000 4.80000000 2.20320000E+000
6.60000000 4.90000000 1.59370000E+000
6.60000000 5.00000000 1.12960000E+000
6.60000000 5.10000000 7.85700000E-001
6.60000000 5.20000000 5.39200000E-001
6.60000000 5.30000000 3.69700000E-001
6.60000000 5.40000000 2.59200000E-001
6.60000000 5.50000000 1.92100000E-001
6.60000000 5.60000000 1.55200000E-001
6.60000000 5.70000000 1.37700000E-001
6.60000000 5.80000000 1.31200000E-001
6.60000000 5.90000000 1.29700000E-001
6.60000000 6.00000000 1.29600000E-001
6.60000000 6.10000000 1.29700000E-001
6.60000000 6.20000000 1.31200000E-001
6.60000000 6.30000000 1.37700000E-001
6.60000000 6.40000000 1.55200000E-001
6.60000000 6.50000000 1.92100000E-001
6.60000000 6.60000000 2.59200000E-001
6.60000000 6.70000000 3.69700000E-001
6.60000000 6.80000000 5.39200000E-001
6.60000000 6.90000000 7.85700000E-001
6.60000000 7.00000000 1.12960000E+000
6.60000000 7.10000000 1.59370000E+000
6.60000000 7.20000000 2.20320000E+000
6.60000000 7.30000000 2.98570000E+000
6.60000000 7.40000000 3.97120000E+000
6.60000000 7.50000000 5.19210000E+000
6.60000000 7.60000000 6.68320000E+000
6.60000000 7.70000000 8.48170000E+000
6.60000000 7.80000000 1.06272000E+001
6.60000000 7.90000000 1.31617000E+001
6.60000000 8.00000000 1.61296000E+001
6.60000000 8.10000000 1.95777000E+001
6.60000000 8.20000000 2.35552000E+001
6.60000000 8.30000000 2.81137000E+001
6.60000000 8.40000000 3.33072000E+001
6.60000000 8.50000000 3.91921000E+001
6.60000000 8.60000000 4.58272000E+001
6.60000000 8.70000000 5.32737000E+001
6.60000000 8.80000000 6.15952000E+001
6.60000000 8.90000000 7.08577000E+001
6.60000000 9.00000000 8.11296000E+001
6.60000000 9.10000000 9.24817000E+001
6.60000000 9.20000000 1.04987200E+002
6.60000000 9.30000000 1.18721700E+002
6.60000000 9.40000000 1.33763200E+002
6.60000000 9.50000000 1.50192100E+002
6.60000000 9.60000000 1.68091200E+002
6.60000000 9.70000000 1.87545700E+002
6.60000000 9.80000000 2.08643200E+002
6.60000000 9.90000000 2.31473700E+002
6.60000000 10.00000000 2.56129600E+002
6.60000000 10.10000000 2.82705700E+002
6.60000000 10.20000000 3.11299200E+002
6.60000000 10.30000000 3.42009700E+002
6.60000000 10.40000000 3.74939200E+002
6.60000000 10.50000000 4.10192100E+002
6.60000000 10.60000000 4.47875200E+002
6.60000000 10.70000000 4.88097700E+002
6.60000000 10.80000000 5.30971200E+002
6.60000000 10.90000000 5.76609700E+002
6.60000000 11.00000000 6.25129600E+002
6.70000000 1.00000000 6.25240100E+002
6.70000000 1.10000000 5.76720200E+002
6.70000000 1.20000000 5.31081700E+002
6.70000000 1.30000000 4.88208200E+002
6.70000000 1.40000000 4.47985700E+002
6.70000000 1.50000000 4.10302600E+002
6.70000000 1.60000000 3.75049700E+002
6.70000000 1.70000000 3.42120200E+002
6.70000000 1.80000000 3.11409700E+002
6.70000000 1.90000000 2.82816200E+002
6.70000000 2.00000000 2.56240100E+002
6.70000000 2.10000000 2.31584200E+002
6.70000000 2.20000000 2.08753700E+002
6.70000000 2.30000000 1.87656200E+002
6.70000000 2.40000000 1.68201700E+002
6.70000000 2.50000000 1.50302600E+002
6.70000000 2.60000000 1.33873700E+002
6.70000000 2.70000000 1.18832200E+002
6.70000000 2.80000000 1.05097700E+002
6.70000000 2.90000000 9.25922000E+001
6.70000000 3.00000000 8.12401000E+001
6.70000000 3.10000000 7.09682000E+001
6.70000000 3.20000000 6.17057000E+001
6.70000000 3.30000000 5.33842000E+001
6.70000000 3.40000000 4.59377000E+001
6.70000000 3.50000000 3.93026000E+001
6.70000000 3.60000000 3.34177000E+001
6.70000000 3.70000000 2.82242000E+001
6.70000000 3.80000000 2.36657000E+001
6.70000000 3.90000000 1.96882000E+001
6.70000000 4.00000000 1.62401000E+001
6.70000000 4.10000000 1.32722000E+001
6.70000000 4.20000000 1.07377000E+001
6.70000000 4.30000000 8.59220000E+000
6.70000000 4.40000000 6.79370000E+000
6.70000000 4.50000000 5.30260000E+000
6.70000000 4.60000000 4.08170000E+000
6.70000000 4.70000000 3.09620000E+000
6.70000000 4.80000000 2.31370000E+000
6.70000000 4.90000000 1.70420000E+000
6.70000000 5.00000000 1.24010000E+000
6.70000000 5.10000000 8.96200000E-001
6.70000000 5.20000000 6.49700000E-001
6.70000000 5.30000000 4.80200000E-001
6.70000000 5.40000000 3.69700000E-001
6.70000000 5.50000000 3.02600000E-001
6.70000000 5.60000000 2.65700000E-001
6.70000000 5.70000000 2.48200000E-001
6.70000000 5.80000000 2.41700000E-001
6.70000000 5.90000000 2.40200000E-001
6.70000000 6.00000000 2.40100000E-001
6.70000000 6.10000000 2.40200000E-001
6.70000000 6.20000000 2.41700000E-001
6.70000000 6.30000000 2.48200000E-001
6.70000000 6.40000000 2.65700000E-001
6.70000000 6.50000000 3.02600000E-001
6.70000000 6.60000000 3.69700000E-001
6.70000000 6.70000000 4.80200000E-001
6.70000000 6.80000000 6.49700000E-001
6.70000000 6.90000000 8.96200000E-001
6.70000000 7.00000000 1.24010000E+000
6.70000000 7.10000000 1.70420000E+000
6.70000000 7.20000000 2.31370000E+000
6.70000000 7.30000000 3.09620000E+000
6.70000000 7.40000000 4.08170000E+000
6.70000000 7.50000000 5.30260000E+000
6.70000000 7.60000000 6.79370000E+000
6.70000000 7.70000000 8.59220000E+000
6.70000000 7.80000000 1.07377000E+001
6.70000000 7.90000000 1.32722000E+001
6.70000000 8.00000000 1.62401000E+001
6.70000000 8.10000000 1.96882000E+001
6.70000000 8.20000000 2.36657000E+001
6.70000000 8.30000000 2.82242000E+001
6.70000000 8.40000000 3.34177000E+001
6.70000000 8.50000000 3.93026000E+001
6.70000000 8.60000000 4.59377000E+001
6.70000000 8.70000000 5.33842000E+001
6.70000000 8.80000000 6.17057000E+001
6.70000000 8.90000000 7.09682000E+001
6.70000000 9.00000000 8.12401000E+001
6.70000000 9.10000000 9.25922000E+001
6.70000000 9.20000000 1.05097700E+002
6.70000000 9.30000000 1.18832200E+002
6.70000000 9.40000000 1.33873700E+002
6.70000000 9.50000000 1.50302600E+002
6.70000000 9.60000000 1.68201700E+002
6.70000000 9.70000000 1.87656200E+002
6.70000000 9.80000000 2.08753700E+002
6.70000000 9.90000000 2.31584200E+002
6.70000000 10.00000000 2.56240100E+002
6.70000000 10.10000000 2.82816200E+002
6.70000000 10.20000000 3.11409700E+002
6.70000000 10.30000000 3.42120200E+002
6.70000000 10.40000000 3.75049700E+002
6.70000000 10.50000000 4.10302600E+002
6.70000000 10.60000000 4.47985700E+002
6.70000000 10.70000000 4.88208200E+002
6.70000000 10.80000000 5.31081700E+002
6.70000000 10.90000000 5.76720200E+002
6.70000000 11.00000000 6.25240100E+002
6.80000000 1.00000000 6.25409600E+002
6.80000000 1.10000000 5.76889700E+002
6.80000000 1.20000000 5.31251200E+002
6.80000000 1.30000000 4.88377700E+002
6.80000000 1.40000000 4.48155200E+002
6.80000000 1.50000000 4.10472100E+002
6.80000000 1.60000000 3.75219200E+002
6.80000000 1.70000000 3.42289700E+002
6.80000000 1.80000000 3.11579200E+002
6.80000000 1.90000000 2.82985700E+002
6.80000000 2.00000000 2.56409600E+002
6.80000000 2.10000000 2.31753700E+002
6.80000000 2.20000000 2.08923200E+002
6.80000000 2.30000000 1.87825700E+002
6.80000000 2.40000000 1.68371200E+002
6.80000000 2.50000000 1.50472100E+002
6.80000000 2.60000000 1.34043200E+002
6.80000000 2.70000000 1.19001700E+002
6.80000000 2.80000000 1.05267200E+002
6.80000000 2.90000000 9.27617000E+001
6.80000000 3.00000000 8.14096000E+001
6.80000000 3.10000000 7.11377000E+001
6.80000000 3.20000000 6.18752000E+001
6.80000000 3.30000000 5.35537000E+001
6.80000000 3.40000000 4.61072000E+001
6.80000000 3.50000000 3.94721000E+001
6.80000000 3.60000000 3.35872000E+001
6.80000000 3.70000000 2.83937000E+001
6.80000000 3.80000000 2.38352000E+001
6.80000000 3.90000000 1.98577000E+001
6.80000000 4.00000000 1.64096000E+001
6.80000000 4.10000000 1.34417000E+001
6.80000000 4.20000000 1.09072000E+001
6.80000000 4.30000000 8.76170000E+000
6.80000000 4.40000000 6.96320000E+000
6.80000000 4.50000000 5.47210000E+000
6.80000000 4.60000000 4.25120000E+000
6.80000000 4.70000000 3.26570000E+000
6.80000000 4.80000000 2.48320000E+000
6.80000000 4.90000000 1.87370000E+000
6.80000000 5.00000000 1.40960000E+000
6.80000000 5.10000000 1.06570000E+000
6.80000000 5.20000000 8.19200000E-001
6.80000000 5.30000000 6.49700000E-001
6.80000000 5.40000000 5.39200000E-001
6.80000000 5.50000000 4.72100000E-001
6.80000000 5.60000000 4.35200000E-001
6.80000000 5.70000000 4.17700000E-001
6.80000000 5.80000000 4.11200000E-001
6.80000000 5.90000000 4.09700000E-001
6.80000000 6.00000000 4.09600000E-001
6.80000000 6.10000000 4.09700000E-001
6.80000000 6.20000000 4.11200000E-001
6.80000000 6.30000000 4.17700000E-001
6.80000000 6.40000000 4.35200000E-001
6.80000000 6.50000000 4.72100000E-001
6.80000000 6.60000000 5.39200000E-001
6.80000000 6.70000000 6.49700000E-001
6.80000000 6.80000000 8.19200000E-001
6.80000000 6.90000000 1.06570000E+000
6.80000000 7.00000000 1.40960000E+000
6.80000000 7.10000000 1.87370000E+000
6.80000000 7.20000000 2.48320000E+000
6.80000000 7.30000000 3.26570000E+000
6.80000000 7.40000000 4.25120000E+000
6.80000000 7.50000000 5.47210000E+000
6.80000000 7.60000000 6.96320000E+000
6.80000000 7.70000000 8.76170000E+000
6.80000000 7.80000000 1.09072000E+001
6.80000000 7.90000000 1.34417000E+001
6.80000000 8.00000000 1.64096000E+001
6.80000000 8.10000000 1.98577000E+001
6.80000000 8.20000000 2.38352000E+001
6.80000000 8.30000000 2.83937000E+001
6.80000000 8.40000000 3.35872000E+001
6.80000000 8.50000000 3.94721000E+001
6.80000000 8.60000000 4.61072000E+001
6.80000000 8.70000000 5.35537000E+001
6.80000000 8.80000000 6.18752000E+001
6.80000000 8.90000000 7.11377000E+001
6.80000000 9.00000000 8.14096000E+001
6.80000000 9.10000000 9.27617000E+001
6.80000000 9.20000000 1.05267200E+002
6.80000000 9.30000000 1.19001700E+002
6.80000000 9.40000000 1.34043200E+002
6.80000000 9.50000000 1.50472100E+002
6.80000000 9.60000000 1.68371200E+002
6.80000000 9.70000000 1.87825700E+002
6.80000000 9.80000000 2.08923200E+002
6.80000000 9.90000000 2.31753700E+002
6.80000000 10.00000000 2.56409600E+002
6.80000000 10.10000000 2.82985700E+002
6.80000000 10.20000000 3.11579200E+002
6.80000000 10.30000000 3.42289700E+002
6.80000000 10.40000000 3.75219200E+002
6.80000000 10.50000000 4.10472100E+002
6.80000000 10.60000000 4.48155200E+002
6.80000000 10.70000000 4.88377700E+002
6.80000000 10.80000000 5.31251200E+002
6.80000000 10.90000000 5.76889700E+002
6.80000000 11.00000000 6.25409600E+002
6.90000000 1.00000000 6.25656100E+002
6.90000000 1.10000000 5.77136200E+002
6.90000000 1.20000000 5.31497700E+002
6.90000000 1.30000000 4.88624200E+002
6.90000000 1.40000000 4.48401700E+002
6.90000000 1.50000000 4.10718600E+002
6.90000000 1.60000000 3.75465700E+002
6.90000000 1.70000000 3.42536200E+002
6.90000000 1.80000000 3.11825700E+002
6.90000000 1.90000000 2.83232200E+002
6.90000000 2.00000000 2.56656100E+002
6.90000000 2.10000000 2.32000200E+002
6.90000000 2.20000000 2.09169700E+002
6.90000000 2.30000000 1.88072200E+002
6.90000000 2.40000000 1.68617700E+002
6.90000000 2.50000000 1.50718600E+002
6.90000000 2.60000000 1.34289700E+002
6.90000000 2.70000000 1.19248200E+002
6.90000000 2.80000000 1.05513700E+002
6.90000000 2.90000000 9.30082000E+001
6.90000000 3.00000000 8.16561000E+001
6.90000000 3.10000000 7.13842000E+001
6.90000000 3.20000000 6.21217000E+001
6.90000000 3.30000000 5.38002000E+001
6.90000000 3.40000000 4.63537000E+001
6.90000000 3.50000000 3.97186000E+001
6.90000000 3.60000000 3.38337000E+001
6.90000000 3.70000000 2.86402000E+001
6.90000000 3.80000000 2.40817000E+001
6.90000000 3.90000000 2.01042000E+001
6.90000000 4.00000000 1.66561000E+001
6.90000000 4.10000000 1.36882000E+001
6.90000000 4.20000000 1.11537000E+001
6.90000000 4.30000000 9.00820000E+000
6.90000000 4.40000000 7.20970000E+000
6.90000000 4.50000000 5.71860000E+000
6.90000000 4.60000000 4.49770000E+000
6.90000000 4.70000000 3.51220000E+000
6.90000000 4.80000000 2.72970000E+000
6.90000000 4.90000000 2.12020000E+000
6.90000000 5.00000000 1.65610000E+000
6.90000000 5.10000000 1.31220000E+000
6.90000000 5.20000000 1.06570000E+000
6.90000000 5.30000000 8.96200000E-001
6.90000000 5.40000000 7.85700000E-001
6.90000000 5.50000000 7.18600000E-001
6.90000000 5.60000000 6.81700000E-001
6.90000000 5.70000000 6.64200000E-001
6.90000000 5.80000000 6.57700000E-001
6.90000000 5.90000000 6.56200000E-001
6.90000000 6.00000000 6.56100000E-001
6.90000000 6.10000000 6.56200000E-001
6.90000000 6.20000000 6.57700000E-001
6.90000000 6.30000000 6.64200000E-001
6.90000000 6.40000000 6.81700000E-001
6.90000000 6.50000000 7.18600000E-001
6.90000000 6.60000000 7.85700000E-001
6.90000000 6.70000000 8.96200000E-001
6.90000000 6.80000000 1.06570000E+000
6.90000000 6.90000000 1.31220000E+000
6.90000000 7.00000000 1.65610000E+000
6.90000000 7.10000000 2.12020000E+000
6.90000000 7.20000000 2.72970000E+000
6.90000000 7.30000000 3.51220000E+000
6.90000000 7.40000000 4.49770000E+000
6.90000000 7.50000000 5.71860000E+000
6.90000000 7.60000000 7.20970000E+000
6.90000000 7.70000000 9.00820000E+000
6.90000000 7.80000000 1.11537000E+001
6.90000000 7.90000000 1.36882000E+001
6.90000000 8.00000000 1.66561000E+001
6.90000000 8.10000000 2.01042000E+001
6.90000000 8.20000000 2.40817000E+001
6.90000000 8.30000000 2.86402000E+001
6.90000000 8.40000000 3.38337000E+001
6.90000000 8.50000000 3.97186000E+001
6.90000000 8.60000000 4.63537000E+001
6.90000000 8.70000000 5.38002000E+001
6.90000000 8.80000000 6.21217000E+001
6.90000000 8.90000000 7.13842000E+001
6.90000000 9.00000000 8.16561000E+001
6.90000000 9.10000000 9.30082000E+001
6.90000000 9.20000000 1.05513700E+002
6.90000000 9.30000000 1.19248200E+002
6.90000000 9.40000000 1.34289700E+002
6.90000000 9.50000000 1.50718600E+002
6.90000000 9.60000000 1.68617700E+002
6.90000000 9.70000000 1.88072200E+002
6.90000000 9.80000000 2.09169700E+002
6.90000000 9.90000000 2.32000200E+002
6.90000000 10.00000000 2.56656100E+002
6.90000000 10.10000000 2.83232200E+002
6.90000000 10.20000000 3.11825700E+002
6.90000000 10.30000000 3.42536200E+002
6.90000000 10.40000000 3.75465700E+002
6.90000000 10.50000000 4.10718600E+002
6.90000000 10.60000000 4.48401700E+002
6.90000000 10.70000000 4.88624200E+002
6.90000000 10.80000000 5.31497700E+002
6.90000000 10.90000000 5.77136200E+002
6.90000000 11.00000000 6.25656100E+002
7.00000000 1.00000000 6.26000000E+002
7.00000000 1.10000000 5.77480100E+002
7.00000000 1.20000000 5.31841600E+002
7.00000000 1.30000000 4.88968100E+002
7.00000000 1.40000000 4.48745600E+002
7.00000000 1.50000000 4.11062500E+002
7.00000000 1.60000000 3.75809600E+002
7.00000000 1.70000000 3.42880100E+002
7.00000000 1.80000000 3.12169600E+002
7.00000000 1.90000000 2.83576100E+002
7.00000000 2.00000000 2.57000000E+002
7.00000000 2.10000000 2.32344100E+002
7.00000000 2.20000000 2.09513600E+002
7.00000000 2.30000000 1.88416100E+002
7.00000000 2.40000000 1.68961600E+002
7.00000000 2.50000000 1.51062500E+002
7.00000000 2.60000000 1.34633600E+002
7.00000000 2.70000000 1.19592100E+002
7.00000000 2.80000000 1.05857600E+002
7.00000000 2.90000000 9.33521000E+001
7.00000000 3.00000000 8.20000000E+001
7.00000000 3.10000000 7.17281000E+001
7.00000000 3.20000000 6.24656000E+001
7.00000000 3.30000000 5.41441000E+001
7.00000000 3.40000000 4.66976000E+001
7.00000000 3.50000000 4.00625000E+001
7.00000000 3.60000000 3.41776000E+001
7.00000000 3.70000000 2.89841000E+001
7.00000000 3.80000000 2.44256000E+001
7.00000000 3.90000000 2.04481000E+001
7.00000000 4.00000000 1.70000000E+001
7.00000000 4.10000000 1.40321000E+001
7.00000000 4.20000000 1.14976000E+001
7.00000000 4.30000000 9.35210000E+000
7.00000000 4.40000000 7.55360000E+000
7.00000000 4.50000000 6.06250000E+000
7.00000000 4.60000000 4.84160000E+000
7.00000000 4.70000000 3.85610000E+000
7.00000000 4.80000000 3.07360000E+000
7.00000000 4.90000000 2.46410000E+000
7.00000000 5.00000000 2.00000000E+000
7.00000000 5.10000000 1.65610000E+000
7.00000000 5.20000000 1.40960000E+000
7.00000000 5.30000000 1.24010000E+000
7.00000000 5.40000000 1.12960000E+000
7.00000000 5.50000000 1.06250000E+000
7.00000000 5.60000000 1.02560000E+000
7.00000000 5.70000000 1.00810000E+000
7.00000000 5.80000000 1.00160000E+000
7.00000000 5.90000000 1.00010000E+000
7.00000000 6.00000000 1.00000000E+000
7.00000000 6.10000000 1.00010000E+000
7.00000000 6.20000000 1.00160000E+000
7.00000000 6.30000000 1.00810000E+000
7.00000000 6.40000000 1.02560000E+000
7.00000000 6.50000000 1.06250000E+000
7.00000000 6.60000000 1.12960000E+000
7.00000000 6.70000000 1.24010000E+000
7.00000000 6.80000000 1.40960000E+000
7.00000000 6.90000000 1.65610000E+000
7.00000000 7.00000000 2.00000000E+000
7.00000000 7.10000000 2.46410000E+000
7.00000000 7.20000000 3.07360000E+000
7.00000000 7.30000000 3.85610000E+000
7.00000000 7.40000000 4.84160000E+000
7.00000000 7.50000000 6.06250000E+000
7.00000000 7.60000000 7.55360000E+000
7.00000000 7.70000000 9.35210000E+000
7.00000000 7.80000000 1.14976000E+001
7.00000000 7.90000000 1.40321000E+001
7.00000000 8.00000000 1.70000000E+001
7.00000000 8.10000000 2.04481000E+001
7.00000000 8.20000000 2.44256000E+001
7.00000000 8.30000000 2.89841000E+001
7.00000000 8.40000000 3.41776000E+001
7.00000000 8.50000000 4.00625000E+001
7.00000000 8.60000000 4.66976000E+001
7.00000000 8.70000000 5.41441000E+001
7.00000000 8.80000000 6.24656000E+001
7.00000000 8.90000000 7.17281000E+001
7.00000000 9.00000000 8.20000000E+001
7.00000000 9.10000000 9.33521000E+001
7.00000000 9.20000000 1.05857600E+002
7.00000000 9.30000000 1.19592100E+002
7.00000000 9.40000000 1.34633600E+002
7.00000000 9.50000000 1.51062500E+002
7.00000000 9.60000000 1.68961600E+002
7.00000000 9.70000000 1.88416100E+002
7.00000000 9.80000000 2.09513600E+002
7.00000000 9.90000000 2.32344100E+002
7.00000000 10.00000000 2.57000000E+002
7.00000000 10.10000000 2.83576100E+002
7.00000000 10.20000000 3.12169600E+002
7.00000000 10.30000000 3.42880100E+002
7.00000000 10.40000000 3.75809600E+002
7.00000000 10.50000000 4.11062500E+002
7.00000000 10.60000000 4.48745600E+002
7.00000000 10.70000000 4.88968100E+002
7.00000000 10.80000000 5.31841600E+002
7.00000000 10.90000000 5.77480100E+002
7.00000000 11.00000000 6.26000000E+002
7.10000000 1.00000000 6.26464100E+002
7.10000000 1.10000000 5.77944200E+002
7.10000000 1.20000000 5.32305700E+002
7.10000000 1.30000000 4.89432200E+002
7.10000000 1.40000000 4.49209700E+002
7.10000000 1.50000000 4.11526600E+002
7.10000000 1.60000000 3.76273700E+002
7.10000000 1.70000000 3.43344200E+002
7.10000000 1.80000000 3.12633700E+002
7.10000000 1.90000000 2.84040200E+002
7.10000000 2.00000000 2.57464100E+002
7.10000000 2.10000000 2.32808200E+002
7.10000000 2.20000000 2.09977700E+002
7.10000000 2.30000000 1.88880200E+002
7.10000000 2.40000000 1.69425700E+002
7.10000000 2.50000000 1.51526600E+002
7.10000000 2.60000000 1.35097700E+002
7.10000000 2.70000000 1.20056200E+002
7.10000000 2.80000000 1.06321700E+002
7.10000000 2.90000000 9.38162000E+001
7.10000000 3.00000000 8.24641000E+001
7.10000000 3.10000000 7.21922000E+001
7.10000000 3.20000000 6.29297000E+001
7.10000000 3.30000000 5.46082000E+001
7.10000000 3.40000000 4.71617000E+001
7.10000000 3.50000000 4.05266000E+001
7.10000000 3.60000000 3.46417000E+001
7.10000000 3.70000000 2.94482000E+001
7.10000000 3.80000000 2.48897000E+001
7.10000000 3.90000000 2.09122000E+001
7.10000000 4.00000000 1.74641000E+001
7.10000000 4.10000000 1.44962000E+001
7.10000000 4.20000000 1.19617000E+001
7.10000000 4.30000000 9.81620000E+000
7.10000000 4.40000000 8.01770000E+000
7.10000000 4.50000000 6.52660000E+000
7.10000000 4.60000000 5.30570000E+000
7.10000000 4.70000000 4.32020000E+000
7.10000000 4.80000000 3.53770000E+000
7.10000000 4.90000000 2.92820000E+000
7.10000000 5.00000000 2.46410000E+000
7.10000000 5.10000000 2.12020000E+000
7.10000000 5.20000000 1.87370000E+000
7.10000000 5.30000000 1.70420000E+000
7.10000000 5.40000000 1.59370000E+000
7.10000000 5.50000000 1.52660000E+000
7.10000000 5.60000000 1.48970000E+000
7.10000000 5.70000000 1.47220000E+000
7.10000000 5.80000000 1.46570000E+000
7.10000000 5.90000000 1.46420000E+000
7.10000000 6.00000000 1.46410000E+000
7.10000000 6.10000000 1.46420000E+000
7.10000000 6.20000000 1.46570000E+000
7.10000000 6.30000000 1.47220000E+000
7.10000000 6.40000000 1.48970000E+000
7.10000000 6.50000000 1.52660000E+000
7.10000000 6.60000000 1.59370000E+000
7.10000000 6.70000000 1.70420000E+000
7.10000000 6.80000000 1.87370000E+000
7.10000000 6.90000000 2.12020000E+000
7.10000000 7.00000000 2.46410000E+000
7.10000000 7.10000000 2.92820000E+000
7.10000000 7.20000000 3.53770000E+000
7.10000000 7.30000000 4.32020000E+000
7.10000000 7.40000000 5.30570000E+000
7.10000000 7.50000000 6.52660000E+000
7.10000000 7.60000000 8.01770000E+000
7.10000000 7.70000000 9.81620000E+000
7.10000000 7.80000000 1.19617000E+001
7.10000000 7.90000000 1.44962000E+001
7.10000000 8.00000000 1.74641000E+001
7.10000000 8.10000000 2.09122000E+001
7.10000000 8.20000000 2.48897000E+001
7.10000000 8.30000000 2.94482000E+001
7.10000000 8.40000000 3.46417000E+001
7.10000000 8.50000000 4.05266000E+001
7.10000000 8.60000000 4.71617000E+001
7.10000000 8.70000000 5.46082000E+001
7.10000000 8.80000000 6.29297000E+001
7.10000000 8.90000000 7.21922000E+001
7.10000000 9.00000000 8.24641000E+001
7.10000000 9.10000000 9.38162000E+001
7.10000000 9.20000000 1.06321700E+002
7.10000000 9.30000000 1.20056200E+002
7.10000000 9.40000000 1.35097700E+002
7.10000000 9.50000000 1.51526600E+002
7.10000000 9.60000000 1.69425700E+002
7.10000000 9.70000000 1.88880200E+002
7.10000000 9.80000000 2.09977700E+002
7.10000000 9.90000000 2.32808200E+002
7.10000000 10.00000000 2.57464100E+002
7.10000000 10.10000000 2.84040200E+002
7.10000000 10.20000000 3.12633700E+002
7.10000000 10.30000000 3.43344200E+002
7.10000000 10.40000000 3.76273700E+002
7.10000000 10.50000000 4.11526600E+002
7.10000000 10.60000000 4.49209700E+002
7.10000000 10.70000000 4.89432200E+002
7.10000000 10.80000000 5.32305700E+002
7.10000000 10.90000000 5.77944200E+002
7.10000000 11.00000000 6.26464100E+002
7.20000000 1.00000000 6.27073600E+002
7.20000000 1.10000000 5.78553700E+002
7.20000000 1.20000000 5.32915200E+002
7.20000000 1.30000000 4.90041700E+002
7.20000000 1.40000000 4.49819200E+002
7.20000000 1.50000000 4.12136100E+002
7.20000000 1.60000000 3.76883200E+002
7.20000000 1.70000000 3.43953700E+002
7.20000000 1.80000000 3.13243200E+002
7.20000000 1.90000000 2.84649700E+002
7.20000000 2.00000000 2.58073600E+002
7.20000000 2.10000000 2.33417700E+002
7.20000000 2.20000000 2.10587200E+002
7.20000000 2.30000000 1.89489700E+002
7.20000000 2.40000000 1.70035200E+002
7.20000000 2.50000000 1.52136100E+002
7.20000000 2.60000000 1.35707200E+002
7.20000000 2.70000000 1.20665700E+002
7.20000000 2.80000000 1.06931200E+002
7.20000000 2.90000000 9.44257000E+001
7.20000000 3.00000000 8.30736000E+001
7.20000000 3.10000000 7.28017000E+001
7.20000000 3.20000000 6.35392000E+001
7.20000000 3.30000000 5.52177000E+001
7.20000000 3.40000000 4.77712000E+001
7.20000000 3.50000000 4.11361000E+001
7.20000000 3.60000000 3.52512000E+001
7.20000000 3.70000000 3.00577000E+001
7.20000000 3.80000000 2.54992000E+001
7.20000000 3.90000000 2.15217000E+001
7.20000000 4.00000000 1.80736000E+001
7.20000000 4.10000000 1.51057000E+001
7.20000000 4.20000000 1.25712000E+001
7.20000000 4.30000000 1.04257000E+001
7.20000000 4.40000000 8.62720000E+000
7.20000000 4.50000000 7.13610000E+000
7.20000000 4.60000000 5.91520000E+000
7.20000000 4.70000000 4.92970000E+000
7.20000000 4.80000000 4.14720000E+000
7.20000000 4.90000000 3.53770000E+000
7.20000000 5.00000000 3.07360000E+000
7.20000000 5.10000000 2.72970000E+000
7.20000000 5.20000000 2.48320000E+000
7.20000000 5.30000000 2.31370000E+000
7.20000000 5.40000000 2.20320000E+000
7.20000000 5.50000000 2.13610000E+000
7.20000000 5.60000000 2.09920000E+000
7.20000000 5.70000000 2.08170000E+000
7.20000000 5.80000000 2.07520000E+000
7.20000000 5.90000000 2.07370000E+000
7.20000000 6.00000000 2.07360000E+000
7.20000000 6.10000000 2.07370000E+000
7.20000000 6.20000000 2.07520000E+000
7.20000000 6.30000000 2.08170000E+000
7.20000000 6.40000000 2.09920000E+000
7.20000000 6.50000000 2.13610000E+000
7.20000000 6.60000000 2.20320000E+000
7.20000000 6.70000000 2.31370000E+000
7.20000000 6.80000000 2.48320000E+000
7.20000000 6.90000000 2.72970000E+000
7.20000000 7.00000000 3.07360000E+000
7.20000000 7.10000000 3.53770000E+000
7.20000000 7.20000000 4.14720000E+000
7.20000000 7.30000000 4.92970000E+000
7.20000000 7.40000000 5.91520000E+000
7.20000000 7.50000000 7.13610000E+000
7.20000000 7.60000000 8.62720000E+000
7.20000000 7.70000000 1.04257000E+001
7.20000000 7.80000000 1.25712000E+001
7.20000000 7.90000000 1.51057000E+001
7.20000000 8.00000000 1.80736000E+001
7.20000000 8.10000000 2.15217000E+001
7.20000000 8.20000000 2.54992000E+001
7.20000000 8.30000000 3.00577000E+001
7.20000000 8.40000000 3.52512000E+001
7.20000000 8.50000000 4.11361000E+001
7.20000000 8.60000000 4.77712000E+001
7.20000000 8.70000000 5.52177000E+001
7.20000000 8.80000000 6.35392000E+001
7.20000000 8.90000000 7.28017000E+001
7.20000000 9.00000000 8.30736000E+001
7.20000000 9.10000000 9.44257000E+001
7.20000000 9.20000000 1.06931200E+002
7.20000000 9.30000000 1.20665700E+002
7.20000000 9.40000000 1.35707200E+002
7.20000000 9.50000000 1.52136100E+002
7.20000000 9.60000000 1.70035200E+002
7.20000000 9.70000000 1.89489700E+002
7.20000000 9.80000000 2.10587200E+002
7.20000000 9.90000000 2.33417700E+002
7.20000000 10.00000000 2.58073600E+002
7.20000000 10.10000000 2.84649700E+002
7.20000000 10.20000000 3.13243200E+002
7.20000000 10.30000000 3.43953700E+002
7.20000000 10.40000000 3.76883200E+002
7.20000000 10.50000000 4.12136100E+002
7.20000000 10.60000000 4.49819200E+002
7.20000000 10.70000000 4.90041700E+002
7.20000000 10.80000000 5.32915200E+002
7.20000000 10.90000000 5.78553700E+002
7.20000000 11.00000000 6.27073600E+002
7.30000000 1.00000000 6.27856100E+002
7.30000000 1.10000000 5.79336200E+002
7.30000000 1.20000000 5.33697700E+002
7.30000000 1.30000000 4.90824200E+002
7.30000000 1.40000000 4.50601700E+002
7.30000000 1.50000000 4.12918600E+002
7.30000000 1.60000000 3.77665700E+002
7.30000000 1.70000000 3.44736200E+002
7.30000000 1.80000000 3.14025700E+002
7.30000000 1.90000000 2.85432200E+002
7.30000000 2.00000000 2.58856100E+002
7.30000000 2.10000000 2.34200200E+002
7.30000000 2.20000000 2.11369700E+002
7.30000000 2.30000000 1.90272200E+002
7.30000000 2.40000000 1.70817700E+002
7.30000000 2.50000000 1.52918600E+002
7.30000000 2.60000000 1.36489700E+002
7.30000000 2.70000000 1.21448200E+002
7.30000000 2.80000000 1.07713700E+002
7.30000000 2.90000000 9.52082000E+001
7.30000000 3.00000000 8.38561000E+001
7.30000000 3.10000000 7.35842000E+001
7.30000000 3.20000000 6.43217000E+001
7.30000000 3.30000000 5.60002000E+001
7.30000000 3.40000000 4.85537000E+001
7.30000000 3.50000000 4.19186000E+001
7.30000000 3.60000000 3.60337000E+001
7.30000000 3.70000000 3.08402000E+001
7.30000000 3.80000000 2.62817000E+001
7.30000000 3.90000000 2.23042000E+001
7.30000000 4.00000000 1.88561000E+001
7.30000000 4.10000000 1.58882000E+001
7.30000000 4.20000000 1.33537000E+001
7.30000000 4.30000000 1.12082000E+001
7.30000000 4.40000000 9.40970000E+000
7.30000000 4.50000000 7.91860000E+000
7.30000000 4.60000000 6.69770000E+000
7.30000000 4.70000000 5.71220000E+000
7.30000000 4.80000000 4.92970000E+000
7.30000000 4.90000000 4.32020000E+000
7.30000000 5.00000000 3.85610000E+000
7.30000000 5.10000000 3.51220000E+000
7.30000000 5.20000000 3.26570000E+000
7.30000000 5.30000000 3.09620000E+000
7.30000000 5.40000000 2.98570000E+000
7.30000000 5.50000000 2.91860000E+000
7.30000000 5.60000000 2.88170000E+000
7.30000000 5.70000000 2.86420000E+000
7.30000000 5.80000000 2.85770000E+000
7.30000000 5.90000000 2.85620000E+000
7.30000000 6.00000000 2.85610000E+000
7.30000000 6.10000000 2.85620000E+000
7.30000000 6.20000000 2.85770000E+000
7.30000000 6.30000000 2.86420000E+000
7.30000000 6.40000000 2.88170000E+000
7.30000000 6.50000000 2.91860000E+000
7.30000000 6.60000000 2.98570000E+000
7.30000000 6.70000000 3.09620000E+000
7.30000000 6.80000000 3.26570000E+000
7.30000000 6.90000000 3.51220000E+000
7.30000000 7.00000000 3.85610000E+000
7.30000000 7.10000000 4.32020000E+000
7.30000000 7.20000000 4.92970000E+000
7.30000000 7.30000000 5.71220000E+000
7.30000000 7.40000000 6.69770000E+000
7.30000000 7.50000000 7.91860000E+000
7.30000000 7.60000000 9.40970000E+000
7.30000000 7.70000000 1.12082000E+001
7.30000000 7.80000000 1.33537000E+001
7.30000000 7.90000000 1.58882000E+001
7.30000000 8.00000000 1.88561000E+001
7.30000000 8.10000000 2.23042000E+001
7.30000000 8.20000000 2.62817000E+001
7.30000000 8.30000000 3.08402000E+001
7.30000000 8.40000000 3.60337000E+001
7.30000000 8.50000000 4.19186000E+001
7.30000000 8.60000000 4.85537000E+001
7.30000000 8.70000000 5.60002000E+001
7.30000000 8.80000000 6.43217000E+001
7.30000000 8.90000000 7.35842000E+001
7.30000000 9.00000000 8.38561000E+001
7.30000000 9.10000000 9.52082000E+001
7.30000000 9.20000000 1.07713700E+002
7.30000000 9.30000000 1.21448200E+002
7.30000000 9.40000000 1.36489700E+002
7.30000000 9.50000000 1.52918600E+002
7.30000000 9.60000000 1.70817700E+002
7.30000000 9.70000000 1.90272200E+002
7.30000000 9.80000000 2.11369700E+002
7.30000000 9.90000000 2.34200200E+002
7.30000000 10.00000000 2.58856100E+002
7.30000000 10.10000000 2.85432200E+002
7.30000000 10.20000000 3.14025700E+002
7.30000000 10.30000000 3.44736200E+002
7.30000000 10.40000000 3.77665700E+002
7.30000000 10.50000000 4.12918600E+002
7.30000000 10.60000000 4.50601700E+002
7.30000000 10.70000000 4.90824200E+002
7.30000000 10.80000000 5.33697700E+002
7.30000000 10.90000000 5.79336200E+002
7.30000000 11.00000000 6.27856100E+002
7.40000000 1.00000000 6.28841600E+002
7.40000000 1.10000000 5.80321700E+002
7.40000000 1.20000000 5.34683200E+002
7.40000000 1.30000000 4.91809700E+002
7.40000000 1.40000000 4.51587200E+002
7.40000000 1.50000000 4.13904100E+002
7.40000000 1.60000000 3.78651200E+002
7.40000000 1.70000000 3.45721700E+002
7.40000000 1.80000000 3.15011200E+002
7.40000000 1.90000000 2.86417700E+002
7.40000000 2.00000000 2.59841600E+002
7.40000000 2.10000000 2.35185700E+002
7.40000000 2.20000000 2.12355200E+002
7.40000000 2.30000000 1.91257700E+002
7.40000000 2.40000000 1.71803200E+002
7.40000000 2.50000000 1.53904100E+002
7.40000000 2.60000000 1.37475200E+002
7.40000000 2.70000000 1.22433700E+002
7.40000000 2.80000000 1.08699200E+002
7.40000000 2.90000000 9.61937000E+001
7.40000000 3.00000000 8.48416000E+001
7.40000000 3.10000000 7.45697000E+001
7.40000000 3.20000000 6.53072000E+001
7.40000000 3.30000000 5.69857000E+001
7.40000000 3.40000000 4.95392000E+001
7.40000000 3.50000000 4.29041000E+001
7.40000000 3.60000000 3.70192000E+001
7.40000000 3.70000000 3.18257000E+001
7.40000000 3.80000000 2.72672000E+001
7.40000000 3.90000000 2.32897000E+001
7.40000000 4.00000000 1.98416000E+001
7.40000000 4.10000000 1.68737000E+001
7.40000000 4.20000000 1.43392000E+001
7.40000000 4.30000000 1.21937000E+001
7.40000000 4.40000000 1.03952000E+001
7.40000000 4.50000000 8.90410000E+000
7.40000000 4.60000000 7.68320000E+000
7.40000000 4.70000000 6.69770000E+000
7.40000000 4.80000000 5.91520000E+000
7.40000000 4.90000000 5.30570000E+000
7.40000000 5.00000000 4.84160000E+000
7.40000000 5.10000000 4.49770000E+000
7.40000000 5.20000000 4.25120000E+000
7.40000000 5.30000000 4.08170000E+000
7.40000000 5.40000000 3.97120000E+000
7.40000000 5.50000000 3.90410000E+000
7.40000000 5.60000000 3.86720000E+000
7.40000000 5.70000000 3.84970000E+000
7.40000000 5.80000000 3.84320000E+000
7.40000000 5.90000000 3.84170000E+000
7.40000000 6.00000000 3.84160000E+000
7.40000000 6.10000000 3.84170000E+000
7.40000000 6.20000000 3.84320000E+000
7.40000000 6.30000000 3.84970000E+000
7.40000000 6.40000000 3.86720000E+000
7.40000000 6.50000000 3.90410000E+000
7.40000000 6.60000000 3.97120000E+000
7.40000000 6.70000000 4.08170000E+000
7.40000000 6.80000000 4.25120000E+000
7.40000000 6.90000000 4.49770000E+000
7.40000000 7.00000000 4.84160000E+000
7.40000000 7.10000000 5.30570000E+000
7.40000000 7.20000000 5.91520000E+000
7.40000000 7.30000000 6.69770000E+000
7.40000000 7.40000000 7.68320000E+000
7.40000000 7.50000000 8.90410000E+000
7.40000000 7.60000000 1.03952000E+001
7.40000000 7.70000000 1.21937000E+001
7.40000000 7.80000000 1.43392000E+001
7.40000000 7.90000000 1.68737000E+001
7.40000000 8.00000000 1.98416000E+001
7.40000000 8.10000000 2.32897000E+001
7.40000000 8.20000000 2.72672000E+001
7.40000000 8.30000000 3.18257000E+001
7.40000000 8.40000000 3.70192000E+001
7.40000000 8.50000000 4.29041000E+001
7.40000000 8.60000000 4.95392000E+001
7.40000000 8.70000000 5.69857000E+001
7.40000000 8.80000000 6.53072000E+001
7.40000000 8.90000000 7.45697000E+001
7.40000000 9.00000000 8.48416000E+001
7.40000000 9.10000000 9.61937000E+001
7.40000000 9.20000000 1.08699200E+002
7.40000000 9.30000000 1.22433700E+002
7.40000000 9.40000000 1.37475200E+002
7.40000000 9.50000000 1.53904100E+002
7.40000000 9.60000000 1.71803200E+002
7.40000000 9.70000000 1.91257700E+002
7.40000000 9.80000000 2.12355200E+002
7.40000000 9.90000000 2.35185700E+002
7.40000000 10.00000000 2.59841600E+002
7.40000000 10.10000000 2.86417700E+002
7.40000000 10.20000000 3.15011200E+002
7.40000000 10.30000000 3.45721700E+002
7.40000000 10.40000000 3.78651200E+002
7.40000000 10.50000000 4.13904100E+002
7.40000000 10.60000000 4.51587200E+002
7.40000000 10.70000000 4.91809700E+002
7.40000000 10.80000000 5.34683200E+002
7.40000000 10.90000000 5.80321700E+002
7.40000000 11.00000000 6.28841600E+002
7.50000000 1.00000000 6.30062500E+002
7.50000000 1.10000000 5.81542600E+002
7.50000000 1.20000000 5.35904100E+002
7.50000000 1.30000000 4.93030600E+002
7.50000000 1.40000000 4.52808100E+002
7.50000000 1.50000000 4.15125000E+002
7.50000000 1.60000000 3.79872100E+002
7.50000000 1.70000000 3.46942600E+002
7.50000000 1.80000000 3.16232100E+002
7.50000000 1.90000000 2.87638600E+002
7.50000000 2.00000000 2.61062500E+002
7.50000000 2.10000000 2.36406600E+002
7.50000000 2.20000000 2.13576100E+002
7.50000000 2.30000000 1.92478600E+002
7.50000000 2.40000000 1.73024100E+002
7.50000000 2.50000000 1.55125000E+002
7.50000000 2.60000000 1.38696100E+002
7.50000000 2.70000000 1.23654600E+002
7.50000000 2.80000000 1.09920100E+002
7.50000000 2.90000000 9.74146000E+001
7.50000000 3.00000000 8.60625000E+001
7.50000000 3.10000000 7.57906000E+001
7.50000000 3.20000000 6.65281000E+001
7.50000000 3.30000000 5.82066000E+001
7.50000000 3.40000000 5.07601000E+001
7.50000000 3.50000000 4.41250000E+001
7.50000000 3.60000000 3.82401000E+001
7.50000000 3.70000000 3.30466000E+001
7.50000000 3.80000000 2.84881000E+001
7.50000000 3.90000000 2.45106000E+001
7.50000000 4.00000000 2.10625000E+001
7.50000000 4.10000000 1.80946000E+001
7.50000000 4.20000000 1.55601000E+001
7.50000000 4.30000000 1.34146000E+001
7.50000000 4.40000000 1.16161000E+001
7.50000000 4.50000000 1.01250000E+001
7.50000000 4.60000000 8.90410000E+000
7.50000000 4.70000000 7.91860000E+000
7.50000000 4.80000000 7.13610000E+000
7.50000000 4.90000000 6.52660000E+000
7.50000000 5.00000000 6.06250000E+000
7.50000000 5.10000000 5.71860000E+000
7.50000000 5.20000000 5.47210000E+000
7.50000000 5.30000000 5.30260000E+000
7.50000000 5.40000000 5.19210000E+000
7.50000000 5.50000000 5.12500000E+000
7.50000000 5.60000000 5.08810000E+000
7.50000000 5.70000000 5.07060000E+000
7.50000000 5.80000000 5.06410000E+000
7.50000000 5.90000000 5.06260000E+000
7.50000000 6.00000000 5.06250000E+000
7.50000000 6.10000000 5.06260000E+000
7.50000000 6.20000000 5.06410000E+000
7.50000000 6.30000000 5.07060000E+000
7.50000000 6.40000000 5.08810000E+000
7.50000000 6.50000000 5.12500000E+000
7.50000000 6.60000000 5.19210000E+000
7.50000000 6.70000000 5.30260000E+000
7.50000000 6.80000000 5.47210000E+000
7.50000000 6.90000000 5.71860000E+000
7.50000000 7.00000000 6.06250000E+000
7.50000000 7.10000000 6.52660000E+000
7.50000000 7.20000000 7.13610000E+000
7.50000000 7.30000000 7.91860000E+000
7.50000000 7.40000000 8.90410000E+000
7.50000000 7.50000000 1.01250000E+001
7.50000000 7.60000000 1.16161000E+001
7.50000000 7.70000000 1.34146000E+001
7.50000000 7.80000000 1.55601000E+001
7.50000000 7.90000000 1.80946000E+001
7.50000000 8.00000000 2.10625000E+001
7.50000000 8.10000000 2.45106000E+001
7.50000000 8.20000000 2.84881000E+001
7.50000000 8.30000000 3.30466000E+001
7.50000000 8.40000000 3.82401000E+001
7.50000000 8.50000000 4.41250000E+001
7.50000000 8.60000000 5.07601000E+001
7.50000000 8.70000000 5.82066000E+001
7.50000000 8.80000000 6.65281000E+001
7.50000000 8.90000000 7.57906000E+001
7.50000000 9.00000000 8.60625000E+001
7.50000000 9.10000000 9.74146000E+001
7.50000000 9.20000000 1.09920100E+002
7.50000000 9.30000000 1.23654600E+002
7.50000000 9.40000000 1.38696100E+002
7.50000000 9.50000000 1.55125000E+002
7.50000000 9.60000000 1.73024100E+002
7.50000000 9.70000000 1.92478600E+002
7.50000000 9.80000000 2.13576100E+002
7.50000000 9.90000000 2.36406600E+002
7.50000000 10.00000000 2.61062500E+002
7.50000000 10.10000000 2.87638600E+002
7.50000000 10.20000000 3.16232100E+002
7.50000000 10.30000000 3.46942600E+002
7.50000000 10.40000000 3.79872100E+002
7.50000000 10.50000000 4.15125000E+002
7.50000000 10.60000000 4.52808100E+002
7.50000000 10.70000000 4.93030600E+002
7.50000000 10.80000000 5.35904100E+002
7.50000000 10.90000000 5.81542600E+002
7.50000000 11.00000000 6.30062500E+002
7.60000000 1.00000000 6.31553600E+002
7.60000000 1.10000000 5.83033700E+002
7.60000000 1.20000000 5.37395200E+002
7.60000000 1.30000000 4.94521700E+002
7.60000000 1.40000000 4.54299200E+002
7.60000000 1.50000000 4.16616100E+002
7.60000000 1.60000000 3.81363200E+002
7.60000000 1.70000000 3.48433700E+002
7.60000000 1.80000000 3.17723200E+002
7.60000000 1.90000000 2.89129700E+002
7.60000000 2.00000000 2.62553600E+002
7.60000000 2.10000000 2.37897700E+002
7.60000000 2.20000000 2.15067200E+002
7.60000000 2.30000000 1.93969700E+002
7.60000000 2.40000000 1.74515200E+002
7.60000000 2.50000000 1.56616100E+002
7.60000000 2.60000000 1.40187200E+002
7.60000000 2.70000000 1.25145700E+002
7.60000000 2.80000000 1.11411200E+002
7.60000000 2.90000000 9.89057000E+001
7.60000000 3.00000000 8.75536000E+001
7.60000000 3.10000000 7.72817000E+001
7.60000000 3.20000000 6.80192000E+001
7.60000000 3.30000000 5.96977000E+001
7.60000000 3.40000000 5.22512000E+001
7.60000000 3.50000000 4.56161000E+001
7.60000000 3.60000000 3.97312000E+001
7.60000000 3.70000000 3.45377000E+001
7.60000000 3.80000000 2.99792000E+001
7.60000000 3.90000000 2.60017000E+001
7.60000000 4.00000000 2.25536000E+001
7.60000000 4.10000000 1.95857000E+001
7.60000000 4.20000000 1.70512000E+001
7.60000000 4.30000000 1.49057000E+001
7.60000000 4.40000000 1.31072000E+001
7.60000000 4.50000000 1.16161000E+001
7.60000000 4.60000000 1.03952000E+001
7.60000000 4.70000000 9.40970000E+000
7.60000000 4.80000000 8.62720000E+000
7.60000000 4.90000000 8.01770000E+000
7.60000000 5.00000000 7.55360000E+000
7.60000000 5.10000000 7.20970000E+000
7.60000000 5.20000000 6.96320000E+000
7.60000000 5.30000000 6.79370000E+000
7.60000000 5.40000000 6.68320000E+000
7.60000000 5.50000000 6.61610000E+000
7.60000000 5.60000000 6.57920000E+000
7.60000000 5.70000000 6.56170000E+000
7.60000000 5.80000000 6.55520000E+000
7.60000000 5.90000000 6.55370000E+000
7.60000000 6.00000000 6.55360000E+000
7.60000000 6.10000000 6.55370000E+000
7.60000000 6.20000000 6.55520000E+000
7.60000000 6.30000000 6.56170000E+000
7.60000000 6.40000000 6.57920000E+000
7.60000000 6.50000000 6.61610000E+000
7.60000000 6.60000000 6.68320000E+000
7.60000000 6.70000000 6.79370000E+000
7.60000000 6.80000000 6.96320000E+000
7.60000000 6.90000000 7.20970000E+000
7.60000000 7.00000000 7.55360000E+000
7.60000000 7.10000000 8.01770000E+000
7.60000000 7.20000000 8.62720000E+000
7.60000000 7.30000000 9.40970000E+000
7.60000000 7.40000000 1.03952000E+001
7.60000000 7.50000000 1.16161000E+001
7.60000000 7.60000000 1.31072000E+001
7.60000000 7.70000000 1.49057000E+001
7.60000000 7.80000000 1.70512000E+001
7.60000000 7.90000000 1.95857000E+001
7.60000000 8.00000000 2.25536000E+001
7.60000000 8.10000000 2.60017000E+001
7.60000000 8.20000000 2.99792000E+001
7.60000000 8.30000000 3.45377000E+001
7.60000000 8.40000000 3.97312000E+001
7.60000000 8.50000000 4.56161000E+001
7.60000000 8.60000000 5.22512000E+001
7.60000000 8.70000000 5.96977000E+001
7.60000000 8.80000000 6.80192000E+001
7.60000000 8.90000000 7.72817000E+001
7.60000000 9.00000000 8.75536000E+001
7.60000000 9.10000000 9.89057000E+001
7.60000000 9.20000000 1.11411200E+002
7.60000000 9.30000000 1.25145700E+002
7.60000000 9.40000000 1.40187200E+002
7.60000000 9.50000000 1.56616100E+002
7.60000000 9.60000000 1.74515200E+002
7.60000000 9.70000000 1.93969700E+002
7.60000000 9.80000000 2.15067200E+002
7.60000000 9.90000000 2.37897700E+002
7.60000000 10.00000000 2.62553600E+002
7.60000000 10.10000000 2.89129700E+002
7.60000000 10.20000000 3.17723200E+002
7.60000000 10.30000000 3.48433700E+002
7.60000000 10.40000000 3.81363200E+002
7.60000000 10.50000000 4.16616100E+002
7.60000000 10.60000000 4.54299200E+002
7.60000000 10.70000000 4.94521700E+002
7.60000000 10.80000000 5.37395200E+002
7.60000000 10.90000000 5.83033700E+002
7.60000000 11.00000000 6.31553600E+002
7.70000000 1.00000000 6.33352100E+002
7.70000000 1.10000000 5.84832200E+002
7.70000000 1.20000000 5.39193700E+002
7.70000000 1.30000000 4.96320200E+002
7.70000000 1.40000000 4.56097700E+002
7.70000000 1.50000000 4.18414600E+002
7.70000000 1.60000000 3.83161700E+002
7.70000000 1.70000000 3.50232200E+002
7.70000000 1.80000000 3.19521700E+002
7.70000000 1.90000000 2.90928200E+002
7.70000000 2.00000000 2.64352100E+002
7.70000000 2.10000000 2.39696200E+002
7.70000000 2.20000000 2.16865700E+002
7.70000000 2.30000000 1.95768200E+002
7.70000000 2.40000000 1.76313700E+002
7.70000000 2.50000000 1.58414600E+002
7.70000000 2.60000000 1.41985700E+002
7.70000000 2.70000000 1.26944200E+002
7.70000000 2.80000000 1.13209700E+002
7.70000000 2.90000000 1.00704200E+002
7.70000000 3.00000000 8.93521000E+001
7.70000000 3.10000000 7.90802000E+001
7.70000000 3.20000000 6.98177000E+001
7.70000000 3.30000000 6.14962000E+001
7.70000000 3.40000000 5.40497000E+001
7.70000000 3.50000000 4.74146000E+001
7.70000000 3.60000000 4.15297000E+001
7.70000000 3.70000000 3.63362000E+001
7.70000000 3.80000000 3.17777000E+001
7.70000000 3.90000000 2.78002000E+001
7.70000000 4.00000000 2.43521000E+001
7.70000000 4.10000000 2.13842000E+001
7.70000000 4.20000000 1.88497000E+001
7.70000000 4.30000000 1.67042000E+001
7.70000000 4.40000000 1.49057000E+001
7.70000000 4.50000000 1.34146000E+001
7.70000000 4.60000000 1.21937000E+001
7.70000000 4.70000000 1.12082000E+001
7.70000000 4.80000000 1.04257000E+001
7.70000000 4.90000000 9.81620000E+000
7.70000000 5.00000000 9.35210000E+000
7.70000000 5.10000000 9.00820000E+000
7.70000000 5.20000000 8.76170000E+000
7.70000000 5.30000000 8.59220000E+000
7.70000000 5.40000000 8.48170000E+000
7.70000000 5.50000000 8.41460000E+000
7.70000000 5.60000000 8.37770000E+000
7.70000000 5.70000000 8.36020000E+000
7.70000000 5.80000000 8.35370000E+000
7.70000000 5.90000000 8.35220000E+000
7.70000000 6.00000000 8.35210000E+000
7.70000000 6.10000000 8.35220000E+000
7.70000000 6.20000000 8.35370000E+000
7.70000000 6.30000000 8.36020000E+000
7.70000000 6.40000000 8.37770000E+000
7.70000000 6.50000000 8.41460000E+000
7.70000000 6.60000000 8.48170000E+000
7.70000000 6.70000000 8.59220000E+000
7.70000000 6.80000000 8.76170000E+000
7.70000000 6.90000000 9.00820000E+000
7.70000000 7.00000000 9.35210000E+000
7.70000000 7.10000000 9.81620000E+000
7.70000000 7.20000000 1.04257000E+001
7.70000000 7.30000000 1.12082000E+001
7.70000000 7.40000000 1.21937000E+001
7.70000000 7.50000000 1.34146000E+001
7.70000000 7.60000000 1.49057000E+001
7.70000000 7.70000000 1.67042000E+001
7.70000000 7.80000000 1.88497000E+001
7.70000000 7.90000000 2.13842000E+001
7.70000000 8.00000000 2.43521000E+001
7.70000000 8.10000000 2.78002000E+001
7.70000000 8.20000000 3.17777000E+001
7.70000000 8.30000000 3.63362000E+001
7.70000000 8.40000000 4.15297000E+001
7.70000000 8.50000000 4.74146000E+001
7.70000000 8.60000000 5.40497000E+001
7.70000000 8.70000000 6.14962000E+001
7.70000000 8.80000000 6.98177000E+001
7.70000000 8.90000000 7.90802000E+001
7.70000000 9.00000000 8.93521000E+001
7.70000000 9.10000000 1.00704200E+002
7.70000000 9.20000000 1.13209700E+002
7.70000000 9.30000000 1.26944200E+002
7.70000000 9.40000000 1.41985700E+002
7.70000000 9.50000000 1.58414600E+002
7.70000000 9.60000000 1.76313700E+002
7.70000000 9.70000000 1.95768200E+002
7.70000000 9.80000000 2.16865700E+002
7.70000000 9.90000000 2.39696200E+002
7.70000000 10.00000000 2.64352100E+002
7.70000000 10.10000000 2.90928200E+002
7.70000000 10.20000000 3.19521700E+002
7.70000000 10.30000000 3.50232200E+002
7.70000000 10.40000000 3.83161700E+002
7.70000000 10.50000000 4.18414600E+002
7.70000000 10.60000000 4.56097700E+002
7.70000000 10.70000000 4.96320200E+002
7.70000000 10.80000000 5.39193700E+002
7.70000000 10.90000000 5.84832200E+002
7.70000000 11.00000000 6.33352100E+002
7.80000000 1.00000000 6.35497600E+002
7.80000000 1.10000000 5.86977700E+002
7.80000000 1.20000000 5.41339200E+002
7.80000000 1.30000000 4.98465700E+002
7.80000000 1.40000000 4.58243200E+002
7.80000000 1.50000000 4.20560100E+002
7.80000000 1.60000000 3.85307200E+002
7.80000000 1.70000000 3.52377700E+002
7.80000000 1.80000000 3.21667200E+002
7.80000000 1.90000000 2.93073700E+002
7.80000000 2.00000000 2.66497600E+002
7.80000000 2.10000000 2.41841700E+002
7.80000000 2.20000000 2.19011200E+002
7.80000000 2.30000000 1.97913700E+002
7.80000000 2.40000000 1.78459200E+002
7.80000000 2.50000000 1.60560100E+002
7.80000000 2.60000000 1.44131200E+002
7.80000000 2.70000000 1.29089700E+002
7.80000000 2.80000000 1.15355200E+002
7.80000000 2.90000000 1.02849700E+002
7.80000000 3.00000000 9.14976000E+001
7.80000000 3.10000000 8.12257000E+001
7.80000000 3.20000000 7.19632000E+001
7.80000000 3.30000000 6.36417000E+001
7.80000000 3.40000000 5.61952000E+001
7.80000000 3.50000000 4.95601000E+001
7.80000000 3.60000000 4.36752000E+001
7.80000000 3.70000000 3.84817000E+001
7.80000000 3.80000000 3.39232000E+001
7.80000000 3.90000000 2.99457000E+001
7.80000000 4.00000000 2.64976000E+001
7.80000000 4.10000000 2.35297000E+001
7.80000000 4.20000000 2.09952000E+001
7.80000000 4.30000000 1.88497000E+001
7.80000000 4.40000000 1.70512000E+001
7.80000000 4.50000000 1.55601000E+001
7.80000000 4.60000000 1.43392000E+001
7.80000000 4.70000000 1.33537000E+001
7.80000000 4.80000000 1.25712000E+001
7.80000000 4.90000000 1.19617000E+001
7.80000000 5.00000000 1.14976000E+001
7.80000000 5.10000000 1.11537000E+001
7.80000000 5.20000000 1.09072000E+001
7.80000000 5.30000000 1.07377000E+001
7.80000000 5.40000000 1.06272000E+001
7.80000000 5.50000000 1.05601000E+001
7.80000000 5.60000000 1.05232000E+001
7.80000000 5.70000000 1.05057000E+001
7.80000000 5.80000000 1.04992000E+001
7.80000000 5.90000000 1.04977000E+001
7.80000000 6.00000000 1.04976000E+001
7.80000000 6.10000000 1.04977000E+001
7.80000000 6.20000000 1.04992000E+001
7.80000000 6.30000000 1.05057000E+001
7.80000000 6.40000000 1.05232000E+001
7.80000000 6.50000000 1.05601000E+001
7.80000000 6.60000000 1.06272000E+001
7.80000000 6.70000000 1.07377000E+001
7.80000000 6.80000000 1.09072000E+001
7.80000000 6.90000000 1.11537000E+001
7.80000000 7.00000000 1.14976000E+001
7.80000000 7.10000000 1.19617000E+001
7.80000000 7.20000000 1.25712000E+001
7.80000000 7.30000000 1.33537000E+001
7.80000000 7.40000000 1.43392000E+001
7.80000000 7.50000000 1.55601000E+001
7.80000000 7.60000000 1.70512000E+001
7.80000000 7.70000000 1.88497000E+001
7.80000000 7.80000000 2.09952000E+001
7.80000000 7.90000000 2.35297000E+001
7.80000000 8.00000000 2.64976000E+001
7.80000000 8.10000000 2.99457000E+001
7.80000000 8.20000000 3.39232000E+001
7.80000000 8.30000000 3.84817000E+001
7.80000000 8.40000000 4.36752000E+001
7.80000000 8.50000000 4.95601000E+001
7.80000000 8.60000000 5.61952000E+001
7.80000000 8.70000000 6.36417000E+001
7.80000000 8.80000000 7.19632000E+001
7.80000000 8.90000000 8.12257000E+001
7.80000000 9.00000000 9.14976000E+001
7.80000000 9.10000000 1.02849700E+002
7.80000000 9.20000000 1.15355200E+002
7.80000000 9.30000000 1.29089700E+002
7.80000000 9.40000000 1.44131200E+002
7.80000000 9.50000000 1.60560100E+002
7.80000000 9.60000000 1.78459200E+002
7.80000000 9.70000000 1.97913700E+002
7.80000000 9.80000000 2.19011200E+002
7.80000000 9.90000000 2.41841700E+002
7.80000000 10.00000000 2.66497600E+002
7.80000000 10.10000000 2.93073700E+002
7.80000000 10.20000000 3.21667200E+002
7.80000000 10.30000000 3.52377700E+002
7.80000000 10.40000000 3.85307200E+002
7.80000000 10.50000000 4.20560100E+002
7.80000000 10.60000000 4.58243200E+002
7.80000000 10.70000000 4.98465700E+002
7.80000000 10.80000000 5.41339200E+002
7.80000000 10.90000000 5.86977700E+002
7.80000000 11.00000000 6.35497600E+002
7.90000000 1.00000000 6.38032100E+002
7.90000000 1.10000000 5.89512200E+002
7.90000000 1.20000000 5.43873700E+002
7.90000000 1.30000000 5.01000200E+002
7.90000000 1.40000000 4.60777700E+002
7.90000000 1.50000000 4.23094600E+002
7.90000000 1.60000000 3.87841700E+002
7.90000000 1.70000000 3.54912200E+002
7.90000000 1.80000000 3.24201700E+002
7.90000000 1.90000000 2.95608200E+002
7.90000000 2.00000000 2.69032100E+002
7.90000000 2.10000000 2.44376200E+002
7.90000000 2.20000000 2.21545700E+002
7.90000000 2.30000000 2.00448200E+002
7.90000000 2.40000000 1.80993700E+002
7.90000000 2.50000000 1.63094600E+002
7.90000000 2.60000000 1.46665700E+002
7.90000000 2.70000000 1.31624200E+002
7.90000000 2.80000000 1.17889700E+002
7.90000000 2.90000000 1.05384200E+002
7.90000000 3.00000000 9.40321000E+001
7.90000000 3.10000000 8.37602000E+001
7.90000000 3.20000000 7.44977000E+001
7.90000000 3.30000000 6.61762000E+001
7.90000000 3.40000000 5.87297000E+001
7.90000000 3.50000000 5.20946000E+001
7.90000000 3.60000000 4.62097000E+001
7.90000000 3.70000000 4.10162000E+001
7.90000000 3.80000000 3.64577000E+001
7.90000000 3.90000000 3.24802000E+001
7.90000000 4.00000000 2.90321000E+001
7.90000000 4.10000000 2.60642000E+001
7.90000000 4.20000000 2.35297000E+001
7.90000000 4.30000000 2.13842000E+001
7.90000000 4.40000000 1.95857000E+001
7.90000000 4.50000000 1.80946000E+001
7.90000000 4.60000000 1.68737000E+001
7.90000000 4.70000000 1.58882000E+001
7.90000000 4.80000000 1.51057000E+001
7.90000000 4.90000000 1.44962000E+001
7.90000000 5.00000000 1.40321000E+001
7.90000000 5.10000000 1.36882000E+001
7.90000000 5.20000000 1.34417000E+001
7.90000000 5.30000000 1.32722000E+001
7.90000000 5.40000000 1.31617000E+001
7.90000000 5.50000000 1.30946000E+001
7.90000000 5.60000000 1.30577000E+001
7.90000000 5.70000000 1.30402000E+001
7.90000000 5.80000000 1.30337000E+001
7.90000000 5.90000000 1.30322000E+001
7.90000000 6.00000000 1.30321000E+001
7.90000000 6.10000000 1.30322000E+001
7.90000000 6.20000000 1.30337000E+001
7.90000000 6.30000000 1.30402000E+001
7.90000000 6.40000000 1.30577000E+001
7.90000000 6.50000000 1.30946000E+001
7.90000000 6.60000000 1.31617000E+001
7.90000000 6.70000000 1.32722000E+001
7.90000000 6.80000000 1.34417000E+001
7.90000000 6.90000000 1.36882000E+001
7.90000000 7.00000000 1.40321000E+001
7.90000000 7.10000000 1.44962000E+001
7.90000000 7.20000000 1.51057000E+001
7.90000000 7.30000000 1.58882000E+001
7.90000000 7.40000000 1.68737000E+001
7.90000000 7.50000000 1.80946000E+001
7.90000000 7.60000000 1.95857000E+001
7.90000000 7.70000000 2.13842000E+001
7.90000000 7.80000000 2.35297000E+001
7.90000000 7.90000000 2.60642000E+001
7.90000000 8.00000000 2.90321000E+001
7.90000000 8.10000000 3.24802000E+001
7.90000000 8.20000000 3.64577000E+001
7.90000000 8.30000000 4.10162000E+001
7.90000000 8.40000000 4.62097000E+001
7.90000000 8.50000000 5.20946000E+001
7.90000000 8.60000000 5.87297000E+001
7.90000000 8.70000000 6.61762000E+001
7.90000000 8.80000000 7.44977000E+001
7.90000000 8.90000000 8.37602000E+001
7.90000000 9.00000000 9.40321000E+001
7.90000000 9.10000000 1.05384200E+002
7.90000000 9.20000000 1.17889700E+002
7.90000000 9.30000000 1.31624200E+002
7.90000000 9.40000000 1.46665700E+002
7.90000000 9.50000000 1.63094600E+002
7.90000000 9.60000000 1.80993700E+002
7.90000000 9.70000000 2.00448200E+002
7.90000000 9.80000000 2.21545700E+002
7.90000000 9.90000000 2.44376200E+002
7.90000000 10.00000000 2.69032100E+002
7.90000000 10.10000000 2.95608200E+002
7.90000000 10.20000000 3.24201700E+002
7.90000000 10.30000000 3.54912200E+002
7.90000000 10.40000000 3.87841700E+002
7.90000000 10.50000000 4.23094600E+002
7.90000000 10.60000000 4.60777700E+002
7.90000000 10.70000000 5.01000200E+002
7.90000000 10.80000000 5.43873700E+002
7.90000000 10.90000000 5.89512200E+002
7.90000000 11.00000000 6.38032100E+002
8.00000000 1.00000000 6.41000000E+002
8.00000000 1.10000000 5.92480100E+002
8.00000000 1.20000000 5.46841600E+002
8.00000000 1.30000000 5.03968100E+002
8.00000000 1.40000000 4.63745600E+002
8.00000000 1.50000000 4.26062500E+002
8.00000000 1.60000000 3.90809600E+002
8.00000000 1.70000000 3.57880100E+002
8.00000000 1.80000000 3.27169600E+002
8.00000000 1.90000000 2.98576100E+002
8.00000000 2.00000000 2.72000000E+002
8.00000000 2.10000000 2.47344100E+002
8.00000000 2.20000000 2.24513600E+002
8.00000000 2.30000000 2.03416100E+002
8.00000000 2.40000000 1.83961600E+002
8.00000000 2.50000000 1.66062500E+002
8.00000000 2.60000000 1.49633600E+002
8.00000000 2.70000000 1.34592100E+002
8.00000000 2.80000000 1.20857600E+002
8.00000000 2.90000000 1.08352100E+002
8.00000000 3.00000000 9.70000000E+001
8.00000000 3.10000000 8.67281000E+001
8.00000000 3.20000000 7.74656000E+001
8.00000000 3.30000000 6.91441000E+001
8.00000000 3.40000000 6.16976000E+001
8.00000000 3.50000000 5.50625000E+001
8.00000000 3.60000000 4.91776000E+001
8.00000000 3.70000000 4.39841000E+001
8.00000000 3.80000000 3.94256000E+001
8.00000000 3.90000000 3.54481000E+001
8.00000000 4.00000000 3.20000000E+001
8.00000000 4.10000000 2.90321000E+001
8.00000000 4.20000000 2.64976000E+001
8.00000000 4.30000000 2.43521000E+001
8.00000000 4.40000000 2.25536000E+001
8.00000000 4.50000000 2.10625000E+001
8.00000000 4.60000000 1.98416000E+001
8.00000000 4.70000000 1.88561000E+001
8.00000000 4.80000000 1.80736000E+001
8.00000000 4.90000000 1.74641000E+001
8.00000000 5.00000000 1.70000000E+001
8.00000000 5.10000000 1.66561000E+001
8.00000000 5.20000000 1.64096000E+001
8.00000000 5.30000000 1.62401000E+001
8.00000000 5.40000000 1.61296000E+001
8.00000000 5.50000000 1.60625000E+001
8.00000000 5.60000000 1.60256000E+001
8.00000000 5.70000000 1.60081000E+001
8.00000000 5.80000000 1.60016000E+001
8.00000000 5.90000000 1.60001000E+001
8.00000000 6.00000000 1.60000000E+001
8.00000000 6.10000000 1.60001000E+001
8.00000000 6.20000000 1.60016000E+001
8.00000000 6.30000000 1.60081000E+001
8.00000000 6.40000000 1.60256000E+001
8.00000000 6.50000000 1.60625000E+001
8.00000000 6.60000000 1.61296000E+001
8.00000000 6.70000000 1.62401000E+001
8.00000000 6.80000000 1.64096000E+001
8.00000000 6.90000000 1.66561000E+001
8.00000000 7.00000000 1.70000000E+001
8.00000000 7.10000000 1.74641000E+001
8.00000000 7.20000000 1.80736000E+001
8.00000000 7.30000000 1.88561000E+001
8.00000000 7.40000000 1.98416000E+001
8.00000000 7.50000000 2.10625000E+001
8.00000000 7.60000000 2.25536000E+001
8.00000000 7.70000000 2.43521000E+001
8.00000000 7.80000000 2.64976000E+001
8.00000000 7.90000000 2.90321000E+001
8.00000000 8.00000000 3.20000000E+001
8.00000000 8.10000000 3.54481000E+001
8.00000000 8.20000000 3.94256000E+001
8.00000000 8.30000000 4.39841000E+001
8.00000000 8.40000000 4.91776000E+001
8.00000000 8.50000000 5.50625000E+001
8.00000000 8.60000000 6.16976000E+001
8.00000000 8.70000000 6.91441000E+001
8.00000000 8.80000000 7.74656000E+001
8.00000000 8.90000000 8.67281000E+001
8.00000000 9.00000000 9.70000000E+001
8.00000000 9.10000000 1.08352100E+002
8.00000000 9.20000000 1.20857600E+002
8.00000000 9.30000000 1.34592100E+002
8.00000000 9.40000000 1.49633600E+002
8.00000000 9.50000000 1.66062500E+002
8.00000000 9.60000000 1.83961600E+002
8.00000000 9.70000000 2.03416100E+002
8.00000000 9.80000000 2.24513600E+002
8.00000000 9.90000000 2.47344100E+002
8.00000000 10.00000000 2.72000000E+002
8.00000000 10.10000000 2.98576100E+002
8.00000000 10.20000000 3.27169600E+002
8.00000000 10.30000000 3.57880100E+002
8.00000000 10.40000000 3.90809600E+002
8.00000000 10.50000000 4.26062500E+002
8.00000000 10.60000000 4.63745600E+002
8.00000000 10.70000000 5.03968100E+002
8.00000000 10.80000000 5.46841600E+002
8.00000000 10.90000000 5.92480100E+002
8.00000000 11.00000000 6.41000000E+002
8.10000000 1.00000000 6.44448100E+002
8.10000000 1.10000000 5.95928200E+002
8.10000000 1.20000000 5.50289700E+002
8.10000000 1.30000000 5.07416200E+002
8.10000000 1.40000000 4.67193700E+002
8.10000000 1.50000000 4.29510600E+002
8.10000000 1.60000000 3.94257700E+002
8.10000000 1.70000000 3.61328200E+002
8.10000000 1.80000000 3.30617700E+002
8.10000000 1.90000000 3.02024200E+002
8.10000000 2.00000000 2.75448100E+002
8.10000000 2.10000000 2.50792200E+002
8.10000000 2.20000000 2.27961700E+002
8.10000000 2.30000000 2.06864200E+002
8.10000000 2.40000000 1.87409700E+002
8.10000000 2.50000000 1.69510600E+002
8.10000000 2.60000000 1.53081700E+002
8.10000000 2.70000000 1.38040200E+002
8.10000000 2.80000000 1.24305700E+002
8.10000000 2.90000000 1.11800200E+002
8.10000000 3.00000000 1.00448100E+002
8.10000000 3.10000000 9.01762000E+001
8.10000000 3.20000000 8.09137000E+001
8.10000000 3.30000000 7.25922000E+001
8.10000000 3.40000000 6.51457000E+001
8.10000000 3.50000000 5.85106000E+001
8.10000000 3.60000000 5.26257000E+001
8.10000000 3.70000000 4.74322000E+001
8.10000000 3.80000000 4.28737000E+001
8.10000000 3.90000000 3.88962000E+001
8.10000000 4.00000000 3.54481000E+001
8.10000000 4.10000000 3.24802000E+001
8.10000000 4.20000000 2.99457000E+001
8.10000000 4.30000000 2.78002000E+001
8.10000000 4.40000000 2.60017000E+001
8.10000000 4.50000000 2.45106000E+001
8.10000000 4.60000000 2.32897000E+001
8.10000000 4.70000000 2.23042000E+001
8.10000000 4.80000000 2.15217000E+001
8.10000000 4.90000000 2.09122000E+001
8.10000000 5.00000000 2.04481000E+001
8.10000000 5.10000000 2.01042000E+001
8.10000000 5.20000000 1.98577000E+001
8.10000000 5.30000000 1.96882000E+001
8.10000000 5.40000000 1.95777000E+001
8.10000000 5.50000000 1.95106000E+001
8.10000000 5.60000000 1.94737000E+001
8.10000000 5.70000000 1.94562000E+001
8.10000000 5.80000000 1.94497000E+001
8.10000000 5.90000000 1.94482000E+001
8.10000000 6.00000000 1.94481000E+001
8.10000000 6.10000000 1.94482000E+001
8.10000000 6.20000000 1.94497000E+001
8.10000000 6.30000000 1.94562000E+001
8.10000000 6.40000000 1.94737000E+001
8.10000000 6.50000000 1.95106000E+001
8.10000000 6.60000000 1.95777000E+001
8.10000000 6.70000000 1.96882000E+001
8.10000000 6.80000000 1.98577000E+001
8.10000000 6.90000000 2.01042000E+001
8.10000000 7.00000000 2.04481000E+001
8.10000000 7.10000000 2.09122000E+001
8.10000000 7.20000000 2.15217000E+001
8.10000000 7.30000000 2.23042000E+001
8.10000000 7.40000000 2.32897000E+001
8.10000000 7.50000000 2.45106000E+001
8.10000000 7.60000000 2.60017000E+001
8.10000000 7.70000000 2.78002000E+001
8.10000000 7.80000000 2.99457000E+001
8.10000000 7.90000000 3.24802000E+001
8.10000000 8.00000000 3.54481000E+001
8.10000000 8.10000000 3.88962000E+001
8.10000000 8.20000000 4.28737000E+001
8.10000000 8.30000000 4.74322000E+001
8.10000000 8.40000000 5.26257000E+001
8.10000000 8.50000000 5.85106000E+001
8.10000000 8.60000000 6.51457000E+001
8.10000000 8.70000000 7.25922000E+001
8.10000000 8.80000000 8.09137000E+001
8.10000000 8.90000000 9.01762000E+001
8.10000000 9.00000000 1.00448100E+002
8.10000000 9.10000000 1.11800200E+002
8.10000000 9.20000000 1.24305700E+002
8.10000000 9.30000000 1.38040200E+002
8.10000000 9.40000000 1.53081700E+002
8.10000000 9.50000000 1.69510600E+002
8.10000000 9.60000000 1.87409700E+002
8.10000000 9.70000000 2.06864200E+002
8.10000000 9.80000000 2.27961700E+002
8.10000000 9.90000000 2.50792200E+002
8.10000000 10.00000000 2.75448100E+002
8.10000000 10.10000000 3.02024200E+002
8.10000000 10.20000000 3.30617700E+002
8.10000000 10.30000000 3.61328200E+002
8.10000000 10.40000000 3.94257700E+002
8.10000000 10.50000000 4.29510600E+002
8.10000000 10.60000000 4.67193700E+002
8.10000000 10.70000000 5.07416200E+002
8.10000000 10.80000000 5.50289700E+002
8.10000000 10.90000000 5.95928200E+002
8.10000000 11.00000000 6.44448100E+002
8.20000000 1.00000000 6.48425600E+002
8.20000000 1.10000000 5.99905700E+002
8.20000000 1.20000000 5.54267200E+002
8.20000000 1.30000000 5.11393700E+002
8.20000000 1.40000000 4.71171200E+002
8.20000000 1.50000000 4.33488100E+002
8.20000000 1.60000000 3.98235200E+002
8.20000000 1.70000000 3.65305700E+002
8.20000000 1.80000000 3.34595200E+002
8.20000000 1.90000000 3.06001700E+002
8.20000000 2.00000000 2.79425600E+002
8.20000000 2.10000000 2.54769700E+002
8.20000000 2.20000000 2.31939200E+002
8.20000000 2.30000000 2.10841700E+002
8.20000000 2.40000000 1.91387200E+002
8.20000000 2.50000000 1.73488100E+002
8.20000000 2.60000000 1.57059200E+002
8.20000000 2.70000000 1.42017700E+002
8.20000000 2.80000000 1.28283200E+002
8.20000000 2.90000000 1.15777700E+002
8.20000000 3.00000000 1.04425600E+002
8.20000000 3.10000000 9.41537000E+001
8.20000000 3.20000000 8.48912000E+001
8.20000000 3.30000000 7.65697000E+001
8.20000000 3.40000000 6.91232000E+001
8.20000000 3.50000000 6.24881000E+001
8.20000000 3.60000000 5.66032000E+001
8.20000000 3.70000000 5.14097000E+001
8.20000000 3.80000000 4.68512000E+001
8.20000000 3.90000000 4.28737000E+001
8.20000000 4.00000000 3.94256000E+001
8.20000000 4.10000000 3.64577000E+001
8.20000000 4.20000000 3.39232000E+001
8.20000000 4.30000000 3.17777000E+001
8.20000000 4.40000000 2.99792000E+001
8.20000000 4.50000000 2.84881000E+001
8.20000000 4.60000000 2.72672000E+001
8.20000000 4.70000000 2.62817000E+001
8.20000000 4.80000000 2.54992000E+001
8.20000000 4.90000000 2.48897000E+001
8.20000000 5.00000000 2.44256000E+001
8.20000000 5.10000000 2.40817000E+001
8.20000000 5.20000000 2.38352000E+001
8.20000000 5.30000000 2.36657000E+001
8.20000000 5.40000000 2.35552000E+001
8.20000000 5.50000000 2.34881000E+001
8.20000000 5.60000000 2.34512000E+001
8.20000000 5.70000000 2.34337000E+001
8.20000000 5.80000000 2.34272000E+001
8.20000000 5.90000000 2.34257000E+001
8.20000000 6.00000000 2.34256000E+001
8.20000000 6.10000000 2.34257000E+001
8.20000000 6.20000000 2.34272000E+001
8.20000000 6.30000000 2.34337000E+001
8.20000000 6.40000000 2.34512000E+001
8.20000000 6.50000000 2.34881000E+001
8.20000000 6.60000000 2.35552000E+001
8.20000000 6.70000000 2.36657000E+001
8.20000000 6.80000000 2.38352000E+001
8.20000000 6.90000000 2.40817000E+001
8.20000000 7.00000000 2.44256000E+001
8.20000000 7.10000000 2.48897000E+001
8.20000000 7.20000000 2.54992000E+001
8.20000000 7.30000000 2.62817000E+001
8.20000000 7.40000000 2.72672000E+001
8.20000000 7.50000000 2.84881000E+001
8.20000000 7.60000000 2.99792000E+001
8.20000000 7.70000000 3.17777000E+001
8.20000000 7.80000000 3.39232000E+001
8.20000000 7.90000000 3.64577000E+001
8.20000000 8.00000000 3.94256000E+001
8.20000000 8.10000000 4.28737000E+001
8.20000000 8.20000000 4.68512000E+001
8.20000000 8.30000000 5.14097000E+001
8.20000000 8.40000000 5.66032000E+001
8.20000000 8.50000000 6.24881000E+001
8.20000000 8.60000000 6.91232000E+001
8.20000000 8.70000000 7.65697000E+001
8.20000000 8.80000000 8.48912000E+001
8.20000000 8.90000000 9.41537000E+001
8.20000000 9.00000000 1.04425600E+002
8.20000000 9.10000000 1.15777700E+002
8.20000000 9.20000000 1.28283200E+002
8.20000000 9.30000000 1.42017700E+002
8.20000000 9.40000000 1.57059200E+002
8.20000000 9.50000000 1.73488100E+002
8.20000000 9.60000000 1.91387200E+002
8.20000000 9.70000000 2.10841700E+002
8.20000000 9.80000000 2.31939200E+002
8.20000000 9.90000000 2.54769700E+002
8.20000000 10.00000000 2.79425600E+002
8.20000000 10.10000000 3.06001700E+002
8.20000000 10.20000000 3.34595200E+002
8.20000000 10.30000000 3.65305700E+002
8.20000000 10.40000000 3.98235200E+002
8.20000000 10.50000000 4.33488100E+002
8.20000000 10.60000000 4.71171200E+002
8.20000000 10.70000000 5.11393700E+002
8.20000000 10.80000000 5.54267200E+002
8.20000000 10.90000000 5.99905700E+002
8.20000000 11.00000000 6.48425600E+002
8.30000000 1.00000000 6.52984100E+002
8.30000000 1.10000000 6.04464200E+002
8.30000000 1.20000000 5.58825700E+002
8.30000000 1.30000000 5.15952200E+002
8.30000000 1.40000000 4.75729700E+002
8.30000000 1.50000000 4.38046600E+002
8.30000000 1.60000000 4.02793700E+002
8.30000000 1.70000000 3.69864200E+002
8.30000000 1.80000000 3.39153700E+002
8.30000000 1.90000000 3.10560200E+002
8.30000000 2.00000000 2.83984100E+002
8.30000000 2.10000000 2.59328200E+002
8.30000000 2.20000000 2.36497700E+002
8.30000000 2.30000000 2.15400200E+002
8.30000000 2.40000000 1.95945700E+002
8.30000000 2.50000000 1.78046600E+002
8.30000000 2.60000000 1.61617700E+002
8.30000000 2.70000000 1.46576200E+002
8.30000000 2.80000000 1.32841700E+002
8.30000000 2.90000000 1.20336200E+002
8.30000000 3.00000000 1.08984100E+002
8.30000000 3.10000000 9.87122000E+001
8.30000000 3.20000000 8.94497000E+001
8.30000000 3.30000000 8.11282000E+001
8.30000000 3.40000000 7.36817000E+001
8.30000000 3.50000000 6.70466000E+001
8.30000000 3.60000000 6.11617000E+001
8.30000000 3.70000000 5.59682000E+001
8.30000000 3.80000000 5.14097000E+001
8.30000000 3.90000000 4.74322000E+001
8.30000000 4.00000000 4.39841000E+001
8.30000000 4.10000000 4.10162000E+001
8.30000000 4.20000000 3.84817000E+001
8.30000000 4.30000000 3.63362000E+001
8.30000000 4.40000000 3.45377000E+001
8.30000000 4.50000000 3.30466000E+001
8.30000000 4.60000000 3.18257000E+001
8.30000000 4.70000000 3.08402000E+001
8.30000000 4.80000000 3.00577000E+001
8.30000000 4.90000000 2.94482000E+001
8.30000000 5.00000000 2.89841000E+001
8.30000000 5.10000000 2.86402000E+001
8.30000000 5.20000000 2.83937000E+001
8.30000000 5.30000000 2.82242000E+001
8.30000000 5.40000000 2.81137000E+001
8.30000000 5.50000000 2.80466000E+001
8.30000000 5.60000000 2.80097000E+001
8.30000000 5.70000000 2.79922000E+001
8.30000000 5.80000000 2.79857000E+001
8.30000000 5.90000000 2.79842000E+001
8.30000000 6.00000000 2.79841000E+001
8.30000000 6.10000000 2.79842000E+001
8.30000000 6.20000000 2.79857000E+001
8.30000000 6.30000000 2.79922000E+001
8.30000000 6.40000000 2.80097000E+001
8.30000000 6.50000000 2.80466000E+001
8.30000000 6.60000000 2.81137000E+001
8.30000000 6.70000000 2.82242000E+001
8.30000000 6.80000000 2.83937000E+001
8.30000000 6.90000000 2.86402000E+001
8.30000000 7.00000000 2.89841000E+001
8.30000000 7.10000000 2.94482000E+001
8.30000000 7.20000000 3.00577000E+001
8.30000000 7.30000000 3.08402000E+001
8.30000000 7.40000000 3.18257000E+001
8.30000000 7.50000000 3.30466000E+001
8.30000000 7.60000000 3.45377000E+001
8.30000000 7.70000000 3.63362000E+001
8.30000000 7.80000000 3.84817000E+001
8.30000000 7.90000000 4.10162000E+001
8.30000000 8.00000000 4.39841000E+001
8.30000000 8.10000000 4.74322000E+001
8.30000000 8.20000000 5.14097000E+001
8.30000000 8.30000000 5.59682000E+001
8.30000000 8.40000000 6.11617000E+001
8.30000000 8.50000000 6.70466000E+001
8.30000000 8.60000000 7.36817000E+001
8.30000000 8.70000000 8.11282000E+001
8.30000000 8.80000000 8.94497000E+001
8.30000000 8.90000000 9.87122000E+001
8.30000000 9.00000000 1.08984100E+002
8.30000000 9.10000000 1.20336200E+002
8.30000000 9.20000000 1.32841700E+002
8.30000000 9.30000000 1.46576200E+002
8.30000000 9.40000000 1.61617700E+002
8.30000000 9.50000000 1.78046600E+002
8.30000000 9.60000000 1.95945700E+002
8.30000000 9.70000000 2.15400200E+002
8.30000000 9.80000000 2.36497700E+002
8.30000000 9.90000000 2.59328200E+002
8.30000000 10.00000000 2.83984100E+002
8.30000000 10.10000000 3.10560200E+002
8.30000000 10.20000000 3.39153700E+002
8.30000000 10.30000000 3.69864200E+002
8.30000000 10.40000000 4.02793700E+002
8.30000000 10.50000000 4.38046600E+002
8.30000000 10.60000000 4.75729700E+002
8.30000000 10.70000000 5.15952200E+002
8.30000000 10.80000000 5.58825700E+002
8.30000000 10.90000000 6.04464200E+002
8.30000000 11.00000000 6.52984100E+002
8.40000000 1.00000000 6.58177600E+002
8.40000000 1.10000000 6.09657700E+002
8.40000000 1.20000000 5.64019200E+002
8.40000000 1.30000000 5.21145700E+002
8.40000000 1.40000000 4.80923200E+002
8.40000000 1.50000000 4.43240100E+002
8.40000000 1.60000000 4.07987200E+002
8.40000000 1.70000000 3.75057700E+002
8.40000000 1.80000000 3.44347200E+002
8.40000000 1.90000000 3.15753700E+002
8.40000000 2.00000000 2.89177600E+002
8.40000000 2.10000000 2.64521700E+002
8.40000000 2.20000000 2.41691200E+002
8.40000000 2.30000000 2.20593700E+002
8.40000000 2.40000000 2.01139200E+002
8.40000000 2.50000000 1.83240100E+002
8.40000000 2.60000000 1.66811200E+002
8.40000000 2.70000000 1.51769700E+002
8.40000000 2.80000000 1.38035200E+002
8.40000000 2.90000000 1.25529700E+002
8.40000000 3.00000000 1.14177600E+002
8.40000000 3.10000000 1.03905700E+002
8.40000000 3.20000000 9.46432000E+001
8.40000000 3.30000000 8.63217000E+001
8.40000000 3.40000000 7.88752000E+001
8.40000000 3.50000000 7.22401000E+001
8.40000000 3.60000000 6.63552000E+001
8.40000000 3.70000000 6.11617000E+001
8.40000000 3.80000000 5.66032000E+001
8.40000000 3.90000000 5.26257000E+001
8.40000000 4.00000000 4.91776000E+001
8.40000000 4.10000000 4.62097000E+001
8.40000000 4.20000000 4.36752000E+001
8.40000000 4.30000000 4.15297000E+001
8.40000000 4.40000000 3.97312000E+001
8.40000000 4.50000000 3.82401000E+001
8.40000000 4.60000000 3.70192000E+001
8.40000000 4.70000000 3.60337000E+001
8.40000000 4.80000000 3.52512000E+001
8.40000000 4.90000000 3.46417000E+001
8.40000000 5.00000000 3.41776000E+001
8.40000000 5.10000000 3.38337000E+001
8.40000000 5.20000000 3.35872000E+001
8.40000000 5.30000000 3.34177000E+001
8.40000000 5.40000000 3.33072000E+001
8.40000000 5.50000000 3.32401000E+001
8.40000000 5.60000000 3.32032000E+001
8.40000000 5.70000000 3.31857000E+001
8.40000000 5.80000000 3.31792000E+001
8.40000000 5.90000000 3.31777000E+001
8.40000000 6.00000000 3.31776000E+001
8.40000000 6.10000000 3.31777000E+001
8.40000000 6.20000000 3.31792000E+001
8.40000000 6.30000000 3.31857000E+001
8.40000000 6.40000000 3.32032000E+001
8.40000000 6.50000000 3.32401000E+001
8.40000000 6.60000000 3.33072000E+001
8.40000000 6.70000000 3.34177000E+001
8.40000000 6.80000000 3.35872000E+001
8.40000000 6.90000000 3.38337000E+001
8.40000000 7.00000000 3.41776000E+001
8.40000000 7.10000000 3.46417000E+001
8.40000000 7.20000000 3.52512000E+001
8.40000000 7.30000000 3.60337000E+001
8.40000000 7.40000000 3.70192000E+001
8.40000000 7.50000000 3.82401000E+001
8.40000000 7.60000000 3.97312000E+001
8.40000000 7.70000000 4.15297000E+001
8.40000000 7.80000000 4.36752000E+001
8.40000000 7.90000000 4.62097000E+001
8.40000000 8.00000000 4.91776000E+001
8.40000000 8.10000000 5.26257000E+001
8.40000000 8.20000000 5.66032000E+001
8.40000000 8.30000000 6.11617000E+001
8.40000000 8.40000000 6.63552000E+001
8.40000000 8.50000000 7.22401000E+001
8.40000000 8.60000000 7.88752000E+001
8.40000000 8.70000000 8.63217000E+001
8.40000000 8.80000000 9.46432000E+001
8.40000000 8.90000000 1.03905700E+002
8.40000000 9.00000000 1.14177600E+002
8.40000000 9.10000000 1.25529700E+002
8.40000000 9.20000000 1.38035200E+002
8.40000000 9.30000000 1.51769700E+002
8.40000000 9.40000000 1.66811200E+002
8.40000000 9.50000000 1.83240100E+002
8.40000000 9.60000000 2.01139200E+002
8.40000000 9.70000000 2.20593700E+002
8.40000000 9.80000000 2.41691200E+002
8.40000000 9.90000000 2.64521700E+002
8.40000000 10.00000000 2.89177600E+002
8.40000000 10.10000000 3.15753700E+002
8.40000000 10.20000000 3.44347200E+002
8.40000000 10.30000000 3.75057700E+002
8.40000000 10.40000000 4.07987200E+002
8.40000000 10.50000000 4.43240100E+002
8.40000000 10.60000000 4.80923200E+002
8.40000000 10.70000000 5.21145700E+002
8.40000000 10.80000000 5.64019200E+002
8.40000000 10.90000000 6.09657700E+002
8.40000000 11.00000000 6.58177600E+002
8.50000000 1.00000000 6.64062500E+002
8.50000000 1.10000000 6.15542600E+002
8.50000000 1.20000000 5.69904100E+002
8.50000000 1.30000000 5.27030600E+002
8.50000000 1.40000000 4.86808100E+002
8.50000000 1.50000000 4.49125000E+002
8.50000000 1.60000000 4.13872100E+002
8.50000000 1.70000000 3.80942600E+002
8.50000000 1.80000000 3.50232100E+002
8.50000000 1.90000000 3.21638600E+002
8.50000000 2.00000000 2.95062500E+002
8.50000000 2.10000000 2.70406600E+002
8.50000000 2.20000000 2.47576100E+002
8.50000000 2.30000000 2.26478600E+002
8.50000000 2.40000000 2.07024100E+002
8.50000000 2.50000000 1.89125000E+002
8.50000000 2.60000000 1.72696100E+002
8.50000000 2.70000000 1.57654600E+002
8.50000000 2.80000000 1.43920100E+002
8.50000000 2.90000000 1.31414600E+002
8.50000000 3.00000000 1.20062500E+002
8.50000000 3.10000000 1.09790600E+002
8.50000000 3.20000000 1.00528100E+002
8.50000000 3.30000000 9.22066000E+001
8.50000000 3.40000000 8.47601000E+001
8.50000000 3.50000000 7.81250000E+001
8.50000000 3.60000000 7.22401000E+001
8.50000000 3.70000000 6.70466000E+001
8.50000000 3.80000000 6.24881000E+001
8.50000000 3.90000000 5.85106000E+001
8.50000000 4.00000000 5.50625000E+001
8.50000000 4.10000000 5.20946000E+001
8.50000000 4.20000000 4.95601000E+001
8.50000000 4.30000000 4.74146000E+001
8.50000000 4.40000000 4.56161000E+001
8.50000000 4.50000000 4.41250000E+001
8.50000000 4.60000000 4.29041000E+001
8.50000000 4.70000000 4.19186000E+001
8.50000000 4.80000000 4.11361000E+001
8.50000000 4.90000000 4.05266000E+001
8.50000000 5.00000000 4.00625000E+001
8.50000000 5.10000000 3.97186000E+001
8.50000000 5.20000000 3.94721000E+001
8.50000000 5.30000000 3.93026000E+001
8.50000000 5.40000000 3.91921000E+001
8.50000000 5.50000000 3.91250000E+001
8.50000000 5.60000000 3.90881000E+001
8.50000000 5.70000000 3.90706000E+001
8.50000000 5.80000000 3.90641000E+001
8.50000000 5.90000000 3.90626000E+001
8.50000000 6.00000000 3.90625000E+001
8.50000000 6.10000000 3.90626000E+001
8.50000000 6.20000000 3.90641000E+001
8.50000000 6.30000000 3.90706000E+001
8.50000000 6.40000000 3.90881000E+001
8.50000000 6.50000000 3.91250000E+001
8.50000000 6.60000000 3.91921000E+001
8.50000000 6.70000000 3.93026000E+001
8.50000000 6.80000000 3.94721000E+001
8.50000000 6.90000000 3.97186000E+001
8.50000000 7.00000000 4.00625000E+001
8.50000000 7.10000000 4.05266000E+001
8.50000000 7.20000000 4.11361000E+001
8.50000000 7.30000000 4.19186000E+001
8.50000000 7.40000000 4.29041000E+001
8.50000000 7.50000000 4.41250000E+001
8.50000000 7.60000000 4.56161000E+001
8.50000000 7.70000000 4.74146000E+001
8.50000000 7.80000000 4.95601000E+001
8.50000000 7.90000000 5.20946000E+001
8.50000000 8.00000000 5.50625000E+001
8.50000000 8.10000000 5.85106000E+001
8.50000000 8.20000000 6.24881000E+001
8.50000000 8.30000000 6.70466000E+001
8.50000000 8.40000000 7.22401000E+001
8.50000000 8.50000000 7.81250000E+001
8.50000000 8.60000000 8.47601000E+001
8.50000000 8.70000000 9.22066000E+001
8.50000000 8.80000000 1.00528100E+002
8.50000000 8.90000000 1.09790600E+002
8.50000000 9.00000000 1.20062500E+002
8.50000000 9.10000000 1.31414600E+002
8.50000000 9.20000000 1.43920100E+002
8.50000000 9.30000000 1.57654600E+002
8.50000000 9.40000000 1.72696100E+002
8.50000000 9.50000000 1.89125000E+002
8.50000000 9.60000000 2.07024100E+002
8.50000000 9.70000000 2.26478600E+002
8.50000000 9.80000000 2.47576100E+002
8.50000000 9.90000000 2.70406600E+002
8.50000000 10.00000000 2.95062500E+002
8.50000000 10.10000000 3.21638600E+002
8.50000000 10.20000000 3.50232100E+002
8.50000000 10.30000000 3.80942600E+002
8.50000000 10.40000000 4.13872100E+002
8.50000000 10.50000000 4.49125000E+002
8.50000000 10.60000000 4.86808100E+002
8.50000000 10.70000000 5.27030600E+002
8.50000000 10.80000000 5.69904100E+002
8.50000000 10.90000000 6.15542600E+002
8.50000000 11.00000000 6.64062500E+002
8.60000000 1.00000000 6.70697600E+002
8.60000000 1.10000000 6.22177700E+002
8.60000000 1.20000000 5.76539200E+002
8.60000000 1.30000000 5.33665700E+002
8.60000000 1.40000000 4.93443200E+002
8.60000000 1.50000000 4.55760100E+002
8.60000000 1.60000000 4.20507200E+002
8.60000000 1.70000000 3.87577700E+002
8.60000000 1.80000000 3.56867200E+002
8.60000000 1.90000000 3.28273700E+002
8.60000000 2.00000000 3.01697600E+002
8.60000000 2.10000000 2.77041700E+002
8.60000000 2.20000000 2.54211200E+002
8.60000000 2.30000000 2.33113700E+002
8.60000000 2.40000000 2.13659200E+002
8.60000000 2.50000000 1.95760100E+002
8.60000000 2.60000000 1.79331200E+002
8.60000000 2.70000000 1.64289700E+002
8.60000000 2.80000000 1.50555200E+002
8.60000000 2.90000000 1.38049700E+002
8.60000000 3.00000000 1.26697600E+002
8.60000000 3.10000000 1.16425700E+002
8.60000000 3.20000000 1.07163200E+002
8.60000000 3.30000000 9.88417000E+001
8.60000000 3.40000000 9.13952000E+001
8.60000000 3.50000000 8.47601000E+001
8.60000000 3.60000000 7.88752000E+001
8.60000000 3.70000000 7.36817000E+001
8.60000000 3.80000000 6.91232000E+001
8.60000000 3.90000000 6.51457000E+001
8.60000000 4.00000000 6.16976000E+001
8.60000000 4.10000000 5.87297000E+001
8.60000000 4.20000000 5.61952000E+001
8.60000000 4.30000000 5.40497000E+001
8.60000000 4.40000000 5.22512000E+001
8.60000000 4.50000000 5.07601000E+001
8.60000000 4.60000000 4.95392000E+001
8.60000000 4.70000000 4.85537000E+001
8.60000000 4.80000000 4.77712000E+001
8.60000000 4.90000000 4.71617000E+001
8.60000000 5.00000000 4.66976000E+001
8.60000000 5.10000000 4.63537000E+001
8.60000000 5.20000000 4.61072000E+001
8.60000000 5.30000000 4.59377000E+001
8.60000000 5.40000000 4.58272000E+001
8.60000000 5.50000000 4.57601000E+001
8.60000000 5.60000000 4.57232000E+001
8.60000000 5.70000000 4.57057000E+001
8.60000000 5.80000000 4.56992000E+001
8.60000000 5.90000000 4.56977000E+001
8.60000000 6.00000000 4.56976000E+001
8.60000000 6.10000000 4.56977000E+001
8.60000000 6.20000000 4.56992000E+001
8.60000000 6.30000000 4.57057000E+001
8.60000000 6.40000000 4.57232000E+001
8.60000000 6.50000000 4.57601000E+001
8.60000000 6.60000000 4.58272000E+001
8.60000000 6.70000000 4.59377000E+001
8.60000000 6.80000000 4.61072000E+001
8.60000000 6.90000000 4.63537000E+001
8.60000000 7.00000000 4.66976000E+001
8.60000000 7.10000000 4.71617000E+001
8.60000000 7.20000000 4.77712000E+001
8.60000000 7.30000000 4.85537000E+001
8.60000000 7.40000000 4.95392000E+001
8.60000000 7.50000000 5.07601000E+001
8.60000000 7.60000000 5.22512000E+001
8.60000000 7.70000000 5.40497000E+001
8.60000000 7.80000000 5.61952000E+001
8.60000000 7.90000000 5.87297000E+001
8.60000000 8.00000000 6.16976000E+001
8.60000000 8.10000000 6.51457000E+001
8.60000000 8.20000000 6.91232000E+001
8.60000000 8.30000000 7.36817000E+001
8.60000000 8.40000000 7.88752000E+001
8.60000000 8.50000000 8.47601000E+001
8.60000000 8.60000000 9.13952000E+001
8.60000000 8.70000000 9.88417000E+001
8.60000000 8.80000000 1.07163200E+002
8.60000000 8.90000000 1.16425700E+002
8.60000000 9.00000000 1.26697600E+002
8.60000000 9.10000000 1.38049700E+002
8.60000000 9.20000000 1.50555200E+002
8.60000000 9.30000000 1.64289700E+002
8.60000000 9.40000000 1.79331200E+002
8.60000000 9.50000000 1.95760100E+002
8.60000000 9.60000000 2.13659200E+002
8.60000000 9.70000000 2.33113700E+002
8.60000000 9.80000000 2.54211200E+002
8.60000000 9.90000000 2.77041700E+002
8.60000000 10.00000000 3.01697600E+002
8.60000000 10.10000000 3.28273700E+002
8.60000000 10.20000000 3.56867200E+002
8.60000000 10.30000000 3.87577700E+002
8.60000000 10.40000000 4.20507200E+002
8.60000000 10.50000000 4.55760100E+002
8.60000000 10.60000000 4.93443200E+002
8.60000000 10.70000000 5.33665700E+002
8.60000000 10.80000000 5.76539200E+002
8.60000000 10.90000000 6.22177700E+002
8.60000000 11.00000000 6.70697600E+002
8.70000000 1.00000000 6.78144100E+002
8.70000000 1.10000000 6.29624200E+002
8.70000000 1.20000000 5.83985700E+002
8.70000000 1.30000000 5.41112200E+002
8.70000000 1.40000000 5.00889700E+002
8.70000000 1.50000000 4.63206600E+002
8.70000000 1.60000000 4.27953700E+002
8.70000000 1.70000000 3.95024200E+002
8.70000000 1.80000000 3.64313700E+002
8.70000000 1.90000000 3.35720200E+002
8.70000000 2.00000000 3.09144100E+002
8.70000000 2.10000000 2.84488200E+002
8.70000000 2.20000000 2.61657700E+002
8.70000000 2.30000000 2.40560200E+002
8.70000000 2.40000000 2.21105700E+002
8.70000000 2.50000000 2.03206600E+002
8.70000000 2.60000000 1.86777700E+002
8.70000000 2.70000000 1.71736200E+002
8.70000000 2.80000000 1.58001700E+002
8.70000000 2.90000000 1.45496200E+002
8.70000000 3.00000000 1.34144100E+002
8.70000000 3.10000000 1.23872200E+002
8.70000000 3.20000000 1.14609700E+002
8.70000000 3.30000000 1.06288200E+002
8.70000000 3.40000000 9.88417000E+001
8.70000000 3.50000000 9.22066000E+001
8.70000000 3.60000000 8.63217000E+001
8.70000000 3.70000000 8.11282000E+001
8.70000000 3.80000000 7.65697000E+001
8.70000000 3.90000000 7.25922000E+001
8.70000000 4.00000000 6.91441000E+001
8.70000000 4.10000000 6.61762000E+001
8.70000000 4.20000000 6.36417000E+001
8.70000000 4.30000000 6.14962000E+001
8.70000000 4.40000000 5.96977000E+001
8.70000000 4.50000000 5.82066000E+001
8.70000000 4.60000000 5.69857000E+001
8.70000000 4.70000000 5.60002000E+001
8.70000000 4.80000000 5.52177000E+001
8.70000000 4.90000000 5.46082000E+001
8.70000000 5.00000000 5.41441000E+001
8.70000000 5.10000000 5.38002000E+001
8.70000000 5.20000000 5.35537000E+001
8.70000000 5.30000000 5.33842000E+001
8.70000000 5.40000000 5.32737000E+001
8.70000000 5.50000000 5.32066000E+001
8.70000000 5.60000000 5.31697000E+001
8.70000000 5.70000000 5.31522000E+001
8.70000000 5.80000000 5.31457000E+001
8.70000000 5.90000000 5.31442000E+001
8.70000000 6.00000000 5.31441000E+001
8.70000000 6.10000000 5.31442000E+001
8.70000000 6.20000000 5.31457000E+001
8.70000000 6.30000000 5.31522000E+001
8.70000000 6.40000000 5.31697000E+001
8.70000000 6.50000000 5.32066000E+001
8.70000000 6.60000000 5.32737000E+001
8.70000000 6.70000000 5.33842000E+001
8.70000000 6.80000000 5.35537000E+001
8.70000000 6.90000000 5.38002000E+001
8.70000000 7.00000000 5.41441000E+001
8.70000000 7.10000000 5.46082000E+001
8.70000000 7.20000000 5.52177000E+001
8.70000000 7.30000000 5.60002000E+001
8.70000000 7.40000000 5.69857000E+001
8.70000000 7.50000000 5.82066000E+001
8.70000000 7.60000000 5.96977000E+001
8.70000000 7.70000000 6.14962000E+001
8.70000000 7.80000000 6.36417000E+001
8.70000000 7.90000000 6.61762000E+001
8.70000000 8.00000000 6.91441000E+001
8.70000000 8.10000000 7.25922000E+001
8.70000000 8.20000000 7.65697000E+001
8.70000000 8.30000000 8.11282000E+001
8.70000000 8.40000000 8.63217000E+001
8.70000000 8.50000000 9.22066000E+001
8.70000000 8.60000000 9.88417000E+001
8.70000000 8.70000000 1.06288200E+002
8.70000000 8.80000000 1.14609700E+002
8.70000000 8.90000000 1.23872200E+002
8.70000000 9.00000000 1.34144100E+002
8.70000000 9.10000000 1.45496200E+002
8.70000000 9.20000000 1.58001700E+002
8.70000000 9.30000000 1.71736200E+002
8.70000000 9.40000000 1.86777700E+002
8.70000000 9.50000000 2.03206600E+002
8.70000000 9.60000000 2.21105700E+002
8.70000000 9.70000000 2.40560200E+002
8.70000000 9.80000000 2.61657700E+002
8.70000000 9.90000000 2.84488200E+002
8.70000000 10.00000000 3.09144100E+002
8.70000000 10.10000000 3.35720200E+002
8.70000000 10.20000000 3.64313700E+002
8.70000000 10.30000000 3.95024200E+002
8.70000000 10.40000000 4.27953700E+002
8.70000000 10.50000000 4.63206600E+002
8.70000000 10.60000000 5.00889700E+002
8.70000000 10.70000000 5.41112200E+002
8.70000000 10.80000000 5.83985700E+002
8.70000000 10.90000000 6.29624200E+002
8.70000000 11.00000000 6.78144100E+002
8.80000000 1.00000000 6.86465600E+002
8.80000000 1.10000000 6.37945700E+002
8.80000000 1.20000000 5.92307200E+002
8.80000000 1.30000000 5.49433700E+002
8.80000000 1.40000000 5.09211200E+002
8.80000000 1.50000000 4.71528100E+002
8.80000000 1.60000000 4.36275200E+002
8.80000000 1.70000000 4.03345700E+002
8.80000000 1.80000000 3.72635200E+002
8.80000000 1.90000000 3.44041700E+002
8.80000000 2.00000000 3.17465600E+002
8.80000000 2.10000000 2.92809700E+002
8.80000000 2.20000000 2.69979200E+002
8.80000000 2.30000000 2.48881700E+002
8.80000000 2.40000000 2.29427200E+002
8.80000000 2.50000000 2.11528100E+002
8.80000000 2.60000000 1.95099200E+002
8.80000000 2.70000000 1.80057700E+002
8.80000000 2.80000000 1.66323200E+002
8.80000000 2.90000000 1.53817700E+002
8.80000000 3.00000000 1.42465600E+002
8.80000000 3.10000000 1.32193700E+002
8.80000000 3.20000000 1.22931200E+002
8.80000000 3.30000000 1.14609700E+002
8.80000000 3.40000000 1.07163200E+002
8.80000000 3.50000000 1.00528100E+002
8.80000000 3.60000000 9.46432000E+001
8.80000000 3.70000000 8.94497000E+001
8.80000000 3.80000000 8.48912000E+001
8.80000000 3.90000000 8.09137000E+001
8.80000000 4.00000000 7.74656000E+001
8.80000000 4.10000000 7.44977000E+001
8.80000000 4.20000000 7.19632000E+001
8.80000000 4.30000000 6.98177000E+001
8.80000000 4.40000000 6.80192000E+001
8.80000000 4.50000000 6.65281000E+001
8.80000000 4.60000000 6.53072000E+001
8.80000000 4.70000000 6.43217000E+001
8.80000000 4.80000000 6.35392000E+001
8.80000000 4.90000000 6.29297000E+001
8.80000000 5.00000000 6.24656000E+001
8.80000000 5.10000000 6.21217000E+001
8.80000000 5.20000000 6.18752000E+001
8.80000000 5.30000000 6.17057000E+001
8.80000000 5.40000000 6.15952000E+001
8.80000000 5.50000000 6.15281000E+001
8.80000000 5.60000000 6.14912000E+001
8.80000000 5.70000000 6.14737000E+001
8.80000000 5.80000000 6.14672000E+001
8.80000000 5.90000000 6.14657000E+001
8.80000000 6.00000000 6.14656000E+001
8.80000000 6.10000000 6.14657000E+001
8.80000000 6.20000000 6.14672000E+001
8.80000000 6.30000000 6.14737000E+001
8.80000000 6.40000000 6.14912000E+001
8.80000000 6.50000000 6.15281000E+001
8.80000000 6.60000000 6.15952000E+001
8.80000000 6.70000000 6.17057000E+001
8.80000000 6.80000000 6.18752000E+001
8.80000000 6.90000000 6.21217000E+001
8.80000000 7.00000000 6.24656000E+001
8.80000000 7.10000000 6.29297000E+001
8.80000000 7.20000000 6.35392000E+001
8.80000000 7.30000000 6.43217000E+001
8.80000000 7.40000000 6.53072000E+001
8.80000000 7.50000000 6.65281000E+001
8.80000000 7.60000000 6.80192000E+001
8.80000000 7.70000000 6.98177000E+001
8.80000000 7.80000000 7.19632000E+001
8.80000000 7.90000000 7.44977000E+001
8.80000000 8.00000000 7.74656000E+001
8.80000000 8.10000000 8.09137000E+001
8.80000000 8.20000000 8.48912000E+001
8.80000000 8.30000000 8.94497000E+001
8.80000000 8.40000000 9.46432000E+001
8.80000000 8.50000000 1.00528100E+002
8.80000000 8.60000000 1.07163200E+002
8.80000000 8.70000000 1.14609700E+002
8.80000000 8.80000000 1.22931200E+002
8.80000000 8.90000000 1.32193700E+002
8.80000000 9.00000000 1.42465600E+002
8.80000000 9.10000000 1.53817700E+002
8.80000000 9.20000000 1.66323200E+002
8.80000000 9.30000000 1.80057700E+002
8.80000000 9.40000000 1.95099200E+002
8.80000000 9.50000000 2.11528100E+002
8.80000000 9.60000000 2.29427200E+002
8.80000000 9.70000000 2.48881700E+002
8.80000000 9.80000000 2.69979200E+002
8.80000000 9.90000000 2.92809700E+002
8.80000000 10.00000000 3.17465600E+002
8.80000000 10.10000000 3.44041700E+002
8.80000000 10.20000000 3.72635200E+002
8.80000000 10.30000000 4.03345700E+002
8.80000000 10.40000000 4.36275200E+002
8.80000000 10.50000000 4.71528100E+002
8.80000000 10.60000000 5.09211200E+002
8.80000000 10.70000000 5.49433700E+002
8.80000000 10.80000000 5.92307200E+002
8.80000000 10.90000000 6.37945700E+002
8.80000000 11.00000000 6.86465600E+002
8.90000000 1.00000000 6.95728100E+002
8.90000000 1.10000000 6.47208200E+002
8.90000000 1.20000000 6.01569700E+002
8.90000000 1.30000000 5.58696200E+002
8.90000000 1.40000000 5.18473700E+002
8.90000000 1.50000000 4.80790600E+002
8.90000000 1.60000000 4.45537700E+002
8.90000000 1.70000000 4.12608200E+002
8.90000000 1.80000000 3.81897700E+002
8.90000000 1.90000000 3.53304200E+002
8.90000000 2.00000000 3.26728100E+002
8.90000000 2.10000000 3.02072200E+002
8.90000000 2.20000000 2.79241700E+002
8.90000000 2.30000000 2.58144200E+002
8.90000000 2.40000000 2.38689700E+002
8.90000000 2.50000000 2.20790600E+002
8.90000000 2.60000000 2.04361700E+002
8.90000000 2.70000000 1.89320200E+002
8.90000000 2.80000000 1.75585700E+002
8.90000000 2.90000000 1.63080200E+002
8.90000000 3.00000000 1.51728100E+002
8.90000000 3.10000000 1.41456200E+002
8.90000000 3.20000000 1.32193700E+002
8.90000000 3.30000000 1.23872200E+002
8.90000000 3.40000000 1.16425700E+002
8.90000000 3.50000000 1.09790600E+002
8.90000000 3.60000000 1.03905700E+002
8.90000000 3.70000000 9.87122000E+001
8.90000000 3.80000000 9.41537000E+001
8.90000000 3.90000000 9.01762000E+001
8.90000000 4.00000000 8.67281000E+001
8.90000000 4.10000000 8.37602000E+001
8.90000000 4.20000000 8.12257000E+001
8.90000000 4.30000000 7.90802000E+001
8.90000000 4.40000000 7.72817000E+001
8.90000000 4.50000000 7.57906000E+001
8.90000000 4.60000000 7.45697000E+001
8.90000000 4.70000000 7.35842000E+001
8.90000000 4.80000000 7.28017000E+001
8.90000000 4.90000000 7.21922000E+001
8.90000000 5.00000000 7.17281000E+001
8.90000000 5.10000000 7.13842000E+001
8.90000000 5.20000000 7.11377000E+001
8.90000000 5.30000000 7.09682000E+001
8.90000000 5.40000000 7.08577000E+001
8.90000000 5.50000000 7.07906000E+001
8.90000000 5.60000000 7.07537000E+001
8.90000000 5.70000000 7.07362000E+001
8.90000000 5.80000000 7.07297000E+001
8.90000000 5.90000000 7.07282000E+001
8.90000000 6.00000000 7.07281000E+001
8.90000000 6.10000000 7.07282000E+001
8.90000000 6.20000000 7.07297000E+001
8.90000000 6.30000000 7.07362000E+001
8.90000000 6.40000000 7.07537000E+001
8.90000000 6.50000000 7.07906000E+001
8.90000000 6.60000000 7.08577000E+001
8.90000000 6.70000000 7.09682000E+001
8.90000000 6.80000000 7.11377000E+001
8.90000000 6.90000000 7.13842000E+001
8.90000000 7.00000000 7.17281000E+001
8.90000000 7.10000000 7.21922000E+001
8.90000000 7.20000000 7.28017000E+001
8.90000000 7.30000000 7.35842000E+001
8.90000000 7.40000000 7.45697000E+001
8.90000000 7.50000000 7.57906000E+001
8.90000000 7.60000000 7.72817000E+001
8.90000000 7.70000000 7.90802000E+001
8.90000000 7.80000000 8.12257000E+001
8.90000000 7.90000000 8.37602000E+001
8.90000000 8.00000000 8.67281000E+001
8.90000000 8.10000000 9.01762000E+001
8.90000000 8.20000000 9.41537000E+001
8.90000000 8.30000000 9.87122000E+001
8.90000000 8.40000000 1.03905700E+002
8.90000000 8.50000000 1.09790600E+002
8.90000000 8.60000000 1.16425700E+002
8.90000000 8.70000000 1.23872200E+002
8.90000000 8.80000000 1.32193700E+002
8.90000000 8.90000000 1.41456200E+002
8.90000000 9.00000000 1.51728100E+002
8.90000000 9.10000000 1.63080200E+002
8.90000000 9.20000000 1.75585700E+002
8.90000000 9.30000000 1.89320200E+002
8.90000000 9.40000000 2.04361700E+002
8.90000000 9.50000000 2.20790600E+002
8.90000000 9.60000000 2.38689700E+002
8.90000000 9.70000000 2.58144200E+002
8.90000000 9.80000000 2.79241700E+002
8.90000000 9.90000000 3.02072200E+002
8.90000000 10.00000000 3.26728100E+002
8.90000000 10.10000000 3.53304200E+002
8.90000000 10.20000000 3.81897700E+002
8.90000000 10.30000000 4.12608200E+002
8.90000000 10.40000000 4.45537700E+002
8.90000000 10.50000000 4.80790600E+002
8.90000000 10.60000000 5.18473700E+002
8.90000000 10.70000000 5.58696200E+002
8.90000000 10.80000000 6.01569700E+002
8.90000000 10.90000000 6.47208200E+002
8.90000000 11.00000000 6.95728100E+002
9.00000000 1.00000000 7.06000000E+002
9.00000000 1.10000000 6.57480100E+002
9.00000000 1.20000000 6.11841600E+002
9.00000000 1.30000000 5.68968100E+002
9.00000000 1.40000000 5.28745600E+002
9.00000000 1.50000000 4.91062500E+002
9.00000000 1.60000000 4.55809600E+002
9.00000000 1.70000000 4.22880100E+002
9.00000000 1.80000000 3.92169600E+002
9.00000000 1.90000000 3.63576100E+002
9.00000000 2.00000000 3.37000000E+002
9.00000000 2.10000000 3.12344100E+002
9.00000000 2.20000000 2.89513600E+002
9.00000000 2.30000000 2.68416100E+002
9.00000000 2.40000000 2.48961600E+002
9.00000000 2.50000000 2.31062500E+002
9.00000000 2.60000000 2.14633600E+002
9.00000000 2.70000000 1.99592100E+002
9.00000000 2.80000000 1.85857600E+002
9.00000000 2.90000000 1.73352100E+002
9.00000000 3.00000000 1.62000000E+002
9.00000000 3.10000000 1.51728100E+002
9.00000000 3.20000000 1.42465600E+002
9.00000000 3.30000000 1.34144100E+002
9.00000000 3.40000000 1.26697600E+002
9.00000000 3.50000000 1.20062500E+002
9.00000000 3.60000000 1.14177600E+002
9.00000000 3.70000000 1.08984100E+002
9.00000000 3.80000000 1.04425600E+002
9.00000000 3.90000000 1.00448100E+002
9.00000000 4.00000000 9.70000000E+001
9.00000000 4.10000000 9.40321000E+001
9.00000000 4.20000000 9.14976000E+001
9.00000000 4.30000000 8.93521000E+001
9.00000000 4.40000000 8.75536000E+001
9.00000000 4.50000000 8.60625000E+001
9.00000000 4.60000000 8.48416000E+001
9.00000000 4.70000000 8.38561000E+001
9.00000000 4.80000000 8.30736000E+001
9.00000000 4.90000000 8.24641000E+001
9.00000000 5.00000000 8.20000000E+001
9.00000000 5.10000000 8.16561000E+001
9.00000000 5.20000000 8.14096000E+001
9.00000000 5.30000000 8.12401000E+001
9.00000000 5.40000000 8.11296000E+001
9.00000000 5.50000000 8.10625000E+001
9.00000000 5.60000000 8.10256000E+001
9.00000000 5.70000000 8.10081000E+001
9.00000000 5.80000000 8.10016000E+001
9.00000000 5.90000000 8.10001000E+001
9.00000000 6.00000000 8.10000000E+001
9.00000000 6.10000000 8.10001000E+001
9.00000000 6.20000000 8.10016000E+001
9.00000000 6.30000000 8.10081000E+001
9.00000000 6.40000000 8.10256000E+001
9.00000000 6.50000000 8.10625000E+001
9.00000000 6.60000000 8.11296000E+001
9.00000000 6.70000000 8.12401000E+001
9.00000000 6.80000000 8.14096000E+001
9.00000000 6.90000000 8.16561000E+001
9.00000000 7.00000000 8.20000000E+001
9.00000000 7.10000000 8.24641000E+001
9.00000000 7.20000000 8.30736000E+001
9.00000000 7.30000000 8.38561000E+001
9.00000000 7.40000000 8.48416000E+001
9.00000000 7.50000000 8.60625000E+001
9.00000000 7.60000000 8.75536000E+001
9.00000000 7.70000000 8.93521000E+001
9.00000000 7.80000000 9.14976000E+001
9.00000000 7.90000000 9.40321000E+001
9.00000000 8.00000000 9.70000000E+001
9.00000000 8.10000000 1.00448100E+002
9.00000000 8.20000000 1.04425600E+002
9.00000000 8.30000000 1.08984100E+002
9.00000000 8.40000000 1.14177600E+002
9.00000000 8.50000000 1.20062500E+002
9.00000000 8.60000000 1.26697600E+002
9.00000000 8.70000000 1.34144100E+002
9.00000000 8.80000000 1.42465600E+002
9.00000000 8.90000000 1.51728100E+002
9.00000000 9.00000000 1.62000000E+002
9.00000000 9.10000000 1.73352100E+002
9.00000000 9.20000000 1.85857600E+002
9.00000000 9.30000000 1.99592100E+002
9.00000000 9.40000000 2.14633600E+002
9.00000000 9.50000000 2.31062500E+002
9.00000000 9.60000000 2.48961600E+002
9.00000000 9.70000000 2.68416100E+002
9.00000000 9.80000000 2.89513600E+002
9.00000000 9.90000000 3.12344100E+002
9.00000000 10.00000000 3.37000000E+002
9.00000000 10.10000000 3.63576100E+002
9.00000000 10.20000000 3.92169600E+002
9.00000000 10.30000000 4.22880100E+002
9.00000000 10.40000000 4.55809600E+002
9.00000000 10.50000000 4.91062500E+002
9.00000000 10.60000000 5.28745600E+002
9.00000000 10.70000000 5.68968100E+002
9.00000000 10.80000000 6.11841600E+002
9.00000000 10.90000000 6.57480100E+002
9.00000000 11.00000000 7.06000000E+002
9.10000000 1.00000000 7.17352100E+002
9.10000000 1.10000000 6.68832200E+002
9.10000000 1.20000000 6.23193700E+002
9.10000000 1.30000000 5.80320200E+002
9.10000000 1.40000000 5.40097700E+002
9.10000000 1.50000000 5.02414600E+002
9.10000000 1.60000000 4.67161700E+002
9.10000000 1.70000000 4.34232200E+002
9.10000000 1.80000000 4.03521700E+002
9.10000000 1.90000000 3.74928200E+002
9.10000000 2.00000000 3.48352100E+002
9.10000000 2.10000000 3.23696200E+002
9.10000000 2.20000000 3.00865700E+002
9.10000000 2.30000000 2.79768200E+002
9.10000000 2.40000000 2.60313700E+002
9.10000000 2.50000000 2.42414600E+002
9.10000000 2.60000000 2.25985700E+002
9.10000000 2.70000000 2.10944200E+002
9.10000000 2.80000000 1.97209700E+002
9.10000000 2.90000000 1.84704200E+002
9.10000000 3.00000000 1.73352100E+002
9.10000000 3.10000000 1.63080200E+002
9.10000000 3.20000000 1.53817700E+002
9.10000000 3.30000000 1.45496200E+002
9.10000000 3.40000000 1.38049700E+002
9.10000000 3.50000000 1.31414600E+002
9.10000000 3.60000000 1.25529700E+002
9.10000000 3.70000000 1.20336200E+002
9.10000000 3.80000000 1.15777700E+002
9.10000000 3.90000000 1.11800200E+002
9.10000000 4.00000000 1.08352100E+002
9.10000000 4.10000000 1.05384200E+002
9.10000000 4.20000000 1.02849700E+002
9.10000000 4.30000000 1.00704200E+002
9.10000000 4.40000000 9.89057000E+001
9.10000000 4.50000000 9.74146000E+001
9.10000000 4.60000000 9.61937000E+001
9.10000000 4.70000000 9.52082000E+001
9.10000000 4.80000000 9.44257000E+001
9.10000000 4.90000000 9.38162000E+001
9.10000000 5.00000000 9.33521000E+001
9.10000000 5.10000000 9.30082000E+001
9.10000000 5.20000000 9.27617000E+001
9.10000000 5.30000000 9.25922000E+001
9.10000000 5.40000000 9.24817000E+001
9.10000000 5.50000000 9.24146000E+001
9.10000000 5.60000000 9.23777000E+001
9.10000000 5.70000000 9.23602000E+001
9.10000000 5.80000000 9.23537000E+001
9.10000000 5.90000000 9.23522000E+001
9.10000000 6.00000000 9.23521000E+001
9.10000000 6.10000000 9.23522000E+001
9.10000000 6.20000000 9.23537000E+001
9.10000000 6.30000000 9.23602000E+001
9.10000000 6.40000000 9.23777000E+001
9.10000000 6.50000000 9.24146000E+001
9.10000000 6.60000000 9.24817000E+001
9.10000000 6.70000000 9.25922000E+001
9.10000000 6.80000000 9.27617000E+001
9.10000000 6.90000000 9.30082000E+001
9.10000000 7.00000000 9.33521000E+001
9.10000000 7.10000000 9.38162000E+001
9.10000000 7.20000000 9.44257000E+001
9.10000000 7.30000000 9.52082000E+001
9.10000000 7.40000000 9.61937000E+001
9.10000000 7.50000000 9.74146000E+001
9.10000000 7.60000000 9.89057000E+001
9.10000000 7.70000000 1.00704200E+002
9.10000000 7.80000000 1.02849700E+002
9.10000000 7.90000000 1.05384200E+002
9.10000000 8.00000000 1.08352100E+002
9.10000000 8.10000000 1.11800200E+002
9.10000000 8.20000000 1.15777700E+002
9.10000000 8.30000000 1.20336200E+002
9.10000000 8.40000000 1.25529700E+002
9.10000000 8.50000000 1.31414600E+002
9.10000000 8.60000000 1.38049700E+002
9.10000000 8.70000000 1.45496200E+002
9.10000000 8.80000000 1.53817700E+002
9.10000000 8.90000000 1.63080200E+002
9.10000000 9.00000000 1.73352100E+002
9.10000000 9.10000000 1.84704200E+002
9.10000000 9.20000000 1.97209700E+002
9.10000000 9.30000000 2.10944200E+002
9.10000000 9.40000000 2.25985700E+002
9.10000000 9.50000000 2.42414600E+002
9.10000000 9.60000000 2.60313700E+002
9.10000000 9.70000000 2.79768200E+002
9.10000000 9.80000000 3.00865700E+002
9.10000000 9.90000000 3.23696200E+002
9.10000000 10.00000000 3.48352100E+002
9.10000000 10.10000000 3.74928200E+002
9.10000000 10.20000000 4.03521700E+002
9.10000000 10.30000000 4.34232200E+002
9.10000000 10.40000000 4.67161700E+002
9.10000000 10.50000000 5.02414600E+002
9.10000000 10.60000000 5.40097700E+002
9.10000000 10.70000000 5.80320200E+002
9.10000000 10.80000000 6.23193700E+002
9.10000000 10.90000000 6.68832200E+002
9.10000000 11.00000000 7.17352100E+002
9.20000000 1.00000000 7.29857600E+002
9.20000000 1.10000000 6.81337700E+002
9.20000000 1.20000000 6.35699200E+002
9.20000000 1.30000000 5.92825700E+002
9.20000000 1.40000000 5.52603200E+002
9.20000000 1.50000000 5.14920100E+002
9.20000000 1.60000000 4.79667200E+002
9.20000000 1.70000000 4.46737700E+002
9.20000000 1.80000000 4.16027200E+002
9.20000000 1.90000000 3.87433700E+002
9.20000000 2.00000000 3.60857600E+002
9.20000000 2.10000000 3.36201700E+002
9.20000000 2.20000000 3.13371200E+002
9.20000000 2.30000000 2.92273700E+002
9.20000000 2.40000000 2.72819200E+002
9.20000000 2.50000000 2.54920100E+002
9.20000000 2.60000000 2.38491200E+002
9.20000000 2.70000000 2.23449700E+002
9.20000000 2.80000000 2.09715200E+002
9.20000000 2.90000000 1.97209700E+002
9.20000000 3.00000000 1.85857600E+002
9.20000000 3.10000000 1.75585700E+002
9.20000000 3.20000000 1.66323200E+002
9.20000000 3.30000000 1.58001700E+002
9.20000000 3.40000000 1.50555200E+002
9.20000000 3.50000000 1.43920100E+002
9.20000000 3.60000000 1.38035200E+002
9.20000000 3.70000000 1.32841700E+002
9.20000000 3.80000000 1.28283200E+002
9.20000000 3.90000000 1.24305700E+002
9.20000000 4.00000000 1.20857600E+002
9.20000000 4.10000000 1.17889700E+002
9.20000000 4.20000000 1.15355200E+002
9.20000000 4.30000000 1.13209700E+002
9.20000000 4.40000000 1.11411200E+002
9.20000000 4.50000000 1.09920100E+002
9.20000000 4.60000000 1.08699200E+002
9.20000000 4.70000000 1.07713700E+002
9.20000000 4.80000000 1.06931200E+002
9.20000000 4.90000000 1.06321700E+002
9.20000000 5.00000000 1.05857600E+002
9.20000000 5.10000000 1.05513700E+002
9.20000000 5.20000000 1.05267200E+002
9.20000000 5.30000000 1.05097700E+002
9.20000000 5.40000000 1.04987200E+002
9.20000000 5.50000000 1.04920100E+002
9.20000000 5.60000000 1.04883200E+002
9.20000000 5.70000000 1.04865700E+002
9.20000000 5.80000000 1.04859200E+002
9.20000000 5.90000000 1.04857700E+002
9.20000000 6.00000000 1.04857600E+002
9.20000000 6.10000000 1.04857700E+002
9.20000000 6.20000000 1.04859200E+002
9.20000000 6.30000000 1.04865700E+002
9.20000000 6.40000000 1.04883200E+002
9.20000000 6.50000000 1.04920100E+002
9.20000000 6.60000000 1.04987200E+002
9.20000000 6.70000000 1.05097700E+002
9.20000000 6.80000000 1.05267200E+002
9.20000000 6.90000000 1.05513700E+002
9.20000000 7.00000000 1.05857600E+002
9.20000000 7.10000000 1.06321700E+002
9.20000000 7.20000000 1.06931200E+002
9.20000000 7.30000000 1.07713700E+002
9.20000000 7.40000000 1.08699200E+002
9.20000000 7.50000000 1.09920100E+002
9.20000000 7.60000000 1.11411200E+002
9.20000000 7.70000000 1.13209700E+002
9.20000000 7.80000000 1.15355200E+002
9.20000000 7.90000000 1.17889700E+002
9.20000000 8.00000000 1.20857600E+002
9.20000000 8.10000000 1.24305700E+002
9.20000000 8.20000000 1.28283200E+002
9.20000000 8.30000000 1.32841700E+002
9.20000000 8.40000000 1.38035200E+002
9.20000000 8.50000000 1.43920100E+002
9.20000000 8.60000000 1.50555200E+002
9.20000000 8.70000000 1.58001700E+002
9.20000000 8.80000000 1.66323200E+002
9.20000000 8.90000000 1.75585700E+002
9.20000000 9.00000000 1.85857600E+002
9.20000000 9.10000000 1.97209700E+002
9.20000000 9.20000000 2.09715200E+002
9.20000000 9.30000000 2.23449700E+002
9.20000000 9.40000000 2.38491200E+002
9.20000000 9.50000000 2.54920100E+002
9.20000000 9.60000000 2.72819200E+002
9.20000000 9.70000000 2.92273700E+002
9.20000000 9.80000000 3.13371200E+002
9.20000000 9.90000000 3.36201700E+002
9.20000000 10.00000000 3.60857600E+002
9.20000000 10.10000000 3.87433700E+002
9.20000000 10.20000000 4.16027200E+002
9.20000000 10.30000000 4.46737700E+002
9.20000000 10.40000000 4.79667200E+002
9.20000000 10.50000000 5.14920100E+002
9.20000000 10.60000000 5.52603200E+002
9.20000000 10.70000000 5.92825700E+002
9.20000000 10.80000000 6.35699200E+002
9.20000000 10.90000000 6.81337700E+002
9.20000000 11.00000000 7.29857600E+002
9.30000000 1.00000000 7.43592100E+002
9.30000000 1.10000000 6.95072200E+002
9.30000000 1.20000000 6.49433700E+002
9.30000000 1.30000000 6.06560200E+002
9.30000000 1.40000000 5.66337700E+002
9.30000000 1.50000000 5.28654600E+002
9.30000000 1.60000000 4.93401700E+002
9.30000000 1.70000000 4.60472200E+002
9.30000000 1.80000000 4.29761700E+002
9.30000000 1.90000000 4.01168200E+002
9.30000000 2.00000000 3.74592100E+002
9.30000000 2.10000000 3.49936200E+002
9.30000000 2.20000000 3.27105700E+002
9.30000000 2.30000000 3.06008200E+002
9.30000000 2.40000000 2.86553700E+002
9.30000000 2.50000000 2.68654600E+002
9.30000000 2.60000000 2.52225700E+002
9.30000000 2.70000000 2.37184200E+002
9.30000000 2.80000000 2.23449700E+002
9.30000000 2.90000000 2.10944200E+002
9.30000000 3.00000000 1.99592100E+002
9.30000000 3.10000000 1.89320200E+002
9.30000000 3.20000000 1.80057700E+002
9.30000000 3.30000000 1.71736200E+002
9.30000000 3.40000000 1.64289700E+002
9.30000000 3.50000000 1.57654600E+002
9.30000000 3.60000000 1.51769700E+002
9.30000000 3.70000000 1.46576200E+002
9.30000000 3.80000000 1.42017700E+002
9.30000000 3.90000000 1.38040200E+002
9.30000000 4.00000000 1.34592100E+002
9.30000000 4.10000000 1.31624200E+002
9.30000000 4.20000000 1.29089700E+002
9.30000000 4.30000000 1.26944200E+002
9.30000000 4.40000000 1.25145700E+002
9.30000000 4.50000000 1.23654600E+002
9.30000000 4.60000000 1.22433700E+002
9.30000000 4.70000000 1.21448200E+002
9.30000000 4.80000000 1.20665700E+002
9.30000000 4.90000000 1.20056200E+002
9.30000000 5.00000000 1.19592100E+002
9.30000000 5.10000000 1.19248200E+002
9.30000000 5.20000000 1.19001700E+002
9.30000000 5.30000000 1.18832200E+002
9.30000000 5.40000000 1.18721700E+002
9.30000000 5.50000000 1.18654600E+002
9.30000000 5.60000000 1.18617700E+002
9.30000000 5.70000000 1.18600200E+002
9.30000000 5.80000000 1.18593700E+002
9.30000000 5.90000000 1.18592200E+002
9.30000000 6.00000000 1.18592100E+002
9.30000000 6.10000000 1.18592200E+002
9.30000000 6.20000000 1.18593700E+002
9.30000000 6.30000000 1.18600200E+002
9.30000000 6.40000000 1.18617700E+002
9.30000000 6.50000000 1.18654600E+002
9.30000000 6.60000000 1.18721700E+002
9.30000000 6.70000000 1.18832200E+002
9.30000000 6.80000000 1.19001700E+002
9.30000000 6.90000000 1.19248200E+002
9.30000000 7.00000000 1.19592100E+002
9.30000000 7.10000000 1.20056200E+002
9.30000000 7.20000000 1.20665700E+002
9.30000000 7.30000000 1.21448200E+002
9.30000000 7.40000000 1.22433700E+002
9.30000000 7.50000000 1.23654600E+002
9.30000000 7.60000000 1.25145700E+002
9.30000000 7.70000000 1.26944200E+002
9.30000000 7.80000000 1.29089700E+002
9.30000000 7.90000000 1.31624200E+002
9.30000000 8.00000000 1.34592100E+002
9.30000000 8.10000000 1.38040200E+002
9.30000000 8.20000000 1.42017700E+002
9.30000000 8.30000000 1.46576200E+002
9.30000000 8.40000000 1.51769700E+002
9.30000000 8.50000000 1.57654600E+002
9.30000000 8.60000000 1.64289700E+002
9.30000000 8.70000000 1.71736200E+002
9.30000000 8.80000000 1.80057700E+002
9.30000000 8.90000000 1.89320200E+002
9.30000000 9.00000000 1.99592100E+002
9.30000000 9.10000000 2.10944200E+002
9.30000000 9.20000000 2.23449700E+002
9.30000000 9.30000000 2.37184200E+002
9.30000000 9.40000000 2.52225700E+002
9.30000000 9.50000000 2.68654600E+002
9.30000000 9.60000000 2.86553700E+002
9.30000000 9.70000000 3.06008200E+002
9.30000000 9.80000000 3.27105700E+002
9.30000000 9.90000000 3.49936200E+002
9.30000000 10.00000000 3.74592100E+002
9.30000000 10.10000000 4.01168200E+002
9.30000000 10.20000000 4.29761700E+002
9.30000000 10.30000000 4.60472200E+002
9.30000000 10.40000000 4.93401700E+002
9.30000000 10.50000000 5.28654600E+002
9.30000000 10.60000000 5.66337700E+002
9.30000000 10.70000000 6.06560200E+002
9.30000000 10.80000000 6.49433700E+002
9.30000000 10.90000000 6.95072200E+002
9.30000000 11.00000000 7.43592100E+002
9.40000000 1.00000000 7.58633600E+002
9.40000000 1.10000000 7.10113700E+002
9.40000000 1.20000000 6.64475200E+002
9.40000000 1.30000000 6.21601700E+002
9.40000000 1.40000000 5.81379200E+002
9.40000000 1.50000000 5.43696100E+002
9.40000000 1.60000000 5.08443200E+002
9.40000000 1.70000000 4.75513700E+002
9.40000000 1.80000000 4.44803200E+002
9.40000000 1.90000000 4.16209700E+002
9.40000000 2.00000000 3.89633600E+002
9.40000000 2.10000000 3.64977700E+002
9.40000000 2.20000000 3.42147200E+002
9.40000000 2.30000000 3.21049700E+002
9.40000000 2.40000000 3.01595200E+002
9.40000000 2.50000000 2.83696100E+002
9.40000000 2.60000000 2.67267200E+002
9.40000000 2.70000000 2.52225700E+002
9.40000000 2.80000000 2.38491200E+002
9.40000000 2.90000000 2.25985700E+002
9.40000000 3.00000000 2.14633600E+002
9.40000000 3.10000000 2.04361700E+002
9.40000000 3.20000000 1.95099200E+002
9.40000000 3.30000000 1.86777700E+002
9.40000000 3.40000000 1.79331200E+002
9.40000000 3.50000000 1.72696100E+002
9.40000000 3.60000000 1.66811200E+002
9.40000000 3.70000000 1.61617700E+002
9.40000000 3.80000000 1.57059200E+002
9.40000000 3.90000000 1.53081700E+002
9.40000000 4.00000000 1.49633600E+002
9.40000000 4.10000000 1.46665700E+002
9.40000000 4.20000000 1.44131200E+002
9.40000000 4.30000000 1.41985700E+002
9.40000000 4.40000000 1.40187200E+002
9.40000000 4.50000000 1.38696100E+002
9.40000000 4.60000000 1.37475200E+002
9.40000000 4.70000000 1.36489700E+002
9.40000000 4.80000000 1.35707200E+002
9.40000000 4.90000000 1.35097700E+002
9.40000000 5.00000000 1.34633600E+002
9.40000000 5.10000000 1.34289700E+002
9.40000000 5.20000000 1.34043200E+002
9.40000000 5.30000000 1.33873700E+002
9.40000000 5.40000000 1.33763200E+002
9.40000000 5.50000000 1.33696100E+002
9.40000000 5.60000000 1.33659200E+002
9.40000000 5.70000000 1.33641700E+002
9.40000000 5.80000000 1.33635200E+002
9.40000000 5.90000000 1.33633700E+002
9.40000000 6.00000000 1.33633600E+002
9.40000000 6.10000000 1.33633700E+002
9.40000000 6.20000000 1.33635200E+002
9.40000000 6.30000000 1.33641700E+002
9.40000000 6.40000000 1.33659200E+002
9.40000000 6.50000000 1.33696100E+002
9.40000000 6.60000000 1.33763200E+002
9.40000000 6.70000000 1.33873700E+002
9.40000000 6.80000000 1.34043200E+002
9.40000000 6.90000000 1.34289700E+002
9.40000000 7.00000000 1.34633600E+002
9.40000000 7.10000000 1.35097700E+002
9.40000000 7.20000000 1.35707200E+002
9.40000000 7.30000000 1.36489700E+002
9.40000000 7.40000000 1.37475200E+002
9.40000000 7.50000000 1.38696100E+002
9.40000000 7.60000000 1.40187200E+002
9.40000000 7.70000000 1.41985700E+002
9.40000000 7.80000000 1.44131200E+002
9.40000000 7.90000000 1.46665700E+002
9.40000000 8.00000000 1.49633600E+002
9.40000000 8.10000000 1.53081700E+002
9.40000000 8.20000000 1.57059200E+002
9.40000000 8.30000000 1.61617700E+002
9.40000000 8.40000000 1.66811200E+002
9.40000000 8.50000000 1.72696100E+002
9.40000000 8.60000000 1.79331200E+002
9.40000000 8.70000000 1.86777700E+002
9.40000000 8.80000000 1.95099200E+002
9.40000000 8.90000000 2.04361700E+002
9.40000000 9.00000000 2.14633600E+002
9.40000000 9.10000000 2.25985700E+002
9.40000000 9.20000000 2.38491200E+002
9.40000000 9.30000000 2.52225700E+002
9.40000000 9.40000000 2.67267200E+002
9.40000000 9.50000000 2.83696100E+002
9.40000000 9.60000000 3.01595200E+002
9.40000000 9.70000000 3.21049700E+002
9.40000000 9.80000000 3.42147200E+002
9.40000000 9.90000000 3.64977700E+002
9.40000000 10.00000000 3.89633600E+002
9.40000000 10.10000000 4.16209700E+002
9.40000000 10.20000000 4.44803200E+002
9.40000000 10.30000000 4.75513700E+002
9.40000000 10.40000000 5.08443200E+002
9.40000000 10.50000000 5.43696100E+002
9.40000000 10.60000000 5.81379200E+002
9.40000000 10.70000000 6.21601700E+002
9.40000000 10.80000000 6.64475200E+002
9.40000000 10.90000000 7.10113700E+002
9.40000000 11.00000000 7.58633600E+002
9.50000000 1.00000000 7.75062500E+002
9.50000000 1.10000000 7.26542600E+002
9.50000000 1.20000000 6.80904100E+002
9.50000000 1.30000000 6.38030600E+002
9.50000000 1.40000000 5.97808100E+002
9.50000000 1.50000000 5.60125000E+002
9.50000000 1.60000000 5.24872100E+002
9.50000000 1.70000000 4.91942600E+002
9.50000000 1.80000000 4.61232100E+002
9.50000000 1.90000000 4.32638600E+002
9.50000000 2.00000000 4.06062500E+002
9.50000000 2.10000000 3.81406600E+002
9.50000000 2.20000000 3.58576100E+002
9.50000000 2.30000000 3.37478600E+002
9.50000000 2.40000000 3.18024100E+002
9.50000000 2.50000000 3.00125000E+002
9.50000000 2.60000000 2.83696100E+002
9.50000000 2.70000000 2.68654600E+002
9.50000000 2.80000000 2.54920100E+002
9.50000000 2.90000000 2.42414600E+002
9.50000000 3.00000000 2.31062500E+002
9.50000000 3.10000000 2.20790600E+002
9.50000000 3.20000000 2.11528100E+002
9.50000000 3.30000000 2.03206600E+002
9.50000000 3.40000000 1.95760100E+002
9.50000000 3.50000000 1.89125000E+002
9.50000000 3.60000000 1.83240100E+002
9.50000000 3.70000000 1.78046600E+002
9.50000000 3.80000000 1.73488100E+002
9.50000000 3.90000000 1.69510600E+002
9.50000000 4.00000000 1.66062500E+002
9.50000000 4.10000000 1.63094600E+002
9.50000000 4.20000000 1.60560100E+002
9.50000000 4.30000000 1.58414600E+002
9.50000000 4.40000000 1.56616100E+002
9.50000000 4.50000000 1.55125000E+002
9.50000000 4.60000000 1.53904100E+002
9.50000000 4.70000000 1.52918600E+002
9.50000000 4.80000000 1.52136100E+002
9.50000000 4.90000000 1.51526600E+002
9.50000000 5.00000000 1.51062500E+002
9.50000000 5.10000000 1.50718600E+002
9.50000000 5.20000000 1.50472100E+002
9.50000000 5.30000000 1.50302600E+002
9.50000000 5.40000000 1.50192100E+002
9.50000000 5.50000000 1.50125000E+002
9.50000000 5.60000000 1.50088100E+002
9.50000000 5.70000000 1.50070600E+002
9.50000000 5.80000000 1.50064100E+002
9.50000000 5.90000000 1.50062600E+002
9.50000000 6.00000000 1.50062500E+002
9.50000000 6.10000000 1.50062600E+002
9.50000000 6.20000000 1.50064100E+002
9.50000000 6.30000000 1.50070600E+002
9.50000000 6.40000000 1.50088100E+002
9.50000000 6.50000000 1.50125000E+002
9.50000000 6.60000000 1.50192100E+002
9.50000000 6.70000000 1.50302600E+002
9.50000000 6.80000000 1.50472100E+002
9.50000000 6.90000000 1.50718600E+002
9.50000000 7.00000000 1.51062500E+002
9.50000000 7.10000000 1.51526600E+002
9.50000000 7.20000000 1.52136100E+002
9.50000000 7.30000000 1.52918600E+002
9.50000000 7.40000000 1.53904100E+002
9.50000000 7.50000000 1.55125000E+002
9.50000000 7.60000000 1.56616100E+002
9.50000000 7.70000000 1.58414600E+002
9.50000000 7.80000000 1.60560100E+002
9.50000000 7.90000000 1.63094600E+002
9.50000000 8.00000000 1.66062500E+002
9.50000000 8.10000000 1.69510600E+002
9.50000000 8.20000000 1.73488100E+002
9.50000000 8.30000000 1.78046600E+002
9.50000000 8.40000000 1.83240100E+002
9.50000000 8.50000000 1.89125000E+002
9.50000000 8.60000000 1.95760100E+002
9.50000000 8.70000000 2.03206600E+002
9.50000000 8.80000000 2.11528100E+002
9.50000000 8.90000000 2.20790600E+002
9.50000000 9.00000000 2.31062500E+002
9.50000000 9.10000000 2.42414600E+002
9.50000000 9.20000000 2.54920100E+002
9.50000000 9.30000000 2.68654600E+002
9.50000000 9.40000000 2.83696100E+002
9.50000000 9.50000000 3.00125000E+002
9.50000000 9.60000000 3.18024100E+002
9.50000000 9.70000000 3.37478600E+002
9.50000000 9.80000000 3.58576100E+002
9.50000000 9.90000000 3.81406600E+002
9.50000000 10.00000000 4.06062500E+002
9.50000000 10.10000000 4.32638600E+002
9.50000000 10.20000000 4.61232100E+002
9.50000000 10.30000000 4.91942600E+002
9.50000000 10.40000000 5.24872100E+002
9.50000000 10.50000000 5.60125000E+002
9.50000000 10.60000000 5.97808100E+002
9.50000000 10.70000000 6.38030600E+002
9.50000000 10.80000000 6.80904100E+002
9.50000000 10.90000000 7.26542600E+002
9.50000000 11.00000000 7.75062500E+002
9.60000000 1.00000000 7.92961600E+002
9.60000000 1.10000000 7.44441700E+002
9.60000000 1.20000000 6.98803200E+002
9.60000000 1.30000000 6.55929700E+002
9.60000000 1.40000000 6.15707200E+002
9.60000000 1.50000000 5.78024100E+002
9.60000000 1.60000000 5.42771200E+002
9.60000000 1.70000000 5.09841700E+002
9.60000000 1.80000000 4.79131200E+002
9.60000000 1.90000000 4.50537700E+002
9.60000000 2.00000000 4.23961600E+002
9.60000000 2.10000000 3.99305700E+002
9.60000000 2.20000000 3.76475200E+002
9.60000000 2.30000000 3.55377700E+002
9.60000000 2.40000000 3.35923200E+002
9.60000000 2.50000000 3.18024100E+002
9.60000000 2.60000000 3.01595200E+002
9.60000000 2.70000000 2.86553700E+002
9.60000000 2.80000000 2.72819200E+002
9.60000000 2.90000000 2.60313700E+002
9.60000000 3.00000000 2.48961600E+002
9.60000000 3.10000000 2.38689700E+002
9.60000000 3.20000000 2.29427200E+002
9.60000000 3.30000000 2.21105700E+002
9.60000000 3.40000000 2.13659200E+002
9.60000000 3.50000000 2.07024100E+002
9.60000000 3.60000000 2.01139200E+002
9.60000000 3.70000000 1.95945700E+002
9.60000000 3.80000000 1.91387200E+002
9.60000000 3.90000000 1.87409700E+002
9.60000000 4.00000000 1.83961600E+002
9.60000000 4.10000000 1.80993700E+002
9.60000000 4.20000000 1.78459200E+002
9.60000000 4.30000000 1.76313700E+002
9.60000000 4.40000000 1.74515200E+002
9.60000000 4.50000000 1.73024100E+002
9.60000000 4.60000000 1.71803200E+002
9.60000000 4.70000000 1.70817700E+002
9.60000000 4.80000000 1.70035200E+002
9.60000000 4.90000000 1.69425700E+002
9.60000000 5.00000000 1.68961600E+002
9.60000000 5.10000000 1.68617700E+002
9.60000000 5.20000000 1.68371200E+002
9.60000000 5.30000000 1.68201700E+002
9.60000000 5.40000000 1.68091200E+002
9.60000000 5.50000000 1.68024100E+002
9.60000000 5.60000000 1.67987200E+002
9.60000000 5.70000000 1.67969700E+002
9.60000000 5.80000000 1.67963200E+002
9.60000000 5.90000000 1.67961700E+002
9.60000000 6.00000000 1.67961600E+002
9.60000000 6.10000000 1.67961700E+002
9.60000000 6.20000000 1.67963200E+002
9.60000000 6.30000000 1.67969700E+002
9.60000000 6.40000000 1.67987200E+002
9.60000000 6.50000000 1.68024100E+002
9.60000000 6.60000000 1.68091200E+002
9.60000000 6.70000000 1.68201700E+002
9.60000000 6.80000000 1.68371200E+002
9.60000000 6.90000000 1.68617700E+002
9.60000000 7.00000000 1.68961600E+002
9.60000000 7.10000000 1.69425700E+002
9.60000000 7.20000000 1.70035200E+002
9.60000000 7.30000000 1.70817700E+002
9.60000000 7.40000000 1.71803200E+002
9.60000000 7.50000000 1.73024100E+002
9.60000000 7.60000000 1.74515200E+002
9.60000000 7.70000000 1.76313700E+002
9.60000000 7.80000000 1.78459200E+002
9.60000000 7.90000000 1.80993700E+002
9.60000000 8.00000000 1.83961600E+002
9.60000000 8.10000000 1.87409700E+002
9.60000000 8.20000000 1.91387200E+002
9.60000000 8.30000000 1.95945700E+002
9.60000000 8.40000000 2.01139200E+002
9.60000000 8.50000000 2.07024100E+002
9.60000000 8.60000000 2.13659200E+002
9.60000000 8.70000000 2.21105700E+002
9.60000000 8.80000000 2.29427200E+002
9.60000000 8.90000000 2.38689700E+002
9.60000000 9.00000000 2.48961600E+002
9.60000000 9.10000000 2.60313700E+002
9.60000000 9.20000000 2.72819200E+002
9.60000000 9.30000000 2.86553700E+002
9.60000000 9.40000000 3.01595200E+002
9.60000000 9.50000000 3.18024100E+002
9.60000000 9.60000000 3.35923200E+002
9.60000000 9.70000000 3.55377700E+002
9.60000000 9.80000000 3.76475200E+002
9.60000000 9.90000000 3.99305700E+002
9.60000000 10.00000000 4.23961600E+002
9.60000000 10.10000000 4.50537700E+002
9.60000000 10.20000000 4.79131200E+002
9.60000000 10.30000000 5.09841700E+002
9.60000000 10.40000000 5.42771200E+002
9.60000000 10.50000000 5.78024100E+002
9.60000000 10.60000000 6.15707200E+002
9.60000000 10.70000000 6.55929700E+002
9.60000000 10.80000000 6.98803200E+002
9.60000000 10.90000000 7.44441700E+002
9.60000000 11.00000000 7.92961600E+002
9.70000000 1.00000000 8.12416100E+002
9.70000000 1.10000000 7.63896200E+002
9.70000000 1.20000000 7.18257700E+002
9.70000000 1.30000000 6.75384200E+002
9.70000000 1.40000000 6.35161700E+002
9.70000000 1.50000000 5.97478600E+002
9.70000000 1.60000000 5.62225700E+002
9.70000000 1.70000000 5.29296200E+002
9.70000000 1.80000000 4.98585700E+002
9.70000000 1.90000000 4.69992200E+002
9.70000000 2.00000000 4.43416100E+002
9.70000000 2.10000000 4.18760200E+002
9.70000000 2.20000000 3.95929700E+002
9.70000000 2.30000000 3.74832200E+002
9.70000000 2.40000000 3.55377700E+002
9.70000000 2.50000000 3.37478600E+002
9.70000000 2.60000000 3.21049700E+002
9.70000000 2.70000000 3.06008200E+002
9.70000000 2.80000000 2.92273700E+002
9.70000000 2.90000000 2.79768200E+002
9.70000000 3.00000000 2.68416100E+002
9.70000000 3.10000000 2.58144200E+002
9.70000000 3.20000000 2.48881700E+002
9.70000000 3.30000000 2.40560200E+002
9.70000000 3.40000000 2.33113700E+002
9.70000000 3.50000000 2.26478600E+002
9.70000000 3.60000000 2.20593700E+002
9.70000000 3.70000000 2.15400200E+002
9.70000000 3.80000000 2.10841700E+002
9.70000000 3.90000000 2.06864200E+002
9.70000000 4.00000000 2.03416100E+002
9.70000000 4.10000000 2.00448200E+002
9.70000000 4.20000000 1.97913700E+002
9.70000000 4.30000000 1.95768200E+002
9.70000000 4.40000000 1.93969700E+002
9.70000000 4.50000000 1.92478600E+002
9.70000000 4.60000000 1.91257700E+002
9.70000000 4.70000000 1.90272200E+002
9.70000000 4.80000000 1.89489700E+002
9.70000000 4.90000000 1.88880200E+002
9.70000000 5.00000000 1.88416100E+002
9.70000000 5.10000000 1.88072200E+002
9.70000000 5.20000000 1.87825700E+002
9.70000000 5.30000000 1.87656200E+002
9.70000000 5.40000000 1.87545700E+002
9.70000000 5.50000000 1.87478600E+002
9.70000000 5.60000000 1.87441700E+002
9.70000000 5.70000000 1.87424200E+002
9.70000000 5.80000000 1.87417700E+002
9.70000000 5.90000000 1.87416200E+002
9.70000000 6.00000000 1.87416100E+002
9.70000000 6.10000000 1.87416200E+002
9.70000000 6.20000000 1.87417700E+002
9.70000000 6.30000000 1.87424200E+002
9.70000000 6.40000000 1.87441700E+002
9.70000000 6.50000000 1.87478600E+002
9.70000000 6.60000000 1.87545700E+002
9.70000000 6.70000000 1.87656200E+002
9.70000000 6.80000000 1.87825700E+002
9.70000000 6.90000000 1.88072200E+002
9.70000000 7.00000000 1.88416100E+002
9.70000000 7.10000000 1.88880200E+002
9.70000000 7.20000000 1.89489700E+002
9.70000000 7.30000000 1.90272200E+002
9.70000000 7.40000000 1.91257700E+002
9.70000000 7.50000000 1.92478600E+002
9.70000000 7.60000000 1.93969700E+002
9.70000000 7.70000000 1.95768200E+002
9.70000000 7.80000000 1.97913700E+002
9.70000000 7.90000000 2.00448200E+002
9.70000000 8.00000000 2.03416100E+002
9.70000000 8.10000000 2.06864200E+002
9.70000000 8.20000000 2.10841700E+002
9.70000000 8.30000000 2.15400200E+002
9.70000000 8.40000000 2.20593700E+002
9.70000000 8.50000000 2.26478600E+002
9.70000000 8.60000000 2.33113700E+002
9.70000000 8.70000000 2.40560200E+002
9.70000000 8.80000000 2.48881700E+002
9.70000000 8.90000000 2.58144200E+002
9.70000000 9.00000000 2.68416100E+002
9.70000000 9.10000000 2.79768200E+002
9.70000000 9.20000000 2.92273700E+002
9.70000000 9.30000000 3.06008200E+002
9.70000000 9.40000000 3.21049700E+002
9.70000000 9.50000000 3.37478600E+002
9.70000000 9.60000000 3.55377700E+002
9.70000000 9.70000000 3.74832200E+002
9.70000000 9.80000000 3.95929700E+002
9.70000000 9.90000000 4.18760200E+002
9.70000000 10.00000000 4.43416100E+002
9.70000000 10.10000000 4.69992200E+002
9.70000000 10.20000000 4.98585700E+002
9.70000000 10.30000000 5.29296200E+002
9.70000000 10.40000000 5.62225700E+002
9.70000000 10.50000000 5.97478600E+002
9.70000000 10.60000000 6.35161700E+002
9.70000000 10.70000000 6.75384200E+002
9.70000000 10.80000000 7.18257700E+002
9.70000000 10.90000000 7.63896200E+002
9.70000000 11.00000000 8.12416100E+002
9.80000000 1.00000000 8.33513600E+002
9.80000000 1.10000000 7.84993700E+002
9.80000000 1.20000000 7.39355200E+002
9.80000000 1.30000000 6.96481700E+002
9.80000000 1.40000000 6.56259200E+002
9.80000000 1.50000000 6.18576100E+002
9.80000000 1.60000000 5.83323200E+002
9.80000000 1.70000000 5.50393700E+002
9.80000000 1.80000000 5.19683200E+002
9.80000000 1.90000000 4.91089700E+002
9.80000000 2.00000000 4.64513600E+002
9.80000000 2.10000000 4.39857700E+002
9.80000000 2.20000000 4.17027200E+002
9.80000000 2.30000000 3.95929700E+002
9.80000000 2.40000000 3.76475200E+002
9.80000000 2.50000000 3.58576100E+002
9.80000000 2.60000000 3.42147200E+002
9.80000000 2.70000000 3.27105700E+002
9.80000000 2.80000000 3.13371200E+002
9.80000000 2.90000000 3.00865700E+002
9.80000000 3.00000000 2.89513600E+002
9.80000000 3.10000000 2.79241700E+002
9.80000000 3.20000000 2.69979200E+002
9.80000000 3.30000000 2.61657700E+002
9.80000000 3.40000000 2.54211200E+002
9.80000000 3.50000000 2.47576100E+002
9.80000000 3.60000000 2.41691200E+002
9.80000000 3.70000000 2.36497700E+002
9.80000000 3.80000000 2.31939200E+002
9.80000000 3.90000000 2.27961700E+002
9.80000000 4.00000000 2.24513600E+002
9.80000000 4.10000000 2.21545700E+002
9.80000000 4.20000000 2.19011200E+002
9.80000000 4.30000000 2.16865700E+002
9.80000000 4.40000000 2.15067200E+002
9.80000000 4.50000000 2.13576100E+002
9.80000000 4.60000000 2.12355200E+002
9.80000000 4.70000000 2.11369700E+002
9.80000000 4.80000000 2.10587200E+002
9.80000000 4.90000000 2.09977700E+002
9.80000000 5.00000000 2.09513600E+002
9.80000000 5.10000000 2.09169700E+002
9.80000000 5.20000000 2.08923200E+002
9.80000000 5.30000000 2.08753700E+002
9.80000000 5.40000000 2.08643200E+002
9.80000000 5.50000000 2.08576100E+002
9.80000000 5.60000000 2.08539200E+002
9.80000000 5.70000000 2.08521700E+002
9.80000000 5.80000000 2.08515200E+002
9.80000000 5.90000000 2.08513700E+002
9.80000000 6.00000000 2.08513600E+002
9.80000000 6.10000000 2.08513700E+002
9.80000000 6.20000000 2.08515200E+002
9.80000000 6.30000000 2.08521700E+002
9.80000000 6.40000000 2.08539200E+002
9.80000000 6.50000000 2.08576100E+002
9.80000000 6.60000000 2.08643200E+002
9.80000000 6.70000000 2.08753700E+002
9.80000000 6.80000000 2.08923200E+002
9.80000000 6.90000000 2.09169700E+002
9.80000000 7.00000000 2.09513600E+002
9.80000000 7.10000000 2.09977700E+002
9.80000000 7.20000000 2.10587200E+002
9.80000000 7.30000000 2.11369700E+002
9.80000000 7.40000000 2.12355200E+002
9.80000000 7.50000000 2.13576100E+002
9.80000000 7.60000000 2.15067200E+002
9.80000000 7.70000000 2.16865700E+002
9.80000000 7.80000000 2.19011200E+002
9.80000000 7.90000000 2.21545700E+002
9.80000000 8.00000000 2.24513600E+002
9.80000000 8.10000000 2.27961700E+002
9.80000000 8.20000000 2.31939200E+002
9.80000000 8.30000000 2.36497700E+002
9.80000000 8.40000000 2.41691200E+002
9.80000000 8.50000000 2.47576100E+002
9.80000000 8.60000000 2.54211200E+002
9.80000000 8.70000000 2.61657700E+002
9.80000000 8.80000000 2.69979200E+002
9.80000000 8.90000000 2.79241700E+002
9.80000000 9.00000000 2.89513600E+002
9.80000000 9.10000000 3.00865700E+002
9.80000000 9.20000000 3.13371200E+002
9.80000000 9.30000000 3.27105700E+002
9.80000000 9.40000000 3.42147200E+002
9.80000000 9.50000000 3.58576100E+002
9.80000000 9.60000000 3.76475200E+002
9.80000000 9.70000000 3.95929700E+002
9.80000000 9.80000000 4.17027200E+002
9.80000000 9.90000000 4.39857700E+002
9.80000000 10.00000000 4.64513600E+002
9.80000000 10.10000000 4.91089700E+002
9.80000000 10.20000000 5.19683200E+002
9.80000000 10.30000000 5.50393700E+002
9.80000000 10.40000000 5.83323200E+002
9.80000000 10.50000000 6.18576100E+002
9.80000000 10.60000000 6.56259200E+002
9.80000000 10.70000000 6.96481700E+002
9.80000000 10.80000000 7.39355200E+002
9.80000000 10.90000000 7.84993700E+002
9.80000000 11.00000000 8.33513600E+002
9.90000000 1.00000000 8.56344100E+002
9.90000000 1.10000000 8.07824200E+002
9.90000000 1.20000000 7.62185700E+002
9.90000000 1.30000000 7.19312200E+002
9.90000000 1.40000000 6.79089700E+002
9.90000000 1.50000000 6.41406600E+002
9.90000000 1.60000000 6.06153700E+002
9.90000000 1.70000000 5.73224200E+002
9.90000000 1.80000000 5.42513700E+002
9.90000000 1.90000000 5.13920200E+002
9.90000000 2.00000000 4.87344100E+002
9.90000000 2.10000000 4.62688200E+002
9.90000000 2.20000000 4.39857700E+002
9.90000000 2.30000000 4.18760200E+002
9.90000000 2.40000000 3.99305700E+002
9.90000000 2.50000000 3.81406600E+002
9.90000000 2.60000000 3.64977700E+002
9.90000000 2.70000000 3.49936200E+002
9.90000000 2.80000000 3.36201700E+002
9.90000000 2.90000000 3.23696200E+002
9.90000000 3.00000000 3.12344100E+002
9.90000000 3.10000000 3.02072200E+002
9.90000000 3.20000000 2.92809700E+002
9.90000000 3.30000000 2.84488200E+002
9.90000000 3.40000000 2.77041700E+002
9.90000000 3.50000000 2.70406600E+002
9.90000000 3.60000000 2.64521700E+002
9.90000000 3.70000000 2.59328200E+002
9.90000000 3.80000000 2.54769700E+002
9.90000000 3.90000000 2.50792200E+002
9.90000000 4.00000000 2.47344100E+002
9.90000000 4.10000000 2.44376200E+002
9.90000000 4.20000000 2.41841700E+002
9.90000000 4.30000000 2.39696200E+002
9.90000000 4.40000000 2.37897700E+002
9.90000000 4.50000000 2.36406600E+002
9.90000000 4.60000000 2.35185700E+002
9.90000000 4.70000000 2.34200200E+002
9.90000000 4.80000000 2.33417700E+002
9.90000000 4.90000000 2.32808200E+002
9.90000000 5.00000000 2.32344100E+002
9.90000000 5.10000000 2.32000200E+002
9.90000000 5.20000000 2.31753700E+002
9.90000000 5.30000000 2.31584200E+002
9.90000000 5.40000000 2.31473700E+002
9.90000000 5.50000000 2.31406600E+002
9.90000000 5.60000000 2.31369700E+002
9.90000000 5.70000000 2.31352200E+002
9.90000000 5.80000000 2.31345700E+002
9.90000000 5.90000000 2.31344200E+002
9.90000000 6.00000000 2.31344100E+002
9.90000000 6.10000000 2.31344200E+002
9.90000000 6.20000000 2.31345700E+002
9.90000000 6.30000000 2.31352200E+002
9.90000000 6.40000000 2.31369700E+002
9.90000000 6.50000000 2.31406600E+002
9.90000000 6.60000000 2.31473700E+002
9.90000000 6.70000000 2.31584200E+002
9.90000000 6.80000000 2.31753700E+002
9.90000000 6.90000000 2.32000200E+002
9.90000000 7.00000000 2.32344100E+002
9.90000000 7.10000000 2.32808200E+002
9.90000000 7.20000000 2.33417700E+002
9.90000000 7.30000000 2.34200200E+002
9.90000000 7.40000000 2.35185700E+002
9.90000000 7.50000000 2.36406600E+002
9.90000000 7.60000000 2.37897700E+002
9.90000000 7.70000000 2.39696200E+002
9.90000000 7.80000000 2.41841700E+002
9.90000000 7.90000000 2.44376200E+002
9.90000000 8.00000000 2.47344100E+002
9.90000000 8.10000000 2.50792200E+002
9.90000000 8.20000000 2.54769700E+002
9.90000000 8.30000000 2.59328200E+002
9.90000000 8.40000000 2.64521700E+002
9.90000000 8.50000000 2.70406600E+002
9.90000000 8.60000000 2.77041700E+002
9.90000000 8.70000000 2.84488200E+002
9.90000000 8.80000000 2.92809700E+002
9.90000000 8.90000000 3.02072200E+002
9.90000000 9.00000000 3.12344100E+002
9.90000000 9.10000000 3.23696200E+002
9.90000000 9.20000000 3.36201700E+002
9.90000000 9.30000000 3.49936200E+002
9.90000000 9.40000000 3.64977700E+002
9.90000000 9.50000000 3.81406600E+002
9.90000000 9.60000000 3.99305700E+002
9.90000000 9.70000000 4.18760200E+002
9.90000000 9.80000000 4.39857700E+002
9.90000000 9.90000000 4.62688200E+002
9.90000000 10.00000000 4.87344100E+002
9.90000000 10.10000000 5.13920200E+002
9.90000000 10.20000000 5.42513700E+002
9.90000000 10.30000000 5.73224200E+002
9.90000000 10.40000000 6.06153700E+002
9.90000000 10.50000000 6.41406600E+002
9.90000000 10.60000000 6.79089700E+002
9.90000000 10.70000000 7.19312200E+002
9.90000000 10.80000000 7.62185700E+002
9.90000000 10.90000000 8.07824200E+002
9.90000000 11.00000000 8.56344100E+002
10.00000000 1.00000000 8.81000000E+002
10.00000000 1.10000000 8.32480100E+002
10.00000000 1.20000000 7.86841600E+002
10.00000000 1.30000000 7.43968100E+002
10.00000000 1.40000000 7.03745600E+002
10.00000000 1.50000000 6.66062500E+002
10.00000000 1.60000000 6.30809600E+002
10.00000000 1.70000000 5.97880100E+002
10.00000000 1.80000000 5.67169600E+002
10.00000000 1.90000000 5.38576100E+002
10.00000000 2.00000000 5.12000000E+002
10.00000000 2.10000000 4.87344100E+002
10.00000000 2.20000000 4.64513600E+002
10.00000000 2.30000000 4.43416100E+002
10.00000000 2.40000000 4.23961600E+002
10.00000000 2.50000000 4.06062500E+002
10.00000000 2.60000000 3.89633600E+002
10.00000000 2.70000000 3.74592100E+002
10.00000000 2.80000000 3.60857600E+002
10.00000000 2.90000000 3.48352100E+002
10.00000000 3.00000000 3.37000000E+002
10.00000000 3.10000000 3.26728100E+002
10.00000000 3.20000000 3.17465600E+002
10.00000000 3.30000000 3.09144100E+002
10.00000000 3.40000000 3.01697600E+002
10.00000000 3.50000000 2.95062500E+002
10.00000000 3.60000000 2.89177600E+002
10.00000000 3.70000000 2.83984100E+002
10.00000000 3.80000000 2.79425600E+002
10.00000000 3.90000000 2.75448100E+002
10.00000000 4.00000000 2.72000000E+002
10.00000000 4.10000000 2.69032100E+002
10.00000000 4.20000000 2.66497600E+002
10.00000000 4.30000000 2.64352100E+002
10.00000000 4.40000000 2.62553600E+002
10.00000000 4.50000000 2.61062500E+002
10.00000000 4.60000000 2.59841600E+002
10.00000000 4.70000000 2.58856100E+002
10.00000000 4.80000000 2.58073600E+002
10.00000000 4.90000000 2.57464100E+002
10.00000000 5.00000000 2.57000000E+002
10.00000000 5.10000000 2.56656100E+002
10.00000000 5.20000000 2.56409600E+002
10.00000000 5.30000000 2.56240100E+002
10.00000000 5.40000000 2.56129600E+002
10.00000000 5.50000000 2.56062500E+002
10.00000000 5.60000000 2.56025600E+002
10.00000000 5.70000000 2.56008100E+002
10.00000000 5.80000000 2.56001600E+002
10.00000000 5.90000000 2.56000100E+002
10.00000000 6.00000000 2.56000000E+002
10.00000000 6.10000000 2.56000100E+002
10.00000000 6.20000000 2.56001600E+002
10.00000000 6.30000000 2.56008100E+002
10.00000000 6.40000000 2.56025600E+002
10.00000000 6.50000000 2.56062500E+002
10.00000000 6.60000000 2.56129600E+002
10.00000000 6.70000000 2.56240100E+002
10.00000000 6.80000000 2.56409600E+002
10.00000000 6.90000000 2.56656100E+002
10.00000000 7.00000000 2.57000000E+002
10.00000000 7.10000000 2.57464100E+002
10.00000000 7.20000000 2.58073600E+002
10.00000000 7.30000000 2.58856100E+002
10.00000000 7.40000000 2.59841600E+002
10.00000000 7.50000000 2.61062500E+002
10.00000000 7.60000000 2.62553600E+002
10.00000000 7.70000000 2.64352100E+002
10.00000000 7.80000000 2.66497600E+002
10.00000000 7.90000000 2.69032100E+002
10.00000000 8.00000000 2.72000000E+002
10.00000000 8.10000000 2.75448100E+002
10.00000000 8.20000000 2.79425600E+002
10.00000000 8.30000000 2.83984100E+002
10.00000000 8.40000000 2.89177600E+002
10.00000000 8.50000000 2.95062500E+002
10.00000000 8.60000000 3.01697600E+002
10.00000000 8.70000000 3.09144100E+002
10.00000000 8.80000000 3.17465600E+002
10.00000000 8.90000000 3.26728100E+002
10.00000000 9.00000000 3.37000000E+002
10.00000000 9.10000000 3.48352100E+002
10.00000000 9.20000000 3.60857600E+002
10.00000000 9.30000000 3.74592100E+002
10.00000000 9.40000000 3.89633600E+002
10.00000000 9.50000000 4.06062500E+002
10.00000000 9.60000000 4.23961600E+002
10.00000000 9.70000000 4.43416100E+002
10.00000000 9.80000000 4.64513600E+002
10.00000000 9.90000000 4.87344100E+002
10.00000000 10.00000000 5.12000000E+002
10.00000000 10.10000000 5.38576100E+002
10.00000000 10.20000000 5.67169600E+002
10.00000000 10.30000000 5.97880100E+002
10.00000000 10.40000000 6.30809600E+002
10.00000000 10.50000000 6.66062500E+002
10.00000000 10.60000000 7.03745600E+002
10.00000000 10.70000000 7.43968100E+002
10.00000000 10.80000000 7.86841600E+002
10.00000000 10.90000000 8.32480100E+002
10.00000000 11.00000000 8.81000000E+002
10.10000000 1.00000000 9.07576100E+002
10.10000000 1.10000000 8.59056200E+002
10.10000000 1.20000000 8.13417700E+002
10.10000000 1.30000000 7.70544200E+002
10.10000000 1.40000000 7.30321700E+002
10.10000000 1.50000000 6.92638600E+002
10.10000000 1.60000000 6.57385700E+002
10.10000000 1.70000000 6.24456200E+002
10.10000000 1.80000000 5.93745700E+002
10.10000000 1.90000000 5.65152200E+002
10.10000000 2.00000000 5.38576100E+002
10.10000000 2.10000000 5.13920200E+002
10.10000000 2.20000000 4.91089700E+002
10.10000000 2.30000000 4.69992200E+002
10.10000000 2.40000000 4.50537700E+002
10.10000000 2.50000000 4.32638600E+002
10.10000000 2.60000000 4.16209700E+002
10.10000000 2.70000000 4.01168200E+002
10.10000000 2.80000000 3.87433700E+002
10.10000000 2.90000000 3.74928200E+002
10.10000000 3.00000000 3.63576100E+002
10.10000000 3.10000000 3.53304200E+002
10.10000000 3.20000000 3.44041700E+002
10.10000000 3.30000000 3.35720200E+002
10.10000000 3.40000000 3.28273700E+002
10.10000000 3.50000000 3.21638600E+002
10.10000000 3.60000000 3.15753700E+002
10.10000000 3.70000000 3.10560200E+002
10.10000000 3.80000000 3.06001700E+002
10.10000000 3.90000000 3.02024200E+002
10.10000000 4.00000000 2.98576100E+002
10.10000000 4.10000000 2.95608200E+002
10.10000000 4.20000000 2.93073700E+002
10.10000000 4.30000000 2.90928200E+002
10.10000000 4.40000000 2.89129700E+002
10.10000000 4.50000000 2.87638600E+002
10.10000000 4.60000000 2.86417700E+002
10.10000000 4.70000000 2.85432200E+002
10.10000000 4.80000000 2.84649700E+002
10.10000000 4.90000000 2.84040200E+002
10.10000000 5.00000000 2.83576100E+002
10.10000000 5.10000000 2.83232200E+002
10.10000000 5.20000000 2.82985700E+002
10.10000000 5.30000000 2.82816200E+002
10.10000000 5.40000000 2.82705700E+002
10.10000000 5.50000000 2.82638600E+002
10.10000000 5.60000000 2.82601700E+002
10.10000000 5.70000000 2.82584200E+002
10.10000000 5.80000000 2.82577700E+002
10.10000000 5.90000000 2.82576200E+002
10.10000000 6.00000000 2.82576100E+002
10.10000000 6.10000000 2.82576200E+002
10.10000000 6.20000000 2.82577700E+002
10.10000000 6.30000000 2.82584200E+002
10.10000000 6.40000000 2.82601700E+002
10.10000000 6.50000000 2.82638600E+002
10.10000000 6.60000000 2.82705700E+002
10.10000000 6.70000000 2.82816200E+002
10.10000000 6.80000000 2.82985700E+002
10.10000000 6.90000000 2.83232200E+002
10.10000000 7.00000000 2.83576100E+002
10.10000000 7.10000000 2.84040200E+002
10.10000000 7.20000000 2.84649700E+002
10.10000000 7.30000000 2.85432200E+002
10.10000000 7.40000000 2.86417700E+002
10.10000000 7.50000000 2.87638600E+002
10.10000000 7.60000000 2.89129700E+002
10.10000000 7.70000000 2.90928200E+002
10.10000000 7.80000000 2.93073700E+002
10.10000000 7.90000000 2.95608200E+002
10.10000000 8.00000000 2.98576100E+002
10.10000000 8.10000000 3.02024200E+002
10.10000000 8.20000000 3.06001700E+002
10.10000000 8.30000000 3.10560200E+002
10.10000000 8.40000000 3.15753700E+002
10.10000000 8.50000000 3.21638600E+002
10.10000000 8.60000000 3.28273700E+002
10.10000000 8.70000000 3.35720200E+002
10.10000000 8.80000000 3.44041700E+002
10.10000000 8.90000000 3.53304200E+002
10.10000000 9.00000000 3.63576100E+002
10.10000000 9.10000000 3.74928200E+002
10.10000000 9.20000000 3.87433700E+002
10.10000000 9.30000000 4.01168200E+002
10.10000000 9.40000000 4.16209700E+002
10.10000000 9.50000000 4.32638600E+002
10.10000000 9.60000000 4.50537700E+002
10.10000000 9.70000000 4.69992200E+002
10.10000000 9.80000000 4.91089700E+002
10.10000000 9.90000000 5.13920200E+002
10.10000000 10.00000000 5.38576100E+002
10.10000000 10.10000000 5.65152200E+002
10.10000000 10.20000000 5.93745700E+002
10.10000000 10.30000000 6.24456200E+002
10.10000000 10.40000000 6.57385700E+002
10.10000000 10.50000000 6.92638600E+002
10.10000000 10.60000000 7.30321700E+002
10.10000000 10.70000000 7.70544200E+002
10.10000000 10.80000000 8.13417700E+002
10.10000000 10.90000000 8.59056200E+002
10.10000000 11.00000000 9.07576100E+002
10.20000000 1.00000000 9.36169600E+002
10.20000000 1.10000000 8.87649700E+002
10.20000000 1.20000000 8.42011200E+002
10.20000000 1.30000000 7.99137700E+002
10.20000000 1.40000000 7.58915200E+002
10.20000000 1.50000000 7.21232100E+002
10.20000000 1.60000000 6.85979200E+002
10.20000000 1.70000000 6.53049700E+002
10.20000000 1.80000000 6.22339200E+002
10.20000000 1.90000000 5.93745700E+002
10.20000000 2.00000000 5.67169600E+002
10.20000000 2.10000000 5.42513700E+002
10.20000000 2.20000000 5.19683200E+002
10.20000000 2.30000000 4.98585700E+002
10.20000000 2.40000000 4.79131200E+002
10.20000000 2.50000000 4.61232100E+002
10.20000000 2.60000000 4.44803200E+002
10.20000000 2.70000000 4.29761700E+002
10.20000000 2.80000000 4.16027200E+002
10.20000000 2.90000000 4.03521700E+002
10.20000000 3.00000000 3.92169600E+002
10.20000000 3.10000000 3.81897700E+002
10.20000000 3.20000000 3.72635200E+002
10.20000000 3.30000000 3.64313700E+002
10.20000000 3.40000000 3.56867200E+002
10.20000000 3.50000000 3.50232100E+002
10.20000000 3.60000000 3.44347200E+002
10.20000000 3.70000000 3.39153700E+002
10.20000000 3.80000000 3.34595200E+002
10.20000000 3.90000000 3.30617700E+002
10.20000000 4.00000000 3.27169600E+002
10.20000000 4.10000000 3.24201700E+002
10.20000000 4.20000000 3.21667200E+002
10.20000000 4.30000000 3.19521700E+002
10.20000000 4.40000000 3.17723200E+002
10.20000000 4.50000000 3.16232100E+002
10.20000000 4.60000000 3.15011200E+002
10.20000000 4.70000000 3.14025700E+002
10.20000000 4.80000000 3.13243200E+002
10.20000000 4.90000000 3.12633700E+002
10.20000000 5.00000000 3.12169600E+002
10.20000000 5.10000000 3.11825700E+002
10.20000000 5.20000000 3.11579200E+002
10.20000000 5.30000000 3.11409700E+002
10.20000000 5.40000000 3.11299200E+002
10.20000000 5.50000000 3.11232100E+002
10.20000000 5.60000000 3.11195200E+002
10.20000000 5.70000000 3.11177700E+002
10.20000000 5.80000000 3.11171200E+002
10.20000000 5.90000000 3.11169700E+002
10.20000000 6.00000000 3.11169600E+002
10.20000000 6.10000000 3.11169700E+002
10.20000000 6.20000000 3.11171200E+002
10.20000000 6.30000000 3.11177700E+002
10.20000000 6.40000000 3.11195200E+002
10.20000000 6.50000000 3.11232100E+002
10.20000000 6.60000000 3.11299200E+002
10.20000000 6.70000000 3.11409700E+002
10.20000000 6.80000000 3.11579200E+002
10.20000000 6.90000000 3.11825700E+002
10.20000000 7.00000000 3.12169600E+002
10.20000000 7.10000000 3.12633700E+002
10.20000000 7.20000000 3.13243200E+002
10.20000000 7.30000000 3.14025700E+002
10.20000000 7.40000000 3.15011200E+002
10.20000000 7.50000000 3.16232100E+002
10.20000000 7.60000000 3.17723200E+002
10.20000000 7.70000000 3.19521700E+002
10.20000000 7.80000000 3.21667200E+002
10.20000000 7.90000000 3.24201700E+002
10.20000000 8.00000000 3.27169600E+002
10.20000000 8.10000000 3.30617700E+002
10.20000000 8.20000000 3.34595200E+002
10.20000000 8.30000000 3.39153700E+002
10.20000000 8.40000000 3.44347200E+002
10.20000000 8.50000000 3.50232100E+002
10.20000000 8.60000000 3.56867200E+002
10.20000000 8.70000000 3.64313700E+002
10.20000000 8.80000000 3.72635200E+002
10.20000000 8.90000000 3.81897700E+002
10.20000000 9.00000000 3.92169600E+002
10.20000000 9.10000000 4.03521700E+002
10.20000000 9.20000000 4.16027200E+002
10.20000000 9.30000000 4.29761700E+002
10.20000000 9.40000000 4.44803200E+002
10.20000000 9.50000000 4.61232100E+002
10.20000000 9.60000000 4.79131200E+002
10.20000000 9.70000000 4.98585700E+002
10.20000000 9.80000000 5.19683200E+002
10.20000000 9.90000000 5.42513700E+002
10.20000000 10.00000000 5.67169600E+002
10.20000000 10.10000000 5.93745700E+002
10.20000000 10.20000000 6.22339200E+002
10.20000000 10.30000000 6.53049700E+002
10.20000000 10.40000000 6.85979200E+002
10.20000000 10.50000000 7.21232100E+002
10.20000000 10.60000000 7.58915200E+002
10.20000000 10.70000000 7.99137700E+002
10.20000000 10.80000000 8.42011200E+002
10.20000000 10.90000000 8.87649700E+002
10.20000000 11.00000000 9.36169600E+002
10.30000000 1.00000000 9.66880100E+002
10.30000000 1.10000000 9.18360200E+002
10.30000000 1.20000000 8.72721700E+002
10.30000000 1.30000000 8.29848200E+002
10.30000000 1.40000000 7.89625700E+002
10.30000000 1.50000000 7.51942600E+002
10.30000000 1.60000000 7.16689700E+002
10.30000000 1.70000000 6.83760200E+002
10.30000000 1.80000000 6.53049700E+002
10.30000000 1.90000000 6.24456200E+002
10.30000000 2.00000000 5.97880100E+002
10.30000000 2.10000000 5.73224200E+002
10.30000000 2.20000000 5.50393700E+002
10.30000000 2.30000000 5.29296200E+002
10.30000000 2.40000000 5.09841700E+002
10.30000000 2.50000000 4.91942600E+002
10.30000000 2.60000000 4.75513700E+002
10.30000000 2.70000000 4.60472200E+002
10.30000000 2.80000000 4.46737700E+002
10.30000000 2.90000000 4.34232200E+002
10.30000000 3.00000000 4.22880100E+002
10.30000000 3.10000000 4.12608200E+002
10.30000000 3.20000000 4.03345700E+002
10.30000000 3.30000000 3.95024200E+002
10.30000000 3.40000000 3.87577700E+002
10.30000000 3.50000000 3.80942600E+002
10.30000000 3.60000000 3.75057700E+002
10.30000000 3.70000000 3.69864200E+002
10.30000000 3.80000000 3.65305700E+002
10.30000000 3.90000000 3.61328200E+002
10.30000000 4.00000000 3.57880100E+002
10.30000000 4.10000000 3.54912200E+002
10.30000000 4.20000000 3.52377700E+002
10.30000000 4.30000000 3.50232200E+002
10.30000000 4.40000000 3.48433700E+002
10.30000000 4.50000000 3.46942600E+002
10.30000000 4.60000000 3.45721700E+002
10.30000000 4.70000000 3.44736200E+002
10.30000000 4.80000000 3.43953700E+002
10.30000000 4.90000000 3.43344200E+002
10.30000000 5.00000000 3.42880100E+002
10.30000000 5.10000000 3.42536200E+002
10.30000000 5.20000000 3.42289700E+002
10.30000000 5.30000000 3.42120200E+002
10.30000000 5.40000000 3.42009700E+002
10.30000000 5.50000000 3.41942600E+002
10.30000000 5.60000000 3.41905700E+002
10.30000000 5.70000000 3.41888200E+002
10.30000000 5.80000000 3.41881700E+002
10.30000000 5.90000000 3.41880200E+002
10.30000000 6.00000000 3.41880100E+002
10.30000000 6.10000000 3.41880200E+002
10.30000000 6.20000000 3.41881700E+002
10.30000000 6.30000000 3.41888200E+002
10.30000000 6.40000000 3.41905700E+002
10.30000000 6.50000000 3.41942600E+002
10.30000000 6.60000000 3.42009700E+002
10.30000000 6.70000000 3.42120200E+002
10.30000000 6.80000000 3.42289700E+002
10.30000000 6.90000000 3.42536200E+002
10.30000000 7.00000000 3.42880100E+002
10.30000000 7.10000000 3.43344200E+002
10.30000000 7.20000000 3.43953700E+002
10.30000000 7.30000000 3.44736200E+002
10.30000000 7.40000000 3.45721700E+002
10.30000000 7.50000000 3.46942600E+002
10.30000000 7.60000000 3.48433700E+002
10.30000000 7.70000000 3.50232200E+002
10.30000000 7.80000000 3.52377700E+002
10.30000000 7.90000000 3.54912200E+002
10.30000000 8.00000000 3.57880100E+002
10.30000000 8.10000000 3.61328200E+002
10.30000000 8.20000000 3.65305700E+002
10.30000000 8.30000000 3.69864200E+002
10.30000000 8.40000000 3.75057700E+002
10.30000000 8.50000000 3.80942600E+002
10.30000000 8.60000000 3.87577700E+002
10.30000000 8.70000000 3.95024200E+002
10.30000000 8.80000000 4.03345700E+002
10.30000000 8.90000000 4.12608200E+002
10.30000000 9.00000000 4.22880100E+002
10.30000000 9.10000000 4.34232200E+002
10.30000000 9.20000000 4.46737700E+002
10.30000000 9.30000000 4.60472200E+002
10.30000000 9.40000000 4.75513700E+002
10.30000000 9.50000000 4.91942600E+002
10.30000000 9.60000000 5.09841700E+002
10.30000000 9.70000000 5.29296200E+002
10.30000000 9.80000000 5.50393700E+002
10.30000000 9.90000000 5.73224200E+002
10.30000000 10.00000000 5.97880100E+002
10.30000000 10.10000000 6.24456200E+002
10.30000000 10.20000000 6.53049700E+002
10.30000000 10.30000000 6.83760200E+002
10.30000000 10.40000000 7.16689700E+002
10.30000000 10.50000000 7.51942600E+002
10.30000000 10.60000000 7.89625700E+002
10.30000000 10.70000000 8.29848200E+002
10.30000000 10.80000000 8.72721700E+002
10.30000000 10.90000000 9.18360200E+002
10.30000000 11.00000000 9.66880100E+002
10.40000000 1.00000000 9.99809600E+002
10.40000000 1.10000000 9.51289700E+002
10.40000000 1.20000000 9.05651200E+002
10.40000000 1.30000000 8.62777700E+002
10.40000000 1.40000000 8.22555200E+002
10.40000000 1.50000000 7.84872100E+002
10.40000000 1.60000000 7.49619200E+002
10.40000000 1.70000000 7.16689700E+002
10.40000000 1.80000000 6.85979200E+002
10.40000000 1.90000000 6.57385700E+002
10.40000000 2.00000000 6.30809600E+002
10.40000000 2.10000000 6.06153700E+002
10.40000000 2.20000000 5.83323200E+002
10.40000000 2.30000000 5.62225700E+002
10.40000000 2.40000000 5.42771200E+002
10.40000000 2.50000000 5.24872100E+002
10.40000000 2.60000000 5.08443200E+002
10.40000000 2.70000000 4.93401700E+002
10.40000000 2.80000000 4.79667200E+002
10.40000000 2.90000000 4.67161700E+002
10.40000000 3.00000000 4.55809600E+002
10.40000000 3.10000000 4.45537700E+002
10.40000000 3.20000000 4.36275200E+002
10.40000000 3.30000000 4.27953700E+002
10.40000000 3.40000000 4.20507200E+002
10.40000000 3.50000000 4.13872100E+002
10.40000000 3.60000000 4.07987200E+002
10.40000000 3.70000000 4.02793700E+002
10.40000000 3.80000000 3.98235200E+002
10.40000000 3.90000000 3.94257700E+002
10.40000000 4.00000000 3.90809600E+002
10.40000000 4.10000000 3.87841700E+002
10.40000000 4.20000000 3.85307200E+002
10.40000000 4.30000000 3.83161700E+002
10.40000000 4.40000000 3.81363200E+002
10.40000000 4.50000000 3.79872100E+002
10.40000000 4.60000000 3.78651200E+002
10.40000000 4.70000000 3.77665700E+002
10.40000000 4.80000000 3.76883200E+002
10.40000000 4.90000000 3.76273700E+002
10.40000000 5.00000000 3.75809600E+002
10.40000000 5.10000000 3.75465700E+002
10.40000000 5.20000000 3.75219200E+002
10.40000000 5.30000000 3.75049700E+002
10.40000000 5.40000000 3.74939200E+002
10.40000000 5.50000000 3.74872100E+002
10.40000000 5.60000000 3.74835200E+002
10.40000000 5.70000000 3.74817700E+002
10.40000000 5.80000000 3.74811200E+002
10.40000000 5.90000000 3.74809700E+002
10.40000000 6.00000000 3.74809600E+002
10.40000000 6.10000000 3.74809700E+002
10.40000000 6.20000000 3.74811200E+002
10.40000000 6.30000000 3.74817700E+002
10.40000000 6.40000000 3.74835200E+002
10.40000000 6.50000000 3.74872100E+002
10.40000000 6.60000000 3.74939200E+002
10.40000000 6.70000000 3.75049700E+002
10.40000000 6.80000000 3.75219200E+002
10.40000000 6.90000000 3.75465700E+002
10.40000000 7.00000000 3.75809600E+002
10.40000000 7.10000000 3.76273700E+002
10.40000000 7.20000000 3.76883200E+002
10.40000000 7.30000000 3.77665700E+002
10.40000000 7.40000000 3.78651200E+002
10.40000000 7.50000000 3.79872100E+002
10.40000000 7.60000000 3.81363200E+002
10.40000000 7.70000000 3.83161700E+002
10.40000000 7.80000000 3.85307200E+002
10.40000000 7.90000000 3.87841700E+002
10.40000000 8.00000000 3.90809600E+002
10.40000000 8.10000000 3.94257700E+002
10.40000000 8.20000000 3.98235200E+002
10.40000000 8.30000000 4.02793700E+002
10.40000000 8.40000000 4.07987200E+002
10.40000000 8.50000000 4.13872100E+002
10.40000000 8.60000000 4.20507200E+002
10.40000000 8.70000000 4.27953700E+002
10.40000000 8.80000000 4.36275200E+002
10.40000000 8.90000000 4.45537700E+002
10.40000000 9.00000000 4.55809600E+002
10.40000000 9.10000000 4.67161700E+002
10.40000000 9.20000000 4.79667200E+002
10.40000000 9.30000000 4.93401700E+002
10.40000000 9.40000000 5.08443200E+002
10.40000000 9.50000000 5.24872100E+002
10.40000000 9.60000000 5.42771200E+002
10.40000000 9.70000000 5.62225700E+002
10.40000000 9.80000000 5.83323200E+002
10.40000000 9.90000000 6.06153700E+002
10.40000000 10.00000000 6.30809600E+002
10.40000000 10.10000000 6.57385700E+002
10.40000000 10.20000000 6.85979200E+002
10.40000000 10.30000000 7.16689700E+002
10.40000000 10.40000000 7.49619200E+002
10.40000000 10.50000000 7.84872100E+002
10.40000000 10.60000000 8.22555200E+002
10.40000000 10.70000000 8.62777700E+002
10.40000000 10.80000000 9.05651200E+002
10.40000000 10.90000000 9.51289700E+002
10.40000000 11.00000000 9.99809600E+002
10.50000000 1.00000000 1.03506250E+003
10.50000000 1.10000000 9.86542600E+002
10.50000000 1.20000000 9.40904100E+002
10.50000000 1.30000000 8.98030600E+002
10.50000000 1.40000000 8.57808100E+002
10.50000000 1.50000000 8.20125000E+002
10.50000000 1.60000000 7.84872100E+002
10.50000000 1.70000000 7.51942600E+002
10.50000000 1.80000000 7.21232100E+002
10.50000000 1.90000000 6.92638600E+002
10.50000000 2.00000000 6.66062500E+002
10.50000000 2.10000000 6.41406600E+002
10.50000000 2.20000000 6.18576100E+002
10.50000000 2.30000000 5.97478600E+002
10.50000000 2.40000000 5.78024100E+002
10.50000000 2.50000000 5.60125000E+002
10.50000000 2.60000000 5.43696100E+002
10.50000000 2.70000000 5.28654600E+002
10.50000000 2.80000000 5.14920100E+002
10.50000000 2.90000000 5.02414600E+002
10.50000000 3.00000000 4.91062500E+002
10.50000000 3.10000000 4.80790600E+002
10.50000000 3.20000000 4.71528100E+002
10.50000000 3.30000000 4.63206600E+002
10.50000000 3.40000000 4.55760100E+002
10.50000000 3.50000000 4.49125000E+002
10.50000000 3.60000000 4.43240100E+002
10.50000000 3.70000000 4.38046600E+002
10.50000000 3.80000000 4.33488100E+002
10.50000000 3.90000000 4.29510600E+002
10.50000000 4.00000000 4.26062500E+002
10.50000000 4.10000000 4.23094600E+002
10.50000000 4.20000000 4.20560100E+002
10.50000000 4.30000000 4.18414600E+002
10.50000000 4.40000000 4.16616100E+002
10.50000000 4.50000000 4.15125000E+002
10.50000000 4.60000000 4.13904100E+002
10.50000000 4.70000000 4.12918600E+002
10.50000000 4.80000000 4.12136100E+002
10.50000000 4.90000000 4.11526600E+002
10.50000000 5.00000000 4.11062500E+002
10.50000000 5.10000000 4.10718600E+002
10.50000000 5.20000000 4.10472100E+002
10.50000000 5.30000000 4.10302600E+002
10.50000000 5.40000000 4.10192100E+002
10.50000000 5.50000000 4.10125000E+002
10.50000000 5.60000000 4.10088100E+002
10.50000000 5.70000000 4.10070600E+002
10.50000000 5.80000000 4.10064100E+002
10.50000000 5.90000000 4.10062600E+002
10.50000000 6.00000000 4.10062500E+002
10.50000000 6.10000000 4.10062600E+002
10.50000000 6.20000000 4.10064100E+002
10.50000000 6.30000000 4.10070600E+002
10.50000000 6.40000000 4.10088100E+002
10.50000000 6.50000000 4.10125000E+002
10.50000000 6.60000000 4.10192100E+002
10.50000000 6.70000000 4.10302600E+002
10.50000000 6.80000000 4.10472100E+002
10.50000000 6.90000000 4.10718600E+002
10.50000000 7.00000000 4.11062500E+002
10.50000000 7.10000000 4.11526600E+002
10.50000000 7.20000000 4.12136100E+002
10.50000000 7.30000000 4.12918600E+002
10.50000000 7.40000000 4.13904100E+002
10.50000000 7.50000000 4.15125000E+002
10.50000000 7.60000000 4.16616100E+002
10.50000000 7.70000000 4.18414600E+002
10.50000000 7.80000000 4.20560100E+002
10.50000000 7.90000000 4.23094600E+002
10.50000000 8.00000000 4.26062500E+002
10.50000000 8.10000000 4.29510600E+002
10.50000000 8.20000000 4.33488100E+002
10.50000000 8.30000000 4.38046600E+002
10.50000000 8.40000000 4.43240100E+002
10.50000000 8.50000000 4.49125000E+002
10.50000000 8.60000000 4.55760100E+002
10.50000000 8.70000000 4.63206600E+002
10.50000000 8.80000000 4.71528100E+002
10.50000000 8.90000000 4.80790600E+002
10.50000000 9.00000000 4.91062500E+002
10.50000000 9.10000000 5.02414600E+002
10.50000000 9.20000000 5.14920100E+002
10.50000000 9.30000000 5.28654600E+002
10.50000000 9.40000000 5.43696100E+002
10.50000000 9.50000000 5.60125000E+002
10.50000000 9.60000000 5.78024100E+002
10.50000000 9.70000000 5.97478600E+002
10.50000000 9.80000000 6.18576100E+002
10.50000000 9.90000000 6.41406600E+002
10.50000000 10.00000000 6.66062500E+002
10.50000000 10.10000000 6.92638600E+002
10.50000000 10.20000000 7.21232100E+002
10.50000000 10.30000000 7.51942600E+002
10.50000000 10.40000000 7.84872100E+002
10.50000000 10.50000000 8.20125000E+002
10.50000000 10.60000000 8.57808100E+002
10.50000000 10.70000000 8.98030600E+002
10.50000000 10.80000000 9.40904100E+002
10.50000000 10.90000000 9.86542600E+002
10.50000000 11.00000000 1.03506250E+003
10.60000000 1.00000000 1.07274560E+003
10.60000000 1.10000000 1.02422570E+003
10.60000000 1.20000000 9.78587200E+002
10.60000000 1.30000000 9.35713700E+002
10.60000000 1.40000000 8.95491200E+002
10.60000000 1.50000000 8.57808100E+002
10.60000000 1.60000000 8.22555200E+002
10.60000000 1.70000000 7.89625700E+002
10.60000000 1.80000000 7.58915200E+002
10.60000000 1.90000000 7.30321700E+002
10.60000000 2.00000000 7.03745600E+002
10.60000000 2.10000000 6.79089700E+002
10.60000000 2.20000000 6.56259200E+002
10.60000000 2.30000000 6.35161700E+002
10.60000000 2.40000000 6.15707200E+002
10.60000000 2.50000000 5.97808100E+002
10.60000000 2.60000000 5.81379200E+002
10.60000000 2.70000000 5.66337700E+002
10.60000000 2.80000000 5.52603200E+002
10.60000000 2.90000000 5.40097700E+002
10.60000000 3.00000000 5.28745600E+002
10.60000000 3.10000000 5.18473700E+002
10.60000000 3.20000000 5.09211200E+002
10.60000000 3.30000000 5.00889700E+002
10.60000000 3.40000000 4.93443200E+002
10.60000000 3.50000000 4.86808100E+002
10.60000000 3.60000000 4.80923200E+002
10.60000000 3.70000000 4.75729700E+002
10.60000000 3.80000000 4.71171200E+002
10.60000000 3.90000000 4.67193700E+002
10.60000000 4.00000000 4.63745600E+002
10.60000000 4.10000000 4.60777700E+002
10.60000000 4.20000000 4.58243200E+002
10.60000000 4.30000000 4.56097700E+002
10.60000000 4.40000000 4.54299200E+002
10.60000000 4.50000000 4.52808100E+002
10.60000000 4.60000000 4.51587200E+002
10.60000000 4.70000000 4.50601700E+002
10.60000000 4.80000000 4.49819200E+002
10.60000000 4.90000000 4.49209700E+002
10.60000000 5.00000000 4.48745600E+002
10.60000000 5.10000000 4.48401700E+002
10.60000000 5.20000000 4.48155200E+002
10.60000000 5.30000000 4.47985700E+002
10.60000000 5.40000000 4.47875200E+002
10.60000000 5.50000000 4.47808100E+002
10.60000000 5.60000000 4.47771200E+002
10.60000000 5.70000000 4.47753700E+002
10.60000000 5.80000000 4.47747200E+002
10.60000000 5.90000000 4.47745700E+002
10.60000000 6.00000000 4.47745600E+002
10.60000000 6.10000000 4.47745700E+002
10.60000000 6.20000000 4.47747200E+002
10.60000000 6.30000000 4.47753700E+002
10.60000000 6.40000000 4.47771200E+002
10.60000000 6.50000000 4.47808100E+002
10.60000000 6.60000000 4.47875200E+002
10.60000000 6.70000000 4.47985700E+002
10.60000000 6.80000000 4.48155200E+002
10.60000000 6.90000000 4.48401700E+002
10.60000000 7.00000000 4.48745600E+002
10.60000000 7.10000000 4.49209700E+002
10.60000000 7.20000000 4.49819200E+002
10.60000000 7.30000000 4.50601700E+002
10.60000000 7.40000000 4.51587200E+002
10.60000000 7.50000000 4.52808100E+002
10.60000000 7.60000000 4.54299200E+002
10.60000000 7.70000000 4.56097700E+002
10.60000000 7.80000000 4.58243200E+002
10.60000000 7.90000000 4.60777700E+002
10.60000000 8.00000000 4.63745600E+002
10.60000000 8.10000000 4.67193700E+002
10.60000000 8.20000000 4.71171200E+002
10.60000000 8.30000000 4.75729700E+002
10.60000000 8.40000000 4.80923200E+002
10.60000000 8.50000000 4.86808100E+002
10.60000000 8.60000000 4.93443200E+002
10.60000000 8.70000000 5.00889700E+002
10.60000000 8.80000000 5.09211200E+002
10.60000000 8.90000000 5.18473700E+002
10.60000000 9.00000000 5.28745600E+002
10.60000000 9.10000000 5.40097700E+002
10.60000000 9.20000000 5.52603200E+002
10.60000000 9.30000000 5.66337700E+002
10.60000000 9.40000000 5.81379200E+002
10.60000000 9.50000000 5.97808100E+002
10.60000000 9.60000000 6.15707200E+002
10.60000000 9.70000000 6.35161700E+002
10.60000000 9.80000000 6.56259200E+002
10.60000000 9.90000000 6.79089700E+002
10.60000000 10.00000000 7.03745600E+002
10.60000000 10.10000000 7.30321700E+002
10.60000000 10.20000000 7.58915200E+002
10.60000000 10.30000000 7.89625700E+002
10.60000000 10.40000000 8.22555200E+002
10.60000000 10.50000000 8.57808100E+002
10.60000000 10.60000000 8.95491200E+002
10.60000000 10.70000000 9.35713700E+002
10.60000000 10.80000000 9.78587200E+002
10.60000000 10.90000000 1.02422570E+003
10.60000000 11.00000000 1.07274560E+003
10.70000000 1.00000000 1.11296810E+003
10.70000000 1.10000000 1.06444820E+003
10.70000000 1.20000000 1.01880970E+003
10.70000000 1.30000000 9.75936200E+002
10.70000000 1.40000000 9.35713700E+002
10.70000000 1.50000000 8.98030600E+002
10.70000000 1.60000000 8.62777700E+002
10.70000000 1.70000000 8.29848200E+002
10.70000000 1.80000000 7.99137700E+002
10.70000000 1.90000000 7.70544200E+002
10.70000000 2.00000000 7.43968100E+002
10.70000000 2.10000000 7.19312200E+002
10.70000000 2.20000000 6.96481700E+002
10.70000000 2.30000000 6.75384200E+002
10.70000000 2.40000000 6.55929700E+002
10.70000000 2.50000000 6.38030600E+002
10.70000000 2.60000000 6.21601700E+002
10.70000000 2.70000000 6.06560200E+002
10.70000000 2.80000000 5.92825700E+002
10.70000000 2.90000000 5.80320200E+002
10.70000000 3.00000000 5.68968100E+002
10.70000000 3.10000000 5.58696200E+002
10.70000000 3.20000000 5.49433700E+002
10.70000000 3.30000000 5.41112200E+002
10.70000000 3.40000000 5.33665700E+002
10.70000000 3.50000000 5.27030600E+002
10.70000000 3.60000000 5.21145700E+002
10.70000000 3.70000000 5.15952200E+002
10.70000000 3.80000000 5.11393700E+002
10.70000000 3.90000000 5.07416200E+002
10.70000000 4.00000000 5.03968100E+002
10.70000000 4.10000000 5.01000200E+002
10.70000000 4.20000000 4.98465700E+002
10.70000000 4.30000000 4.96320200E+002
10.70000000 4.40000000 4.94521700E+002
10.70000000 4.50000000 4.93030600E+002
10.70000000 4.60000000 4.91809700E+002
10.70000000 4.70000000 4.90824200E+002
10.70000000 4.80000000 4.90041700E+002
10.70000000 4.90000000 4.89432200E+002
10.70000000 5.00000000 4.88968100E+002
10.70000000 5.10000000 4.88624200E+002
10.70000000 5.20000000 4.88377700E+002
10.70000000 5.30000000 4.88208200E+002
10.70000000 5.40000000 4.88097700E+002
10.70000000 5.50000000 4.88030600E+002
10.70000000 5.60000000 4.87993700E+002
10.70000000 5.70000000 4.87976200E+002
10.70000000 5.80000000 4.87969700E+002
10.70000000 5.90000000 4.87968200E+002
10.70000000 6.00000000 4.87968100E+002
10.70000000 6.10000000 4.87968200E+002
10.70000000 6.20000000 4.87969700E+002
10.70000000 6.30000000 4.87976200E+002
10.70000000 6.40000000 4.87993700E+002
10.70000000 6.50000000 4.88030600E+002
10.70000000 6.60000000 4.88097700E+002
10.70000000 6.70000000 4.88208200E+002
10.70000000 6.80000000 4.88377700E+002
10.70000000 6.90000000 4.88624200E+002
10.70000000 7.00000000 4.88968100E+002
10.70000000 7.10000000 4.89432200E+002
10.70000000 7.20000000 4.90041700E+002
10.70000000 7.30000000 4.90824200E+002
10.70000000 7.40000000 4.91809700E+002
10.70000000 7.50000000 4.93030600E+002
10.70000000 7.60000000 4.94521700E+002
10.70000000 7.70000000 4.96320200E+002
10.70000000 7.80000000 4.98465700E+002
10.70000000 7.90000000 5.01000200E+002
10.70000000 8.00000000 5.03968100E+002
10.70000000 8.10000000 5.07416200E+002
10.70000000 8.20000000 5.11393700E+002
10.70000000 8.30000000 5.15952200E+002
10.70000000 8.40000000 5.21145700E+002
10.70000000 8.50000000 5.27030600E+002
10.70000000 8.60000000 5.33665700E+002
10.70000000 8.70000000 5.41112200E+002
10.70000000 8.80000000 5.49433700E+002
10.70000000 8.90000000 5.58696200E+002
10.70000000 9.00000000 5.68968100E+002
10.70000000 9.10000000 5.80320200E+002
10.70000000 9.20000000 5.92825700E+002
10.70000000 9.30000000 6.06560200E+002
10.70000000 9.40000000 6.21601700E+002
10.70000000 9.50000000 6.38030600E+002
10.70000000 9.60000000 6.55929700E+002
10.70000000 9.70000000 6.75384200E+002
10.70000000 9.80000000 6.96481700E+002
10.70000000 9.90000000 7.19312200E+002
10.70000000 10.00000000 7.43968100E+002
10.70000000 10.10000000 7.70544200E+002
10.70000000 10.20000000 7.99137700E+002
10.70000000 10.30000000 8.29848200E+002
10.70000000 10.40000000 8.62777700E+002
10.70000000 10.50000000 8.98030600E+002
10.70000000 10.60000000 9.35713700E+002
10.70000000 10.70000000 9.75936200E+002
10.70000000 10.80000000 1.01880970E+003
10.70000000 10.90000000 1.06444820E+003
10.70000000 11.00000000 1.11296810E+003
10.80000000 1.00000000 1.15584160E+003
10.80000000 1.10000000 1.10732170E+003
10.80000000 1.20000000 1.06168320E+003
10.80000000 1.30000000 1.01880970E+003
10.80000000 1.40000000 9.78587200E+002
10.80000000 1.50000000 9.40904100E+002
10.80000000 1.60000000 9.05651200E+002
10.80000000 1.70000000 8.72721700E+002
10.80000000 1.80000000 8.42011200E+002
10.80000000 1.90000000 8.13417700E+002
10.80000000 2.00000000 7.86841600E+002
10.80000000 2.10000000 7.62185700E+002
10.80000000 2.20000000 7.39355200E+002
10.80000000 2.30000000 7.18257700E+002
10.80000000 2.40000000 6.98803200E+002
10.80000000 2.50000000 6.80904100E+002
10.80000000 2.60000000 6.64475200E+002
10.80000000 2.70000000 6.49433700E+002
10.80000000 2.80000000 6.35699200E+002
10.80000000 2.90000000 6.23193700E+002
10.80000000 3.00000000 6.11841600E+002
10.80000000 3.10000000 6.01569700E+002
10.80000000 3.20000000 5.92307200E+002
10.80000000 3.30000000 5.83985700E+002
10.80000000 3.40000000 5.76539200E+002
10.80000000 3.50000000 5.69904100E+002
10.80000000 3.60000000 5.64019200E+002
10.80000000 3.70000000 5.58825700E+002
10.80000000 3.80000000 5.54267200E+002
10.80000000 3.90000000 5.50289700E+002
10.80000000 4.00000000 5.46841600E+002
10.80000000 4.10000000 5.43873700E+002
10.80000000 4.20000000 5.41339200E+002
10.80000000 4.30000000 5.39193700E+002
10.80000000 4.40000000 5.37395200E+002
10.80000000 4.50000000 5.35904100E+002
10.80000000 4.60000000 5.34683200E+002
10.80000000 4.70000000 5.33697700E+002
10.80000000 4.80000000 5.32915200E+002
10.80000000 4.90000000 5.32305700E+002
10.80000000 5.00000000 5.31841600E+002
10.80000000 5.10000000 5.31497700E+002
10.80000000 5.20000000 5.31251200E+002
10.80000000 5.30000000 5.31081700E+002
10.80000000 5.40000000 5.30971200E+002
10.80000000 5.50000000 5.30904100E+002
10.80000000 5.60000000 5.30867200E+002
10.80000000 5.70000000 5.30849700E+002
10.80000000 5.80000000 5.30843200E+002
10.80000000 5.90000000 5.30841700E+002
10.80000000 6.00000000 5.30841600E+002
10.80000000 6.10000000 5.30841700E+002
10.80000000 6.20000000 5.30843200E+002
10.80000000 6.30000000 5.30849700E+002
10.80000000 6.40000000 5.30867200E+002
10.80000000 6.50000000 5.30904100E+002
10.80000000 6.60000000 5.30971200E+002
10.80000000 6.70000000 5.31081700E+002
10.80000000 6.80000000 5.31251200E+002
10.80000000 6.90000000 5.31497700E+002
10.80000000 7.00000000 5.31841600E+002
10.80000000 7.10000000 5.32305700E+002
10.80000000 7.20000000 5.32915200E+002
10.80000000 7.30000000 5.33697700E+002
10.80000000 7.40000000 5.34683200E+002
10.80000000 7.50000000 5.35904100E+002
10.80000000 7.60000000 5.37395200E+002
10.80000000 7.70000000 5.39193700E+002
10.80000000 7.80000000 5.41339200E+002
10.80000000 7.90000000 5.43873700E+002
10.80000000 8.00000000 5.46841600E+002
10.80000000 8.10000000 5.50289700E+002
10.80000000 8.20000000 5.54267200E+002
10.80000000 8.30000000 5.58825700E+002
10.80000000 8.40000000 5.64019200E+002
10.80000000 8.50000000 5.69904100E+002
10.80000000 8.60000000 5.76539200E+002
10.80000000 8.70000000 5.83985700E+002
10.80000000 8.80000000 5.92307200E+002
10.80000000 8.90000000 6.01569700E+002
10.80000000 9.00000000 6.11841600E+002
10.80000000 9.10000000 6.23193700E+002
10.80000000 9.20000000 6.35699200E+002
10.80000000 9.30000000 6.49433700E+002
10.80000000 9.40000000 6.64475200E+002
10.80000000 9.50000000 6.80904100E+002
10.80000000 9.60000000 6.98803200E+002
10.80000000 9.70000000 7.18257700E+002
10.80000000 9.80000000 7.39355200E+002
10.80000000 9.90000000 7.62185700E+002
10.80000000 10.00000000 7.86841600E+002
10.80000000 10.10000000 8.13417700E+002
10.80000000 10.20000000 8.42011200E+002
10.80000000 10.30000000 8.72721700E+002
10.80000000 10.40000000 9.05651200E+002
10.80000000 10.50000000 9.40904100E+002
10.80000000 10.60000000 9.78587200E+002
10.80000000 10.70000000 1.01880970E+003
10.80000000 10.80000000 1.06168320E+003
10.80000000 10.90000000 1.10732170E+003
10.80000000 11.00000000 1.15584160E+003
10.90000000 1.00000000 1.20148010E+003
10.90000000 1.10000000 1.15296020E+003
10.90000000 1.20000000 1.10732170E+003
10.90000000 1.30000000 1.06444820E+003
10.90000000 1.40000000 1.02422570E+003
10.90000000 1.50000000 9.86542600E+002
10.90000000 1.60000000 9.51289700E+002
10.90000000 1.70000000 9.18360200E+002
10.90000000 1.80000000 8.87649700E+002
10.90000000 1.90000000 8.59056200E+002
10.90000000 2.00000000 8.32480100E+002
10.90000000 2.10000000 8.07824200E+002
10.90000000 2.20000000 7.84993700E+002
10.90000000 2.30000000 7.63896200E+002
10.90000000 2.40000000 7.44441700E+002
10.90000000 2.50000000 7.26542600E+002
10.90000000 2.60000000 7.10113700E+002
10.90000000 2.70000000 6.95072200E+002
10.90000000 2.80000000 6.81337700E+002
10.90000000 2.90000000 6.68832200E+002
10.90000000 3.00000000 6.57480100E+002
10.90000000 3.10000000 6.47208200E+002
10.90000000 3.20000000 6.37945700E+002
10.90000000 3.30000000 6.29624200E+002
10.90000000 3.40000000 6.22177700E+002
10.90000000 3.50000000 6.15542600E+002
10.90000000 3.60000000 6.09657700E+002
10.90000000 3.70000000 6.04464200E+002
10.90000000 3.80000000 5.99905700E+002
10.90000000 3.90000000 5.95928200E+002
10.90000000 4.00000000 5.92480100E+002
10.90000000 4.10000000 5.89512200E+002
10.90000000 4.20000000 5.86977700E+002
10.90000000 4.30000000 5.84832200E+002
10.90000000 4.40000000 5.83033700E+002
10.90000000 4.50000000 5.81542600E+002
10.90000000 4.60000000 5.80321700E+002
10.90000000 4.70000000 5.79336200E+002
10.90000000 4.80000000 5.78553700E+002
10.90000000 4.90000000 5.77944200E+002
10.90000000 5.00000000 5.77480100E+002
10.90000000 5.10000000 5.77136200E+002
10.90000000 5.20000000 5.76889700E+002
10.90000000 5.30000000 5.76720200E+002
10.90000000 5.40000000 5.76609700E+002
10.90000000 5.50000000 5.76542600E+002
10.90000000 5.60000000 5.76505700E+002
10.90000000 5.70000000 5.76488200E+002
10.90000000 5.80000000 5.76481700E+002
10.90000000 5.90000000 5.76480200E+002
10.90000000 6.00000000 5.76480100E+002
10.90000000 6.10000000 5.76480200E+002
10.90000000 6.20000000 5.76481700E+002
10.90000000 6.30000000 5.76488200E+002
10.90000000 6.40000000 5.76505700E+002
10.90000000 6.50000000 5.76542600E+002
10.90000000 6.60000000 5.76609700E+002
10.90000000 6.70000000 5.76720200E+002
10.90000000 6.80000000 5.76889700E+002
10.90000000 6.90000000 5.77136200E+002
10.90000000 7.00000000 5.77480100E+002
10.90000000 7.10000000 5.77944200E+002
10.90000000 7.20000000 5.78553700E+002
10.90000000 7.30000000 5.79336200E+002
10.90000000 7.40000000 5.80321700E+002
10.90000000 7.50000000 5.81542600E+002
10.90000000 7.60000000 5.83033700E+002
10.90000000 7.70000000 5.84832200E+002
10.90000000 7.80000000 5.86977700E+002
10.90000000 7.90000000 5.89512200E+002
10.90000000 8.00000000 5.92480100E+002
10.90000000 8.10000000 5.95928200E+002
10.90000000 8.20000000 5.99905700E+002
10.90000000 8.30000000 6.04464200E+002
10.90000000 8.40000000 6.09657700E+002
10.90000000 8.50000000 6.15542600E+002
10.90000000 8.60000000 6.22177700E+002
10.90000000 8.70000000 6.29624200E+002
10.90000000 8.80000000 6.37945700E+002
10.90000000 8.90000000 6.47208200E+002
10.90000000 9.00000000 6.57480100E+002
10.90000000 9.10000000 6.68832200E+002
10.90000000 9.20000000 6.81337700E+002
10.90000000 9.30000000 6.95072200E+002
10.90000000 9.40000000 7.10113700E+002
10.90000000 9.50000000 7.26542600E+002
10.90000000 9.60000000 7.44441700E+002
10.90000000 9.70000000 7.63896200E+002
10.90000000 9.80000000 7.84993700E+002
10.90000000 9.90000000 8.07824200E+002
10.90000000 10.00000000 8.32480100E+002
10.90000000 10.10000000 8.59056200E+002
10.90000000 10.20000000 8.87649700E+002
10.90000000 10.30000000 9.18360200E+002
10.90000000 10.40000000 9.51289700E+002
10.90000000 10.50000000 9.86542600E+002
10.90000000 10.60000000 1.02422570E+003
10.90000000 10.70000000 1.06444820E+003
10.90000000 10.80000000 1.10732170E+003
10.90000000 10.90000000 1.15296020E+003
10.90000000 11.00000000 1.20148010E+003
11.00000000 1.00000000 1.25000000E+003
11.00000000 1.10000000 1.20148010E+003
11.00000000 1.20000000 1.15584160E+003
11.00000000 1.30000000 1.11296810E+003
11.00000000 1.40000000 1.07274560E+003
11.00000000 1.50000000 1.03506250E+003
11.00000000 1.60000000 9.99809600E+002
11.00000000 1.70000000 9.66880100E+002
11.00000000 1.80000000 9.36169600E+002
11.00000000 1.90000000 9.07576100E+002
11.00000000 2.00000000 8.81000000E+002
11.00000000 2.10000000 8.56344100E+002
11.00000000 2.20000000 8.33513600E+002
11.00000000 2.30000000 8.12416100E+002
11.00000000 2.40000000 7.92961600E+002
11.00000000 2.50000000 7.75062500E+002
11.00000000 2.60000000 7.58633600E+002
11.00000000 2.70000000 7.43592100E+002
11.00000000 2.80000000 7.29857600E+002
11.00000000 2.90000000 7.17352100E+002
11.00000000 3.00000000 7.06000000E+002
11.00000000 3.10000000 6.95728100E+002
11.00000000 3.20000000 6.86465600E+002
11.00000000 3.30000000 6.78144100E+002
11.00000000 3.40000000 6.70697600E+002
11.00000000 3.50000000 6.64062500E+002
11.00000000 3.60000000 6.58177600E+002
11.00000000 3.70000000 6.52984100E+002
11.00000000 3.80000000 6.48425600E+002
11.00000000 3.90000000 6.44448100E+002
11.00000000 4.00000000 6.41000000E+002
11.00000000 4.10000000 6.38032100E+002
11.00000000 4.20000000 6.35497600E+002
11.00000000 4.30000000 6.33352100E+002
11.00000000 4.40000000 6.31553600E+002
11.00000000 4.50000000 6.30062500E+002
11.00000000 4.60000000 6.28841600E+002
11.00000000 4.70000000 6.27856100E+002
11.00000000 4.80000000 6.27073600E+002
11.00000000 4.90000000 6.26464100E+002
11.00000000 5.00000000 6.26000000E+002
11.00000000 5.10000000 6.25656100E+002
11.00000000 5.20000000 6.25409600E+002
11.00000000 5.30000000 6.25240100E+002
11.00000000 5.40000000 6.25129600E+002
11.00000000 5.50000000 6.25062500E+002
11.00000000 5.60000000 6.25025600E+002
11.00000000 5.70000000 6.25008100E+002
11.00000000 5.80000000 6.25001600E+002
11.00000000 5.90000000 6.25000100E+002
11.00000000 6.00000000 6.25000000E+002
11.00000000 6.10000000 6.25000100E+002
11.00000000 6.20000000 6.25001600E+002
11.00000000 6.30000000 6.25008100E+002
11.00000000 6.40000000 6.25025600E+002
11.00000000 6.50000000 6.25062500E+002
11.00000000 6.60000000 6.25129600E+002
11.00000000 6.70000000 6.25240100E+002
11.00000000 6.80000000 6.25409600E+002
11.00000000 6.90000000 6.25656100E+002
11.00000000 7.00000000 6.26000000E+002
11.00000000 7.10000000 6.26464100E+002
11.00000000 7.20000000 6.27073600E+002
11.00000000 7.30000000 6.27856100E+002
11.00000000 7.40000000 6.28841600E+002
11.00000000 7.50000000 6.30062500E+002
11.00000000 7.60000000 6.31553600E+002
11.00000000 7.70000000 6.33352100E+002
11.00000000 7.80000000 6.35497600E+002
11.00000000 7.90000000 6.38032100E+002
11.00000000 8.00000000 6.41000000E+002
11.00000000 8.10000000 6.44448100E+002
11.00000000 8.20000000 6.48425600E+002
11.00000000 8.30000000 6.52984100E+002
11.00000000 8.40000000 6.58177600E+002
11.00000000 8.50000000 6.64062500E+002
11.00000000 8.60000000 6.70697600E+002
11.00000000 8.70000000 6.78144100E+002
11.00000000 8.80000000 6.86465600E+002
11.00000000 8.90000000 6.95728100E+002
11.00000000 9.00000000 7.06000000E+002
11.00000000 9.10000000 7.17352100E+002
11.00000000 9.20000000 7.29857600E+002
11.00000000 9.30000000 7.43592100E+002
11.00000000 9.40000000 7.58633600E+002
11.00000000 9.50000000 7.75062500E+002
11.00000000 9.60000000 7.92961600E+002
11.00000000 9.70000000 8.12416100E+002
11.00000000 9.80000000 8.33513600E+002
11.00000000 9.90000000 8.56344100E+002
11.00000000 10.00000000 8.81000000E+002
11.00000000 10.10000000 9.07576100E+002
11.00000000 10.20000000 9.36169600E+002
11.00000000 10.30000000 9.66880100E+002
11.00000000 10.40000000 9.99809600E+002
11.00000000 10.50000000 1.03506250E+003
11.00000000 10.60000000 1.07274560E+003
11.00000000 10.70000000 1.11296810E+003
11.00000000 10.80000000 1.15584160E+003
11.00000000 10.90000000 1.20148010E+003
11.00000000 11.00000000 1.25000000E+003
