1.00000000 1.00000000 1.25000000E+003
1.00000000 1.10000000 1.22656250E+003
1.00000000 1.20000000 1.20312500E+003
1.00000000 1.30000000 1.17968750E+003
1.00000000 1.40000000 1.15625000E+003
1.00000000 1.50000000 1.13281250E+003
1.00000000 1.60000000 1.10937500E+003
1.00000000 1.70000000 1.08593750E+003
1.00000000 1.80000000 1.06250000E+003
1.00000000 1.90000000 1.03906250E+003
1.00000000 2.00000000 1.01562500E+003
1.00000000 2.10000000 9.92187500E+002
1.00000000 2.20000000 9.68750000E+002
1.00000000 2.30000000 9.45312500E+002
1.00000000 2.40000000 9.21875000E+002
1.00000000 2.50000000 8.98437500E+002
1.00000000 2.60000000 8.75000000E+002
1.00000000 2.70000000 8.51562500E+002
1.00000000 2.80000000 8.28125000E+002
1.00000000 2.90000000 8.04687500E+002
1.00000000 3.00000000 7.81250000E+002
1.00000000 3.10000000 7.57812500E+002
1.00000000 3.20000000 7.34375000E+002
1.00000000 3.30000000 7.10937500E+002
1.00000000 3.40000000 6.87500000E+002
1.00000000 3.50000000 6.64062500E+002
1.00000000 3.60000000 6.62500000E+002
1.00000000 3.70000000 6.60937500E+002
1.00000000 3.80000000 6.59375000E+002
1.00000000 3.90000000 6.57812500E+002
1.00000000 4.00000000 6.56250000E+002
1.00000000 4.10000000 6.54687500E+002
1.00000000 4.20000000 6.53125000E+002
1.00000000 4.30000000 6.51562500E+002
1.00000000 4.40000000 6.50000000E+002
1.00000000 4.50000000 6.48437500E+002
1.00000000 4.60000000 6.46875000E+002
1.00000000 4.70000000 6.45312500E+002
1.00000000 4.80000000 6.43750000E+002
1.00000000 4.90000000 6.42187500E+002
1.00000000 5.00000000 6.40625000E+002
1.00000000 5.10000000 6.39062500E+002
1.00000000 5.20000000 6.37500000E+002
1.00000000 5.30000000 6.35937500E+002
1.00000000 5.40000000 6.34375000E+002
1.00000000 5.50000000 6.32812500E+002
1.00000000 5.60000000 6.31250000E+002
1.00000000 5.70000000 6.29687500E+002
1.00000000 5.80000000 6.28125000E+002
1.00000000 5.90000000 6.26562500E+002
1.00000000 6.00000000 6.25000000E+002
1.00000000 6.10000000 6.26562500E+002
1.00000000 6.20000000 6.28125000E+002
1.00000000 6.30000000 6.29687500E+002
1.00000000 6.40000000 6.31250000E+002
1.00000000 6.50000000 6.32812500E+002
1.00000000 6.60000000 6.34375000E+002
1.00000000 6.70000000 6.35937500E+002
1.00000000 6.80000000 6.37500000E+002
1.00000000 6.90000000 6.39062500E+002
1.00000000 7.00000000 6.40625000E+002
1.00000000 7.10000000 6.42187500E+002
1.00000000 7.20000000 6.43750000E+002
1.00000000 7.30000000 6.45312500E+002
1.00000000 7.40000000 6.46875000E+002
1.00000000 7.50000000 6.48437500E+002
1.00000000 7.60000000 6.50000000E+002
1.00000000 7.70000000 6.51562500E+002
1.00000000 7.80000000 6.53125000E+002
1.00000000 7.90000000 6.54687500E+002
1.00000000 8.00000000 6.56250000E+002
1.00000000 8.10000000 6.57812500E+002
1.00000000 8.20000000 6.59375000E+002
1.00000000 8.30000000 6.60937500E+002
1.00000000 8.40000000 6.62500000E+002
1.00000000 8.50000000 6.64062500E+002
1.00000000 8.60000000 6.87500000E+002
1.00000000 8.70000000 7.10937500E+002
1.00000000 8.80000000 7.34375000E+002
1.00000000 8.90000000 7.57812500E+002
1.00000000 9.00000000 7.81250000E+002
1.00000000 9.10000000 8.04687500E+002
1.00000000 9.20000000 8.28125000E+002
1.00000000 9.30000000 8.51562500E+002
1.00000000 9.40000000 8.75000000E+002
1.00000000 9.50000000 8.98437500E+002
1.00000000 9.60000000 9.21875000E+002
1.00000000 9.70000000 9.45312500E+002
1.00000000 9.80000000 9.68750000E+002
1.00000000 9.90000000 9.92187500E+002
1.00000000 10.00000000 1.01562500E+003
1.00000000 10.10000000 1.03906250E+003
1.00000000 10.20000000 1.06250000E+003
1.00000000 10.30000000 1.08593750E+003
1.00000000 10.40000000 1.10937500E+003
1.00000000 10.50000000 1.13281250E+003
1.00000000 10.60000000 1.15625000E+003
1.00000000 10.70000000 1.17968750E+003
1.00000000 10.80000000 1.20312500E+003
1.00000000 10.90000000 1.22656250E+003
1.00000000 11.00000000 1.25000000E+003
1.10000000 1.00000000 1.22656250E+003
1.10000000 1.10000000 1.20312500E+003
1.10000000 1.20000000 1.17968750E+003
1.10000000 1.30000000 1.15625000E+003
1.10000000 1.40000000 1.13281250E+003
1.10000000 1.50000000 1.10937500E+003
1.10000000 1.60000000 1.08593750E+003
1.10000000 1.70000000 1.06250000E+003
1.10000000 1.80000000 1.03906250E+003
1.10000000 1.90000000 1.01562500E+003
1.10000000 2.00000000 9.92187500E+002
1.10000000 2.10000000 9.68750000E+002
1.10000000 2.20000000 9.45312500E+002
1.10000000 2.30000000 9.21875000E+002
1.10000000 2.40000000 8.98437500E+002
1.10000000 2.50000000 8.75000000E+002
1.10000000 2.60000000 8.51562500E+002
1.10000000 2.70000000 8.28125000E+002
1.10000000 2.80000000 8.04687500E+002
1.10000000 2.90000000 7.81250000E+002
1.10000000 3.00000000 7.57812500E+002
1.10000000 3.10000000 7.34375000E+002
1.10000000 3.20000000 7.10937500E+002
1.10000000 3.30000000 6.87500000E+002
1.10000000 3.40000000 6.64062500E+002
1.10000000 3.50000000 6.40625000E+002
1.10000000 3.60000000 6.39062500E+002
1.10000000 3.70000000 6.37500000E+002
1.10000000 3.80000000 6.35937500E+002
1.10000000 3.90000000 6.34375000E+002
1.10000000 4.00000000 6.32812500E+002
1.10000000 4.10000000 6.31250000E+002
1.10000000 4.20000000 6.29687500E+002
1.10000000 4.30000000 6.28125000E+002
1.10000000 4.40000000 6.26562500E+002
1.10000000 4.50000000 6.25000000E+002
1.10000000 4.60000000 6.23437500E+002
1.10000000 4.70000000 6.21875000E+002
1.10000000 4.80000000 6.20312500E+002
1.10000000 4.90000000 6.18750000E+002
1.10000000 5.00000000 6.17187500E+002
1.10000000 5.10000000 6.15625000E+002
1.10000000 5.20000000 6.14062500E+002
1.10000000 5.30000000 6.12500000E+002
1.10000000 5.40000000 6.10937500E+002
1.10000000 5.50000000 6.09375000E+002
1.10000000 5.60000000 6.07812500E+002
1.10000000 5.70000000 6.06250000E+002
1.10000000 5.80000000 6.04687500E+002
1.10000000 5.90000000 6.03125000E+002
1.10000000 6.00000000 6.01562500E+002
1.10000000 6.10000000 6.03125000E+002
1.10000000 6.20000000 6.04687500E+002
1.10000000 6.30000000 6.06250000E+002
1.10000000 6.40000000 6.07812500E+002
1.10000000 6.50000000 6.09375000E+002
1.10000000 6.60000000 6.10937500E+002
1.10000000 6.70000000 6.12500000E+002
1.10000000 6.80000000 6.14062500E+002
1.10000000 6.90000000 6.15625000E+002
1.10000000 7.00000000 6.17187500E+002
1.10000000 7.10000000 6.18750000E+002
1.10000000 7.20000000 6.20312500E+002
1.10000000 7.30000000 6.21875000E+002
1.10000000 7.40000000 6.23437500E+002
1.10000000 7.50000000 6.25000000E+002
1.10000000 7.60000000 6.26562500E+002
1.10000000 7.70000000 6.28125000E+002
1.10000000 7.80000000 6.29687500E+002
1.10000000 7.90000000 6.31250000E+002
1.10000000 8.00000000 6.32812500E+002
1.10000000 8.10000000 6.34375000E+002
1.10000000 8.20000000 6.35937500E+002
1.10000000 8.30000000 6.37500000E+002
1.10000000 8.40000000 6.39062500E+002
1.10000000 8.50000000 6.40625000E+002
1.10000000 8.60000000 6.64062500E+002
1.10000000 8.70000000 6.87500000E+002
1.10000000 8.80000000 7.10937500E+002
1.10000000 8.90000000 7.34375000E+002
1.10000000 9.00000000 7.57812500E+002
1.10000000 9.10000000 7.81250000E+002
1.10000000 9.20000000 8.04687500E+002
1.10000000 9.30000000 8.28125000E+002
1.10000000 9.40000000 8.51562500E+002
1.10000000 9.50000000 8.75000000E+002
1.10000000 9.60000000 8.98437500E+002
1.10000000 9.70000000 9.21875000E+002
1.10000000 9.80000000 9.45312500E+002
1.10000000 9.90000000 9.68750000E+002
1.10000000 10.00000000 9.92187500E+002
1.10000000 10.10000000 1.01562500E+003
1.10000000 10.20000000 1.03906250E+003
1.10000000 10.30000000 1.06250000E+003
1.10000000 10.40000000 1.08593750E+003
1.10000000 10.50000000 1.10937500E+003
1.10000000 10.60000000 1.13281250E+003
1.10000000 10.70000000 1.15625000E+003
1.10000000 10.80000000 1.17968750E+003
1.10000000 10.90000000 1.20312500E+003
1.10000000 11.00000000 1.22656250E+003
1.20000000 1.00000000 1.20312500E+003
1.20000000 1.10000000 1.17968750E+003
1.20000000 1.20000000 1.15625000E+003
1.20000000 1.30000000 1.13281250E+003
1.20000000 1.40000000 1.10937500E+003
1.20000000 1.50000000 1.08593750E+003
1.20000000 1.60000000 1.06250000E+003
1.20000000 1.70000000 1.03906250E+003
1.20000000 1.80000000 1.01562500E+003
1.20000000 1.90000000 9.92187500E+002
1.20000000 2.00000000 9.68750000E+002
1.20000000 2.10000000 9.45312500E+002
1.20000000 2.20000000 9.21875000E+002
1.20000000 2.30000000 8.98437500E+002
1.20000000 2.40000000 8.75000000E+002
1.20000000 2.50000000 8.51562500E+002
1.20000000 2.60000000 8.28125000E+002
1.20000000 2.70000000 8.04687500E+002
1.20000000 2.80000000 7.81250000E+002
1.20000000 2.90000000 7.57812500E+002
1.20000000 3.00000000 7.34375000E+002
1.20000000 3.10000000 7.10937500E+002
1.20000000 3.20000000 6.87500000E+002
1.20000000 3.30000000 6.64062500E+002
1.20000000 3.40000000 6.40625000E+002
1.20000000 3.50000000 6.17187500E+002
1.20000000 3.60000000 6.15625000E+002
1.20000000 3.70000000 6.14062500E+002
1.20000000 3.80000000 6.12500000E+002
1.20000000 3.90000000 6.10937500E+002
1.20000000 4.00000000 6.09375000E+002
1.20000000 4.10000000 6.07812500E+002
1.20000000 4.20000000 6.06250000E+002
1.20000000 4.30000000 6.04687500E+002
1.20000000 4.40000000 6.03125000E+002
1.20000000 4.50000000 6.01562500E+002
1.20000000 4.60000000 6.00000000E+002
1.20000000 4.70000000 5.98437500E+002
1.20000000 4.80000000 5.96875000E+002
1.20000000 4.90000000 5.95312500E+002
1.20000000 5.00000000 5.93750000E+002
1.20000000 5.10000000 5.92187500E+002
1.20000000 5.20000000 5.90625000E+002
1.20000000 5.30000000 5.89062500E+002
1.20000000 5.40000000 5.87500000E+002
1.20000000 5.50000000 5.85937500E+002
1.20000000 5.60000000 5.84375000E+002
1.20000000 5.70000000 5.82812500E+002
1.20000000 5.80000000 5.81250000E+002
1.20000000 5.90000000 5.79687500E+002
1.20000000 6.00000000 5.78125000E+002
1.20000000 6.10000000 5.79687500E+002
1.20000000 6.20000000 5.81250000E+002
1.20000000 6.30000000 5.82812500E+002
1.20000000 6.40000000 5.84375000E+002
1.20000000 6.50000000 5.85937500E+002
1.20000000 6.60000000 5.87500000E+002
1.20000000 6.70000000 5.89062500E+002
1.20000000 6.80000000 5.90625000E+002
1.20000000 6.90000000 5.92187500E+002
1.20000000 7.00000000 5.93750000E+002
1.20000000 7.10000000 5.95312500E+002
1.20000000 7.20000000 5.96875000E+002
1.20000000 7.30000000 5.98437500E+002
1.20000000 7.40000000 6.00000000E+002
1.20000000 7.50000000 6.01562500E+002
1.20000000 7.60000000 6.03125000E+002
1.20000000 7.70000000 6.04687500E+002
1.20000000 7.80000000 6.06250000E+002
1.20000000 7.90000000 6.07812500E+002
1.20000000 8.00000000 6.09375000E+002
1.20000000 8.10000000 6.10937500E+002
1.20000000 8.20000000 6.12500000E+002
1.20000000 8.30000000 6.14062500E+002
1.20000000 8.40000000 6.15625000E+002
1.20000000 8.50000000 6.17187500E+002
1.20000000 8.60000000 6.40625000E+002
1.20000000 8.70000000 6.64062500E+002
1.20000000 8.80000000 6.87500000E+002
1.20000000 8.90000000 7.10937500E+002
1.20000000 9.00000000 7.34375000E+002
1.20000000 9.10000000 7.57812500E+002
1.20000000 9.20000000 7.81250000E+002
1.20000000 9.30000000 8.04687500E+002
1.20000000 9.40000000 8.28125000E+002
1.20000000 9.50000000 8.51562500E+002
1.20000000 9.60000000 8.75000000E+002
1.20000000 9.70000000 8.98437500E+002
1.20000000 9.80000000 9.21875000E+002
1.20000000 9.90000000 9.45312500E+002
1.20000000 10.00000000 9.68750000E+002
1.20000000 10.10000000 9.92187500E+002
1.20000000 10.20000000 1.01562500E+003
1.20000000 10.30000000 1.03906250E+003
1.20000000 10.40000000 1.06250000E+003
1.20000000 10.50000000 1.08593750E+003
1.20000000 10.60000000 1.10937500E+003
1.20000000 10.70000000 1.13281250E+003
1.20000000 10.80000000 1.15625000E+003
1.20000000 10.90000000 1.17968750E+003
1.20000000 11.00000000 1.20312500E+003
1.30000000 1.00000000 1.17968750E+003
1.30000000 1.10000000 1.15625000E+003
1.30000000 1.20000000 1.13281250E+003
1.30000000 1.30000000 1.10937500E+003
1.30000000 1.40000000 1.08593750E+003
1.30000000 1.50000000 1.06250000E+003
1.30000000 1.60000000 1.03906250E+003
1.30000000 1.70000000 1.01562500E+003
1.30000000 1.80000000 9.92187500E+002
1.30000000 1.90000000 9.68750000E+002
1.30000000 2.00000000 9.45312500E+002
1.30000000 2.10000000 9.21875000E+002
1.30000000 2.20000000 8.98437500E+002
1.30000000 2.30000000 8.75000000E+002
1.30000000 2.40000000 8.51562500E+002
1.30000000 2.50000000 8.28125000E+002
1.30000000 2.60000000 8.04687500E+002
1.30000000 2.70000000 7.81250000E+002
1.30000000 2.80000000 7.57812500E+002
1.30000000 2.90000000 7.34375000E+002
1.30000000 3.00000000 7.10937500E+002
1.30000000 3.10000000 6.87500000E+002
1.30000000 3.20000000 6.64062500E+002
1.30000000 3.30000000 6.40625000E+002
1.30000000 3.40000000 6.17187500E+002
1.30000000 3.50000000 5.93750000E+002
1.30000000 3.60000000 5.92187500E+002
1.30000000 3.70000000 5.90625000E+002
1.30000000 3.80000000 5.89062500E+002
1.30000000 3.90000000 5.87500000E+002
1.30000000 4.00000000 5.85937500E+002
1.30000000 4.10000000 5.84375000E+002
1.30000000 4.20000000 5.82812500E+002
1.30000000 4.30000000 5.81250000E+002
1.30000000 4.40000000 5.79687500E+002
1.30000000 4.50000000 5.78125000E+002
1.30000000 4.60000000 5.76562500E+002
1.30000000 4.70000000 5.75000000E+002
1.30000000 4.80000000 5.73437500E+002
1.30000000 4.90000000 5.71875000E+002
1.30000000 5.00000000 5.70312500E+002
1.30000000 5.10000000 5.68750000E+002
1.30000000 5.20000000 5.67187500E+002
1.30000000 5.30000000 5.65625000E+002
1.30000000 5.40000000 5.64062500E+002
1.30000000 5.50000000 5.62500000E+002
1.30000000 5.60000000 5.60937500E+002
1.30000000 5.70000000 5.59375000E+002
1.30000000 5.80000000 5.57812500E+002
1.30000000 5.90000000 5.56250000E+002
1.30000000 6.00000000 5.54687500E+002
1.30000000 6.10000000 5.56250000E+002
1.30000000 6.20000000 5.57812500E+002
1.30000000 6.30000000 5.59375000E+002
1.30000000 6.40000000 5.60937500E+002
1.30000000 6.50000000 5.62500000E+002
1.30000000 6.60000000 5.64062500E+002
1.30000000 6.70000000 5.65625000E+002
1.30000000 6.80000000 5.67187500E+002
1.30000000 6.90000000 5.68750000E+002
1.30000000 7.00000000 5.70312500E+002
1.30000000 7.10000000 5.71875000E+002
1.30000000 7.20000000 5.73437500E+002
1.30000000 7.30000000 5.75000000E+002
1.30000000 7.40000000 5.76562500E+002
1.30000000 7.50000000 5.78125000E+002
1.30000000 7.60000000 5.79687500E+002
1.30000000 7.70000000 5.81250000E+002
1.30000000 7.80000000 5.82812500E+002
1.30000000 7.90000000 5.84375000E+002
1.30000000 8.00000000 5.85937500E+002
1.30000000 8.10000000 5.87500000E+002
1.30000000 8.20000000 5.89062500E+002
1.30000000 8.30000000 5.90625000E+002
1.30000000 8.40000000 5.92187500E+002
1.30000000 8.50000000 5.93750000E+002
1.30000000 8.60000000 6.17187500E+002
1.30000000 8.70000000 6.40625000E+002
1.30000000 8.80000000 6.64062500E+002
1.30000000 8.90000000 6.87500000E+002
1.30000000 9.00000000 7.10937500E+002
1.30000000 9.10000000 7.34375000E+002
1.30000000 9.20000000 7.57812500E+002
1.30000000 9.30000000 7.81250000E+002
1.30000000 9.40000000 8.04687500E+002
1.30000000 9.50000000 8.28125000E+002
1.30000000 9.60000000 8.51562500E+002
1.30000000 9.70000000 8.75000000E+002
1.30000000 9.80000000 8.98437500E+002
1.30000000 9.90000000 9.21875000E+002
1.30000000 10.00000000 9.45312500E+002
1.30000000 10.10000000 9.68750000E+002
1.30000000 10.20000000 9.92187500E+002
1.30000000 10.30000000 1.01562500E+003
1.30000000 10.40000000 1.03906250E+003
1.30000000 10.50000000 1.06250000E+003
1.30000000 10.60000000 1.08593750E+003
1.30000000 10.70000000 1.10937500E+003
1.30000000 10.80000000 1.13281250E+003
1.30000000 10.90000000 1.15625000E+003
1.30000000 11.00000000 1.17968750E+003
1.40000000 1.00000000 1.15625000E+003
1.40000000 1.10000000 1.13281250E+003
1.40000000 1.20000000 1.10937500E+003
1.40000000 1.30000000 1.08593750E+003
1.40000000 1.40000000 1.06250000E+003
1.40000000 1.50000000 1.03906250E+003
1.40000000 1.60000000 1.01562500E+003
1.40000000 1.70000000 9.92187500E+002
1.40000000 1.80000000 9.68750000E+002
1.40000000 1.90000000 9.45312500E+002
1.40000000 2.00000000 9.21875000E+002
1.40000000 2.10000000 8.98437500E+002
1.40000000 2.20000000 8.75000000E+002
1.40000000 2.30000000 8.51562500E+002
1.40000000 2.40000000 8.28125000E+002
1.40000000 2.50000000 8.04687500E+002
1.40000000 2.60000000 7.81250000E+002
1.40000000 2.70000000 7.57812500E+002
1.40000000 2.80000000 7.34375000E+002
1.40000000 2.90000000 7.10937500E+002
1.40000000 3.00000000 6.87500000E+002
1.40000000 3.10000000 6.64062500E+002
1.40000000 3.20000000 6.40625000E+002
1.40000000 3.30000000 6.17187500E+002
1.40000000 3.40000000 5.93750000E+002
1.40000000 3.50000000 5.70312500E+002
1.40000000 3.60000000 5.68750000E+002
1.40000000 3.70000000 5.67187500E+002
1.40000000 3.80000000 5.65625000E+002
1.40000000 3.90000000 5.64062500E+002
1.40000000 4.00000000 5.62500000E+002
1.40000000 4.10000000 5.60937500E+002
1.40000000 4.20000000 5.59375000E+002
1.40000000 4.30000000 5.57812500E+002
1.40000000 4.40000000 5.56250000E+002
1.40000000 4.50000000 5.54687500E+002
1.40000000 4.60000000 5.53125000E+002
1.40000000 4.70000000 5.51562500E+002
1.40000000 4.80000000 5.50000000E+002
1.40000000 4.90000000 5.48437500E+002
1.40000000 5.00000000 5.46875000E+002
1.40000000 5.10000000 5.45312500E+002
1.40000000 5.20000000 5.43750000E+002
1.40000000 5.30000000 5.42187500E+002
1.40000000 5.40000000 5.40625000E+002
1.40000000 5.50000000 5.39062500E+002
1.40000000 5.60000000 5.37500000E+002
1.40000000 5.70000000 5.35937500E+002
1.40000000 5.80000000 5.34375000E+002
1.40000000 5.90000000 5.32812500E+002
1.40000000 6.00000000 5.31250000E+002
1.40000000 6.10000000 5.32812500E+002
1.40000000 6.20000000 5.34375000E+002
1.40000000 6.30000000 5.35937500E+002
1.40000000 6.40000000 5.37500000E+002
1.40000000 6.50000000 5.39062500E+002
1.40000000 6.60000000 5.40625000E+002
1.40000000 6.70000000 5.42187500E+002
1.40000000 6.80000000 5.43750000E+002
1.40000000 6.90000000 5.45312500E+002
1.40000000 7.00000000 5.46875000E+002
1.40000000 7.10000000 5.48437500E+002
1.40000000 7.20000000 5.50000000E+002
1.40000000 7.30000000 5.51562500E+002
1.40000000 7.40000000 5.53125000E+002
1.40000000 7.50000000 5.54687500E+002
1.40000000 7.60000000 5.56250000E+002
1.40000000 7.70000000 5.57812500E+002
1.40000000 7.80000000 5.59375000E+002
1.40000000 7.90000000 5.60937500E+002
1.40000000 8.00000000 5.62500000E+002
1.40000000 8.10000000 5.64062500E+002
1.40000000 8.20000000 5.65625000E+002
1.40000000 8.30000000 5.67187500E+002
1.40000000 8.40000000 5.68750000E+002
1.40000000 8.50000000 5.70312500E+002
1.40000000 8.60000000 5.93750000E+002
1.40000000 8.70000000 6.17187500E+002
1.40000000 8.80000000 6.40625000E+002
1.40000000 8.90000000 6.64062500E+002
1.40000000 9.00000000 6.87500000E+002
1.40000000 9.10000000 7.10937500E+002
1.40000000 9.20000000 7.34375000E+002
1.40000000 9.30000000 7.57812500E+002
1.40000000 9.40000000 7.81250000E+002
1.40000000 9.50000000 8.04687500E+002
1.40000000 9.60000000 8.28125000E+002
1.40000000 9.70000000 8.51562500E+002
1.40000000 9.80000000 8.75000000E+002
1.40000000 9.90000000 8.98437500E+002
1.40000000 10.00000000 9.21875000E+002
1.40000000 10.10000000 9.45312500E+002
1.40000000 10.20000000 9.68750000E+002
1.40000000 10.30000000 9.92187500E+002
1.40000000 10.40000000 1.01562500E+003
1.40000000 10.50000000 1.03906250E+003
1.40000000 10.60000000 1.06250000E+003
1.40000000 10.70000000 1.08593750E+003
1.40000000 10.80000000 1.10937500E+003
1.40000000 10.90000000 1.13281250E+003
1.40000000 11.00000000 1.15625000E+003
1.50000000 1.00000000 1.13281250E+003
1.50000000 1.10000000 1.10937500E+003
1.50000000 1.20000000 1.08593750E+003
1.50000000 1.30000000 1.06250000E+003
1.50000000 1.40000000 1.03906250E+003
1.50000000 1.50000000 1.01562500E+003
1.50000000 1.60000000 9.92187500E+002
1.50000000 1.70000000 9.68750000E+002
1.50000000 1.80000000 9.45312500E+002
1.50000000 1.90000000 9.21875000E+002
1.50000000 2.00000000 8.98437500E+002
1.50000000 2.10000000 8.75000000E+002
1.50000000 2.20000000 8.51562500E+002
1.50000000 2.30000000 8.28125000E+002
1.50000000 2.40000000 8.04687500E+002
1.50000000 2.50000000 7.81250000E+002
1.50000000 2.60000000 7.57812500E+002
1.50000000 2.70000000 7.34375000E+002
1.50000000 2.80000000 7.10937500E+002
1.50000000 2.90000000 6.87500000E+002
1.50000000 3.00000000 6.64062500E+002
1.50000000 3.10000000 6.40625000E+002
1.50000000 3.20000000 6.17187500E+002
1.50000000 3.30000000 5.93750000E+002
1.50000000 3.40000000 5.70312500E+002
1.50000000 3.50000000 5.46875000E+002
1.50000000 3.60000000 5.45312500E+002
1.50000000 3.70000000 5.43750000E+002
1.50000000 3.80000000 5.42187500E+002
1.50000000 3.90000000 5.40625000E+002
1.50000000 4.00000000 5.39062500E+002
1.50000000 4.10000000 5.37500000E+002
1.50000000 4.20000000 5.35937500E+002
1.50000000 4.30000000 5.34375000E+002
1.50000000 4.40000000 5.32812500E+002
1.50000000 4.50000000 5.31250000E+002
1.50000000 4.60000000 5.29687500E+002
1.50000000 4.70000000 5.28125000E+002
1.50000000 4.80000000 5.26562500E+002
1.50000000 4.90000000 5.25000000E+002
1.50000000 5.00000000 5.23437500E+002
1.50000000 5.10000000 5.21875000E+002
1.50000000 5.20000000 5.20312500E+002
1.50000000 5.30000000 5.18750000E+002
1.50000000 5.40000000 5.17187500E+002
1.50000000 5.50000000 5.15625000E+002
1.50000000 5.60000000 5.14062500E+002
1.50000000 5.70000000 5.12500000E+002
1.50000000 5.80000000 5.10937500E+002
1.50000000 5.90000000 5.09375000E+002
1.50000000 6.00000000 5.07812500E+002
1.50000000 6.10000000 5.09375000E+002
1.50000000 6.20000000 5.10937500E+002
1.50000000 6.30000000 5.12500000E+002
1.50000000 6.40000000 5.14062500E+002
1.50000000 6.50000000 5.15625000E+002
1.50000000 6.60000000 5.17187500E+002
1.50000000 6.70000000 5.18750000E+002
1.50000000 6.80000000 5.20312500E+002
1.50000000 6.90000000 5.21875000E+002
1.50000000 7.00000000 5.23437500E+002
1.50000000 7.10000000 5.25000000E+002
1.50000000 7.20000000 5.26562500E+002
1.50000000 7.30000000 5.28125000E+002
1.50000000 7.40000000 5.29687500E+002
1.50000000 7.50000000 5.31250000E+002
1.50000000 7.60000000 5.32812500E+002
1.50000000 7.70000000 5.34375000E+002
1.50000000 7.80000000 5.35937500E+002
1.50000000 7.90000000 5.37500000E+002
1.50000000 8.00000000 5.39062500E+002
1.50000000 8.10000000 5.40625000E+002
1.50000000 8.20000000 5.42187500E+002
1.50000000 8.30000000 5.43750000E+002
1.50000000 8.40000000 5.45312500E+002
1.50000000 8.50000000 5.46875000E+002
1.50000000 8.60000000 5.70312500E+002
1.50000000 8.70000000 5.93750000E+002
1.50000000 8.80000000 6.17187500E+002
1.50000000 8.90000000 6.40625000E+002
1.50000000 9.00000000 6.64062500E+002
1.50000000 9.10000000 6.87500000E+002
1.50000000 9.20000000 7.10937500E+002
1.50000000 9.30000000 7.34375000E+002
1.50000000 9.40000000 7.57812500E+002
1.50000000 9.50000000 7.81250000E+002
1.50000000 9.60000000 8.04687500E+002
1.50000000 9.70000000 8.28125000E+002
1.50000000 9.80000000 8.51562500E+002
1.50000000 9.90000000 8.75000000E+002
1.50000000 10.00000000 8.98437500E+002
1.50000000 10.10000000 9.21875000E+002
1.50000000 10.20000000 9.45312500E+002
1.50000000 10.30000000 9.68750000E+002
1.50000000 10.40000000 9.92187500E+002
1.50000000 10.50000000 1.01562500E+003
1.50000000 10.60000000 1.03906250E+003
1.50000000 10.70000000 1.06250000E+003
1.50000000 10.80000000 1.08593750E+003
1.50000000 10.90000000 1.10937500E+003
1.50000000 11.00000000 1.13281250E+003
1.60000000 1.00000000 1.10937500E+003
1.60000000 1.10000000 1.08593750E+003
1.60000000 1.20000000 1.06250000E+003
1.60000000 1.30000000 1.03906250E+003
1.60000000 1.40000000 1.01562500E+003
1.60000000 1.50000000 9.92187500E+002
1.60000000 1.60000000 9.68750000E+002
1.60000000 1.70000000 9.45312500E+002
1.60000000 1.80000000 9.21875000E+002
1.60000000 1.90000000 8.98437500E+002
1.60000000 2.00000000 8.75000000E+002
1.60000000 2.10000000 8.51562500E+002
1.60000000 2.20000000 8.28125000E+002
1.60000000 2.30000000 8.04687500E+002
1.60000000 2.40000000 7.81250000E+002
1.60000000 2.50000000 7.57812500E+002
1.60000000 2.60000000 7.34375000E+002
1.60000000 2.70000000 7.10937500E+002
1.60000000 2.80000000 6.87500000E+002
1.60000000 2.90000000 6.64062500E+002
1.60000000 3.00000000 6.40625000E+002
1.60000000 3.10000000 6.17187500E+002
1.60000000 3.20000000 5.93750000E+002
1.60000000 3.30000000 5.70312500E+002
1.60000000 3.40000000 5.46875000E+002
1.60000000 3.50000000 5.23437500E+002
1.60000000 3.60000000 5.21875000E+002
1.60000000 3.70000000 5.20312500E+002
1.60000000 3.80000000 5.18750000E+002
1.60000000 3.90000000 5.17187500E+002
1.60000000 4.00000000 5.15625000E+002
1.60000000 4.10000000 5.14062500E+002
1.60000000 4.20000000 5.12500000E+002
1.60000000 4.30000000 5.10937500E+002
1.60000000 4.40000000 5.09375000E+002
1.60000000 4.50000000 5.07812500E+002
1.60000000 4.60000000 5.06250000E+002
1.60000000 4.70000000 5.04687500E+002
1.60000000 4.80000000 5.03125000E+002
1.60000000 4.90000000 5.01562500E+002
1.60000000 5.00000000 5.00000000E+002
1.60000000 5.10000000 4.98437500E+002
1.60000000 5.20000000 4.96875000E+002
1.60000000 5.30000000 4.95312500E+002
1.60000000 5.40000000 4.93750000E+002
1.60000000 5.50000000 4.92187500E+002
1.60000000 5.60000000 4.90625000E+002
1.60000000 5.70000000 4.89062500E+002
1.60000000 5.80000000 4.87500000E+002
1.60000000 5.90000000 4.85937500E+002
1.60000000 6.00000000 4.84375000E+002
1.60000000 6.10000000 4.85937500E+002
1.60000000 6.20000000 4.87500000E+002
1.60000000 6.30000000 4.89062500E+002
1.60000000 6.40000000 4.90625000E+002
1.60000000 6.50000000 4.92187500E+002
1.60000000 6.60000000 4.93750000E+002
1.60000000 6.70000000 4.95312500E+002
1.60000000 6.80000000 4.96875000E+002
1.60000000 6.90000000 4.98437500E+002
1.60000000 7.00000000 5.00000000E+002
1.60000000 7.10000000 5.01562500E+002
1.60000000 7.20000000 5.03125000E+002
1.60000000 7.30000000 5.04687500E+002
1.60000000 7.40000000 5.06250000E+002
1.60000000 7.50000000 5.07812500E+002
1.60000000 7.60000000 5.09375000E+002
1.60000000 7.70000000 5.10937500E+002
1.60000000 7.80000000 5.12500000E+002
1.60000000 7.90000000 5.14062500E+002
1.60000000 8.00000000 5.15625000E+002
1.60000000 8.10000000 5.17187500E+002
1.60000000 8.20000000 5.18750000E+002
1.60000000 8.30000000 5.20312500E+002
1.60000000 8.40000000 5.21875000E+002
1.60000000 8.50000000 5.23437500E+002
1.60000000 8.60000000 5.46875000E+002
1.60000000 8.70000000 5.70312500E+002
1.60000000 8.80000000 5.93750000E+002
1.60000000 8.90000000 6.17187500E+002
1.60000000 9.00000000 6.40625000E+002
1.60000000 9.10000000 6.64062500E+002
1.60000000 9.20000000 6.87500000E+002
1.60000000 9.30000000 7.10937500E+002
1.60000000 9.40000000 7.34375000E+002
1.60000000 9.50000000 7.57812500E+002
1.60000000 9.60000000 7.81250000E+002
1.60000000 9.70000000 8.04687500E+002
1.60000000 9.80000000 8.28125000E+002
1.60000000 9.90000000 8.51562500E+002
1.60000000 10.00000000 8.75000000E+002
1.60000000 10.10000000 8.98437500E+002
1.60000000 10.20000000 9.21875000E+002
1.60000000 10.30000000 9.45312500E+002
1.60000000 10.40000000 9.68750000E+002
1.60000000 10.50000000 9.92187500E+002
1.60000000 10.60000000 1.01562500E+003
1.60000000 10.70000000 1.03906250E+003
1.60000000 10.80000000 1.06250000E+003
1.60000000 10.90000000 1.08593750E+003
1.60000000 11.00000000 1.10937500E+003
1.70000000 1.00000000 1.08593750E+003
1.70000000 1.10000000 1.06250000E+003
1.70000000 1.20000000 1.03906250E+003
1.70000000 1.30000000 1.01562500E+003
1.70000000 1.40000000 9.92187500E+002
1.70000000 1.50000000 9.68750000E+002
1.70000000 1.60000000 9.45312500E+002
1.70000000 1.70000000 9.21875000E+002
1.70000000 1.80000000 8.98437500E+002
1.70000000 1.90000000 8.75000000E+002
1.70000000 2.00000000 8.51562500E+002
1.70000000 2.10000000 8.28125000E+002
1.70000000 2.20000000 8.04687500E+002
1.70000000 2.30000000 7.81250000E+002
1.70000000 2.40000000 7.57812500E+002
1.70000000 2.50000000 7.34375000E+002
1.70000000 2.60000000 7.10937500E+002
1.70000000 2.70000000 6.87500000E+002
1.70000000 2.80000000 6.64062500E+002
1.70000000 2.90000000 6.40625000E+002
1.70000000 3.00000000 6.17187500E+002
1.70000000 3.10000000 5.93750000E+002
1.70000000 3.20000000 5.70312500E+002
1.70000000 3.30000000 5.46875000E+002
1.70000000 3.40000000 5.23437500E+002
1.70000000 3.50000000 5.00000000E+002
1.70000000 3.60000000 4.98437500E+002
1.70000000 3.70000000 4.96875000E+002
1.70000000 3.80000000 4.95312500E+002
1.70000000 3.90000000 4.93750000E+002
1.70000000 4.00000000 4.92187500E+002
1.70000000 4.10000000 4.90625000E+002
1.70000000 4.20000000 4.89062500E+002
1.70000000 4.30000000 4.87500000E+002
1.70000000 4.40000000 4.85937500E+002
1.70000000 4.50000000 4.84375000E+002
1.70000000 4.60000000 4.82812500E+002
1.70000000 4.70000000 4.81250000E+002
1.70000000 4.80000000 4.79687500E+002
1.70000000 4.90000000 4.78125000E+002
1.70000000 5.00000000 4.76562500E+002
1.70000000 5.10000000 4.75000000E+002
1.70000000 5.20000000 4.73437500E+002
1.70000000 5.30000000 4.71875000E+002
1.70000000 5.40000000 4.70312500E+002
1.70000000 5.50000000 4.68750000E+002
1.70000000 5.60000000 4.67187500E+002
1.70000000 5.70000000 4.65625000E+002
1.70000000 5.80000000 4.64062500E+002
1.70000000 5.90000000 4.62500000E+002
1.70000000 6.00000000 4.60937500E+002
1.70000000 6.10000000 4.62500000E+002
1.70000000 6.20000000 4.64062500E+002
1.70000000 6.30000000 4.65625000E+002
1.70000000 6.40000000 4.67187500E+002
1.70000000 6.50000000 4.68750000E+002
1.70000000 6.60000000 4.70312500E+002
1.70000000 6.70000000 4.71875000E+002
1.70000000 6.80000000 4.73437500E+002
1.70000000 6.90000000 4.75000000E+002
1.70000000 7.00000000 4.76562500E+002
1.70000000 7.10000000 4.78125000E+002
1.70000000 7.20000000 4.79687500E+002
1.70000000 7.30000000 4.81250000E+002
1.70000000 7.40000000 4.82812500E+002
1.70000000 7.50000000 4.84375000E+002
1.70000000 7.60000000 4.85937500E+002
1.70000000 7.70000000 4.87500000E+002
1.70000000 7.80000000 4.89062500E+002
1.70000000 7.90000000 4.90625000E+002
1.70000000 8.00000000 4.92187500E+002
1.70000000 8.10000000 4.93750000E+002
1.70000000 8.20000000 4.95312500E+002
1.70000000 8.30000000 4.96875000E+002
1.70000000 8.40000000 4.98437500E+002
1.70000000 8.50000000 5.00000000E+002
1.70000000 8.60000000 5.23437500E+002
1.70000000 8.70000000 5.46875000E+002
1.70000000 8.80000000 5.70312500E+002
1.70000000 8.90000000 5.93750000E+002
1.70000000 9.00000000 6.17187500E+002
1.70000000 9.10000000 6.40625000E+002
1.70000000 9.20000000 6.64062500E+002
1.70000000 9.30000000 6.87500000E+002
1.70000000 9.40000000 7.10937500E+002
1.70000000 9.50000000 7.34375000E+002
1.70000000 9.60000000 7.57812500E+002
1.70000000 9.70000000 7.81250000E+002
1.70000000 9.80000000 8.04687500E+002
1.70000000 9.90000000 8.28125000E+002
1.70000000 10.00000000 8.51562500E+002
1.70000000 10.10000000 8.75000000E+002
1.70000000 10.20000000 8.98437500E+002
1.70000000 10.30000000 9.21875000E+002
1.70000000 10.40000000 9.45312500E+002
1.70000000 10.50000000 9.68750000E+002
1.70000000 10.60000000 9.92187500E+002
1.70000000 10.70000000 1.01562500E+003
1.70000000 10.80000000 1.03906250E+003
1.70000000 10.90000000 1.06250000E+003
1.70000000 11.00000000 1.08593750E+003
1.80000000 1.00000000 1.06250000E+003
1.80000000 1.10000000 1.03906250E+003
1.80000000 1.20000000 1.01562500E+003
1.80000000 1.30000000 9.92187500E+002
1.80000000 1.40000000 9.68750000E+002
1.80000000 1.50000000 9.45312500E+002
1.80000000 1.60000000 9.21875000E+002
1.80000000 1.70000000 8.98437500E+002
1.80000000 1.80000000 8.75000000E+002
1.80000000 1.90000000 8.51562500E+002
1.80000000 2.00000000 8.28125000E+002
1.80000000 2.10000000 8.04687500E+002
1.80000000 2.20000000 7.81250000E+002
1.80000000 2.30000000 7.57812500E+002
1.80000000 2.40000000 7.34375000E+002
1.80000000 2.50000000 7.10937500E+002
1.80000000 2.60000000 6.87500000E+002
1.80000000 2.70000000 6.64062500E+002
1.80000000 2.80000000 6.40625000E+002
1.80000000 2.90000000 6.17187500E+002
1.80000000 3.00000000 5.93750000E+002
1.80000000 3.10000000 5.70312500E+002
1.80000000 3.20000000 5.46875000E+002
1.80000000 3.30000000 5.23437500E+002
1.80000000 3.40000000 5.00000000E+002
1.80000000 3.50000000 4.76562500E+002
1.80000000 3.60000000 4.75000000E+002
1.80000000 3.70000000 4.73437500E+002
1.80000000 3.80000000 4.71875000E+002
1.80000000 3.90000000 4.70312500E+002
1.80000000 4.00000000 4.68750000E+002
1.80000000 4.10000000 4.67187500E+002
1.80000000 4.20000000 4.65625000E+002
1.80000000 4.30000000 4.64062500E+002
1.80000000 4.40000000 4.62500000E+002
1.80000000 4.50000000 4.60937500E+002
1.80000000 4.60000000 4.59375000E+002
1.80000000 4.70000000 4.57812500E+002
1.80000000 4.80000000 4.56250000E+002
1.80000000 4.90000000 4.54687500E+002
1.80000000 5.00000000 4.53125000E+002
1.80000000 5.10000000 4.51562500E+002
1.80000000 5.20000000 4.50000000E+002
1.80000000 5.30000000 4.48437500E+002
1.80000000 5.40000000 4.46875000E+002
1.80000000 5.50000000 4.45312500E+002
1.80000000 5.60000000 4.43750000E+002
1.80000000 5.70000000 4.42187500E+002
1.80000000 5.80000000 4.40625000E+002
1.80000000 5.90000000 4.39062500E+002
1.80000000 6.00000000 4.37500000E+002
1.80000000 6.10000000 4.39062500E+002
1.80000000 6.20000000 4.40625000E+002
1.80000000 6.30000000 4.42187500E+002
1.80000000 6.40000000 4.43750000E+002
1.80000000 6.50000000 4.45312500E+002
1.80000000 6.60000000 4.46875000E+002
1.80000000 6.70000000 4.48437500E+002
1.80000000 6.80000000 4.50000000E+002
1.80000000 6.90000000 4.51562500E+002
1.80000000 7.00000000 4.53125000E+002
1.80000000 7.10000000 4.54687500E+002
1.80000000 7.20000000 4.56250000E+002
1.80000000 7.30000000 4.57812500E+002
1.80000000 7.40000000 4.59375000E+002
1.80000000 7.50000000 4.60937500E+002
1.80000000 7.60000000 4.62500000E+002
1.80000000 7.70000000 4.64062500E+002
1.80000000 7.80000000 4.65625000E+002
1.80000000 7.90000000 4.67187500E+002
1.80000000 8.00000000 4.68750000E+002
1.80000000 8.10000000 4.70312500E+002
1.80000000 8.20000000 4.71875000E+002
1.80000000 8.30000000 4.73437500E+002
1.80000000 8.40000000 4.75000000E+002
1.80000000 8.50000000 4.76562500E+002
1.80000000 8.60000000 5.00000000E+002
1.80000000 8.70000000 5.23437500E+002
1.80000000 8.80000000 5.46875000E+002
1.80000000 8.90000000 5.70312500E+002
1.80000000 9.00000000 5.93750000E+002
1.80000000 9.10000000 6.17187500E+002
1.80000000 9.20000000 6.40625000E+002
1.80000000 9.30000000 6.64062500E+002
1.80000000 9.40000000 6.87500000E+002
1.80000000 9.50000000 7.10937500E+002
1.80000000 9.60000000 7.34375000E+002
1.80000000 9.70000000 7.57812500E+002
1.80000000 9.80000000 7.81250000E+002
1.80000000 9.90000000 8.04687500E+002
1.80000000 10.00000000 8.28125000E+002
1.80000000 10.10000000 8.51562500E+002
1.80000000 10.20000000 8.75000000E+002
1.80000000 10.30000000 8.98437500E+002
1.80000000 10.40000000 9.21875000E+002
1.80000000 10.50000000 9.45312500E+002
1.80000000 10.60000000 9.68750000E+002
1.80000000 10.70000000 9.92187500E+002
1.80000000 10.80000000 1.01562500E+003
1.80000000 10.90000000 1.03906250E+003
1.80000000 11.00000000 1.06250000E+003
1.90000000 1.00000000 1.03906250E+003
1.90000000 1.10000000 1.01562500E+003
1.90000000 1.20000000 9.92187500E+002
1.90000000 1.30000000 9.68750000E+002
1.90000000 1.40000000 9.45312500E+002
1.90000000 1.50000000 9.21875000E+002
1.90000000 1.60000000 8.98437500E+002
1.90000000 1.70000000 8.75000000E+002
1.90000000 1.80000000 8.51562500E+002
1.90000000 1.90000000 8.28125000E+002
1.90000000 2.00000000 8.04687500E+002
1.90000000 2.10000000 7.81250000E+002
1.90000000 2.20000000 7.57812500E+002
1.90000000 2.30000000 7.34375000E+002
1.90000000 2.40000000 7.10937500E+002
1.90000000 2.50000000 6.87500000E+002
1.90000000 2.60000000 6.64062500E+002
1.90000000 2.70000000 6.40625000E+002
1.90000000 2.80000000 6.17187500E+002
1.90000000 2.90000000 5.93750000E+002
1.90000000 3.00000000 5.70312500E+002
1.90000000 3.10000000 5.46875000E+002
1.90000000 3.20000000 5.23437500E+002
1.90000000 3.30000000 5.00000000E+002
1.90000000 3.40000000 4.76562500E+002
1.90000000 3.50000000 4.53125000E+002
1.90000000 3.60000000 4.51562500E+002
1.90000000 3.70000000 4.50000000E+002
1.90000000 3.80000000 4.48437500E+002
1.90000000 3.90000000 4.46875000E+002
1.90000000 4.00000000 4.45312500E+002
1.90000000 4.10000000 4.43750000E+002
1.90000000 4.20000000 4.42187500E+002
1.90000000 4.30000000 4.40625000E+002
1.90000000 4.40000000 4.39062500E+002
1.90000000 4.50000000 4.37500000E+002
1.90000000 4.60000000 4.35937500E+002
1.90000000 4.70000000 4.34375000E+002
1.90000000 4.80000000 4.32812500E+002
1.90000000 4.90000000 4.31250000E+002
1.90000000 5.00000000 4.29687500E+002
1.90000000 5.10000000 4.28125000E+002
1.90000000 5.20000000 4.26562500E+002
1.90000000 5.30000000 4.25000000E+002
1.90000000 5.40000000 4.23437500E+002
1.90000000 5.50000000 4.21875000E+002
1.90000000 5.60000000 4.20312500E+002
1.90000000 5.70000000 4.18750000E+002
1.90000000 5.80000000 4.17187500E+002
1.90000000 5.90000000 4.15625000E+002
1.90000000 6.00000000 4.14062500E+002
1.90000000 6.10000000 4.15625000E+002
1.90000000 6.20000000 4.17187500E+002
1.90000000 6.30000000 4.18750000E+002
1.90000000 6.40000000 4.20312500E+002
1.90000000 6.50000000 4.21875000E+002
1.90000000 6.60000000 4.23437500E+002
1.90000000 6.70000000 4.25000000E+002
1.90000000 6.80000000 4.26562500E+002
1.90000000 6.90000000 4.28125000E+002
1.90000000 7.00000000 4.29687500E+002
1.90000000 7.10000000 4.31250000E+002
1.90000000 7.20000000 4.32812500E+002
1.90000000 7.30000000 4.34375000E+002
1.90000000 7.40000000 4.35937500E+002
1.90000000 7.50000000 4.37500000E+002
1.90000000 7.60000000 4.39062500E+002
1.90000000 7.70000000 4.40625000E+002
1.90000000 7.80000000 4.42187500E+002
1.90000000 7.90000000 4.43750000E+002
1.90000000 8.00000000 4.45312500E+002
1.90000000 8.10000000 4.46875000E+002
1.90000000 8.20000000 4.48437500E+002
1.90000000 8.30000000 4.50000000E+002
1.90000000 8.40000000 4.51562500E+002
1.90000000 8.50000000 4.53125000E+002
1.90000000 8.60000000 4.76562500E+002
1.90000000 8.70000000 5.00000000E+002
1.90000000 8.80000000 5.23437500E+002
1.90000000 8.90000000 5.46875000E+002
1.90000000 9.00000000 5.70312500E+002
1.90000000 9.10000000 5.93750000E+002
1.90000000 9.20000000 6.17187500E+002
1.90000000 9.30000000 6.40625000E+002
1.90000000 9.40000000 6.64062500E+002
1.90000000 9.50000000 6.87500000E+002
1.90000000 9.60000000 7.10937500E+002
1.90000000 9.70000000 7.34375000E+002
1.90000000 9.80000000 7.57812500E+002
1.90000000 9.90000000 7.81250000E+002
1.90000000 10.00000000 8.04687500E+002
1.90000000 10.10000000 8.28125000E+002
1.90000000 10.20000000 8.51562500E+002
1.90000000 10.30000000 8.75000000E+002
1.90000000 10.40000000 8.98437500E+002
1.90000000 10.50000000 9.21875000E+002
1.90000000 10.60000000 9.45312500E+002
1.90000000 10.70000000 9.68750000E+002
1.90000000 10.80000000 9.92187500E+002
1.90000000 10.90000000 1.01562500E+003
1.90000000 11.00000000 1.03906250E+003
2.00000000 1.00000000 1.01562500E+003
2.00000000 1.10000000 9.92187500E+002
2.00000000 1.20000000 9.68750000E+002
2.00000000 1.30000000 9.45312500E+002
2.00000000 1.40000000 9.21875000E+002
2.00000000 1.50000000 8.98437500E+002
2.00000000 1.60000000 8.75000000E+002
2.00000000 1.70000000 8.51562500E+002
2.00000000 1.80000000 8.28125000E+002
2.00000000 1.90000000 8.04687500E+002
2.00000000 2.00000000 7.81250000E+002
2.00000000 2.10000000 7.57812500E+002
2.00000000 2.20000000 7.34375000E+002
2.00000000 2.30000000 7.10937500E+002
2.00000000 2.40000000 6.87500000E+002
2.00000000 2.50000000 6.64062500E+002
2.00000000 2.60000000 6.40625000E+002
2.00000000 2.70000000 6.17187500E+002
2.00000000 2.80000000 5.93750000E+002
2.00000000 2.90000000 5.70312500E+002
2.00000000 3.00000000 5.46875000E+002
2.00000000 3.10000000 5.23437500E+002
2.00000000 3.20000000 5.00000000E+002
2.00000000 3.30000000 4.76562500E+002
2.00000000 3.40000000 4.53125000E+002
2.00000000 3.50000000 4.29687500E+002
2.00000000 3.60000000 4.28125000E+002
2.00000000 3.70000000 4.26562500E+002
2.00000000 3.80000000 4.25000000E+002
2.00000000 3.90000000 4.23437500E+002
2.00000000 4.00000000 4.21875000E+002
2.00000000 4.10000000 4.20312500E+002
2.00000000 4.20000000 4.18750000E+002
2.00000000 4.30000000 4.17187500E+002
2.00000000 4.40000000 4.15625000E+002
2.00000000 4.50000000 4.14062500E+002
2.00000000 4.60000000 4.12500000E+002
2.00000000 4.70000000 4.10937500E+002
2.00000000 4.80000000 4.09375000E+002
2.00000000 4.90000000 4.07812500E+002
2.00000000 5.00000000 4.06250000E+002
2.00000000 5.10000000 4.04687500E+002
2.00000000 5.20000000 4.03125000E+002
2.00000000 5.30000000 4.01562500E+002
2.00000000 5.40000000 4.00000000E+002
2.00000000 5.50000000 3.98437500E+002
2.00000000 5.60000000 3.96875000E+002
2.00000000 5.70000000 3.95312500E+002
2.00000000 5.80000000 3.93750000E+002
2.00000000 5.90000000 3.92187500E+002
2.00000000 6.00000000 3.90625000E+002
2.00000000 6.10000000 3.92187500E+002
2.00000000 6.20000000 3.93750000E+002
2.00000000 6.30000000 3.95312500E+002
2.00000000 6.40000000 3.96875000E+002
2.00000000 6.50000000 3.98437500E+002
2.00000000 6.60000000 4.00000000E+002
2.00000000 6.70000000 4.01562500E+002
2.00000000 6.80000000 4.03125000E+002
2.00000000 6.90000000 4.04687500E+002
2.00000000 7.00000000 4.06250000E+002
2.00000000 7.10000000 4.07812500E+002
2.00000000 7.20000000 4.09375000E+002
2.00000000 7.30000000 4.10937500E+002
2.00000000 7.40000000 4.12500000E+002
2.00000000 7.50000000 4.14062500E+002
2.00000000 7.60000000 4.15625000E+002
2.00000000 7.70000000 4.17187500E+002
2.00000000 7.80000000 4.18750000E+002
2.00000000 7.90000000 4.20312500E+002
2.00000000 8.00000000 4.21875000E+002
2.00000000 8.10000000 4.23437500E+002
2.00000000 8.20000000 4.25000000E+002
2.00000000 8.30000000 4.26562500E+002
2.00000000 8.40000000 4.28125000E+002
2.00000000 8.50000000 4.29687500E+002
2.00000000 8.60000000 4.53125000E+002
2.00000000 8.70000000 4.76562500E+002
2.00000000 8.80000000 5.00000000E+002
2.00000000 8.90000000 5.23437500E+002
2.00000000 9.00000000 5.46875000E+002
2.00000000 9.10000000 5.70312500E+002
2.00000000 9.20000000 5.93750000E+002
2.00000000 9.30000000 6.17187500E+002
2.00000000 9.40000000 6.40625000E+002
2.00000000 9.50000000 6.64062500E+002
2.00000000 9.60000000 6.87500000E+002
2.00000000 9.70000000 7.10937500E+002
2.00000000 9.80000000 7.34375000E+002
2.00000000 9.90000000 7.57812500E+002
2.00000000 10.00000000 7.81250000E+002
2.00000000 10.10000000 8.04687500E+002
2.00000000 10.20000000 8.28125000E+002
2.00000000 10.30000000 8.51562500E+002
2.00000000 10.40000000 8.75000000E+002
2.00000000 10.50000000 8.98437500E+002
2.00000000 10.60000000 9.21875000E+002
2.00000000 10.70000000 9.45312500E+002
2.00000000 10.80000000 9.68750000E+002
2.00000000 10.90000000 9.92187500E+002
2.00000000 11.00000000 1.01562500E+003
2.10000000 1.00000000 9.92187500E+002
2.10000000 1.10000000 9.68750000E+002
2.10000000 1.20000000 9.45312500E+002
2.10000000 1.30000000 9.21875000E+002
2.10000000 1.40000000 8.98437500E+002
2.10000000 1.50000000 8.75000000E+002
2.10000000 1.60000000 8.51562500E+002
2.10000000 1.70000000 8.28125000E+002
2.10000000 1.80000000 8.04687500E+002
2.10000000 1.90000000 7.81250000E+002
2.10000000 2.00000000 7.57812500E+002
2.10000000 2.10000000 7.34375000E+002
2.10000000 2.20000000 7.10937500E+002
2.10000000 2.30000000 6.87500000E+002
2.10000000 2.40000000 6.64062500E+002
2.10000000 2.50000000 6.40625000E+002
2.10000000 2.60000000 6.17187500E+002
2.10000000 2.70000000 5.93750000E+002
2.10000000 2.80000000 5.70312500E+002
2.10000000 2.90000000 5.46875000E+002
2.10000000 3.00000000 5.23437500E+002
2.10000000 3.10000000 5.00000000E+002
2.10000000 3.20000000 4.76562500E+002
2.10000000 3.30000000 4.53125000E+002
2.10000000 3.40000000 4.29687500E+002
2.10000000 3.50000000 4.06250000E+002
2.10000000 3.60000000 4.04687500E+002
2.10000000 3.70000000 4.03125000E+002
2.10000000 3.80000000 4.01562500E+002
2.10000000 3.90000000 4.00000000E+002
2.10000000 4.00000000 3.98437500E+002
2.10000000 4.10000000 3.96875000E+002
2.10000000 4.20000000 3.95312500E+002
2.10000000 4.30000000 3.93750000E+002
2.10000000 4.40000000 3.92187500E+002
2.10000000 4.50000000 3.90625000E+002
2.10000000 4.60000000 3.89062500E+002
2.10000000 4.70000000 3.87500000E+002
2.10000000 4.80000000 3.85937500E+002
2.10000000 4.90000000 3.84375000E+002
2.10000000 5.00000000 3.82812500E+002
2.10000000 5.10000000 3.81250000E+002
2.10000000 5.20000000 3.79687500E+002
2.10000000 5.30000000 3.78125000E+002
2.10000000 5.40000000 3.76562500E+002
2.10000000 5.50000000 3.75000000E+002
2.10000000 5.60000000 3.73437500E+002
2.10000000 5.70000000 3.71875000E+002
2.10000000 5.80000000 3.70312500E+002
2.10000000 5.90000000 3.68750000E+002
2.10000000 6.00000000 3.67187500E+002
2.10000000 6.10000000 3.68750000E+002
2.10000000 6.20000000 3.70312500E+002
2.10000000 6.30000000 3.71875000E+002
2.10000000 6.40000000 3.73437500E+002
2.10000000 6.50000000 3.75000000E+002
2.10000000 6.60000000 3.76562500E+002
2.10000000 6.70000000 3.78125000E+002
2.10000000 6.80000000 3.79687500E+002
2.10000000 6.90000000 3.81250000E+002
2.10000000 7.00000000 3.82812500E+002
2.10000000 7.10000000 3.84375000E+002
2.10000000 7.20000000 3.85937500E+002
2.10000000 7.30000000 3.87500000E+002
2.10000000 7.40000000 3.89062500E+002
2.10000000 7.50000000 3.90625000E+002
2.10000000 7.60000000 3.92187500E+002
2.10000000 7.70000000 3.93750000E+002
2.10000000 7.80000000 3.95312500E+002
2.10000000 7.90000000 3.96875000E+002
2.10000000 8.00000000 3.98437500E+002
2.10000000 8.10000000 4.00000000E+002
2.10000000 8.20000000 4.01562500E+002
2.10000000 8.30000000 4.03125000E+002
2.10000000 8.40000000 4.04687500E+002
2.10000000 8.50000000 4.06250000E+002
2.10000000 8.60000000 4.29687500E+002
2.10000000 8.70000000 4.53125000E+002
2.10000000 8.80000000 4.76562500E+002
2.10000000 8.90000000 5.00000000E+002
2.10000000 9.00000000 5.23437500E+002
2.10000000 9.10000000 5.46875000E+002
2.10000000 9.20000000 5.70312500E+002
2.10000000 9.30000000 5.93750000E+002
2.10000000 9.40000000 6.17187500E+002
2.10000000 9.50000000 6.40625000E+002
2.10000000 9.60000000 6.64062500E+002
2.10000000 9.70000000 6.87500000E+002
2.10000000 9.80000000 7.10937500E+002
2.10000000 9.90000000 7.34375000E+002
2.10000000 10.00000000 7.57812500E+002
2.10000000 10.10000000 7.81250000E+002
2.10000000 10.20000000 8.04687500E+002
2.10000000 10.30000000 8.28125000E+002
2.10000000 10.40000000 8.51562500E+002
2.10000000 10.50000000 8.75000000E+002
2.10000000 10.60000000 8.98437500E+002
2.10000000 10.70000000 9.21875000E+002
2.10000000 10.80000000 9.45312500E+002
2.10000000 10.90000000 9.68750000E+002
2.10000000 11.00000000 9.92187500E+002
2.20000000 1.00000000 9.68750000E+002
2.20000000 1.10000000 9.45312500E+002
2.20000000 1.20000000 9.21875000E+002
2.20000000 1.30000000 8.98437500E+002
2.20000000 1.40000000 8.75000000E+002
2.20000000 1.50000000 8.51562500E+002
2.20000000 1.60000000 8.28125000E+002
2.20000000 1.70000000 8.04687500E+002
2.20000000 1.80000000 7.81250000E+002
2.20000000 1.90000000 7.57812500E+002
2.20000000 2.00000000 7.34375000E+002
2.20000000 2.10000000 7.10937500E+002
2.20000000 2.20000000 6.87500000E+002
2.20000000 2.30000000 6.64062500E+002
2.20000000 2.40000000 6.40625000E+002
2.20000000 2.50000000 6.17187500E+002
2.20000000 2.60000000 5.93750000E+002
2.20000000 2.70000000 5.70312500E+002
2.20000000 2.80000000 5.46875000E+002
2.20000000 2.90000000 5.23437500E+002
2.20000000 3.00000000 5.00000000E+002
2.20000000 3.10000000 4.76562500E+002
2.20000000 3.20000000 4.53125000E+002
2.20000000 3.30000000 4.29687500E+002
2.20000000 3.40000000 4.06250000E+002
2.20000000 3.50000000 3.82812500E+002
2.20000000 3.60000000 3.81250000E+002
2.20000000 3.70000000 3.79687500E+002
2.20000000 3.80000000 3.78125000E+002
2.20000000 3.90000000 3.76562500E+002
2.20000000 4.00000000 3.75000000E+002
2.20000000 4.10000000 3.73437500E+002
2.20000000 4.20000000 3.71875000E+002
2.20000000 4.30000000 3.70312500E+002
2.20000000 4.40000000 3.68750000E+002
2.20000000 4.50000000 3.67187500E+002
2.20000000 4.60000000 3.65625000E+002
2.20000000 4.70000000 3.64062500E+002
2.20000000 4.80000000 3.62500000E+002
2.20000000 4.90000000 3.60937500E+002
2.20000000 5.00000000 3.59375000E+002
2.20000000 5.10000000 3.57812500E+002
2.20000000 5.20000000 3.56250000E+002
2.20000000 5.30000000 3.54687500E+002
2.20000000 5.40000000 3.53125000E+002
2.20000000 5.50000000 3.51562500E+002
2.20000000 5.60000000 3.50000000E+002
2.20000000 5.70000000 3.48437500E+002
2.20000000 5.80000000 3.46875000E+002
2.20000000 5.90000000 3.45312500E+002
2.20000000 6.00000000 3.43750000E+002
2.20000000 6.10000000 3.45312500E+002
2.20000000 6.20000000 3.46875000E+002
2.20000000 6.30000000 3.48437500E+002
2.20000000 6.40000000 3.50000000E+002
2.20000000 6.50000000 3.51562500E+002
2.20000000 6.60000000 3.53125000E+002
2.20000000 6.70000000 3.54687500E+002
2.20000000 6.80000000 3.56250000E+002
2.20000000 6.90000000 3.57812500E+002
2.20000000 7.00000000 3.59375000E+002
2.20000000 7.10000000 3.60937500E+002
2.20000000 7.20000000 3.62500000E+002
2.20000000 7.30000000 3.64062500E+002
2.20000000 7.40000000 3.65625000E+002
2.20000000 7.50000000 3.67187500E+002
2.20000000 7.60000000 3.68750000E+002
2.20000000 7.70000000 3.70312500E+002
2.20000000 7.80000000 3.71875000E+002
2.20000000 7.90000000 3.73437500E+002
2.20000000 8.00000000 3.75000000E+002
2.20000000 8.10000000 3.76562500E+002
2.20000000 8.20000000 3.78125000E+002
2.20000000 8.30000000 3.79687500E+002
2.20000000 8.40000000 3.81250000E+002
2.20000000 8.50000000 3.82812500E+002
2.20000000 8.60000000 4.06250000E+002
2.20000000 8.70000000 4.29687500E+002
2.20000000 8.80000000 4.53125000E+002
2.20000000 8.90000000 4.76562500E+002
2.20000000 9.00000000 5.00000000E+002
2.20000000 9.10000000 5.23437500E+002
2.20000000 9.20000000 5.46875000E+002
2.20000000 9.30000000 5.70312500E+002
2.20000000 9.40000000 5.93750000E+002
2.20000000 9.50000000 6.17187500E+002
2.20000000 9.60000000 6.40625000E+002
2.20000000 9.70000000 6.64062500E+002
2.20000000 9.80000000 6.87500000E+002
2.20000000 9.90000000 7.10937500E+002
2.20000000 10.00000000 7.34375000E+002
2.20000000 10.10000000 7.57812500E+002
2.20000000 10.20000000 7.81250000E+002
2.20000000 10.30000000 8.04687500E+002
2.20000000 10.40000000 8.28125000E+002
2.20000000 10.50000000 8.51562500E+002
2.20000000 10.60000000 8.75000000E+002
2.20000000 10.70000000 8.98437500E+002
2.20000000 10.80000000 9.21875000E+002
2.20000000 10.90000000 9.45312500E+002
2.20000000 11.00000000 9.68750000E+002
2.30000000 1.00000000 9.45312500E+002
2.30000000 1.10000000 9.21875000E+002
2.30000000 1.20000000 8.98437500E+002
2.30000000 1.30000000 8.75000000E+002
2.30000000 1.40000000 8.51562500E+002
2.30000000 1.50000000 8.28125000E+002
2.30000000 1.60000000 8.04687500E+002
2.30000000 1.70000000 7.81250000E+002
2.30000000 1.80000000 7.57812500E+002
2.30000000 1.90000000 7.34375000E+002
2.30000000 2.00000000 7.10937500E+002
2.30000000 2.10000000 6.87500000E+002
2.30000000 2.20000000 6.64062500E+002
2.30000000 2.30000000 6.40625000E+002
2.30000000 2.40000000 6.17187500E+002
2.30000000 2.50000000 5.93750000E+002
2.30000000 2.60000000 5.70312500E+002
2.30000000 2.70000000 5.46875000E+002
2.30000000 2.80000000 5.23437500E+002
2.30000000 2.90000000 5.00000000E+002
2.30000000 3.00000000 4.76562500E+002
2.30000000 3.10000000 4.53125000E+002
2.30000000 3.20000000 4.29687500E+002
2.30000000 3.30000000 4.06250000E+002
2.30000000 3.40000000 3.82812500E+002
2.30000000 3.50000000 3.59375000E+002
2.30000000 3.60000000 3.57812500E+002
2.30000000 3.70000000 3.56250000E+002
2.30000000 3.80000000 3.54687500E+002
2.30000000 3.90000000 3.53125000E+002
2.30000000 4.00000000 3.51562500E+002
2.30000000 4.10000000 3.50000000E+002
2.30000000 4.20000000 3.48437500E+002
2.30000000 4.30000000 3.46875000E+002
2.30000000 4.40000000 3.45312500E+002
2.30000000 4.50000000 3.43750000E+002
2.30000000 4.60000000 3.42187500E+002
2.30000000 4.70000000 3.40625000E+002
2.30000000 4.80000000 3.39062500E+002
2.30000000 4.90000000 3.37500000E+002
2.30000000 5.00000000 3.35937500E+002
2.30000000 5.10000000 3.34375000E+002
2.30000000 5.20000000 3.32812500E+002
2.30000000 5.30000000 3.31250000E+002
2.30000000 5.40000000 3.29687500E+002
2.30000000 5.50000000 3.28125000E+002
2.30000000 5.60000000 3.26562500E+002
2.30000000 5.70000000 3.25000000E+002
2.30000000 5.80000000 3.23437500E+002
2.30000000 5.90000000 3.21875000E+002
2.30000000 6.00000000 3.20312500E+002
2.30000000 6.10000000 3.21875000E+002
2.30000000 6.20000000 3.23437500E+002
2.30000000 6.30000000 3.25000000E+002
2.30000000 6.40000000 3.26562500E+002
2.30000000 6.50000000 3.28125000E+002
2.30000000 6.60000000 3.29687500E+002
2.30000000 6.70000000 3.31250000E+002
2.30000000 6.80000000 3.32812500E+002
2.30000000 6.90000000 3.34375000E+002
2.30000000 7.00000000 3.35937500E+002
2.30000000 7.10000000 3.37500000E+002
2.30000000 7.20000000 3.39062500E+002
2.30000000 7.30000000 3.40625000E+002
2.30000000 7.40000000 3.42187500E+002
2.30000000 7.50000000 3.43750000E+002
2.30000000 7.60000000 3.45312500E+002
2.30000000 7.70000000 3.46875000E+002
2.30000000 7.80000000 3.48437500E+002
2.30000000 7.90000000 3.50000000E+002
2.30000000 8.00000000 3.51562500E+002
2.30000000 8.10000000 3.53125000E+002
2.30000000 8.20000000 3.54687500E+002
2.30000000 8.30000000 3.56250000E+002
2.30000000 8.40000000 3.57812500E+002
2.30000000 8.50000000 3.59375000E+002
2.30000000 8.60000000 3.82812500E+002
2.30000000 8.70000000 4.06250000E+002
2.30000000 8.80000000 4.29687500E+002
2.30000000 8.90000000 4.53125000E+002
2.30000000 9.00000000 4.76562500E+002
2.30000000 9.10000000 5.00000000E+002
2.30000000 9.20000000 5.23437500E+002
2.30000000 9.30000000 5.46875000E+002
2.30000000 9.40000000 5.70312500E+002
2.30000000 9.50000000 5.93750000E+002
2.30000000 9.60000000 6.17187500E+002
2.30000000 9.70000000 6.40625000E+002
2.30000000 9.80000000 6.64062500E+002
2.30000000 9.90000000 6.87500000E+002
2.30000000 10.00000000 7.10937500E+002
2.30000000 10.10000000 7.34375000E+002
2.30000000 10.20000000 7.57812500E+002
2.30000000 10.30000000 7.81250000E+002
2.30000000 10.40000000 8.04687500E+002
2.30000000 10.50000000 8.28125000E+002
2.30000000 10.60000000 8.51562500E+002
2.30000000 10.70000000 8.75000000E+002
2.30000000 10.80000000 8.98437500E+002
2.30000000 10.90000000 9.21875000E+002
2.30000000 11.00000000 9.45312500E+002
2.40000000 1.00000000 9.21875000E+002
2.40000000 1.10000000 8.98437500E+002
2.40000000 1.20000000 8.75000000E+002
2.40000000 1.30000000 8.51562500E+002
2.40000000 1.40000000 8.28125000E+002
2.40000000 1.50000000 8.04687500E+002
2.40000000 1.60000000 7.81250000E+002
2.40000000 1.70000000 7.57812500E+002
2.40000000 1.80000000 7.34375000E+002
2.40000000 1.90000000 7.10937500E+002
2.40000000 2.00000000 6.87500000E+002
2.40000000 2.10000000 6.64062500E+002
2.40000000 2.20000000 6.40625000E+002
2.40000000 2.30000000 6.17187500E+002
2.40000000 2.40000000 5.93750000E+002
2.40000000 2.50000000 5.70312500E+002
2.40000000 2.60000000 5.46875000E+002
2.40000000 2.70000000 5.23437500E+002
2.40000000 2.80000000 5.00000000E+002
2.40000000 2.90000000 4.76562500E+002
2.40000000 3.00000000 4.53125000E+002
2.40000000 3.10000000 4.29687500E+002
2.40000000 3.20000000 4.06250000E+002
2.40000000 3.30000000 3.82812500E+002
2.40000000 3.40000000 3.59375000E+002
2.40000000 3.50000000 3.35937500E+002
2.40000000 3.60000000 3.34375000E+002
2.40000000 3.70000000 3.32812500E+002
2.40000000 3.80000000 3.31250000E+002
2.40000000 3.90000000 3.29687500E+002
2.40000000 4.00000000 3.28125000E+002
2.40000000 4.10000000 3.26562500E+002
2.40000000 4.20000000 3.25000000E+002
2.40000000 4.30000000 3.23437500E+002
2.40000000 4.40000000 3.21875000E+002
2.40000000 4.50000000 3.20312500E+002
2.40000000 4.60000000 3.18750000E+002
2.40000000 4.70000000 3.17187500E+002
2.40000000 4.80000000 3.15625000E+002
2.40000000 4.90000000 3.14062500E+002
2.40000000 5.00000000 3.12500000E+002
2.40000000 5.10000000 3.10937500E+002
2.40000000 5.20000000 3.09375000E+002
2.40000000 5.30000000 3.07812500E+002
2.40000000 5.40000000 3.06250000E+002
2.40000000 5.50000000 3.04687500E+002
2.40000000 5.60000000 3.03125000E+002
2.40000000 5.70000000 3.01562500E+002
2.40000000 5.80000000 3.00000000E+002
2.40000000 5.90000000 2.98437500E+002
2.40000000 6.00000000 2.96875000E+002
2.40000000 6.10000000 2.98437500E+002
2.40000000 6.20000000 3.00000000E+002
2.40000000 6.30000000 3.01562500E+002
2.40000000 6.40000000 3.03125000E+002
2.40000000 6.50000000 3.04687500E+002
2.40000000 6.60000000 3.06250000E+002
2.40000000 6.70000000 3.07812500E+002
2.40000000 6.80000000 3.09375000E+002
2.40000000 6.90000000 3.10937500E+002
2.40000000 7.00000000 3.12500000E+002
2.40000000 7.10000000 3.14062500E+002
2.40000000 7.20000000 3.15625000E+002
2.40000000 7.30000000 3.17187500E+002
2.40000000 7.40000000 3.18750000E+002
2.40000000 7.50000000 3.20312500E+002
2.40000000 7.60000000 3.21875000E+002
2.40000000 7.70000000 3.23437500E+002
2.40000000 7.80000000 3.25000000E+002
2.40000000 7.90000000 3.26562500E+002
2.40000000 8.00000000 3.28125000E+002
2.40000000 8.10000000 3.29687500E+002
2.40000000 8.20000000 3.31250000E+002
2.40000000 8.30000000 3.32812500E+002
2.40000000 8.40000000 3.34375000E+002
2.40000000 8.50000000 3.35937500E+002
2.40000000 8.60000000 3.59375000E+002
2.40000000 8.70000000 3.82812500E+002
2.40000000 8.80000000 4.06250000E+002
2.40000000 8.90000000 4.29687500E+002
2.40000000 9.00000000 4.53125000E+002
2.40000000 9.10000000 4.76562500E+002
2.40000000 9.20000000 5.00000000E+002
2.40000000 9.30000000 5.23437500E+002
2.40000000 9.40000000 5.46875000E+002
2.40000000 9.50000000 5.70312500E+002
2.40000000 9.60000000 5.93750000E+002
2.40000000 9.70000000 6.17187500E+002
2.40000000 9.80000000 6.40625000E+002
2.40000000 9.90000000 6.64062500E+002
2.40000000 10.00000000 6.87500000E+002
2.40000000 10.10000000 7.10937500E+002
2.40000000 10.20000000 7.34375000E+002
2.40000000 10.30000000 7.57812500E+002
2.40000000 10.40000000 7.81250000E+002
2.40000000 10.50000000 8.04687500E+002
2.40000000 10.60000000 8.28125000E+002
2.40000000 10.70000000 8.51562500E+002
2.40000000 10.80000000 8.75000000E+002
2.40000000 10.90000000 8.98437500E+002
2.40000000 11.00000000 9.21875000E+002
2.50000000 1.00000000 8.98437500E+002
2.50000000 1.10000000 8.75000000E+002
2.50000000 1.20000000 8.51562500E+002
2.50000000 1.30000000 8.28125000E+002
2.50000000 1.40000000 8.04687500E+002
2.50000000 1.50000000 7.81250000E+002
2.50000000 1.60000000 7.57812500E+002
2.50000000 1.70000000 7.34375000E+002
2.50000000 1.80000000 7.10937500E+002
2.50000000 1.90000000 6.87500000E+002
2.50000000 2.00000000 6.64062500E+002
2.50000000 2.10000000 6.40625000E+002
2.50000000 2.20000000 6.17187500E+002
2.50000000 2.30000000 5.93750000E+002
2.50000000 2.40000000 5.70312500E+002
2.50000000 2.50000000 5.46875000E+002
2.50000000 2.60000000 5.23437500E+002
2.50000000 2.70000000 5.00000000E+002
2.50000000 2.80000000 4.76562500E+002
2.50000000 2.90000000 4.53125000E+002
2.50000000 3.00000000 4.29687500E+002
2.50000000 3.10000000 4.06250000E+002
2.50000000 3.20000000 3.82812500E+002
2.50000000 3.30000000 3.59375000E+002
2.50000000 3.40000000 3.35937500E+002
2.50000000 3.50000000 3.12500000E+002
2.50000000 3.60000000 3.10937500E+002
2.50000000 3.70000000 3.09375000E+002
2.50000000 3.80000000 3.07812500E+002
2.50000000 3.90000000 3.06250000E+002
2.50000000 4.00000000 3.04687500E+002
2.50000000 4.10000000 3.03125000E+002
2.50000000 4.20000000 3.01562500E+002
2.50000000 4.30000000 3.00000000E+002
2.50000000 4.40000000 2.98437500E+002
2.50000000 4.50000000 2.96875000E+002
2.50000000 4.60000000 2.95312500E+002
2.50000000 4.70000000 2.93750000E+002
2.50000000 4.80000000 2.92187500E+002
2.50000000 4.90000000 2.90625000E+002
2.50000000 5.00000000 2.89062500E+002
2.50000000 5.10000000 2.87500000E+002
2.50000000 5.20000000 2.85937500E+002
2.50000000 5.30000000 2.84375000E+002
2.50000000 5.40000000 2.82812500E+002
2.50000000 5.50000000 2.81250000E+002
2.50000000 5.60000000 2.79687500E+002
2.50000000 5.70000000 2.78125000E+002
2.50000000 5.80000000 2.76562500E+002
2.50000000 5.90000000 2.75000000E+002
2.50000000 6.00000000 2.73437500E+002
2.50000000 6.10000000 2.75000000E+002
2.50000000 6.20000000 2.76562500E+002
2.50000000 6.30000000 2.78125000E+002
2.50000000 6.40000000 2.79687500E+002
2.50000000 6.50000000 2.81250000E+002
2.50000000 6.60000000 2.82812500E+002
2.50000000 6.70000000 2.84375000E+002
2.50000000 6.80000000 2.85937500E+002
2.50000000 6.90000000 2.87500000E+002
2.50000000 7.00000000 2.89062500E+002
2.50000000 7.10000000 2.90625000E+002
2.50000000 7.20000000 2.92187500E+002
2.50000000 7.30000000 2.93750000E+002
2.50000000 7.40000000 2.95312500E+002
2.50000000 7.50000000 2.96875000E+002
2.50000000 7.60000000 2.98437500E+002
2.50000000 7.70000000 3.00000000E+002
2.50000000 7.80000000 3.01562500E+002
2.50000000 7.90000000 3.03125000E+002
2.50000000 8.00000000 3.04687500E+002
2.50000000 8.10000000 3.06250000E+002
2.50000000 8.20000000 3.07812500E+002
2.50000000 8.30000000 3.09375000E+002
2.50000000 8.40000000 3.10937500E+002
2.50000000 8.50000000 3.12500000E+002
2.50000000 8.60000000 3.35937500E+002
2.50000000 8.70000000 3.59375000E+002
2.50000000 8.80000000 3.82812500E+002
2.50000000 8.90000000 4.06250000E+002
2.50000000 9.00000000 4.29687500E+002
2.50000000 9.10000000 4.53125000E+002
2.50000000 9.20000000 4.76562500E+002
2.50000000 9.30000000 5.00000000E+002
2.50000000 9.40000000 5.23437500E+002
2.50000000 9.50000000 5.46875000E+002
2.50000000 9.60000000 5.70312500E+002
2.50000000 9.70000000 5.93750000E+002
2.50000000 9.80000000 6.17187500E+002
2.50000000 9.90000000 6.40625000E+002
2.50000000 10.00000000 6.64062500E+002
2.50000000 10.10000000 6.87500000E+002
2.50000000 10.20000000 7.10937500E+002
2.50000000 10.30000000 7.34375000E+002
2.50000000 10.40000000 7.57812500E+002
2.50000000 10.50000000 7.81250000E+002
2.50000000 10.60000000 8.04687500E+002
2.50000000 10.70000000 8.28125000E+002
2.50000000 10.80000000 8.51562500E+002
2.50000000 10.90000000 8.75000000E+002
2.50000000 11.00000000 8.98437500E+002
2.60000000 1.00000000 8.75000000E+002
2.60000000 1.10000000 8.51562500E+002
2.60000000 1.20000000 8.28125000E+002
2.60000000 1.30000000 8.04687500E+002
2.60000000 1.40000000 7.81250000E+002
2.60000000 1.50000000 7.57812500E+002
2.60000000 1.60000000 7.34375000E+002
2.60000000 1.70000000 7.10937500E+002
2.60000000 1.80000000 6.87500000E+002
2.60000000 1.90000000 6.64062500E+002
2.60000000 2.00000000 6.40625000E+002
2.60000000 2.10000000 6.17187500E+002
2.60000000 2.20000000 5.93750000E+002
2.60000000 2.30000000 5.70312500E+002
2.60000000 2.40000000 5.46875000E+002
2.60000000 2.50000000 5.23437500E+002
2.60000000 2.60000000 5.00000000E+002
2.60000000 2.70000000 4.76562500E+002
2.60000000 2.80000000 4.53125000E+002
2.60000000 2.90000000 4.29687500E+002
2.60000000 3.00000000 4.06250000E+002
2.60000000 3.10000000 3.82812500E+002
2.60000000 3.20000000 3.59375000E+002
2.60000000 3.30000000 3.35937500E+002
2.60000000 3.40000000 3.12500000E+002
2.60000000 3.50000000 2.89062500E+002
2.60000000 3.60000000 2.87500000E+002
2.60000000 3.70000000 2.85937500E+002
2.60000000 3.80000000 2.84375000E+002
2.60000000 3.90000000 2.82812500E+002
2.60000000 4.00000000 2.81250000E+002
2.60000000 4.10000000 2.79687500E+002
2.60000000 4.20000000 2.78125000E+002
2.60000000 4.30000000 2.76562500E+002
2.60000000 4.40000000 2.75000000E+002
2.60000000 4.50000000 2.73437500E+002
2.60000000 4.60000000 2.71875000E+002
2.60000000 4.70000000 2.70312500E+002
2.60000000 4.80000000 2.68750000E+002
2.60000000 4.90000000 2.67187500E+002
2.60000000 5.00000000 2.65625000E+002
2.60000000 5.10000000 2.64062500E+002
2.60000000 5.20000000 2.62500000E+002
2.60000000 5.30000000 2.60937500E+002
2.60000000 5.40000000 2.59375000E+002
2.60000000 5.50000000 2.57812500E+002
2.60000000 5.60000000 2.56250000E+002
2.60000000 5.70000000 2.54687500E+002
2.60000000 5.80000000 2.53125000E+002
2.60000000 5.90000000 2.51562500E+002
2.60000000 6.00000000 2.50000000E+002
2.60000000 6.10000000 2.51562500E+002
2.60000000 6.20000000 2.53125000E+002
2.60000000 6.30000000 2.54687500E+002
2.60000000 6.40000000 2.56250000E+002
2.60000000 6.50000000 2.57812500E+002
2.60000000 6.60000000 2.59375000E+002
2.60000000 6.70000000 2.60937500E+002
2.60000000 6.80000000 2.62500000E+002
2.60000000 6.90000000 2.64062500E+002
2.60000000 7.00000000 2.65625000E+002
2.60000000 7.10000000 2.67187500E+002
2.60000000 7.20000000 2.68750000E+002
2.60000000 7.30000000 2.70312500E+002
2.60000000 7.40000000 2.71875000E+002
2.60000000 7.50000000 2.73437500E+002
2.60000000 7.60000000 2.75000000E+002
2.60000000 7.70000000 2.76562500E+002
2.60000000 7.80000000 2.78125000E+002
2.60000000 7.90000000 2.79687500E+002
2.60000000 8.00000000 2.81250000E+002
2.60000000 8.10000000 2.82812500E+002
2.60000000 8.20000000 2.84375000E+002
2.60000000 8.30000000 2.85937500E+002
2.60000000 8.40000000 2.87500000E+002
2.60000000 8.50000000 2.89062500E+002
2.60000000 8.60000000 3.12500000E+002
2.60000000 8.70000000 3.35937500E+002
2.60000000 8.80000000 3.59375000E+002
2.60000000 8.90000000 3.82812500E+002
2.60000000 9.00000000 4.06250000E+002
2.60000000 9.10000000 4.29687500E+002
2.60000000 9.20000000 4.53125000E+002
2.60000000 9.30000000 4.76562500E+002
2.60000000 9.40000000 5.00000000E+002
2.60000000 9.50000000 5.23437500E+002
2.60000000 9.60000000 5.46875000E+002
2.60000000 9.70000000 5.70312500E+002
2.60000000 9.80000000 5.93750000E+002
2.60000000 9.90000000 6.17187500E+002
2.60000000 10.00000000 6.40625000E+002
2.60000000 10.10000000 6.64062500E+002
2.60000000 10.20000000 6.87500000E+002
2.60000000 10.30000000 7.10937500E+002
2.60000000 10.40000000 7.34375000E+002
2.60000000 10.50000000 7.57812500E+002
2.60000000 10.60000000 7.81250000E+002
2.60000000 10.70000000 8.04687500E+002
2.60000000 10.80000000 8.28125000E+002
2.60000000 10.90000000 8.51562500E+002
2.60000000 11.00000000 8.75000000E+002
2.70000000 1.00000000 8.51562500E+002
2.70000000 1.10000000 8.28125000E+002
2.70000000 1.20000000 8.04687500E+002
2.70000000 1.30000000 7.81250000E+002
2.70000000 1.40000000 7.57812500E+002
2.70000000 1.50000000 7.34375000E+002
2.70000000 1.60000000 7.10937500E+002
2.70000000 1.70000000 6.87500000E+002
2.70000000 1.80000000 6.64062500E+002
2.70000000 1.90000000 6.40625000E+002
2.70000000 2.00000000 6.17187500E+002
2.70000000 2.10000000 5.93750000E+002
2.70000000 2.20000000 5.70312500E+002
2.70000000 2.30000000 5.46875000E+002
2.70000000 2.40000000 5.23437500E+002
2.70000000 2.50000000 5.00000000E+002
2.70000000 2.60000000 4.76562500E+002
2.70000000 2.70000000 4.53125000E+002
2.70000000 2.80000000 4.29687500E+002
2.70000000 2.90000000 4.06250000E+002
2.70000000 3.00000000 3.82812500E+002
2.70000000 3.10000000 3.59375000E+002
2.70000000 3.20000000 3.35937500E+002
2.70000000 3.30000000 3.12500000E+002
2.70000000 3.40000000 2.89062500E+002
2.70000000 3.50000000 2.65625000E+002
2.70000000 3.60000000 2.64062500E+002
2.70000000 3.70000000 2.62500000E+002
2.70000000 3.80000000 2.60937500E+002
2.70000000 3.90000000 2.59375000E+002
2.70000000 4.00000000 2.57812500E+002
2.70000000 4.10000000 2.56250000E+002
2.70000000 4.20000000 2.54687500E+002
2.70000000 4.30000000 2.53125000E+002
2.70000000 4.40000000 2.51562500E+002
2.70000000 4.50000000 2.50000000E+002
2.70000000 4.60000000 2.48437500E+002
2.70000000 4.70000000 2.46875000E+002
2.70000000 4.80000000 2.45312500E+002
2.70000000 4.90000000 2.43750000E+002
2.70000000 5.00000000 2.42187500E+002
2.70000000 5.10000000 2.40625000E+002
2.70000000 5.20000000 2.39062500E+002
2.70000000 5.30000000 2.37500000E+002
2.70000000 5.40000000 2.35937500E+002
2.70000000 5.50000000 2.34375000E+002
2.70000000 5.60000000 2.32812500E+002
2.70000000 5.70000000 2.31250000E+002
2.70000000 5.80000000 2.29687500E+002
2.70000000 5.90000000 2.28125000E+002
2.70000000 6.00000000 2.26562500E+002
2.70000000 6.10000000 2.28125000E+002
2.70000000 6.20000000 2.29687500E+002
2.70000000 6.30000000 2.31250000E+002
2.70000000 6.40000000 2.32812500E+002
2.70000000 6.50000000 2.34375000E+002
2.70000000 6.60000000 2.35937500E+002
2.70000000 6.70000000 2.37500000E+002
2.70000000 6.80000000 2.39062500E+002
2.70000000 6.90000000 2.40625000E+002
2.70000000 7.00000000 2.42187500E+002
2.70000000 7.10000000 2.43750000E+002
2.70000000 7.20000000 2.45312500E+002
2.70000000 7.30000000 2.46875000E+002
2.70000000 7.40000000 2.48437500E+002
2.70000000 7.50000000 2.50000000E+002
2.70000000 7.60000000 2.51562500E+002
2.70000000 7.70000000 2.53125000E+002
2.70000000 7.80000000 2.54687500E+002
2.70000000 7.90000000 2.56250000E+002
2.70000000 8.00000000 2.57812500E+002
2.70000000 8.10000000 2.59375000E+002
2.70000000 8.20000000 2.60937500E+002
2.70000000 8.30000000 2.62500000E+002
2.70000000 8.40000000 2.64062500E+002
2.70000000 8.50000000 2.65625000E+002
2.70000000 8.60000000 2.89062500E+002
2.70000000 8.70000000 3.12500000E+002
2.70000000 8.80000000 3.35937500E+002
2.70000000 8.90000000 3.59375000E+002
2.70000000 9.00000000 3.82812500E+002
2.70000000 9.10000000 4.06250000E+002
2.70000000 9.20000000 4.29687500E+002
2.70000000 9.30000000 4.53125000E+002
2.70000000 9.40000000 4.76562500E+002
2.70000000 9.50000000 5.00000000E+002
2.70000000 9.60000000 5.23437500E+002
2.70000000 9.70000000 5.46875000E+002
2.70000000 9.80000000 5.70312500E+002
2.70000000 9.90000000 5.93750000E+002
2.70000000 10.00000000 6.17187500E+002
2.70000000 10.10000000 6.40625000E+002
2.70000000 10.20000000 6.64062500E+002
2.70000000 10.30000000 6.87500000E+002
2.70000000 10.40000000 7.10937500E+002
2.70000000 10.50000000 7.34375000E+002
2.70000000 10.60000000 7.57812500E+002
2.70000000 10.70000000 7.81250000E+002
2.70000000 10.80000000 8.04687500E+002
2.70000000 10.90000000 8.28125000E+002
2.70000000 11.00000000 8.51562500E+002
2.80000000 1.00000000 8.28125000E+002
2.80000000 1.10000000 8.04687500E+002
2.80000000 1.20000000 7.81250000E+002
2.80000000 1.30000000 7.57812500E+002
2.80000000 1.40000000 7.34375000E+002
2.80000000 1.50000000 7.10937500E+002
2.80000000 1.60000000 6.87500000E+002
2.80000000 1.70000000 6.64062500E+002
2.80000000 1.80000000 6.40625000E+002
2.80000000 1.90000000 6.17187500E+002
2.80000000 2.00000000 5.93750000E+002
2.80000000 2.10000000 5.70312500E+002
2.80000000 2.20000000 5.46875000E+002
2.80000000 2.30000000 5.23437500E+002
2.80000000 2.40000000 5.00000000E+002
2.80000000 2.50000000 4.76562500E+002
2.80000000 2.60000000 4.53125000E+002
2.80000000 2.70000000 4.29687500E+002
2.80000000 2.80000000 4.06250000E+002
2.80000000 2.90000000 3.82812500E+002
2.80000000 3.00000000 3.59375000E+002
2.80000000 3.10000000 3.35937500E+002
2.80000000 3.20000000 3.12500000E+002
2.80000000 3.30000000 2.89062500E+002
2.80000000 3.40000000 2.65625000E+002
2.80000000 3.50000000 2.42187500E+002
2.80000000 3.60000000 2.40625000E+002
2.80000000 3.70000000 2.39062500E+002
2.80000000 3.80000000 2.37500000E+002
2.80000000 3.90000000 2.35937500E+002
2.80000000 4.00000000 2.34375000E+002
2.80000000 4.10000000 2.32812500E+002
2.80000000 4.20000000 2.31250000E+002
2.80000000 4.30000000 2.29687500E+002
2.80000000 4.40000000 2.28125000E+002
2.80000000 4.50000000 2.26562500E+002
2.80000000 4.60000000 2.25000000E+002
2.80000000 4.70000000 2.23437500E+002
2.80000000 4.80000000 2.21875000E+002
2.80000000 4.90000000 2.20312500E+002
2.80000000 5.00000000 2.18750000E+002
2.80000000 5.10000000 2.17187500E+002
2.80000000 5.20000000 2.15625000E+002
2.80000000 5.30000000 2.14062500E+002
2.80000000 5.40000000 2.12500000E+002
2.80000000 5.50000000 2.10937500E+002
2.80000000 5.60000000 2.09375000E+002
2.80000000 5.70000000 2.07812500E+002
2.80000000 5.80000000 2.06250000E+002
2.80000000 5.90000000 2.04687500E+002
2.80000000 6.00000000 2.03125000E+002
2.80000000 6.10000000 2.04687500E+002
2.80000000 6.20000000 2.06250000E+002
2.80000000 6.30000000 2.07812500E+002
2.80000000 6.40000000 2.09375000E+002
2.80000000 6.50000000 2.10937500E+002
2.80000000 6.60000000 2.12500000E+002
2.80000000 6.70000000 2.14062500E+002
2.80000000 6.80000000 2.15625000E+002
2.80000000 6.90000000 2.17187500E+002
2.80000000 7.00000000 2.18750000E+002
2.80000000 7.10000000 2.20312500E+002
2.80000000 7.20000000 2.21875000E+002
2.80000000 7.30000000 2.23437500E+002
2.80000000 7.40000000 2.25000000E+002
2.80000000 7.50000000 2.26562500E+002
2.80000000 7.60000000 2.28125000E+002
2.80000000 7.70000000 2.29687500E+002
2.80000000 7.80000000 2.31250000E+002
2.80000000 7.90000000 2.32812500E+002
2.80000000 8.00000000 2.34375000E+002
2.80000000 8.10000000 2.35937500E+002
2.80000000 8.20000000 2.37500000E+002
2.80000000 8.30000000 2.39062500E+002
2.80000000 8.40000000 2.40625000E+002
2.80000000 8.50000000 2.42187500E+002
2.80000000 8.60000000 2.65625000E+002
2.80000000 8.70000000 2.89062500E+002
2.80000000 8.80000000 3.12500000E+002
2.80000000 8.90000000 3.35937500E+002
2.80000000 9.00000000 3.59375000E+002
2.80000000 9.10000000 3.82812500E+002
2.80000000 9.20000000 4.06250000E+002
2.80000000 9.30000000 4.29687500E+002
2.80000000 9.40000000 4.53125000E+002
2.80000000 9.50000000 4.76562500E+002
2.80000000 9.60000000 5.00000000E+002
2.80000000 9.70000000 5.23437500E+002
2.80000000 9.80000000 5.46875000E+002
2.80000000 9.90000000 5.70312500E+002
2.80000000 10.00000000 5.93750000E+002
2.80000000 10.10000000 6.17187500E+002
2.80000000 10.20000000 6.40625000E+002
2.80000000 10.30000000 6.64062500E+002
2.80000000 10.40000000 6.87500000E+002
2.80000000 10.50000000 7.10937500E+002
2.80000000 10.60000000 7.34375000E+002
2.80000000 10.70000000 7.57812500E+002
2.80000000 10.80000000 7.81250000E+002
2.80000000 10.90000000 8.04687500E+002
2.80000000 11.00000000 8.28125000E+002
2.90000000 1.00000000 8.04687500E+002
2.90000000 1.10000000 7.81250000E+002
2.90000000 1.20000000 7.57812500E+002
2.90000000 1.30000000 7.34375000E+002
2.90000000 1.40000000 7.10937500E+002
2.90000000 1.50000000 6.87500000E+002
2.90000000 1.60000000 6.64062500E+002
2.90000000 1.70000000 6.40625000E+002
2.90000000 1.80000000 6.17187500E+002
2.90000000 1.90000000 5.93750000E+002
2.90000000 2.00000000 5.70312500E+002
2.90000000 2.10000000 5.46875000E+002
2.90000000 2.20000000 5.23437500E+002
2.90000000 2.30000000 5.00000000E+002
2.90000000 2.40000000 4.76562500E+002
2.90000000 2.50000000 4.53125000E+002
2.90000000 2.60000000 4.29687500E+002
2.90000000 2.70000000 4.06250000E+002
2.90000000 2.80000000 3.82812500E+002
2.90000000 2.90000000 3.59375000E+002
2.90000000 3.00000000 3.35937500E+002
2.90000000 3.10000000 3.12500000E+002
2.90000000 3.20000000 2.89062500E+002
2.90000000 3.30000000 2.65625000E+002
2.90000000 3.40000000 2.42187500E+002
2.90000000 3.50000000 2.18750000E+002
2.90000000 3.60000000 2.17187500E+002
2.90000000 3.70000000 2.15625000E+002
2.90000000 3.80000000 2.14062500E+002
2.90000000 3.90000000 2.12500000E+002
2.90000000 4.00000000 2.10937500E+002
2.90000000 4.10000000 2.09375000E+002
2.90000000 4.20000000 2.07812500E+002
2.90000000 4.30000000 2.06250000E+002
2.90000000 4.40000000 2.04687500E+002
2.90000000 4.50000000 2.03125000E+002
2.90000000 4.60000000 2.01562500E+002
2.90000000 4.70000000 2.00000000E+002
2.90000000 4.80000000 1.98437500E+002
2.90000000 4.90000000 1.96875000E+002
2.90000000 5.00000000 1.95312500E+002
2.90000000 5.10000000 1.93750000E+002
2.90000000 5.20000000 1.92187500E+002
2.90000000 5.30000000 1.90625000E+002
2.90000000 5.40000000 1.89062500E+002
2.90000000 5.50000000 1.87500000E+002
2.90000000 5.60000000 1.85937500E+002
2.90000000 5.70000000 1.84375000E+002
2.90000000 5.80000000 1.82812500E+002
2.90000000 5.90000000 1.81250000E+002
2.90000000 6.00000000 1.79687500E+002
2.90000000 6.10000000 1.81250000E+002
2.90000000 6.20000000 1.82812500E+002
2.90000000 6.30000000 1.84375000E+002
2.90000000 6.40000000 1.85937500E+002
2.90000000 6.50000000 1.87500000E+002
2.90000000 6.60000000 1.89062500E+002
2.90000000 6.70000000 1.90625000E+002
2.90000000 6.80000000 1.92187500E+002
2.90000000 6.90000000 1.93750000E+002
2.90000000 7.00000000 1.95312500E+002
2.90000000 7.10000000 1.96875000E+002
2.90000000 7.20000000 1.98437500E+002
2.90000000 7.30000000 2.00000000E+002
2.90000000 7.40000000 2.01562500E+002
2.90000000 7.50000000 2.03125000E+002
2.90000000 7.60000000 2.04687500E+002
2.90000000 7.70000000 2.06250000E+002
2.90000000 7.80000000 2.07812500E+002
2.90000000 7.90000000 2.09375000E+002
2.90000000 8.00000000 2.10937500E+002
2.90000000 8.10000000 2.12500000E+002
2.90000000 8.20000000 2.14062500E+002
2.90000000 8.30000000 2.15625000E+002
2.90000000 8.40000000 2.17187500E+002
2.90000000 8.50000000 2.18750000E+002
2.90000000 8.60000000 2.42187500E+002
2.90000000 8.70000000 2.65625000E+002
2.90000000 8.80000000 2.89062500E+002
2.90000000 8.90000000 3.12500000E+002
2.90000000 9.00000000 3.35937500E+002
2.90000000 9.10000000 3.59375000E+002
2.90000000 9.20000000 3.82812500E+002
2.90000000 9.30000000 4.06250000E+002
2.90000000 9.40000000 4.29687500E+002
2.90000000 9.50000000 4.53125000E+002
2.90000000 9.60000000 4.76562500E+002
2.90000000 9.70000000 5.00000000E+002
2.90000000 9.80000000 5.23437500E+002
2.90000000 9.90000000 5.46875000E+002
2.90000000 10.00000000 5.70312500E+002
2.90000000 10.10000000 5.93750000E+002
2.90000000 10.20000000 6.17187500E+002
2.90000000 10.30000000 6.40625000E+002
2.90000000 10.40000000 6.64062500E+002
2.90000000 10.50000000 6.87500000E+002
2.90000000 10.60000000 7.10937500E+002
2.90000000 10.70000000 7.34375000E+002
2.90000000 10.80000000 7.57812500E+002
2.90000000 10.90000000 7.81250000E+002
2.90000000 11.00000000 8.04687500E+002
3.00000000 1.00000000 7.81250000E+002
3.00000000 1.10000000 7.57812500E+002
3.00000000 1.20000000 7.34375000E+002
3.00000000 1.30000000 7.10937500E+002
3.00000000 1.40000000 6.87500000E+002
3.00000000 1.50000000 6.64062500E+002
3.00000000 1.60000000 6.40625000E+002
3.00000000 1.70000000 6.17187500E+002
3.00000000 1.80000000 5.93750000E+002
3.00000000 1.90000000 5.70312500E+002
3.00000000 2.00000000 5.46875000E+002
3.00000000 2.10000000 5.23437500E+002
3.00000000 2.20000000 5.00000000E+002
3.00000000 2.30000000 4.76562500E+002
3.00000000 2.40000000 4.53125000E+002
3.00000000 2.50000000 4.29687500E+002
3.00000000 2.60000000 4.06250000E+002
3.00000000 2.70000000 3.82812500E+002
3.00000000 2.80000000 3.59375000E+002
3.00000000 2.90000000 3.35937500E+002
3.00000000 3.00000000 3.12500000E+002
3.00000000 3.10000000 2.89062500E+002
3.00000000 3.20000000 2.65625000E+002
3.00000000 3.30000000 2.42187500E+002
3.00000000 3.40000000 2.18750000E+002
3.00000000 3.50000000 1.95312500E+002
3.00000000 3.60000000 1.93750000E+002
3.00000000 3.70000000 1.92187500E+002
3.00000000 3.80000000 1.90625000E+002
3.00000000 3.90000000 1.89062500E+002
3.00000000 4.00000000 1.87500000E+002
3.00000000 4.10000000 1.85937500E+002
3.00000000 4.20000000 1.84375000E+002
3.00000000 4.30000000 1.82812500E+002
3.00000000 4.40000000 1.81250000E+002
3.00000000 4.50000000 1.79687500E+002
3.00000000 4.60000000 1.78125000E+002
3.00000000 4.70000000 1.76562500E+002
3.00000000 4.80000000 1.75000000E+002
3.00000000 4.90000000 1.73437500E+002
3.00000000 5.00000000 1.71875000E+002
3.00000000 5.10000000 1.70312500E+002
3.00000000 5.20000000 1.68750000E+002
3.00000000 5.30000000 1.67187500E+002
3.00000000 5.40000000 1.65625000E+002
3.00000000 5.50000000 1.64062500E+002
3.00000000 5.60000000 1.62500000E+002
3.00000000 5.70000000 1.60937500E+002
3.00000000 5.80000000 1.59375000E+002
3.00000000 5.90000000 1.57812500E+002
3.00000000 6.00000000 1.56250000E+002
3.00000000 6.10000000 1.57812500E+002
3.00000000 6.20000000 1.59375000E+002
3.00000000 6.30000000 1.60937500E+002
3.00000000 6.40000000 1.62500000E+002
3.00000000 6.50000000 1.64062500E+002
3.00000000 6.60000000 1.65625000E+002
3.00000000 6.70000000 1.67187500E+002
3.00000000 6.80000000 1.68750000E+002
3.00000000 6.90000000 1.70312500E+002
3.00000000 7.00000000 1.71875000E+002
3.00000000 7.10000000 1.73437500E+002
3.00000000 7.20000000 1.75000000E+002
3.00000000 7.30000000 1.76562500E+002
3.00000000 7.40000000 1.78125000E+002
3.00000000 7.50000000 1.79687500E+002
3.00000000 7.60000000 1.81250000E+002
3.00000000 7.70000000 1.82812500E+002
3.00000000 7.80000000 1.84375000E+002
3.00000000 7.90000000 1.85937500E+002
3.00000000 8.00000000 1.87500000E+002
3.00000000 8.10000000 1.89062500E+002
3.00000000 8.20000000 1.90625000E+002
3.00000000 8.30000000 1.92187500E+002
3.00000000 8.40000000 1.93750000E+002
3.00000000 8.50000000 1.95312500E+002
3.00000000 8.60000000 2.18750000E+002
3.00000000 8.70000000 2.42187500E+002
3.00000000 8.80000000 2.65625000E+002
3.00000000 8.90000000 2.89062500E+002
3.00000000 9.00000000 3.12500000E+002
3.00000000 9.10000000 3.35937500E+002
3.00000000 9.20000000 3.59375000E+002
3.00000000 9.30000000 3.82812500E+002
3.00000000 9.40000000 4.06250000E+002
3.00000000 9.50000000 4.29687500E+002
3.00000000 9.60000000 4.53125000E+002
3.00000000 9.70000000 4.76562500E+002
3.00000000 9.80000000 5.00000000E+002
3.00000000 9.90000000 5.23437500E+002
3.00000000 10.00000000 5.46875000E+002
3.00000000 10.10000000 5.70312500E+002
3.00000000 10.20000000 5.93750000E+002
3.00000000 10.30000000 6.17187500E+002
3.00000000 10.40000000 6.40625000E+002
3.00000000 10.50000000 6.64062500E+002
3.00000000 10.60000000 6.87500000E+002
3.00000000 10.70000000 7.10937500E+002
3.00000000 10.80000000 7.34375000E+002
3.00000000 10.90000000 7.57812500E+002
3.00000000 11.00000000 7.81250000E+002
3.10000000 1.00000000 7.57812500E+002
3.10000000 1.10000000 7.34375000E+002
3.10000000 1.20000000 7.10937500E+002
3.10000000 1.30000000 6.87500000E+002
3.10000000 1.40000000 6.64062500E+002
3.10000000 1.50000000 6.40625000E+002
3.10000000 1.60000000 6.17187500E+002
3.10000000 1.70000000 5.93750000E+002
3.10000000 1.80000000 5.70312500E+002
3.10000000 1.90000000 5.46875000E+002
3.10000000 2.00000000 5.23437500E+002
3.10000000 2.10000000 5.00000000E+002
3.10000000 2.20000000 4.76562500E+002
3.10000000 2.30000000 4.53125000E+002
3.10000000 2.40000000 4.29687500E+002
3.10000000 2.50000000 4.06250000E+002
3.10000000 2.60000000 3.82812500E+002
3.10000000 2.70000000 3.59375000E+002
3.10000000 2.80000000 3.35937500E+002
3.10000000 2.90000000 3.12500000E+002
3.10000000 3.00000000 2.89062500E+002
3.10000000 3.10000000 2.65625000E+002
3.10000000 3.20000000 2.42187500E+002
3.10000000 3.30000000 2.18750000E+002
3.10000000 3.40000000 1.95312500E+002
3.10000000 3.50000000 1.71875000E+002
3.10000000 3.60000000 1.70312500E+002
3.10000000 3.70000000 1.68750000E+002
3.10000000 3.80000000 1.67187500E+002
3.10000000 3.90000000 1.65625000E+002
3.10000000 4.00000000 1.64062500E+002
3.10000000 4.10000000 1.62500000E+002
3.10000000 4.20000000 1.60937500E+002
3.10000000 4.30000000 1.59375000E+002
3.10000000 4.40000000 1.57812500E+002
3.10000000 4.50000000 1.56250000E+002
3.10000000 4.60000000 1.54687500E+002
3.10000000 4.70000000 1.53125000E+002
3.10000000 4.80000000 1.51562500E+002
3.10000000 4.90000000 1.50000000E+002
3.10000000 5.00000000 1.48437500E+002
3.10000000 5.10000000 1.46875000E+002
3.10000000 5.20000000 1.45312500E+002
3.10000000 5.30000000 1.43750000E+002
3.10000000 5.40000000 1.42187500E+002
3.10000000 5.50000000 1.40625000E+002
3.10000000 5.60000000 1.39062500E+002
3.10000000 5.70000000 1.37500000E+002
3.10000000 5.80000000 1.35937500E+002
3.10000000 5.90000000 1.34375000E+002
3.10000000 6.00000000 1.32812500E+002
3.10000000 6.10000000 1.34375000E+002
3.10000000 6.20000000 1.35937500E+002
3.10000000 6.30000000 1.37500000E+002
3.10000000 6.40000000 1.39062500E+002
3.10000000 6.50000000 1.40625000E+002
3.10000000 6.60000000 1.42187500E+002
3.10000000 6.70000000 1.43750000E+002
3.10000000 6.80000000 1.45312500E+002
3.10000000 6.90000000 1.46875000E+002
3.10000000 7.00000000 1.48437500E+002
3.10000000 7.10000000 1.50000000E+002
3.10000000 7.20000000 1.51562500E+002
3.10000000 7.30000000 1.53125000E+002
3.10000000 7.40000000 1.54687500E+002
3.10000000 7.50000000 1.56250000E+002
3.10000000 7.60000000 1.57812500E+002
3.10000000 7.70000000 1.59375000E+002
3.10000000 7.80000000 1.60937500E+002
3.10000000 7.90000000 1.62500000E+002
3.10000000 8.00000000 1.64062500E+002
3.10000000 8.10000000 1.65625000E+002
3.10000000 8.20000000 1.67187500E+002
3.10000000 8.30000000 1.68750000E+002
3.10000000 8.40000000 1.70312500E+002
3.10000000 8.50000000 1.71875000E+002
3.10000000 8.60000000 1.95312500E+002
3.10000000 8.70000000 2.18750000E+002
3.10000000 8.80000000 2.42187500E+002
3.10000000 8.90000000 2.65625000E+002
3.10000000 9.00000000 2.89062500E+002
3.10000000 9.10000000 3.12500000E+002
3.10000000 9.20000000 3.35937500E+002
3.10000000 9.30000000 3.59375000E+002
3.10000000 9.40000000 3.82812500E+002
3.10000000 9.50000000 4.06250000E+002
3.10000000 9.60000000 4.29687500E+002
3.10000000 9.70000000 4.53125000E+002
3.10000000 9.80000000 4.76562500E+002
3.10000000 9.90000000 5.00000000E+002
3.10000000 10.00000000 5.23437500E+002
3.10000000 10.10000000 5.46875000E+002
3.10000000 10.20000000 5.70312500E+002
3.10000000 10.30000000 5.93750000E+002
3.10000000 10.40000000 6.17187500E+002
3.10000000 10.50000000 6.40625000E+002
3.10000000 10.60000000 6.64062500E+002
3.10000000 10.70000000 6.87500000E+002
3.10000000 10.80000000 7.10937500E+002
3.10000000 10.90000000 7.34375000E+002
3.10000000 11.00000000 7.57812500E+002
3.20000000 1.00000000 7.34375000E+002
3.20000000 1.10000000 7.10937500E+002
3.20000000 1.20000000 6.87500000E+002
3.20000000 1.30000000 6.64062500E+002
3.20000000 1.40000000 6.40625000E+002
3.20000000 1.50000000 6.17187500E+002
3.20000000 1.60000000 5.93750000E+002
3.20000000 1.70000000 5.70312500E+002
3.20000000 1.80000000 5.46875000E+002
3.20000000 1.90000000 5.23437500E+002
3.20000000 2.00000000 5.00000000E+002
3.20000000 2.10000000 4.76562500E+002
3.20000000 2.20000000 4.53125000E+002
3.20000000 2.30000000 4.29687500E+002
3.20000000 2.40000000 4.06250000E+002
3.20000000 2.50000000 3.82812500E+002
3.20000000 2.60000000 3.59375000E+002
3.20000000 2.70000000 3.35937500E+002
3.20000000 2.80000000 3.12500000E+002
3.20000000 2.90000000 2.89062500E+002
3.20000000 3.00000000 2.65625000E+002
3.20000000 3.10000000 2.42187500E+002
3.20000000 3.20000000 2.18750000E+002
3.20000000 3.30000000 1.95312500E+002
3.20000000 3.40000000 1.71875000E+002
3.20000000 3.50000000 1.48437500E+002
3.20000000 3.60000000 1.46875000E+002
3.20000000 3.70000000 1.45312500E+002
3.20000000 3.80000000 1.43750000E+002
3.20000000 3.90000000 1.42187500E+002
3.20000000 4.00000000 1.40625000E+002
3.20000000 4.10000000 1.39062500E+002
3.20000000 4.20000000 1.37500000E+002
3.20000000 4.30000000 1.35937500E+002
3.20000000 4.40000000 1.34375000E+002
3.20000000 4.50000000 1.32812500E+002
3.20000000 4.60000000 1.31250000E+002
3.20000000 4.70000000 1.29687500E+002
3.20000000 4.80000000 1.28125000E+002
3.20000000 4.90000000 1.26562500E+002
3.20000000 5.00000000 1.25000000E+002
3.20000000 5.10000000 1.23437500E+002
3.20000000 5.20000000 1.21875000E+002
3.20000000 5.30000000 1.20312500E+002
3.20000000 5.40000000 1.18750000E+002
3.20000000 5.50000000 1.17187500E+002
3.20000000 5.60000000 1.15625000E+002
3.20000000 5.70000000 1.14062500E+002
3.20000000 5.80000000 1.12500000E+002
3.20000000 5.90000000 1.10937500E+002
3.20000000 6.00000000 1.09375000E+002
3.20000000 6.10000000 1.10937500E+002
3.20000000 6.20000000 1.12500000E+002
3.20000000 6.30000000 1.14062500E+002
3.20000000 6.40000000 1.15625000E+002
3.20000000 6.50000000 1.17187500E+002
3.20000000 6.60000000 1.18750000E+002
3.20000000 6.70000000 1.20312500E+002
3.20000000 6.80000000 1.21875000E+002
3.20000000 6.90000000 1.23437500E+002
3.20000000 7.00000000 1.25000000E+002
3.20000000 7.10000000 1.26562500E+002
3.20000000 7.20000000 1.28125000E+002
3.20000000 7.30000000 1.29687500E+002
3.20000000 7.40000000 1.31250000E+002
3.20000000 7.50000000 1.32812500E+002
3.20000000 7.60000000 1.34375000E+002
3.20000000 7.70000000 1.35937500E+002
3.20000000 7.80000000 1.37500000E+002
3.20000000 7.90000000 1.39062500E+002
3.20000000 8.00000000 1.40625000E+002
3.20000000 8.10000000 1.42187500E+002
3.20000000 8.20000000 1.43750000E+002
3.20000000 8.30000000 1.45312500E+002
3.20000000 8.40000000 1.46875000E+002
3.20000000 8.50000000 1.48437500E+002
3.20000000 8.60000000 1.71875000E+002
3.20000000 8.70000000 1.95312500E+002
3.20000000 8.80000000 2.18750000E+002
3.20000000 8.90000000 2.42187500E+002
3.20000000 9.00000000 2.65625000E+002
3.20000000 9.10000000 2.89062500E+002
3.20000000 9.20000000 3.12500000E+002
3.20000000 9.30000000 3.35937500E+002
3.20000000 9.40000000 3.59375000E+002
3.20000000 9.50000000 3.82812500E+002
3.20000000 9.60000000 4.06250000E+002
3.20000000 9.70000000 4.29687500E+002
3.20000000 9.80000000 4.53125000E+002
3.20000000 9.90000000 4.76562500E+002
3.20000000 10.00000000 5.00000000E+002
3.20000000 10.10000000 5.23437500E+002
3.20000000 10.20000000 5.46875000E+002
3.20000000 10.30000000 5.70312500E+002
3.20000000 10.40000000 5.93750000E+002
3.20000000 10.50000000 6.17187500E+002
3.20000000 10.60000000 6.40625000E+002
3.20000000 10.70000000 6.64062500E+002
3.20000000 10.80000000 6.87500000E+002
3.20000000 10.90000000 7.10937500E+002
3.20000000 11.00000000 7.34375000E+002
3.30000000 1.00000000 7.10937500E+002
3.30000000 1.10000000 6.87500000E+002
3.30000000 1.20000000 6.64062500E+002
3.30000000 1.30000000 6.40625000E+002
3.30000000 1.40000000 6.17187500E+002
3.30000000 1.50000000 5.93750000E+002
3.30000000 1.60000000 5.70312500E+002
3.30000000 1.70000000 5.46875000E+002
3.30000000 1.80000000 5.23437500E+002
3.30000000 1.90000000 5.00000000E+002
3.30000000 2.00000000 4.76562500E+002
3.30000000 2.10000000 4.53125000E+002
3.30000000 2.20000000 4.29687500E+002
3.30000000 2.30000000 4.06250000E+002
3.30000000 2.40000000 3.82812500E+002
3.30000000 2.50000000 3.59375000E+002
3.30000000 2.60000000 3.35937500E+002
3.30000000 2.70000000 3.12500000E+002
3.30000000 2.80000000 2.89062500E+002
3.30000000 2.90000000 2.65625000E+002
3.30000000 3.00000000 2.42187500E+002
3.30000000 3.10000000 2.18750000E+002
3.30000000 3.20000000 1.95312500E+002
3.30000000 3.30000000 1.71875000E+002
3.30000000 3.40000000 1.48437500E+002
3.30000000 3.50000000 1.25000000E+002
3.30000000 3.60000000 1.23437500E+002
3.30000000 3.70000000 1.21875000E+002
3.30000000 3.80000000 1.20312500E+002
3.30000000 3.90000000 1.18750000E+002
3.30000000 4.00000000 1.17187500E+002
3.30000000 4.10000000 1.15625000E+002
3.30000000 4.20000000 1.14062500E+002
3.30000000 4.30000000 1.12500000E+002
3.30000000 4.40000000 1.10937500E+002
3.30000000 4.50000000 1.09375000E+002
3.30000000 4.60000000 1.07812500E+002
3.30000000 4.70000000 1.06250000E+002
3.30000000 4.80000000 1.04687500E+002
3.30000000 4.90000000 1.03125000E+002
3.30000000 5.00000000 1.01562500E+002
3.30000000 5.10000000 1.00000000E+002
3.30000000 5.20000000 9.84375000E+001
3.30000000 5.30000000 9.68750000E+001
3.30000000 5.40000000 9.53125000E+001
3.30000000 5.50000000 9.37500000E+001
3.30000000 5.60000000 9.21875000E+001
3.30000000 5.70000000 9.06250000E+001
3.30000000 5.80000000 8.90625000E+001
3.30000000 5.90000000 8.75000000E+001
3.30000000 6.00000000 8.59375000E+001
3.30000000 6.10000000 8.75000000E+001
3.30000000 6.20000000 8.90625000E+001
3.30000000 6.30000000 9.06250000E+001
3.30000000 6.40000000 9.21875000E+001
3.30000000 6.50000000 9.37500000E+001
3.30000000 6.60000000 9.53125000E+001
3.30000000 6.70000000 9.68750000E+001
3.30000000 6.80000000 9.84375000E+001
3.30000000 6.90000000 1.00000000E+002
3.30000000 7.00000000 1.01562500E+002
3.30000000 7.10000000 1.03125000E+002
3.30000000 7.20000000 1.04687500E+002
3.30000000 7.30000000 1.06250000E+002
3.30000000 7.40000000 1.07812500E+002
3.30000000 7.50000000 1.09375000E+002
3.30000000 7.60000000 1.10937500E+002
3.30000000 7.70000000 1.12500000E+002
3.30000000 7.80000000 1.14062500E+002
3.30000000 7.90000000 1.15625000E+002
3.30000000 8.00000000 1.17187500E+002
3.30000000 8.10000000 1.18750000E+002
3.30000000 8.20000000 1.20312500E+002
3.30000000 8.30000000 1.21875000E+002
3.30000000 8.40000000 1.23437500E+002
3.30000000 8.50000000 1.25000000E+002
3.30000000 8.60000000 1.48437500E+002
3.30000000 8.70000000 1.71875000E+002
3.30000000 8.80000000 1.95312500E+002
3.30000000 8.90000000 2.18750000E+002
3.30000000 9.00000000 2.42187500E+002
3.30000000 9.10000000 2.65625000E+002
3.30000000 9.20000000 2.89062500E+002
3.30000000 9.30000000 3.12500000E+002
3.30000000 9.40000000 3.35937500E+002
3.30000000 9.50000000 3.59375000E+002
3.30000000 9.60000000 3.82812500E+002
3.30000000 9.70000000 4.06250000E+002
3.30000000 9.80000000 4.29687500E+002
3.30000000 9.90000000 4.53125000E+002
3.30000000 10.00000000 4.76562500E+002
3.30000000 10.10000000 5.00000000E+002
3.30000000 10.20000000 5.23437500E+002
3.30000000 10.30000000 5.46875000E+002
3.30000000 10.40000000 5.70312500E+002
3.30000000 10.50000000 5.93750000E+002
3.30000000 10.60000000 6.17187500E+002
3.30000000 10.70000000 6.40625000E+002
3.30000000 10.80000000 6.64062500E+002
3.30000000 10.90000000 6.87500000E+002
3.30000000 11.00000000 7.10937500E+002
3.40000000 1.00000000 6.87500000E+002
3.40000000 1.10000000 6.64062500E+002
3.40000000 1.20000000 6.40625000E+002
3.40000000 1.30000000 6.17187500E+002
3.40000000 1.40000000 5.93750000E+002
3.40000000 1.50000000 5.70312500E+002
3.40000000 1.60000000 5.46875000E+002
3.40000000 1.70000000 5.23437500E+002
3.40000000 1.80000000 5.00000000E+002
3.40000000 1.90000000 4.76562500E+002
3.40000000 2.00000000 4.53125000E+002
3.40000000 2.10000000 4.29687500E+002
3.40000000 2.20000000 4.06250000E+002
3.40000000 2.30000000 3.82812500E+002
3.40000000 2.40000000 3.59375000E+002
3.40000000 2.50000000 3.35937500E+002
3.40000000 2.60000000 3.12500000E+002
3.40000000 2.70000000 2.89062500E+002
3.40000000 2.80000000 2.65625000E+002
3.40000000 2.90000000 2.42187500E+002
3.40000000 3.00000000 2.18750000E+002
3.40000000 3.10000000 1.95312500E+002
3.40000000 3.20000000 1.71875000E+002
3.40000000 3.30000000 1.48437500E+002
3.40000000 3.40000000 1.25000000E+002
3.40000000 3.50000000 1.01562500E+002
3.40000000 3.60000000 1.00000000E+002
3.40000000 3.70000000 9.84375000E+001
3.40000000 3.80000000 9.68750000E+001
3.40000000 3.90000000 9.53125000E+001
3.40000000 4.00000000 9.37500000E+001
3.40000000 4.10000000 9.21875000E+001
3.40000000 4.20000000 9.06250000E+001
3.40000000 4.30000000 8.90625000E+001
3.40000000 4.40000000 8.75000000E+001
3.40000000 4.50000000 8.59375000E+001
3.40000000 4.60000000 8.43750000E+001
3.40000000 4.70000000 8.28125000E+001
3.40000000 4.80000000 8.12500000E+001
3.40000000 4.90000000 7.96875000E+001
3.40000000 5.00000000 7.81250000E+001
3.40000000 5.10000000 7.65625000E+001
3.40000000 5.20000000 7.50000000E+001
3.40000000 5.30000000 7.34375000E+001
3.40000000 5.40000000 7.18750000E+001
3.40000000 5.50000000 7.03125000E+001
3.40000000 5.60000000 6.87500000E+001
3.40000000 5.70000000 6.71875000E+001
3.40000000 5.80000000 6.56250000E+001
3.40000000 5.90000000 6.40625000E+001
3.40000000 6.00000000 6.25000000E+001
3.40000000 6.10000000 6.40625000E+001
3.40000000 6.20000000 6.56250000E+001
3.40000000 6.30000000 6.71875000E+001
3.40000000 6.40000000 6.87500000E+001
3.40000000 6.50000000 7.03125000E+001
3.40000000 6.60000000 7.18750000E+001
3.40000000 6.70000000 7.34375000E+001
3.40000000 6.80000000 7.50000000E+001
3.40000000 6.90000000 7.65625000E+001
3.40000000 7.00000000 7.81250000E+001
3.40000000 7.10000000 7.96875000E+001
3.40000000 7.20000000 8.12500000E+001
3.40000000 7.30000000 8.28125000E+001
3.40000000 7.40000000 8.43750000E+001
3.40000000 7.50000000 8.59375000E+001
3.40000000 7.60000000 8.75000000E+001
3.40000000 7.70000000 8.90625000E+001
3.40000000 7.80000000 9.06250000E+001
3.40000000 7.90000000 9.21875000E+001
3.40000000 8.00000000 9.37500000E+001
3.40000000 8.10000000 9.53125000E+001
3.40000000 8.20000000 9.68750000E+001
3.40000000 8.30000000 9.84375000E+001
3.40000000 8.40000000 1.00000000E+002
3.40000000 8.50000000 1.01562500E+002
3.40000000 8.60000000 1.25000000E+002
3.40000000 8.70000000 1.48437500E+002
3.40000000 8.80000000 1.71875000E+002
3.40000000 8.90000000 1.95312500E+002
3.40000000 9.00000000 2.18750000E+002
3.40000000 9.10000000 2.42187500E+002
3.40000000 9.20000000 2.65625000E+002
3.40000000 9.30000000 2.89062500E+002
3.40000000 9.40000000 3.12500000E+002
3.40000000 9.50000000 3.35937500E+002
3.40000000 9.60000000 3.59375000E+002
3.40000000 9.70000000 3.82812500E+002
3.40000000 9.80000000 4.06250000E+002
3.40000000 9.90000000 4.29687500E+002
3.40000000 10.00000000 4.53125000E+002
3.40000000 10.10000000 4.76562500E+002
3.40000000 10.20000000 5.00000000E+002
3.40000000 10.30000000 5.23437500E+002
3.40000000 10.40000000 5.46875000E+002
3.40000000 10.50000000 5.70312500E+002
3.40000000 10.60000000 5.93750000E+002
3.40000000 10.70000000 6.17187500E+002
3.40000000 10.80000000 6.40625000E+002
3.40000000 10.90000000 6.64062500E+002
3.40000000 11.00000000 6.87500000E+002
3.50000000 1.00000000 6.64062500E+002
3.50000000 1.10000000 6.40625000E+002
3.50000000 1.20000000 6.17187500E+002
3.50000000 1.30000000 5.93750000E+002
3.50000000 1.40000000 5.70312500E+002
3.50000000 1.50000000 5.46875000E+002
3.50000000 1.60000000 5.23437500E+002
3.50000000 1.70000000 5.00000000E+002
3.50000000 1.80000000 4.76562500E+002
3.50000000 1.90000000 4.53125000E+002
3.50000000 2.00000000 4.29687500E+002
3.50000000 2.10000000 4.06250000E+002
3.50000000 2.20000000 3.82812500E+002
3.50000000 2.30000000 3.59375000E+002
3.50000000 2.40000000 3.35937500E+002
3.50000000 2.50000000 3.12500000E+002
3.50000000 2.60000000 2.89062500E+002
3.50000000 2.70000000 2.65625000E+002
3.50000000 2.80000000 2.42187500E+002
3.50000000 2.90000000 2.18750000E+002
3.50000000 3.00000000 1.95312500E+002
3.50000000 3.10000000 1.71875000E+002
3.50000000 3.20000000 1.48437500E+002
3.50000000 3.30000000 1.25000000E+002
3.50000000 3.40000000 1.01562500E+002
3.50000000 3.50000000 7.81250000E+001
3.50000000 3.60000000 7.65625000E+001
3.50000000 3.70000000 7.50000000E+001
3.50000000 3.80000000 7.34375000E+001
3.50000000 3.90000000 7.18750000E+001
3.50000000 4.00000000 7.03125000E+001
3.50000000 4.10000000 6.87500000E+001
3.50000000 4.20000000 6.71875000E+001
3.50000000 4.30000000 6.56250000E+001
3.50000000 4.40000000 6.40625000E+001
3.50000000 4.50000000 6.25000000E+001
3.50000000 4.60000000 6.09375000E+001
3.50000000 4.70000000 5.93750000E+001
3.50000000 4.80000000 5.78125000E+001
3.50000000 4.90000000 5.62500000E+001
3.50000000 5.00000000 5.46875000E+001
3.50000000 5.10000000 5.31250000E+001
3.50000000 5.20000000 5.15625000E+001
3.50000000 5.30000000 5.00000000E+001
3.50000000 5.40000000 4.84375000E+001
3.50000000 5.50000000 4.68750000E+001
3.50000000 5.60000000 4.53125000E+001
3.50000000 5.70000000 4.37500000E+001
3.50000000 5.80000000 4.21875000E+001
3.50000000 5.90000000 4.06250000E+001
3.50000000 6.00000000 3.90625000E+001
3.50000000 6.10000000 4.06250000E+001
3.50000000 6.20000000 4.21875000E+001
3.50000000 6.30000000 4.37500000E+001
3.50000000 6.40000000 4.53125000E+001
3.50000000 6.50000000 4.68750000E+001
3.50000000 6.60000000 4.84375000E+001
3.50000000 6.70000000 5.00000000E+001
3.50000000 6.80000000 5.15625000E+001
3.50000000 6.90000000 5.31250000E+001
3.50000000 7.00000000 5.46875000E+001
3.50000000 7.10000000 5.62500000E+001
3.50000000 7.20000000 5.78125000E+001
3.50000000 7.30000000 5.93750000E+001
3.50000000 7.40000000 6.09375000E+001
3.50000000 7.50000000 6.25000000E+001
3.50000000 7.60000000 6.40625000E+001
3.50000000 7.70000000 6.56250000E+001
3.50000000 7.80000000 6.71875000E+001
3.50000000 7.90000000 6.87500000E+001
3.50000000 8.00000000 7.03125000E+001
3.50000000 8.10000000 7.18750000E+001
3.50000000 8.20000000 7.34375000E+001
3.50000000 8.30000000 7.50000000E+001
3.50000000 8.40000000 7.65625000E+001
3.50000000 8.50000000 7.81250000E+001
3.50000000 8.60000000 1.01562500E+002
3.50000000 8.70000000 1.25000000E+002
3.50000000 8.80000000 1.48437500E+002
3.50000000 8.90000000 1.71875000E+002
3.50000000 9.00000000 1.95312500E+002
3.50000000 9.10000000 2.18750000E+002
3.50000000 9.20000000 2.42187500E+002
3.50000000 9.30000000 2.65625000E+002
3.50000000 9.40000000 2.89062500E+002
3.50000000 9.50000000 3.12500000E+002
3.50000000 9.60000000 3.35937500E+002
3.50000000 9.70000000 3.59375000E+002
3.50000000 9.80000000 3.82812500E+002
3.50000000 9.90000000 4.06250000E+002
3.50000000 10.00000000 4.29687500E+002
3.50000000 10.10000000 4.53125000E+002
3.50000000 10.20000000 4.76562500E+002
3.50000000 10.30000000 5.00000000E+002
3.50000000 10.40000000 5.23437500E+002
3.50000000 10.50000000 5.46875000E+002
3.50000000 10.60000000 5.70312500E+002
3.50000000 10.70000000 5.93750000E+002
3.50000000 10.80000000 6.17187500E+002
3.50000000 10.90000000 6.40625000E+002
3.50000000 11.00000000 6.64062500E+002
3.60000000 1.00000000 6.62500000E+002
3.60000000 1.10000000 6.39062500E+002
3.60000000 1.20000000 6.15625000E+002
3.60000000 1.30000000 5.92187500E+002
3.60000000 1.40000000 5.68750000E+002
3.60000000 1.50000000 5.45312500E+002
3.60000000 1.60000000 5.21875000E+002
3.60000000 1.70000000 4.98437500E+002
3.60000000 1.80000000 4.75000000E+002
3.60000000 1.90000000 4.51562500E+002
3.60000000 2.00000000 4.28125000E+002
3.60000000 2.10000000 4.04687500E+002
3.60000000 2.20000000 3.81250000E+002
3.60000000 2.30000000 3.57812500E+002
3.60000000 2.40000000 3.34375000E+002
3.60000000 2.50000000 3.10937500E+002
3.60000000 2.60000000 2.87500000E+002
3.60000000 2.70000000 2.64062500E+002
3.60000000 2.80000000 2.40625000E+002
3.60000000 2.90000000 2.17187500E+002
3.60000000 3.00000000 1.93750000E+002
3.60000000 3.10000000 1.70312500E+002
3.60000000 3.20000000 1.46875000E+002
3.60000000 3.30000000 1.23437500E+002
3.60000000 3.40000000 1.00000000E+002
3.60000000 3.50000000 7.65625000E+001
3.60000000 3.60000000 7.50000000E+001
3.60000000 3.70000000 7.34375000E+001
3.60000000 3.80000000 7.18750000E+001
3.60000000 3.90000000 7.03125000E+001
3.60000000 4.00000000 6.87500000E+001
3.60000000 4.10000000 6.71875000E+001
3.60000000 4.20000000 6.56250000E+001
3.60000000 4.30000000 6.40625000E+001
3.60000000 4.40000000 6.25000000E+001
3.60000000 4.50000000 6.09375000E+001
3.60000000 4.60000000 5.93750000E+001
3.60000000 4.70000000 5.78125000E+001
3.60000000 4.80000000 5.62500000E+001
3.60000000 4.90000000 5.46875000E+001
3.60000000 5.00000000 5.31250000E+001
3.60000000 5.10000000 5.15625000E+001
3.60000000 5.20000000 5.00000000E+001
3.60000000 5.30000000 4.84375000E+001
3.60000000 5.40000000 4.68750000E+001
3.60000000 5.50000000 4.53125000E+001
3.60000000 5.60000000 4.37500000E+001
3.60000000 5.70000000 4.21875000E+001
3.60000000 5.80000000 4.06250000E+001
3.60000000 5.90000000 3.90625000E+001
3.60000000 6.00000000 3.75000000E+001
3.60000000 6.10000000 3.90625000E+001
3.60000000 6.20000000 4.06250000E+001
3.60000000 6.30000000 4.21875000E+001
3.60000000 6.40000000 4.37500000E+001
3.60000000 6.50000000 4.53125000E+001
3.60000000 6.60000000 4.68750000E+001
3.60000000 6.70000000 4.84375000E+001
3.60000000 6.80000000 5.00000000E+001
3.60000000 6.90000000 5.15625000E+001
3.60000000 7.00000000 5.31250000E+001
3.60000000 7.10000000 5.46875000E+001
3.60000000 7.20000000 5.62500000E+001
3.60000000 7.30000000 5.78125000E+001
3.60000000 7.40000000 5.93750000E+001
3.60000000 7.50000000 6.09375000E+001
3.60000000 7.60000000 6.25000000E+001
3.60000000 7.70000000 6.40625000E+001
3.60000000 7.80000000 6.56250000E+001
3.60000000 7.90000000 6.71875000E+001
3.60000000 8.00000000 6.87500000E+001
3.60000000 8.10000000 7.03125000E+001
3.60000000 8.20000000 7.18750000E+001
3.60000000 8.30000000 7.34375000E+001
3.60000000 8.40000000 7.50000000E+001
3.60000000 8.50000000 7.65625000E+001
3.60000000 8.60000000 1.00000000E+002
3.60000000 8.70000000 1.23437500E+002
3.60000000 8.80000000 1.46875000E+002
3.60000000 8.90000000 1.70312500E+002
3.60000000 9.00000000 1.93750000E+002
3.60000000 9.10000000 2.17187500E+002
3.60000000 9.20000000 2.40625000E+002
3.60000000 9.30000000 2.64062500E+002
3.60000000 9.40000000 2.87500000E+002
3.60000000 9.50000000 3.10937500E+002
3.60000000 9.60000000 3.34375000E+002
3.60000000 9.70000000 3.57812500E+002
3.60000000 9.80000000 3.81250000E+002
3.60000000 9.90000000 4.04687500E+002
3.60000000 10.00000000 4.28125000E+002
3.60000000 10.10000000 4.51562500E+002
3.60000000 10.20000000 4.75000000E+002
3.60000000 10.30000000 4.98437500E+002
3.60000000 10.40000000 5.21875000E+002
3.60000000 10.50000000 5.45312500E+002
3.60000000 10.60000000 5.68750000E+002
3.60000000 10.70000000 5.92187500E+002
3.60000000 10.80000000 6.15625000E+002
3.60000000 10.90000000 6.39062500E+002
3.60000000 11.00000000 6.62500000E+002
3.70000000 1.00000000 6.60937500E+002
3.70000000 1.10000000 6.37500000E+002
3.70000000 1.20000000 6.14062500E+002
3.70000000 1.30000000 5.90625000E+002
3.70000000 1.40000000 5.67187500E+002
3.70000000 1.50000000 5.43750000E+002
3.70000000 1.60000000 5.20312500E+002
3.70000000 1.70000000 4.96875000E+002
3.70000000 1.80000000 4.73437500E+002
3.70000000 1.90000000 4.50000000E+002
3.70000000 2.00000000 4.26562500E+002
3.70000000 2.10000000 4.03125000E+002
3.70000000 2.20000000 3.79687500E+002
3.70000000 2.30000000 3.56250000E+002
3.70000000 2.40000000 3.32812500E+002
3.70000000 2.50000000 3.09375000E+002
3.70000000 2.60000000 2.85937500E+002
3.70000000 2.70000000 2.62500000E+002
3.70000000 2.80000000 2.39062500E+002
3.70000000 2.90000000 2.15625000E+002
3.70000000 3.00000000 1.92187500E+002
3.70000000 3.10000000 1.68750000E+002
3.70000000 3.20000000 1.45312500E+002
3.70000000 3.30000000 1.21875000E+002
3.70000000 3.40000000 9.84375000E+001
3.70000000 3.50000000 7.50000000E+001
3.70000000 3.60000000 7.34375000E+001
3.70000000 3.70000000 7.18750000E+001
3.70000000 3.80000000 7.03125000E+001
3.70000000 3.90000000 6.87500000E+001
3.70000000 4.00000000 6.71875000E+001
3.70000000 4.10000000 6.56250000E+001
3.70000000 4.20000000 6.40625000E+001
3.70000000 4.30000000 6.25000000E+001
3.70000000 4.40000000 6.09375000E+001
3.70000000 4.50000000 5.93750000E+001
3.70000000 4.60000000 5.78125000E+001
3.70000000 4.70000000 5.62500000E+001
3.70000000 4.80000000 5.46875000E+001
3.70000000 4.90000000 5.31250000E+001
3.70000000 5.00000000 5.15625000E+001
3.70000000 5.10000000 5.00000000E+001
3.70000000 5.20000000 4.84375000E+001
3.70000000 5.30000000 4.68750000E+001
3.70000000 5.40000000 4.53125000E+001
3.70000000 5.50000000 4.37500000E+001
3.70000000 5.60000000 4.21875000E+001
3.70000000 5.70000000 4.06250000E+001
3.70000000 5.80000000 3.90625000E+001
3.70000000 5.90000000 3.75000000E+001
3.70000000 6.00000000 3.59375000E+001
3.70000000 6.10000000 3.75000000E+001
3.70000000 6.20000000 3.90625000E+001
3.70000000 6.30000000 4.06250000E+001
3.70000000 6.40000000 4.21875000E+001
3.70000000 6.50000000 4.37500000E+001
3.70000000 6.60000000 4.53125000E+001
3.70000000 6.70000000 4.68750000E+001
3.70000000 6.80000000 4.84375000E+001
3.70000000 6.90000000 5.00000000E+001
3.70000000 7.00000000 5.15625000E+001
3.70000000 7.10000000 5.31250000E+001
3.70000000 7.20000000 5.46875000E+001
3.70000000 7.30000000 5.62500000E+001
3.70000000 7.40000000 5.78125000E+001
3.70000000 7.50000000 5.93750000E+001
3.70000000 7.60000000 6.09375000E+001
3.70000000 7.70000000 6.25000000E+001
3.70000000 7.80000000 6.40625000E+001
3.70000000 7.90000000 6.56250000E+001
3.70000000 8.00000000 6.71875000E+001
3.70000000 8.10000000 6.87500000E+001
3.70000000 8.20000000 7.03125000E+001
3.70000000 8.30000000 7.18750000E+001
3.70000000 8.40000000 7.34375000E+001
3.70000000 8.50000000 7.50000000E+001
3.70000000 8.60000000 9.84375000E+001
3.70000000 8.70000000 1.21875000E+002
3.70000000 8.80000000 1.45312500E+002
3.70000000 8.90000000 1.68750000E+002
3.70000000 9.00000000 1.92187500E+002
3.70000000 9.10000000 2.15625000E+002
3.70000000 9.20000000 2.39062500E+002
3.70000000 9.30000000 2.62500000E+002
3.70000000 9.40000000 2.85937500E+002
3.70000000 9.50000000 3.09375000E+002
3.70000000 9.60000000 3.32812500E+002
3.70000000 9.70000000 3.56250000E+002
3.70000000 9.80000000 3.79687500E+002
3.70000000 9.90000000 4.03125000E+002
3.70000000 10.00000000 4.26562500E+002
3.70000000 10.10000000 4.50000000E+002
3.70000000 10.20000000 4.73437500E+002
3.70000000 10.30000000 4.96875000E+002
3.70000000 10.40000000 5.20312500E+002
3.70000000 10.50000000 5.43750000E+002
3.70000000 10.60000000 5.67187500E+002
3.70000000 10.70000000 5.90625000E+002
3.70000000 10.80000000 6.14062500E+002
3.70000000 10.90000000 6.37500000E+002
3.70000000 11.00000000 6.60937500E+002
3.80000000 1.00000000 6.59375000E+002
3.80000000 1.10000000 6.35937500E+002
3.80000000 1.20000000 6.12500000E+002
3.80000000 1.30000000 5.89062500E+002
3.80000000 1.40000000 5.65625000E+002
3.80000000 1.50000000 5.42187500E+002
3.80000000 1.60000000 5.18750000E+002
3.80000000 1.70000000 4.95312500E+002
3.80000000 1.80000000 4.71875000E+002
3.80000000 1.90000000 4.48437500E+002
3.80000000 2.00000000 4.25000000E+002
3.80000000 2.10000000 4.01562500E+002
3.80000000 2.20000000 3.78125000E+002
3.80000000 2.30000000 3.54687500E+002
3.80000000 2.40000000 3.31250000E+002
3.80000000 2.50000000 3.07812500E+002
3.80000000 2.60000000 2.84375000E+002
3.80000000 2.70000000 2.60937500E+002
3.80000000 2.80000000 2.37500000E+002
3.80000000 2.90000000 2.14062500E+002
3.80000000 3.00000000 1.90625000E+002
3.80000000 3.10000000 1.67187500E+002
3.80000000 3.20000000 1.43750000E+002
3.80000000 3.30000000 1.20312500E+002
3.80000000 3.40000000 9.68750000E+001
3.80000000 3.50000000 7.34375000E+001
3.80000000 3.60000000 7.18750000E+001
3.80000000 3.70000000 7.03125000E+001
3.80000000 3.80000000 6.87500000E+001
3.80000000 3.90000000 6.71875000E+001
3.80000000 4.00000000 6.56250000E+001
3.80000000 4.10000000 6.40625000E+001
3.80000000 4.20000000 6.25000000E+001
3.80000000 4.30000000 6.09375000E+001
3.80000000 4.40000000 5.93750000E+001
3.80000000 4.50000000 5.78125000E+001
3.80000000 4.60000000 5.62500000E+001
3.80000000 4.70000000 5.46875000E+001
3.80000000 4.80000000 5.31250000E+001
3.80000000 4.90000000 5.15625000E+001
3.80000000 5.00000000 5.00000000E+001
3.80000000 5.10000000 4.84375000E+001
3.80000000 5.20000000 4.68750000E+001
3.80000000 5.30000000 4.53125000E+001
3.80000000 5.40000000 4.37500000E+001
3.80000000 5.50000000 4.21875000E+001
3.80000000 5.60000000 4.06250000E+001
3.80000000 5.70000000 3.90625000E+001
3.80000000 5.80000000 3.75000000E+001
3.80000000 5.90000000 3.59375000E+001
3.80000000 6.00000000 3.43750000E+001
3.80000000 6.10000000 3.59375000E+001
3.80000000 6.20000000 3.75000000E+001
3.80000000 6.30000000 3.90625000E+001
3.80000000 6.40000000 4.06250000E+001
3.80000000 6.50000000 4.21875000E+001
3.80000000 6.60000000 4.37500000E+001
3.80000000 6.70000000 4.53125000E+001
3.80000000 6.80000000 4.68750000E+001
3.80000000 6.90000000 4.84375000E+001
3.80000000 7.00000000 5.00000000E+001
3.80000000 7.10000000 5.15625000E+001
3.80000000 7.20000000 5.31250000E+001
3.80000000 7.30000000 5.46875000E+001
3.80000000 7.40000000 5.62500000E+001
3.80000000 7.50000000 5.78125000E+001
3.80000000 7.60000000 5.93750000E+001
3.80000000 7.70000000 6.09375000E+001
3.80000000 7.80000000 6.25000000E+001
3.80000000 7.90000000 6.40625000E+001
3.80000000 8.00000000 6.56250000E+001
3.80000000 8.10000000 6.71875000E+001
3.80000000 8.20000000 6.87500000E+001
3.80000000 8.30000000 7.03125000E+001
3.80000000 8.40000000 7.18750000E+001
3.80000000 8.50000000 7.34375000E+001
3.80000000 8.60000000 9.68750000E+001
3.80000000 8.70000000 1.20312500E+002
3.80000000 8.80000000 1.43750000E+002
3.80000000 8.90000000 1.67187500E+002
3.80000000 9.00000000 1.90625000E+002
3.80000000 9.10000000 2.14062500E+002
3.80000000 9.20000000 2.37500000E+002
3.80000000 9.30000000 2.60937500E+002
3.80000000 9.40000000 2.84375000E+002
3.80000000 9.50000000 3.07812500E+002
3.80000000 9.60000000 3.31250000E+002
3.80000000 9.70000000 3.54687500E+002
3.80000000 9.80000000 3.78125000E+002
3.80000000 9.90000000 4.01562500E+002
3.80000000 10.00000000 4.25000000E+002
3.80000000 10.10000000 4.48437500E+002
3.80000000 10.20000000 4.71875000E+002
3.80000000 10.30000000 4.95312500E+002
3.80000000 10.40000000 5.18750000E+002
3.80000000 10.50000000 5.42187500E+002
3.80000000 10.60000000 5.65625000E+002
3.80000000 10.70000000 5.89062500E+002
3.80000000 10.80000000 6.12500000E+002
3.80000000 10.90000000 6.35937500E+002
3.80000000 11.00000000 6.59375000E+002
3.90000000 1.00000000 6.57812500E+002
3.90000000 1.10000000 6.34375000E+002
3.90000000 1.20000000 6.10937500E+002
3.90000000 1.30000000 5.87500000E+002
3.90000000 1.40000000 5.64062500E+002
3.90000000 1.50000000 5.40625000E+002
3.90000000 1.60000000 5.17187500E+002
3.90000000 1.70000000 4.93750000E+002
3.90000000 1.80000000 4.70312500E+002
3.90000000 1.90000000 4.46875000E+002
3.90000000 2.00000000 4.23437500E+002
3.90000000 2.10000000 4.00000000E+002
3.90000000 2.20000000 3.76562500E+002
3.90000000 2.30000000 3.53125000E+002
3.90000000 2.40000000 3.29687500E+002
3.90000000 2.50000000 3.06250000E+002
3.90000000 2.60000000 2.82812500E+002
3.90000000 2.70000000 2.59375000E+002
3.90000000 2.80000000 2.35937500E+002
3.90000000 2.90000000 2.12500000E+002
3.90000000 3.00000000 1.89062500E+002
3.90000000 3.10000000 1.65625000E+002
3.90000000 3.20000000 1.42187500E+002
3.90000000 3.30000000 1.18750000E+002
3.90000000 3.40000000 9.53125000E+001
3.90000000 3.50000000 7.18750000E+001
3.90000000 3.60000000 7.03125000E+001
3.90000000 3.70000000 6.87500000E+001
3.90000000 3.80000000 6.71875000E+001
3.90000000 3.90000000 6.56250000E+001
3.90000000 4.00000000 6.40625000E+001
3.90000000 4.10000000 6.25000000E+001
3.90000000 4.20000000 6.09375000E+001
3.90000000 4.30000000 5.93750000E+001
3.90000000 4.40000000 5.78125000E+001
3.90000000 4.50000000 5.62500000E+001
3.90000000 4.60000000 5.46875000E+001
3.90000000 4.70000000 5.31250000E+001
3.90000000 4.80000000 5.15625000E+001
3.90000000 4.90000000 5.00000000E+001
3.90000000 5.00000000 4.84375000E+001
3.90000000 5.10000000 4.68750000E+001
3.90000000 5.20000000 4.53125000E+001
3.90000000 5.30000000 4.37500000E+001
3.90000000 5.40000000 4.21875000E+001
3.90000000 5.50000000 4.06250000E+001
3.90000000 5.60000000 3.90625000E+001
3.90000000 5.70000000 3.75000000E+001
3.90000000 5.80000000 3.59375000E+001
3.90000000 5.90000000 3.43750000E+001
3.90000000 6.00000000 3.28125000E+001
3.90000000 6.10000000 3.43750000E+001
3.90000000 6.20000000 3.59375000E+001
3.90000000 6.30000000 3.75000000E+001
3.90000000 6.40000000 3.90625000E+001
3.90000000 6.50000000 4.06250000E+001
3.90000000 6.60000000 4.21875000E+001
3.90000000 6.70000000 4.37500000E+001
3.90000000 6.80000000 4.53125000E+001
3.90000000 6.90000000 4.68750000E+001
3.90000000 7.00000000 4.84375000E+001
3.90000000 7.10000000 5.00000000E+001
3.90000000 7.20000000 5.15625000E+001
3.90000000 7.30000000 5.31250000E+001
3.90000000 7.40000000 5.46875000E+001
3.90000000 7.50000000 5.62500000E+001
3.90000000 7.60000000 5.78125000E+001
3.90000000 7.70000000 5.93750000E+001
3.90000000 7.80000000 6.09375000E+001
3.90000000 7.90000000 6.25000000E+001
3.90000000 8.00000000 6.40625000E+001
3.90000000 8.10000000 6.56250000E+001
3.90000000 8.20000000 6.71875000E+001
3.90000000 8.30000000 6.87500000E+001
3.90000000 8.40000000 7.03125000E+001
3.90000000 8.50000000 7.18750000E+001
3.90000000 8.60000000 9.53125000E+001
3.90000000 8.70000000 1.18750000E+002
3.90000000 8.80000000 1.42187500E+002
3.90000000 8.90000000 1.65625000E+002
3.90000000 9.00000000 1.89062500E+002
3.90000000 9.10000000 2.12500000E+002
3.90000000 9.20000000 2.35937500E+002
3.90000000 9.30000000 2.59375000E+002
3.90000000 9.40000000 2.82812500E+002
3.90000000 9.50000000 3.06250000E+002
3.90000000 9.60000000 3.29687500E+002
3.90000000 9.70000000 3.53125000E+002
3.90000000 9.80000000 3.76562500E+002
3.90000000 9.90000000 4.00000000E+002
3.90000000 10.00000000 4.23437500E+002
3.90000000 10.10000000 4.46875000E+002
3.90000000 10.20000000 4.70312500E+002
3.90000000 10.30000000 4.93750000E+002
3.90000000 10.40000000 5.17187500E+002
3.90000000 10.50000000 5.40625000E+002
3.90000000 10.60000000 5.64062500E+002
3.90000000 10.70000000 5.87500000E+002
3.90000000 10.80000000 6.10937500E+002
3.90000000 10.90000000 6.34375000E+002
3.90000000 11.00000000 6.57812500E+002
4.00000000 1.00000000 6.56250000E+002
4.00000000 1.10000000 6.32812500E+002
4.00000000 1.20000000 6.09375000E+002
4.00000000 1.30000000 5.85937500E+002
4.00000000 1.40000000 5.62500000E+002
4.00000000 1.50000000 5.39062500E+002
4.00000000 1.60000000 5.15625000E+002
4.00000000 1.70000000 4.92187500E+002
4.00000000 1.80000000 4.68750000E+002
4.00000000 1.90000000 4.45312500E+002
4.00000000 2.00000000 4.21875000E+002
4.00000000 2.10000000 3.98437500E+002
4.00000000 2.20000000 3.75000000E+002
4.00000000 2.30000000 3.51562500E+002
4.00000000 2.40000000 3.28125000E+002
4.00000000 2.50000000 3.04687500E+002
4.00000000 2.60000000 2.81250000E+002
4.00000000 2.70000000 2.57812500E+002
4.00000000 2.80000000 2.34375000E+002
4.00000000 2.90000000 2.10937500E+002
4.00000000 3.00000000 1.87500000E+002
4.00000000 3.10000000 1.64062500E+002
4.00000000 3.20000000 1.40625000E+002
4.00000000 3.30000000 1.17187500E+002
4.00000000 3.40000000 9.37500000E+001
4.00000000 3.50000000 7.03125000E+001
4.00000000 3.60000000 6.87500000E+001
4.00000000 3.70000000 6.71875000E+001
4.00000000 3.80000000 6.56250000E+001
4.00000000 3.90000000 6.40625000E+001
4.00000000 4.00000000 6.25000000E+001
4.00000000 4.10000000 6.09375000E+001
4.00000000 4.20000000 5.93750000E+001
4.00000000 4.30000000 5.78125000E+001
4.00000000 4.40000000 5.62500000E+001
4.00000000 4.50000000 5.46875000E+001
4.00000000 4.60000000 5.31250000E+001
4.00000000 4.70000000 5.15625000E+001
4.00000000 4.80000000 5.00000000E+001
4.00000000 4.90000000 4.84375000E+001
4.00000000 5.00000000 4.68750000E+001
4.00000000 5.10000000 4.53125000E+001
4.00000000 5.20000000 4.37500000E+001
4.00000000 5.30000000 4.21875000E+001
4.00000000 5.40000000 4.06250000E+001
4.00000000 5.50000000 3.90625000E+001
4.00000000 5.60000000 3.75000000E+001
4.00000000 5.70000000 3.59375000E+001
4.00000000 5.80000000 3.43750000E+001
4.00000000 5.90000000 3.28125000E+001
4.00000000 6.00000000 3.12500000E+001
4.00000000 6.10000000 3.28125000E+001
4.00000000 6.20000000 3.43750000E+001
4.00000000 6.30000000 3.59375000E+001
4.00000000 6.40000000 3.75000000E+001
4.00000000 6.50000000 3.90625000E+001
4.00000000 6.60000000 4.06250000E+001
4.00000000 6.70000000 4.21875000E+001
4.00000000 6.80000000 4.37500000E+001
4.00000000 6.90000000 4.53125000E+001
4.00000000 7.00000000 4.68750000E+001
4.00000000 7.10000000 4.84375000E+001
4.00000000 7.20000000 5.00000000E+001
4.00000000 7.30000000 5.15625000E+001
4.00000000 7.40000000 5.31250000E+001
4.00000000 7.50000000 5.46875000E+001
4.00000000 7.60000000 5.62500000E+001
4.00000000 7.70000000 5.78125000E+001
4.00000000 7.80000000 5.93750000E+001
4.00000000 7.90000000 6.09375000E+001
4.00000000 8.00000000 6.25000000E+001
4.00000000 8.10000000 6.40625000E+001
4.00000000 8.20000000 6.56250000E+001
4.00000000 8.30000000 6.71875000E+001
4.00000000 8.40000000 6.87500000E+001
4.00000000 8.50000000 7.03125000E+001
4.00000000 8.60000000 9.37500000E+001
4.00000000 8.70000000 1.17187500E+002
4.00000000 8.80000000 1.40625000E+002
4.00000000 8.90000000 1.64062500E+002
4.00000000 9.00000000 1.87500000E+002
4.00000000 9.10000000 2.10937500E+002
4.00000000 9.20000000 2.34375000E+002
4.00000000 9.30000000 2.57812500E+002
4.00000000 9.40000000 2.81250000E+002
4.00000000 9.50000000 3.04687500E+002
4.00000000 9.60000000 3.28125000E+002
4.00000000 9.70000000 3.51562500E+002
4.00000000 9.80000000 3.75000000E+002
4.00000000 9.90000000 3.98437500E+002
4.00000000 10.00000000 4.21875000E+002
4.00000000 10.10000000 4.45312500E+002
4.00000000 10.20000000 4.68750000E+002
4.00000000 10.30000000 4.92187500E+002
4.00000000 10.40000000 5.15625000E+002
4.00000000 10.50000000 5.39062500E+002
4.00000000 10.60000000 5.62500000E+002
4.00000000 10.70000000 5.85937500E+002
4.00000000 10.80000000 6.09375000E+002
4.00000000 10.90000000 6.32812500E+002
4.00000000 11.00000000 6.56250000E+002
4.10000000 1.00000000 6.54687500E+002
4.10000000 1.10000000 6.31250000E+002
4.10000000 1.20000000 6.07812500E+002
4.10000000 1.30000000 5.84375000E+002
4.10000000 1.40000000 5.60937500E+002
4.10000000 1.50000000 5.37500000E+002
4.10000000 1.60000000 5.14062500E+002
4.10000000 1.70000000 4.90625000E+002
4.10000000 1.80000000 4.67187500E+002
4.10000000 1.90000000 4.43750000E+002
4.10000000 2.00000000 4.20312500E+002
4.10000000 2.10000000 3.96875000E+002
4.10000000 2.20000000 3.73437500E+002
4.10000000 2.30000000 3.50000000E+002
4.10000000 2.40000000 3.26562500E+002
4.10000000 2.50000000 3.03125000E+002
4.10000000 2.60000000 2.79687500E+002
4.10000000 2.70000000 2.56250000E+002
4.10000000 2.80000000 2.32812500E+002
4.10000000 2.90000000 2.09375000E+002
4.10000000 3.00000000 1.85937500E+002
4.10000000 3.10000000 1.62500000E+002
4.10000000 3.20000000 1.39062500E+002
4.10000000 3.30000000 1.15625000E+002
4.10000000 3.40000000 9.21875000E+001
4.10000000 3.50000000 6.87500000E+001
4.10000000 3.60000000 6.71875000E+001
4.10000000 3.70000000 6.56250000E+001
4.10000000 3.80000000 6.40625000E+001
4.10000000 3.90000000 6.25000000E+001
4.10000000 4.00000000 6.09375000E+001
4.10000000 4.10000000 5.93750000E+001
4.10000000 4.20000000 5.78125000E+001
4.10000000 4.30000000 5.62500000E+001
4.10000000 4.40000000 5.46875000E+001
4.10000000 4.50000000 5.31250000E+001
4.10000000 4.60000000 5.15625000E+001
4.10000000 4.70000000 5.00000000E+001
4.10000000 4.80000000 4.84375000E+001
4.10000000 4.90000000 4.68750000E+001
4.10000000 5.00000000 4.53125000E+001
4.10000000 5.10000000 4.37500000E+001
4.10000000 5.20000000 4.21875000E+001
4.10000000 5.30000000 4.06250000E+001
4.10000000 5.40000000 3.90625000E+001
4.10000000 5.50000000 3.75000000E+001
4.10000000 5.60000000 3.59375000E+001
4.10000000 5.70000000 3.43750000E+001
4.10000000 5.80000000 3.28125000E+001
4.10000000 5.90000000 3.12500000E+001
4.10000000 6.00000000 2.96875000E+001
4.10000000 6.10000000 3.12500000E+001
4.10000000 6.20000000 3.28125000E+001
4.10000000 6.30000000 3.43750000E+001
4.10000000 6.40000000 3.59375000E+001
4.10000000 6.50000000 3.75000000E+001
4.10000000 6.60000000 3.90625000E+001
4.10000000 6.70000000 4.06250000E+001
4.10000000 6.80000000 4.21875000E+001
4.10000000 6.90000000 4.37500000E+001
4.10000000 7.00000000 4.53125000E+001
4.10000000 7.10000000 4.68750000E+001
4.10000000 7.20000000 4.84375000E+001
4.10000000 7.30000000 5.00000000E+001
4.10000000 7.40000000 5.15625000E+001
4.10000000 7.50000000 5.31250000E+001
4.10000000 7.60000000 5.46875000E+001
4.10000000 7.70000000 5.62500000E+001
4.10000000 7.80000000 5.78125000E+001
4.10000000 7.90000000 5.93750000E+001
4.10000000 8.00000000 6.09375000E+001
4.10000000 8.10000000 6.25000000E+001
4.10000000 8.20000000 6.40625000E+001
4.10000000 8.30000000 6.56250000E+001
4.10000000 8.40000000 6.71875000E+001
4.10000000 8.50000000 6.87500000E+001
4.10000000 8.60000000 9.21875000E+001
4.10000000 8.70000000 1.15625000E+002
4.10000000 8.80000000 1.39062500E+002
4.10000000 8.90000000 1.62500000E+002
4.10000000 9.00000000 1.85937500E+002
4.10000000 9.10000000 2.09375000E+002
4.10000000 9.20000000 2.32812500E+002
4.10000000 9.30000000 2.56250000E+002
4.10000000 9.40000000 2.79687500E+002
4.10000000 9.50000000 3.03125000E+002
4.10000000 9.60000000 3.26562500E+002
4.10000000 9.70000000 3.50000000E+002
4.10000000 9.80000000 3.73437500E+002
4.10000000 9.90000000 3.96875000E+002
4.10000000 10.00000000 4.20312500E+002
4.10000000 10.10000000 4.43750000E+002
4.10000000 10.20000000 4.67187500E+002
4.10000000 10.30000000 4.90625000E+002
4.10000000 10.40000000 5.14062500E+002
4.10000000 10.50000000 5.37500000E+002
4.10000000 10.60000000 5.60937500E+002
4.10000000 10.70000000 5.84375000E+002
4.10000000 10.80000000 6.07812500E+002
4.10000000 10.90000000 6.31250000E+002
4.10000000 11.00000000 6.54687500E+002
4.20000000 1.00000000 6.53125000E+002
4.20000000 1.10000000 6.29687500E+002
4.20000000 1.20000000 6.06250000E+002
4.20000000 1.30000000 5.82812500E+002
4.20000000 1.40000000 5.59375000E+002
4.20000000 1.50000000 5.35937500E+002
4.20000000 1.60000000 5.12500000E+002
4.20000000 1.70000000 4.89062500E+002
4.20000000 1.80000000 4.65625000E+002
4.20000000 1.90000000 4.42187500E+002
4.20000000 2.00000000 4.18750000E+002
4.20000000 2.10000000 3.95312500E+002
4.20000000 2.20000000 3.71875000E+002
4.20000000 2.30000000 3.48437500E+002
4.20000000 2.40000000 3.25000000E+002
4.20000000 2.50000000 3.01562500E+002
4.20000000 2.60000000 2.78125000E+002
4.20000000 2.70000000 2.54687500E+002
4.20000000 2.80000000 2.31250000E+002
4.20000000 2.90000000 2.07812500E+002
4.20000000 3.00000000 1.84375000E+002
4.20000000 3.10000000 1.60937500E+002
4.20000000 3.20000000 1.37500000E+002
4.20000000 3.30000000 1.14062500E+002
4.20000000 3.40000000 9.06250000E+001
4.20000000 3.50000000 6.71875000E+001
4.20000000 3.60000000 6.56250000E+001
4.20000000 3.70000000 6.40625000E+001
4.20000000 3.80000000 6.25000000E+001
4.20000000 3.90000000 6.09375000E+001
4.20000000 4.00000000 5.93750000E+001
4.20000000 4.10000000 5.78125000E+001
4.20000000 4.20000000 5.62500000E+001
4.20000000 4.30000000 5.46875000E+001
4.20000000 4.40000000 5.31250000E+001
4.20000000 4.50000000 5.15625000E+001
4.20000000 4.60000000 5.00000000E+001
4.20000000 4.70000000 4.84375000E+001
4.20000000 4.80000000 4.68750000E+001
4.20000000 4.90000000 4.53125000E+001
4.20000000 5.00000000 4.37500000E+001
4.20000000 5.10000000 4.21875000E+001
4.20000000 5.20000000 4.06250000E+001
4.20000000 5.30000000 3.90625000E+001
4.20000000 5.40000000 3.75000000E+001
4.20000000 5.50000000 3.59375000E+001
4.20000000 5.60000000 3.43750000E+001
4.20000000 5.70000000 3.28125000E+001
4.20000000 5.80000000 3.12500000E+001
4.20000000 5.90000000 2.96875000E+001
4.20000000 6.00000000 2.81250000E+001
4.20000000 6.10000000 2.96875000E+001
4.20000000 6.20000000 3.12500000E+001
4.20000000 6.30000000 3.28125000E+001
4.20000000 6.40000000 3.43750000E+001
4.20000000 6.50000000 3.59375000E+001
4.20000000 6.60000000 3.75000000E+001
4.20000000 6.70000000 3.90625000E+001
4.20000000 6.80000000 4.06250000E+001
4.20000000 6.90000000 4.21875000E+001
4.20000000 7.00000000 4.37500000E+001
4.20000000 7.10000000 4.53125000E+001
4.20000000 7.20000000 4.68750000E+001
4.20000000 7.30000000 4.84375000E+001
4.20000000 7.40000000 5.00000000E+001
4.20000000 7.50000000 5.15625000E+001
4.20000000 7.60000000 5.31250000E+001
4.20000000 7.70000000 5.46875000E+001
4.20000000 7.80000000 5.62500000E+001
4.20000000 7.90000000 5.78125000E+001
4.20000000 8.00000000 5.93750000E+001
4.20000000 8.10000000 6.09375000E+001
4.20000000 8.20000000 6.25000000E+001
4.20000000 8.30000000 6.40625000E+001
4.20000000 8.40000000 6.56250000E+001
4.20000000 8.50000000 6.71875000E+001
4.20000000 8.60000000 9.06250000E+001
4.20000000 8.70000000 1.14062500E+002
4.20000000 8.80000000 1.37500000E+002
4.20000000 8.90000000 1.60937500E+002
4.20000000 9.00000000 1.84375000E+002
4.20000000 9.10000000 2.07812500E+002
4.20000000 9.20000000 2.31250000E+002
4.20000000 9.30000000 2.54687500E+002
4.20000000 9.40000000 2.78125000E+002
4.20000000 9.50000000 3.01562500E+002
4.20000000 9.60000000 3.25000000E+002
4.20000000 9.70000000 3.48437500E+002
4.20000000 9.80000000 3.71875000E+002
4.20000000 9.90000000 3.95312500E+002
4.20000000 10.00000000 4.18750000E+002
4.20000000 10.10000000 4.42187500E+002
4.20000000 10.20000000 4.65625000E+002
4.20000000 10.30000000 4.89062500E+002
4.20000000 10.40000000 5.12500000E+002
4.20000000 10.50000000 5.35937500E+002
4.20000000 10.60000000 5.59375000E+002
4.20000000 10.70000000 5.82812500E+002
4.20000000 10.80000000 6.06250000E+002
4.20000000 10.90000000 6.29687500E+002
4.20000000 11.00000000 6.53125000E+002
4.30000000 1.00000000 6.51562500E+002
4.30000000 1.10000000 6.28125000E+002
4.30000000 1.20000000 6.04687500E+002
4.30000000 1.30000000 5.81250000E+002
4.30000000 1.40000000 5.57812500E+002
4.30000000 1.50000000 5.34375000E+002
4.30000000 1.60000000 5.10937500E+002
4.30000000 1.70000000 4.87500000E+002
4.30000000 1.80000000 4.64062500E+002
4.30000000 1.90000000 4.40625000E+002
4.30000000 2.00000000 4.17187500E+002
4.30000000 2.10000000 3.93750000E+002
4.30000000 2.20000000 3.70312500E+002
4.30000000 2.30000000 3.46875000E+002
4.30000000 2.40000000 3.23437500E+002
4.30000000 2.50000000 3.00000000E+002
4.30000000 2.60000000 2.76562500E+002
4.30000000 2.70000000 2.53125000E+002
4.30000000 2.80000000 2.29687500E+002
4.30000000 2.90000000 2.06250000E+002
4.30000000 3.00000000 1.82812500E+002
4.30000000 3.10000000 1.59375000E+002
4.30000000 3.20000000 1.35937500E+002
4.30000000 3.30000000 1.12500000E+002
4.30000000 3.40000000 8.90625000E+001
4.30000000 3.50000000 6.56250000E+001
4.30000000 3.60000000 6.40625000E+001
4.30000000 3.70000000 6.25000000E+001
4.30000000 3.80000000 6.09375000E+001
4.30000000 3.90000000 5.93750000E+001
4.30000000 4.00000000 5.78125000E+001
4.30000000 4.10000000 5.62500000E+001
4.30000000 4.20000000 5.46875000E+001
4.30000000 4.30000000 5.31250000E+001
4.30000000 4.40000000 5.15625000E+001
4.30000000 4.50000000 5.00000000E+001
4.30000000 4.60000000 4.84375000E+001
4.30000000 4.70000000 4.68750000E+001
4.30000000 4.80000000 4.53125000E+001
4.30000000 4.90000000 4.37500000E+001
4.30000000 5.00000000 4.21875000E+001
4.30000000 5.10000000 4.06250000E+001
4.30000000 5.20000000 3.90625000E+001
4.30000000 5.30000000 3.75000000E+001
4.30000000 5.40000000 3.59375000E+001
4.30000000 5.50000000 3.43750000E+001
4.30000000 5.60000000 3.28125000E+001
4.30000000 5.70000000 3.12500000E+001
4.30000000 5.80000000 2.96875000E+001
4.30000000 5.90000000 2.81250000E+001
4.30000000 6.00000000 2.65625000E+001
4.30000000 6.10000000 2.81250000E+001
4.30000000 6.20000000 2.96875000E+001
4.30000000 6.30000000 3.12500000E+001
4.30000000 6.40000000 3.28125000E+001
4.30000000 6.50000000 3.43750000E+001
4.30000000 6.60000000 3.59375000E+001
4.30000000 6.70000000 3.75000000E+001
4.30000000 6.80000000 3.90625000E+001
4.30000000 6.90000000 4.06250000E+001
4.30000000 7.00000000 4.21875000E+001
4.30000000 7.10000000 4.37500000E+001
4.30000000 7.20000000 4.53125000E+001
4.30000000 7.30000000 4.68750000E+001
4.30000000 7.40000000 4.84375000E+001
4.30000000 7.50000000 5.00000000E+001
4.30000000 7.60000000 5.15625000E+001
4.30000000 7.70000000 5.31250000E+001
4.30000000 7.80000000 5.46875000E+001
4.30000000 7.90000000 5.62500000E+001
4.30000000 8.00000000 5.78125000E+001
4.30000000 8.10000000 5.93750000E+001
4.30000000 8.20000000 6.09375000E+001
4.30000000 8.30000000 6.25000000E+001
4.30000000 8.40000000 6.40625000E+001
4.30000000 8.50000000 6.56250000E+001
4.30000000 8.60000000 8.90625000E+001
4.30000000 8.70000000 1.12500000E+002
4.30000000 8.80000000 1.35937500E+002
4.30000000 8.90000000 1.59375000E+002
4.30000000 9.00000000 1.82812500E+002
4.30000000 9.10000000 2.06250000E+002
4.30000000 9.20000000 2.29687500E+002
4.30000000 9.30000000 2.53125000E+002
4.30000000 9.40000000 2.76562500E+002
4.30000000 9.50000000 3.00000000E+002
4.30000000 9.60000000 3.23437500E+002
4.30000000 9.70000000 3.46875000E+002
4.30000000 9.80000000 3.70312500E+002
4.30000000 9.90000000 3.93750000E+002
4.30000000 10.00000000 4.17187500E+002
4.30000000 10.10000000 4.40625000E+002
4.30000000 10.20000000 4.64062500E+002
4.30000000 10.30000000 4.87500000E+002
4.30000000 10.40000000 5.10937500E+002
4.30000000 10.50000000 5.34375000E+002
4.30000000 10.60000000 5.57812500E+002
4.30000000 10.70000000 5.81250000E+002
4.30000000 10.80000000 6.04687500E+002
4.30000000 10.90000000 6.28125000E+002
4.30000000 11.00000000 6.51562500E+002
4.40000000 1.00000000 6.50000000E+002
4.40000000 1.10000000 6.26562500E+002
4.40000000 1.20000000 6.03125000E+002
4.40000000 1.30000000 5.79687500E+002
4.40000000 1.40000000 5.56250000E+002
4.40000000 1.50000000 5.32812500E+002
4.40000000 1.60000000 5.09375000E+002
4.40000000 1.70000000 4.85937500E+002
4.40000000 1.80000000 4.62500000E+002
4.40000000 1.90000000 4.39062500E+002
4.40000000 2.00000000 4.15625000E+002
4.40000000 2.10000000 3.92187500E+002
4.40000000 2.20000000 3.68750000E+002
4.40000000 2.30000000 3.45312500E+002
4.40000000 2.40000000 3.21875000E+002
4.40000000 2.50000000 2.98437500E+002
4.40000000 2.60000000 2.75000000E+002
4.40000000 2.70000000 2.51562500E+002
4.40000000 2.80000000 2.28125000E+002
4.40000000 2.90000000 2.04687500E+002
4.40000000 3.00000000 1.81250000E+002
4.40000000 3.10000000 1.57812500E+002
4.40000000 3.20000000 1.34375000E+002
4.40000000 3.30000000 1.10937500E+002
4.40000000 3.40000000 8.75000000E+001
4.40000000 3.50000000 6.40625000E+001
4.40000000 3.60000000 6.25000000E+001
4.40000000 3.70000000 6.09375000E+001
4.40000000 3.80000000 5.93750000E+001
4.40000000 3.90000000 5.78125000E+001
4.40000000 4.00000000 5.62500000E+001
4.40000000 4.10000000 5.46875000E+001
4.40000000 4.20000000 5.31250000E+001
4.40000000 4.30000000 5.15625000E+001
4.40000000 4.40000000 5.00000000E+001
4.40000000 4.50000000 4.84375000E+001
4.40000000 4.60000000 4.68750000E+001
4.40000000 4.70000000 4.53125000E+001
4.40000000 4.80000000 4.37500000E+001
4.40000000 4.90000000 4.21875000E+001
4.40000000 5.00000000 4.06250000E+001
4.40000000 5.10000000 3.90625000E+001
4.40000000 5.20000000 3.75000000E+001
4.40000000 5.30000000 3.59375000E+001
4.40000000 5.40000000 3.43750000E+001
4.40000000 5.50000000 3.28125000E+001
4.40000000 5.60000000 3.12500000E+001
4.40000000 5.70000000 2.96875000E+001
4.40000000 5.80000000 2.81250000E+001
4.40000000 5.90000000 2.65625000E+001
4.40000000 6.00000000 2.50000000E+001
4.40000000 6.10000000 2.65625000E+001
4.40000000 6.20000000 2.81250000E+001
4.40000000 6.30000000 2.96875000E+001
4.40000000 6.40000000 3.12500000E+001
4.40000000 6.50000000 3.28125000E+001
4.40000000 6.60000000 3.43750000E+001
4.40000000 6.70000000 3.59375000E+001
4.40000000 6.80000000 3.75000000E+001
4.40000000 6.90000000 3.90625000E+001
4.40000000 7.00000000 4.06250000E+001
4.40000000 7.10000000 4.21875000E+001
4.40000000 7.20000000 4.37500000E+001
4.40000000 7.30000000 4.53125000E+001
4.40000000 7.40000000 4.68750000E+001
4.40000000 7.50000000 4.84375000E+001
4.40000000 7.60000000 5.00000000E+001
4.40000000 7.70000000 5.15625000E+001
4.40000000 7.80000000 5.31250000E+001
4.40000000 7.90000000 5.46875000E+001
4.40000000 8.00000000 5.62500000E+001
4.40000000 8.10000000 5.78125000E+001
4.40000000 8.20000000 5.93750000E+001
4.40000000 8.30000000 6.09375000E+001
4.40000000 8.40000000 6.25000000E+001
4.40000000 8.50000000 6.40625000E+001
4.40000000 8.60000000 8.75000000E+001
4.40000000 8.70000000 1.10937500E+002
4.40000000 8.80000000 1.34375000E+002
4.40000000 8.90000000 1.57812500E+002
4.40000000 9.00000000 1.81250000E+002
4.40000000 9.10000000 2.04687500E+002
4.40000000 9.20000000 2.28125000E+002
4.40000000 9.30000000 2.51562500E+002
4.40000000 9.40000000 2.75000000E+002
4.40000000 9.50000000 2.98437500E+002
4.40000000 9.60000000 3.21875000E+002
4.40000000 9.70000000 3.45312500E+002
4.40000000 9.80000000 3.68750000E+002
4.40000000 9.90000000 3.92187500E+002
4.40000000 10.00000000 4.15625000E+002
4.40000000 10.10000000 4.39062500E+002
4.40000000 10.20000000 4.62500000E+002
4.40000000 10.30000000 4.85937500E+002
4.40000000 10.40000000 5.09375000E+002
4.40000000 10.50000000 5.32812500E+002
4.40000000 10.60000000 5.56250000E+002
4.40000000 10.70000000 5.79687500E+002
4.40000000 10.80000000 6.03125000E+002
4.40000000 10.90000000 6.26562500E+002
4.40000000 11.00000000 6.50000000E+002
4.50000000 1.00000000 6.48437500E+002
4.50000000 1.10000000 6.25000000E+002
4.50000000 1.20000000 6.01562500E+002
4.50000000 1.30000000 5.78125000E+002
4.50000000 1.40000000 5.54687500E+002
4.50000000 1.50000000 5.31250000E+002
4.50000000 1.60000000 5.07812500E+002
4.50000000 1.70000000 4.84375000E+002
4.50000000 1.80000000 4.60937500E+002
4.50000000 1.90000000 4.37500000E+002
4.50000000 2.00000000 4.14062500E+002
4.50000000 2.10000000 3.90625000E+002
4.50000000 2.20000000 3.67187500E+002
4.50000000 2.30000000 3.43750000E+002
4.50000000 2.40000000 3.20312500E+002
4.50000000 2.50000000 2.96875000E+002
4.50000000 2.60000000 2.73437500E+002
4.50000000 2.70000000 2.50000000E+002
4.50000000 2.80000000 2.26562500E+002
4.50000000 2.90000000 2.03125000E+002
4.50000000 3.00000000 1.79687500E+002
4.50000000 3.10000000 1.56250000E+002
4.50000000 3.20000000 1.32812500E+002
4.50000000 3.30000000 1.09375000E+002
4.50000000 3.40000000 8.59375000E+001
4.50000000 3.50000000 6.25000000E+001
4.50000000 3.60000000 6.09375000E+001
4.50000000 3.70000000 5.93750000E+001
4.50000000 3.80000000 5.78125000E+001
4.50000000 3.90000000 5.62500000E+001
4.50000000 4.00000000 5.46875000E+001
4.50000000 4.10000000 5.31250000E+001
4.50000000 4.20000000 5.15625000E+001
4.50000000 4.30000000 5.00000000E+001
4.50000000 4.40000000 4.84375000E+001
4.50000000 4.50000000 4.68750000E+001
4.50000000 4.60000000 4.53125000E+001
4.50000000 4.70000000 4.37500000E+001
4.50000000 4.80000000 4.21875000E+001
4.50000000 4.90000000 4.06250000E+001
4.50000000 5.00000000 3.90625000E+001
4.50000000 5.10000000 3.75000000E+001
4.50000000 5.20000000 3.59375000E+001
4.50000000 5.30000000 3.43750000E+001
4.50000000 5.40000000 3.28125000E+001
4.50000000 5.50000000 3.12500000E+001
4.50000000 5.60000000 2.96875000E+001
4.50000000 5.70000000 2.81250000E+001
4.50000000 5.80000000 2.65625000E+001
4.50000000 5.90000000 2.50000000E+001
4.50000000 6.00000000 2.34375000E+001
4.50000000 6.10000000 2.50000000E+001
4.50000000 6.20000000 2.65625000E+001
4.50000000 6.30000000 2.81250000E+001
4.50000000 6.40000000 2.96875000E+001
4.50000000 6.50000000 3.12500000E+001
4.50000000 6.60000000 3.28125000E+001
4.50000000 6.70000000 3.43750000E+001
4.50000000 6.80000000 3.59375000E+001
4.50000000 6.90000000 3.75000000E+001
4.50000000 7.00000000 3.90625000E+001
4.50000000 7.10000000 4.06250000E+001
4.50000000 7.20000000 4.21875000E+001
4.50000000 7.30000000 4.37500000E+001
4.50000000 7.40000000 4.53125000E+001
4.50000000 7.50000000 4.68750000E+001
4.50000000 7.60000000 4.84375000E+001
4.50000000 7.70000000 5.00000000E+001
4.50000000 7.80000000 5.15625000E+001
4.50000000 7.90000000 5.31250000E+001
4.50000000 8.00000000 5.46875000E+001
4.50000000 8.10000000 5.62500000E+001
4.50000000 8.20000000 5.78125000E+001
4.50000000 8.30000000 5.93750000E+001
4.50000000 8.40000000 6.09375000E+001
4.50000000 8.50000000 6.25000000E+001
4.50000000 8.60000000 8.59375000E+001
4.50000000 8.70000000 1.09375000E+002
4.50000000 8.80000000 1.32812500E+002
4.50000000 8.90000000 1.56250000E+002
4.50000000 9.00000000 1.79687500E+002
4.50000000 9.10000000 2.03125000E+002
4.50000000 9.20000000 2.26562500E+002
4.50000000 9.30000000 2.50000000E+002
4.50000000 9.40000000 2.73437500E+002
4.50000000 9.50000000 2.96875000E+002
4.50000000 9.60000000 3.20312500E+002
4.50000000 9.70000000 3.43750000E+002
4.50000000 9.80000000 3.67187500E+002
4.50000000 9.90000000 3.90625000E+002
4.50000000 10.00000000 4.14062500E+002
4.50000000 10.10000000 4.37500000E+002
4.50000000 10.20000000 4.60937500E+002
4.50000000 10.30000000 4.84375000E+002
4.50000000 10.40000000 5.07812500E+002
4.50000000 10.50000000 5.31250000E+002
4.50000000 10.60000000 5.54687500E+002
4.50000000 10.70000000 5.78125000E+002
4.50000000 10.80000000 6.01562500E+002
4.50000000 10.90000000 6.25000000E+002
4.50000000 11.00000000 6.48437500E+002
4.60000000 1.00000000 6.46875000E+002
4.60000000 1.10000000 6.23437500E+002
4.60000000 1.20000000 6.00000000E+002
4.60000000 1.30000000 5.76562500E+002
4.60000000 1.40000000 5.53125000E+002
4.60000000 1.50000000 5.29687500E+002
4.60000000 1.60000000 5.06250000E+002
4.60000000 1.70000000 4.82812500E+002
4.60000000 1.80000000 4.59375000E+002
4.60000000 1.90000000 4.35937500E+002
4.60000000 2.00000000 4.12500000E+002
4.60000000 2.10000000 3.89062500E+002
4.60000000 2.20000000 3.65625000E+002
4.60000000 2.30000000 3.42187500E+002
4.60000000 2.40000000 3.18750000E+002
4.60000000 2.50000000 2.95312500E+002
4.60000000 2.60000000 2.71875000E+002
4.60000000 2.70000000 2.48437500E+002
4.60000000 2.80000000 2.25000000E+002
4.60000000 2.90000000 2.01562500E+002
4.60000000 3.00000000 1.78125000E+002
4.60000000 3.10000000 1.54687500E+002
4.60000000 3.20000000 1.31250000E+002
4.60000000 3.30000000 1.07812500E+002
4.60000000 3.40000000 8.43750000E+001
4.60000000 3.50000000 6.09375000E+001
4.60000000 3.60000000 5.93750000E+001
4.60000000 3.70000000 5.78125000E+001
4.60000000 3.80000000 5.62500000E+001
4.60000000 3.90000000 5.46875000E+001
4.60000000 4.00000000 5.31250000E+001
4.60000000 4.10000000 5.15625000E+001
4.60000000 4.20000000 5.00000000E+001
4.60000000 4.30000000 4.84375000E+001
4.60000000 4.40000000 4.68750000E+001
4.60000000 4.50000000 4.53125000E+001
4.60000000 4.60000000 4.37500000E+001
4.60000000 4.70000000 4.21875000E+001
4.60000000 4.80000000 4.06250000E+001
4.60000000 4.90000000 3.90625000E+001
4.60000000 5.00000000 3.75000000E+001
4.60000000 5.10000000 3.59375000E+001
4.60000000 5.20000000 3.43750000E+001
4.60000000 5.30000000 3.28125000E+001
4.60000000 5.40000000 3.12500000E+001
4.60000000 5.50000000 2.96875000E+001
4.60000000 5.60000000 2.81250000E+001
4.60000000 5.70000000 2.65625000E+001
4.60000000 5.80000000 2.50000000E+001
4.60000000 5.90000000 2.34375000E+001
4.60000000 6.00000000 2.18750000E+001
4.60000000 6.10000000 2.34375000E+001
4.60000000 6.20000000 2.50000000E+001
4.60000000 6.30000000 2.65625000E+001
4.60000000 6.40000000 2.81250000E+001
4.60000000 6.50000000 2.96875000E+001
4.60000000 6.60000000 3.12500000E+001
4.60000000 6.70000000 3.28125000E+001
4.60000000 6.80000000 3.43750000E+001
4.60000000 6.90000000 3.59375000E+001
4.60000000 7.00000000 3.75000000E+001
4.60000000 7.10000000 3.90625000E+001
4.60000000 7.20000000 4.06250000E+001
4.60000000 7.30000000 4.21875000E+001
4.60000000 7.40000000 4.37500000E+001
4.60000000 7.50000000 4.53125000E+001
4.60000000 7.60000000 4.68750000E+001
4.60000000 7.70000000 4.84375000E+001
4.60000000 7.80000000 5.00000000E+001
4.60000000 7.90000000 5.15625000E+001
4.60000000 8.00000000 5.31250000E+001
4.60000000 8.10000000 5.46875000E+001
4.60000000 8.20000000 5.62500000E+001
4.60000000 8.30000000 5.78125000E+001
4.60000000 8.40000000 5.93750000E+001
4.60000000 8.50000000 6.09375000E+001
4.60000000 8.60000000 8.43750000E+001
4.60000000 8.70000000 1.07812500E+002
4.60000000 8.80000000 1.31250000E+002
4.60000000 8.90000000 1.54687500E+002
4.60000000 9.00000000 1.78125000E+002
4.60000000 9.10000000 2.01562500E+002
4.60000000 9.20000000 2.25000000E+002
4.60000000 9.30000000 2.48437500E+002
4.60000000 9.40000000 2.71875000E+002
4.60000000 9.50000000 2.95312500E+002
4.60000000 9.60000000 3.18750000E+002
4.60000000 9.70000000 3.42187500E+002
4.60000000 9.80000000 3.65625000E+002
4.60000000 9.90000000 3.89062500E+002
4.60000000 10.00000000 4.12500000E+002
4.60000000 10.10000000 4.35937500E+002
4.60000000 10.20000000 4.59375000E+002
4.60000000 10.30000000 4.82812500E+002
4.60000000 10.40000000 5.06250000E+002
4.60000000 10.50000000 5.29687500E+002
4.60000000 10.60000000 5.53125000E+002
4.60000000 10.70000000 5.76562500E+002
4.60000000 10.80000000 6.00000000E+002
4.60000000 10.90000000 6.23437500E+002
4.60000000 11.00000000 6.46875000E+002
4.70000000 1.00000000 6.45312500E+002
4.70000000 1.10000000 6.21875000E+002
4.70000000 1.20000000 5.98437500E+002
4.70000000 1.30000000 5.75000000E+002
4.70000000 1.40000000 5.51562500E+002
4.70000000 1.50000000 5.28125000E+002
4.70000000 1.60000000 5.04687500E+002
4.70000000 1.70000000 4.81250000E+002
4.70000000 1.80000000 4.57812500E+002
4.70000000 1.90000000 4.34375000E+002
4.70000000 2.00000000 4.10937500E+002
4.70000000 2.10000000 3.87500000E+002
4.70000000 2.20000000 3.64062500E+002
4.70000000 2.30000000 3.40625000E+002
4.70000000 2.40000000 3.17187500E+002
4.70000000 2.50000000 2.93750000E+002
4.70000000 2.60000000 2.70312500E+002
4.70000000 2.70000000 2.46875000E+002
4.70000000 2.80000000 2.23437500E+002
4.70000000 2.90000000 2.00000000E+002
4.70000000 3.00000000 1.76562500E+002
4.70000000 3.10000000 1.53125000E+002
4.70000000 3.20000000 1.29687500E+002
4.70000000 3.30000000 1.06250000E+002
4.70000000 3.40000000 8.28125000E+001
4.70000000 3.50000000 5.93750000E+001
4.70000000 3.60000000 5.78125000E+001
4.70000000 3.70000000 5.62500000E+001
4.70000000 3.80000000 5.46875000E+001
4.70000000 3.90000000 5.31250000E+001
4.70000000 4.00000000 5.15625000E+001
4.70000000 4.10000000 5.00000000E+001
4.70000000 4.20000000 4.84375000E+001
4.70000000 4.30000000 4.68750000E+001
4.70000000 4.40000000 4.53125000E+001
4.70000000 4.50000000 4.37500000E+001
4.70000000 4.60000000 4.21875000E+001
4.70000000 4.70000000 4.06250000E+001
4.70000000 4.80000000 3.90625000E+001
4.70000000 4.90000000 3.75000000E+001
4.70000000 5.00000000 3.59375000E+001
4.70000000 5.10000000 3.43750000E+001
4.70000000 5.20000000 3.28125000E+001
4.70000000 5.30000000 3.12500000E+001
4.70000000 5.40000000 2.96875000E+001
4.70000000 5.50000000 2.81250000E+001
4.70000000 5.60000000 2.65625000E+001
4.70000000 5.70000000 2.50000000E+001
4.70000000 5.80000000 2.34375000E+001
4.70000000 5.90000000 2.18750000E+001
4.70000000 6.00000000 2.03125000E+001
4.70000000 6.10000000 2.18750000E+001
4.70000000 6.20000000 2.34375000E+001
4.70000000 6.30000000 2.50000000E+001
4.70000000 6.40000000 2.65625000E+001
4.70000000 6.50000000 2.81250000E+001
4.70000000 6.60000000 2.96875000E+001
4.70000000 6.70000000 3.12500000E+001
4.70000000 6.80000000 3.28125000E+001
4.70000000 6.90000000 3.43750000E+001
4.70000000 7.00000000 3.59375000E+001
4.70000000 7.10000000 3.75000000E+001
4.70000000 7.20000000 3.90625000E+001
4.70000000 7.30000000 4.06250000E+001
4.70000000 7.40000000 4.21875000E+001
4.70000000 7.50000000 4.37500000E+001
4.70000000 7.60000000 4.53125000E+001
4.70000000 7.70000000 4.68750000E+001
4.70000000 7.80000000 4.84375000E+001
4.70000000 7.90000000 5.00000000E+001
4.70000000 8.00000000 5.15625000E+001
4.70000000 8.10000000 5.31250000E+001
4.70000000 8.20000000 5.46875000E+001
4.70000000 8.30000000 5.62500000E+001
4.70000000 8.40000000 5.78125000E+001
4.70000000 8.50000000 5.93750000E+001
4.70000000 8.60000000 8.28125000E+001
4.70000000 8.70000000 1.06250000E+002
4.70000000 8.80000000 1.29687500E+002
4.70000000 8.90000000 1.53125000E+002
4.70000000 9.00000000 1.76562500E+002
4.70000000 9.10000000 2.00000000E+002
4.70000000 9.20000000 2.23437500E+002
4.70000000 9.30000000 2.46875000E+002
4.70000000 9.40000000 2.70312500E+002
4.70000000 9.50000000 2.93750000E+002
4.70000000 9.60000000 3.17187500E+002
4.70000000 9.70000000 3.40625000E+002
4.70000000 9.80000000 3.64062500E+002
4.70000000 9.90000000 3.87500000E+002
4.70000000 10.00000000 4.10937500E+002
4.70000000 10.10000000 4.34375000E+002
4.70000000 10.20000000 4.57812500E+002
4.70000000 10.30000000 4.81250000E+002
4.70000000 10.40000000 5.04687500E+002
4.70000000 10.50000000 5.28125000E+002
4.70000000 10.60000000 5.51562500E+002
4.70000000 10.70000000 5.75000000E+002
4.70000000 10.80000000 5.98437500E+002
4.70000000 10.90000000 6.21875000E+002
4.70000000 11.00000000 6.45312500E+002
4.80000000 1.00000000 6.43750000E+002
4.80000000 1.10000000 6.20312500E+002
4.80000000 1.20000000 5.96875000E+002
4.80000000 1.30000000 5.73437500E+002
4.80000000 1.40000000 5.50000000E+002
4.80000000 1.50000000 5.26562500E+002
4.80000000 1.60000000 5.03125000E+002
4.80000000 1.70000000 4.79687500E+002
4.80000000 1.80000000 4.56250000E+002
4.80000000 1.90000000 4.32812500E+002
4.80000000 2.00000000 4.09375000E+002
4.80000000 2.10000000 3.85937500E+002
4.80000000 2.20000000 3.62500000E+002
4.80000000 2.30000000 3.39062500E+002
4.80000000 2.40000000 3.15625000E+002
4.80000000 2.50000000 2.92187500E+002
4.80000000 2.60000000 2.68750000E+002
4.80000000 2.70000000 2.45312500E+002
4.80000000 2.80000000 2.21875000E+002
4.80000000 2.90000000 1.98437500E+002
4.80000000 3.00000000 1.75000000E+002
4.80000000 3.10000000 1.51562500E+002
4.80000000 3.20000000 1.28125000E+002
4.80000000 3.30000000 1.04687500E+002
4.80000000 3.40000000 8.12500000E+001
4.80000000 3.50000000 5.78125000E+001
4.80000000 3.60000000 5.62500000E+001
4.80000000 3.70000000 5.46875000E+001
4.80000000 3.80000000 5.31250000E+001
4.80000000 3.90000000 5.15625000E+001
4.80000000 4.00000000 5.00000000E+001
4.80000000 4.10000000 4.84375000E+001
4.80000000 4.20000000 4.68750000E+001
4.80000000 4.30000000 4.53125000E+001
4.80000000 4.40000000 4.37500000E+001
4.80000000 4.50000000 4.21875000E+001
4.80000000 4.60000000 4.06250000E+001
4.80000000 4.70000000 3.90625000E+001
4.80000000 4.80000000 3.75000000E+001
4.80000000 4.90000000 3.59375000E+001
4.80000000 5.00000000 3.43750000E+001
4.80000000 5.10000000 3.28125000E+001
4.80000000 5.20000000 3.12500000E+001
4.80000000 5.30000000 2.96875000E+001
4.80000000 5.40000000 2.81250000E+001
4.80000000 5.50000000 2.65625000E+001
4.80000000 5.60000000 2.50000000E+001
4.80000000 5.70000000 2.34375000E+001
4.80000000 5.80000000 2.18750000E+001
4.80000000 5.90000000 2.03125000E+001
4.80000000 6.00000000 1.87500000E+001
4.80000000 6.10000000 2.03125000E+001
4.80000000 6.20000000 2.18750000E+001
4.80000000 6.30000000 2.34375000E+001
4.80000000 6.40000000 2.50000000E+001
4.80000000 6.50000000 2.65625000E+001
4.80000000 6.60000000 2.81250000E+001
4.80000000 6.70000000 2.96875000E+001
4.80000000 6.80000000 3.12500000E+001
4.80000000 6.90000000 3.28125000E+001
4.80000000 7.00000000 3.43750000E+001
4.80000000 7.10000000 3.59375000E+001
4.80000000 7.20000000 3.75000000E+001
4.80000000 7.30000000 3.90625000E+001
4.80000000 7.40000000 4.06250000E+001
4.80000000 7.50000000 4.21875000E+001
4.80000000 7.60000000 4.37500000E+001
4.80000000 7.70000000 4.53125000E+001
4.80000000 7.80000000 4.68750000E+001
4.80000000 7.90000000 4.84375000E+001
4.80000000 8.00000000 5.00000000E+001
4.80000000 8.10000000 5.15625000E+001
4.80000000 8.20000000 5.31250000E+001
4.80000000 8.30000000 5.46875000E+001
4.80000000 8.40000000 5.62500000E+001
4.80000000 8.50000000 5.78125000E+001
4.80000000 8.60000000 8.12500000E+001
4.80000000 8.70000000 1.04687500E+002
4.80000000 8.80000000 1.28125000E+002
4.80000000 8.90000000 1.51562500E+002
4.80000000 9.00000000 1.75000000E+002
4.80000000 9.10000000 1.98437500E+002
4.80000000 9.20000000 2.21875000E+002
4.80000000 9.30000000 2.45312500E+002
4.80000000 9.40000000 2.68750000E+002
4.80000000 9.50000000 2.92187500E+002
4.80000000 9.60000000 3.15625000E+002
4.80000000 9.70000000 3.39062500E+002
4.80000000 9.80000000 3.62500000E+002
4.80000000 9.90000000 3.85937500E+002
4.80000000 10.00000000 4.09375000E+002
4.80000000 10.10000000 4.32812500E+002
4.80000000 10.20000000 4.56250000E+002
4.80000000 10.30000000 4.79687500E+002
4.80000000 10.40000000 5.03125000E+002
4.80000000 10.50000000 5.26562500E+002
4.80000000 10.60000000 5.50000000E+002
4.80000000 10.70000000 5.73437500E+002
4.80000000 10.80000000 5.96875000E+002
4.80000000 10.90000000 6.20312500E+002
4.80000000 11.00000000 6.43750000E+002
4.90000000 1.00000000 6.42187500E+002
4.90000000 1.10000000 6.18750000E+002
4.90000000 1.20000000 5.95312500E+002
4.90000000 1.30000000 5.71875000E+002
4.90000000 1.40000000 5.48437500E+002
4.90000000 1.50000000 5.25000000E+002
4.90000000 1.60000000 5.01562500E+002
4.90000000 1.70000000 4.78125000E+002
4.90000000 1.80000000 4.54687500E+002
4.90000000 1.90000000 4.31250000E+002
4.90000000 2.00000000 4.07812500E+002
4.90000000 2.10000000 3.84375000E+002
4.90000000 2.20000000 3.60937500E+002
4.90000000 2.30000000 3.37500000E+002
4.90000000 2.40000000 3.14062500E+002
4.90000000 2.50000000 2.90625000E+002
4.90000000 2.60000000 2.67187500E+002
4.90000000 2.70000000 2.43750000E+002
4.90000000 2.80000000 2.20312500E+002
4.90000000 2.90000000 1.96875000E+002
4.90000000 3.00000000 1.73437500E+002
4.90000000 3.10000000 1.50000000E+002
4.90000000 3.20000000 1.26562500E+002
4.90000000 3.30000000 1.03125000E+002
4.90000000 3.40000000 7.96875000E+001
4.90000000 3.50000000 5.62500000E+001
4.90000000 3.60000000 5.46875000E+001
4.90000000 3.70000000 5.31250000E+001
4.90000000 3.80000000 5.15625000E+001
4.90000000 3.90000000 5.00000000E+001
4.90000000 4.00000000 4.84375000E+001
4.90000000 4.10000000 4.68750000E+001
4.90000000 4.20000000 4.53125000E+001
4.90000000 4.30000000 4.37500000E+001
4.90000000 4.40000000 4.21875000E+001
4.90000000 4.50000000 4.06250000E+001
4.90000000 4.60000000 3.90625000E+001
4.90000000 4.70000000 3.75000000E+001
4.90000000 4.80000000 3.59375000E+001
4.90000000 4.90000000 3.43750000E+001
4.90000000 5.00000000 3.28125000E+001
4.90000000 5.10000000 3.12500000E+001
4.90000000 5.20000000 2.96875000E+001
4.90000000 5.30000000 2.81250000E+001
4.90000000 5.40000000 2.65625000E+001
4.90000000 5.50000000 2.50000000E+001
4.90000000 5.60000000 2.34375000E+001
4.90000000 5.70000000 2.18750000E+001
4.90000000 5.80000000 2.03125000E+001
4.90000000 5.90000000 1.87500000E+001
4.90000000 6.00000000 1.71875000E+001
4.90000000 6.10000000 1.87500000E+001
4.90000000 6.20000000 2.03125000E+001
4.90000000 6.30000000 2.18750000E+001
4.90000000 6.40000000 2.34375000E+001
4.90000000 6.50000000 2.50000000E+001
4.90000000 6.60000000 2.65625000E+001
4.90000000 6.70000000 2.81250000E+001
4.90000000 6.80000000 2.96875000E+001
4.90000000 6.90000000 3.12500000E+001
4.90000000 7.00000000 3.28125000E+001
4.90000000 7.10000000 3.43750000E+001
4.90000000 7.20000000 3.59375000E+001
4.90000000 7.30000000 3.75000000E+001
4.90000000 7.40000000 3.90625000E+001
4.90000000 7.50000000 4.06250000E+001
4.90000000 7.60000000 4.21875000E+001
4.90000000 7.70000000 4.37500000E+001
4.90000000 7.80000000 4.53125000E+001
4.90000000 7.90000000 4.68750000E+001
4.90000000 8.00000000 4.84375000E+001
4.90000000 8.10000000 5.00000000E+001
4.90000000 8.20000000 5.15625000E+001
4.90000000 8.30000000 5.31250000E+001
4.90000000 8.40000000 5.46875000E+001
4.90000000 8.50000000 5.62500000E+001
4.90000000 8.60000000 7.96875000E+001
4.90000000 8.70000000 1.03125000E+002
4.90000000 8.80000000 1.26562500E+002
4.90000000 8.90000000 1.50000000E+002
4.90000000 9.00000000 1.73437500E+002
4.90000000 9.10000000 1.96875000E+002
4.90000000 9.20000000 2.20312500E+002
4.90000000 9.30000000 2.43750000E+002
4.90000000 9.40000000 2.67187500E+002
4.90000000 9.50000000 2.90625000E+002
4.90000000 9.60000000 3.14062500E+002
4.90000000 9.70000000 3.37500000E+002
4.90000000 9.80000000 3.60937500E+002
4.90000000 9.90000000 3.84375000E+002
4.90000000 10.00000000 4.07812500E+002
4.90000000 10.10000000 4.31250000E+002
4.90000000 10.20000000 4.54687500E+002
4.90000000 10.30000000 4.78125000E+002
4.90000000 10.40000000 5.01562500E+002
4.90000000 10.50000000 5.25000000E+002
4.90000000 10.60000000 5.48437500E+002
4.90000000 10.70000000 5.71875000E+002
4.90000000 10.80000000 5.95312500E+002
4.90000000 10.90000000 6.18750000E+002
4.90000000 11.00000000 6.42187500E+002
5.00000000 1.00000000 6.40625000E+002
5.00000000 1.10000000 6.17187500E+002
5.00000000 1.20000000 5.93750000E+002
5.00000000 1.30000000 5.70312500E+002
5.00000000 1.40000000 5.46875000E+002
5.00000000 1.50000000 5.23437500E+002
5.00000000 1.60000000 5.00000000E+002
5.00000000 1.70000000 4.76562500E+002
5.00000000 1.80000000 4.53125000E+002
5.00000000 1.90000000 4.29687500E+002
5.00000000 2.00000000 4.06250000E+002
5.00000000 2.10000000 3.82812500E+002
5.00000000 2.20000000 3.59375000E+002
5.00000000 2.30000000 3.35937500E+002
5.00000000 2.40000000 3.12500000E+002
5.00000000 2.50000000 2.89062500E+002
5.00000000 2.60000000 2.65625000E+002
5.00000000 2.70000000 2.42187500E+002
5.00000000 2.80000000 2.18750000E+002
5.00000000 2.90000000 1.95312500E+002
5.00000000 3.00000000 1.71875000E+002
5.00000000 3.10000000 1.48437500E+002
5.00000000 3.20000000 1.25000000E+002
5.00000000 3.30000000 1.01562500E+002
5.00000000 3.40000000 7.81250000E+001
5.00000000 3.50000000 5.46875000E+001
5.00000000 3.60000000 5.31250000E+001
5.00000000 3.70000000 5.15625000E+001
5.00000000 3.80000000 5.00000000E+001
5.00000000 3.90000000 4.84375000E+001
5.00000000 4.00000000 4.68750000E+001
5.00000000 4.10000000 4.53125000E+001
5.00000000 4.20000000 4.37500000E+001
5.00000000 4.30000000 4.21875000E+001
5.00000000 4.40000000 4.06250000E+001
5.00000000 4.50000000 3.90625000E+001
5.00000000 4.60000000 3.75000000E+001
5.00000000 4.70000000 3.59375000E+001
5.00000000 4.80000000 3.43750000E+001
5.00000000 4.90000000 3.28125000E+001
5.00000000 5.00000000 3.12500000E+001
5.00000000 5.10000000 2.96875000E+001
5.00000000 5.20000000 2.81250000E+001
5.00000000 5.30000000 2.65625000E+001
5.00000000 5.40000000 2.50000000E+001
5.00000000 5.50000000 2.34375000E+001
5.00000000 5.60000000 2.18750000E+001
5.00000000 5.70000000 2.03125000E+001
5.00000000 5.80000000 1.87500000E+001
5.00000000 5.90000000 1.71875000E+001
5.00000000 6.00000000 1.56250000E+001
5.00000000 6.10000000 1.71875000E+001
5.00000000 6.20000000 1.87500000E+001
5.00000000 6.30000000 2.03125000E+001
5.00000000 6.40000000 2.18750000E+001
5.00000000 6.50000000 2.34375000E+001
5.00000000 6.60000000 2.50000000E+001
5.00000000 6.70000000 2.65625000E+001
5.00000000 6.80000000 2.81250000E+001
5.00000000 6.90000000 2.96875000E+001
5.00000000 7.00000000 3.12500000E+001
5.00000000 7.10000000 3.28125000E+001
5.00000000 7.20000000 3.43750000E+001
5.00000000 7.30000000 3.59375000E+001
5.00000000 7.40000000 3.75000000E+001
5.00000000 7.50000000 3.90625000E+001
5.00000000 7.60000000 4.06250000E+001
5.00000000 7.70000000 4.21875000E+001
5.00000000 7.80000000 4.37500000E+001
5.00000000 7.90000000 4.53125000E+001
5.00000000 8.00000000 4.68750000E+001
5.00000000 8.10000000 4.84375000E+001
5.00000000 8.20000000 5.00000000E+001
5.00000000 8.30000000 5.15625000E+001
5.00000000 8.40000000 5.31250000E+001
5.00000000 8.50000000 5.46875000E+001
5.00000000 8.60000000 7.81250000E+001
5.00000000 8.70000000 1.01562500E+002
5.00000000 8.80000000 1.25000000E+002
5.00000000 8.90000000 1.48437500E+002
5.00000000 9.00000000 1.71875000E+002
5.00000000 9.10000000 1.95312500E+002
5.00000000 9.20000000 2.18750000E+002
5.00000000 9.30000000 2.42187500E+002
5.00000000 9.40000000 2.65625000E+002
5.00000000 9.50000000 2.89062500E+002
5.00000000 9.60000000 3.12500000E+002
5.00000000 9.70000000 3.35937500E+002
5.00000000 9.80000000 3.59375000E+002
5.00000000 9.90000000 3.82812500E+002
5.00000000 10.00000000 4.06250000E+002
5.00000000 10.10000000 4.29687500E+002
5.00000000 10.20000000 4.53125000E+002
5.00000000 10.30000000 4.76562500E+002
5.00000000 10.40000000 5.00000000E+002
5.00000000 10.50000000 5.23437500E+002
5.00000000 10.60000000 5.46875000E+002
5.00000000 10.70000000 5.70312500E+002
5.00000000 10.80000000 5.93750000E+002
5.00000000 10.90000000 6.17187500E+002
5.00000000 11.00000000 6.40625000E+002
5.10000000 1.00000000 6.39062500E+002
5.10000000 1.10000000 6.15625000E+002
5.10000000 1.20000000 5.92187500E+002
5.10000000 1.30000000 5.68750000E+002
5.10000000 1.40000000 5.45312500E+002
5.10000000 1.50000000 5.21875000E+002
5.10000000 1.60000000 4.98437500E+002
5.10000000 1.70000000 4.75000000E+002
5.10000000 1.80000000 4.51562500E+002
5.10000000 1.90000000 4.28125000E+002
5.10000000 2.00000000 4.04687500E+002
5.10000000 2.10000000 3.81250000E+002
5.10000000 2.20000000 3.57812500E+002
5.10000000 2.30000000 3.34375000E+002
5.10000000 2.40000000 3.10937500E+002
5.10000000 2.50000000 2.87500000E+002
5.10000000 2.60000000 2.64062500E+002
5.10000000 2.70000000 2.40625000E+002
5.10000000 2.80000000 2.17187500E+002
5.10000000 2.90000000 1.93750000E+002
5.10000000 3.00000000 1.70312500E+002
5.10000000 3.10000000 1.46875000E+002
5.10000000 3.20000000 1.23437500E+002
5.10000000 3.30000000 1.00000000E+002
5.10000000 3.40000000 7.65625000E+001
5.10000000 3.50000000 5.31250000E+001
5.10000000 3.60000000 5.15625000E+001
5.10000000 3.70000000 5.00000000E+001
5.10000000 3.80000000 4.84375000E+001
5.10000000 3.90000000 4.68750000E+001
5.10000000 4.00000000 4.53125000E+001
5.10000000 4.10000000 4.37500000E+001
5.10000000 4.20000000 4.21875000E+001
5.10000000 4.30000000 4.06250000E+001
5.10000000 4.40000000 3.90625000E+001
5.10000000 4.50000000 3.75000000E+001
5.10000000 4.60000000 3.59375000E+001
5.10000000 4.70000000 3.43750000E+001
5.10000000 4.80000000 3.28125000E+001
5.10000000 4.90000000 3.12500000E+001
5.10000000 5.00000000 2.96875000E+001
5.10000000 5.10000000 2.81250000E+001
5.10000000 5.20000000 2.65625000E+001
5.10000000 5.30000000 2.50000000E+001
5.10000000 5.40000000 2.34375000E+001
5.10000000 5.50000000 2.18750000E+001
5.10000000 5.60000000 2.03125000E+001
5.10000000 5.70000000 1.87500000E+001
5.10000000 5.80000000 1.71875000E+001
5.10000000 5.90000000 1.56250000E+001
5.10000000 6.00000000 1.40625000E+001
5.10000000 6.10000000 1.56250000E+001
5.10000000 6.20000000 1.71875000E+001
5.10000000 6.30000000 1.87500000E+001
5.10000000 6.40000000 2.03125000E+001
5.10000000 6.50000000 2.18750000E+001
5.10000000 6.60000000 2.34375000E+001
5.10000000 6.70000000 2.50000000E+001
5.10000000 6.80000000 2.65625000E+001
5.10000000 6.90000000 2.81250000E+001
5.10000000 7.00000000 2.96875000E+001
5.10000000 7.10000000 3.12500000E+001
5.10000000 7.20000000 3.28125000E+001
5.10000000 7.30000000 3.43750000E+001
5.10000000 7.40000000 3.59375000E+001
5.10000000 7.50000000 3.75000000E+001
5.10000000 7.60000000 3.90625000E+001
5.10000000 7.70000000 4.06250000E+001
5.10000000 7.80000000 4.21875000E+001
5.10000000 7.90000000 4.37500000E+001
5.10000000 8.00000000 4.53125000E+001
5.10000000 8.10000000 4.68750000E+001
5.10000000 8.20000000 4.84375000E+001
5.10000000 8.30000000 5.00000000E+001
5.10000000 8.40000000 5.15625000E+001
5.10000000 8.50000000 5.31250000E+001
5.10000000 8.60000000 7.65625000E+001
5.10000000 8.70000000 1.00000000E+002
5.10000000 8.80000000 1.23437500E+002
5.10000000 8.90000000 1.46875000E+002
5.10000000 9.00000000 1.70312500E+002
5.10000000 9.10000000 1.93750000E+002
5.10000000 9.20000000 2.17187500E+002
5.10000000 9.30000000 2.40625000E+002
5.10000000 9.40000000 2.64062500E+002
5.10000000 9.50000000 2.87500000E+002
5.10000000 9.60000000 3.10937500E+002
5.10000000 9.70000000 3.34375000E+002
5.10000000 9.80000000 3.57812500E+002
5.10000000 9.90000000 3.81250000E+002
5.10000000 10.00000000 4.04687500E+002
5.10000000 10.10000000 4.28125000E+002
5.10000000 10.20000000 4.51562500E+002
5.10000000 10.30000000 4.75000000E+002
5.10000000 10.40000000 4.98437500E+002
5.10000000 10.50000000 5.21875000E+002
5.10000000 10.60000000 5.45312500E+002
5.10000000 10.70000000 5.68750000E+002
5.10000000 10.80000000 5.92187500E+002
5.10000000 10.90000000 6.15625000E+002
5.10000000 11.00000000 6.39062500E+002
5.20000000 1.00000000 6.37500000E+002
5.20000000 1.10000000 6.14062500E+002
5.20000000 1.20000000 5.90625000E+002
5.20000000 1.30000000 5.67187500E+002
5.20000000 1.40000000 5.43750000E+002
5.20000000 1.50000000 5.20312500E+002
5.20000000 1.60000000 4.96875000E+002
5.20000000 1.70000000 4.73437500E+002
5.20000000 1.80000000 4.50000000E+002
5.20000000 1.90000000 4.26562500E+002
5.20000000 2.00000000 4.03125000E+002
5.20000000 2.10000000 3.79687500E+002
5.20000000 2.20000000 3.56250000E+002
5.20000000 2.30000000 3.32812500E+002
5.20000000 2.40000000 3.09375000E+002
5.20000000 2.50000000 2.85937500E+002
5.20000000 2.60000000 2.62500000E+002
5.20000000 2.70000000 2.39062500E+002
5.20000000 2.80000000 2.15625000E+002
5.20000000 2.90000000 1.92187500E+002
5.20000000 3.00000000 1.68750000E+002
5.20000000 3.10000000 1.45312500E+002
5.20000000 3.20000000 1.21875000E+002
5.20000000 3.30000000 9.84375000E+001
5.20000000 3.40000000 7.50000000E+001
5.20000000 3.50000000 5.15625000E+001
5.20000000 3.60000000 5.00000000E+001
5.20000000 3.70000000 4.84375000E+001
5.20000000 3.80000000 4.68750000E+001
5.20000000 3.90000000 4.53125000E+001
5.20000000 4.00000000 4.37500000E+001
5.20000000 4.10000000 4.21875000E+001
5.20000000 4.20000000 4.06250000E+001
5.20000000 4.30000000 3.90625000E+001
5.20000000 4.40000000 3.75000000E+001
5.20000000 4.50000000 3.59375000E+001
5.20000000 4.60000000 3.43750000E+001
5.20000000 4.70000000 3.28125000E+001
5.20000000 4.80000000 3.12500000E+001
5.20000000 4.90000000 2.96875000E+001
5.20000000 5.00000000 2.81250000E+001
5.20000000 5.10000000 2.65625000E+001
5.20000000 5.20000000 2.50000000E+001
5.20000000 5.30000000 2.34375000E+001
5.20000000 5.40000000 2.18750000E+001
5.20000000 5.50000000 2.03125000E+001
5.20000000 5.60000000 1.87500000E+001
5.20000000 5.70000000 1.71875000E+001
5.20000000 5.80000000 1.56250000E+001
5.20000000 5.90000000 1.40625000E+001
5.20000000 6.00000000 1.25000000E+001
5.20000000 6.10000000 1.40625000E+001
5.20000000 6.20000000 1.56250000E+001
5.20000000 6.30000000 1.71875000E+001
5.20000000 6.40000000 1.87500000E+001
5.20000000 6.50000000 2.03125000E+001
5.20000000 6.60000000 2.18750000E+001
5.20000000 6.70000000 2.34375000E+001
5.20000000 6.80000000 2.50000000E+001
5.20000000 6.90000000 2.65625000E+001
5.20000000 7.00000000 2.81250000E+001
5.20000000 7.10000000 2.96875000E+001
5.20000000 7.20000000 3.12500000E+001
5.20000000 7.30000000 3.28125000E+001
5.20000000 7.40000000 3.43750000E+001
5.20000000 7.50000000 3.59375000E+001
5.20000000 7.60000000 3.75000000E+001
5.20000000 7.70000000 3.90625000E+001
5.20000000 7.80000000 4.06250000E+001
5.20000000 7.90000000 4.21875000E+001
5.20000000 8.00000000 4.37500000E+001
5.20000000 8.10000000 4.53125000E+001
5.20000000 8.20000000 4.68750000E+001
5.20000000 8.30000000 4.84375000E+001
5.20000000 8.40000000 5.00000000E+001
5.20000000 8.50000000 5.15625000E+001
5.20000000 8.60000000 7.50000000E+001
5.20000000 8.70000000 9.84375000E+001
5.20000000 8.80000000 1.21875000E+002
5.20000000 8.90000000 1.45312500E+002
5.20000000 9.00000000 1.68750000E+002
5.20000000 9.10000000 1.92187500E+002
5.20000000 9.20000000 2.15625000E+002
5.20000000 9.30000000 2.39062500E+002
5.20000000 9.40000000 2.62500000E+002
5.20000000 9.50000000 2.85937500E+002
5.20000000 9.60000000 3.09375000E+002
5.20000000 9.70000000 3.32812500E+002
5.20000000 9.80000000 3.56250000E+002
5.20000000 9.90000000 3.79687500E+002
5.20000000 10.00000000 4.03125000E+002
5.20000000 10.10000000 4.26562500E+002
5.20000000 10.20000000 4.50000000E+002
5.20000000 10.30000000 4.73437500E+002
5.20000000 10.40000000 4.96875000E+002
5.20000000 10.50000000 5.20312500E+002
5.20000000 10.60000000 5.43750000E+002
5.20000000 10.70000000 5.67187500E+002
5.20000000 10.80000000 5.90625000E+002
5.20000000 10.90000000 6.14062500E+002
5.20000000 11.00000000 6.37500000E+002
5.30000000 1.00000000 6.35937500E+002
5.30000000 1.10000000 6.12500000E+002
5.30000000 1.20000000 5.89062500E+002
5.30000000 1.30000000 5.65625000E+002
5.30000000 1.40000000 5.42187500E+002
5.30000000 1.50000000 5.18750000E+002
5.30000000 1.60000000 4.95312500E+002
5.30000000 1.70000000 4.71875000E+002
5.30000000 1.80000000 4.48437500E+002
5.30000000 1.90000000 4.25000000E+002
5.30000000 2.00000000 4.01562500E+002
5.30000000 2.10000000 3.78125000E+002
5.30000000 2.20000000 3.54687500E+002
5.30000000 2.30000000 3.31250000E+002
5.30000000 2.40000000 3.07812500E+002
5.30000000 2.50000000 2.84375000E+002
5.30000000 2.60000000 2.60937500E+002
5.30000000 2.70000000 2.37500000E+002
5.30000000 2.80000000 2.14062500E+002
5.30000000 2.90000000 1.90625000E+002
5.30000000 3.00000000 1.67187500E+002
5.30000000 3.10000000 1.43750000E+002
5.30000000 3.20000000 1.20312500E+002
5.30000000 3.30000000 9.68750000E+001
5.30000000 3.40000000 7.34375000E+001
5.30000000 3.50000000 5.00000000E+001
5.30000000 3.60000000 4.84375000E+001
5.30000000 3.70000000 4.68750000E+001
5.30000000 3.80000000 4.53125000E+001
5.30000000 3.90000000 4.37500000E+001
5.30000000 4.00000000 4.21875000E+001
5.30000000 4.10000000 4.06250000E+001
5.30000000 4.20000000 3.90625000E+001
5.30000000 4.30000000 3.75000000E+001
5.30000000 4.40000000 3.59375000E+001
5.30000000 4.50000000 3.43750000E+001
5.30000000 4.60000000 3.28125000E+001
5.30000000 4.70000000 3.12500000E+001
5.30000000 4.80000000 2.96875000E+001
5.30000000 4.90000000 2.81250000E+001
5.30000000 5.00000000 2.65625000E+001
5.30000000 5.10000000 2.50000000E+001
5.30000000 5.20000000 2.34375000E+001
5.30000000 5.30000000 2.18750000E+001
5.30000000 5.40000000 2.03125000E+001
5.30000000 5.50000000 1.87500000E+001
5.30000000 5.60000000 1.71875000E+001
5.30000000 5.70000000 1.56250000E+001
5.30000000 5.80000000 1.40625000E+001
5.30000000 5.90000000 1.25000000E+001
5.30000000 6.00000000 1.09375000E+001
5.30000000 6.10000000 1.25000000E+001
5.30000000 6.20000000 1.40625000E+001
5.30000000 6.30000000 1.56250000E+001
5.30000000 6.40000000 1.71875000E+001
5.30000000 6.50000000 1.87500000E+001
5.30000000 6.60000000 2.03125000E+001
5.30000000 6.70000000 2.18750000E+001
5.30000000 6.80000000 2.34375000E+001
5.30000000 6.90000000 2.50000000E+001
5.30000000 7.00000000 2.65625000E+001
5.30000000 7.10000000 2.81250000E+001
5.30000000 7.20000000 2.96875000E+001
5.30000000 7.30000000 3.12500000E+001
5.30000000 7.40000000 3.28125000E+001
5.30000000 7.50000000 3.43750000E+001
5.30000000 7.60000000 3.59375000E+001
5.30000000 7.70000000 3.75000000E+001
5.30000000 7.80000000 3.90625000E+001
5.30000000 7.90000000 4.06250000E+001
5.30000000 8.00000000 4.21875000E+001
5.30000000 8.10000000 4.37500000E+001
5.30000000 8.20000000 4.53125000E+001
5.30000000 8.30000000 4.68750000E+001
5.30000000 8.40000000 4.84375000E+001
5.30000000 8.50000000 5.00000000E+001
5.30000000 8.60000000 7.34375000E+001
5.30000000 8.70000000 9.68750000E+001
5.30000000 8.80000000 1.20312500E+002
5.30000000 8.90000000 1.43750000E+002
5.30000000 9.00000000 1.67187500E+002
5.30000000 9.10000000 1.90625000E+002
5.30000000 9.20000000 2.14062500E+002
5.30000000 9.30000000 2.37500000E+002
5.30000000 9.40000000 2.60937500E+002
5.30000000 9.50000000 2.84375000E+002
5.30000000 9.60000000 3.07812500E+002
5.30000000 9.70000000 3.31250000E+002
5.30000000 9.80000000 3.54687500E+002
5.30000000 9.90000000 3.78125000E+002
5.30000000 10.00000000 4.01562500E+002
5.30000000 10.10000000 4.25000000E+002
5.30000000 10.20000000 4.48437500E+002
5.30000000 10.30000000 4.71875000E+002
5.30000000 10.40000000 4.95312500E+002
5.30000000 10.50000000 5.18750000E+002
5.30000000 10.60000000 5.42187500E+002
5.30000000 10.70000000 5.65625000E+002
5.30000000 10.80000000 5.89062500E+002
5.30000000 10.90000000 6.12500000E+002
5.30000000 11.00000000 6.35937500E+002
5.40000000 1.00000000 6.34375000E+002
5.40000000 1.10000000 6.10937500E+002
5.40000000 1.20000000 5.87500000E+002
5.40000000 1.30000000 5.64062500E+002
5.40000000 1.40000000 5.40625000E+002
5.40000000 1.50000000 5.17187500E+002
5.40000000 1.60000000 4.93750000E+002
5.40000000 1.70000000 4.70312500E+002
5.40000000 1.80000000 4.46875000E+002
5.40000000 1.90000000 4.23437500E+002
5.40000000 2.00000000 4.00000000E+002
5.40000000 2.10000000 3.76562500E+002
5.40000000 2.20000000 3.53125000E+002
5.40000000 2.30000000 3.29687500E+002
5.40000000 2.40000000 3.06250000E+002
5.40000000 2.50000000 2.82812500E+002
5.40000000 2.60000000 2.59375000E+002
5.40000000 2.70000000 2.35937500E+002
5.40000000 2.80000000 2.12500000E+002
5.40000000 2.90000000 1.89062500E+002
5.40000000 3.00000000 1.65625000E+002
5.40000000 3.10000000 1.42187500E+002
5.40000000 3.20000000 1.18750000E+002
5.40000000 3.30000000 9.53125000E+001
5.40000000 3.40000000 7.18750000E+001
5.40000000 3.50000000 4.84375000E+001
5.40000000 3.60000000 4.68750000E+001
5.40000000 3.70000000 4.53125000E+001
5.40000000 3.80000000 4.37500000E+001
5.40000000 3.90000000 4.21875000E+001
5.40000000 4.00000000 4.06250000E+001
5.40000000 4.10000000 3.90625000E+001
5.40000000 4.20000000 3.75000000E+001
5.40000000 4.30000000 3.59375000E+001
5.40000000 4.40000000 3.43750000E+001
5.40000000 4.50000000 3.28125000E+001
5.40000000 4.60000000 3.12500000E+001
5.40000000 4.70000000 2.96875000E+001
5.40000000 4.80000000 2.81250000E+001
5.40000000 4.90000000 2.65625000E+001
5.40000000 5.00000000 2.50000000E+001
5.40000000 5.10000000 2.34375000E+001
5.40000000 5.20000000 2.18750000E+001
5.40000000 5.30000000 2.03125000E+001
5.40000000 5.40000000 1.87500000E+001
5.40000000 5.50000000 1.71875000E+001
5.40000000 5.60000000 1.56250000E+001
5.40000000 5.70000000 1.40625000E+001
5.40000000 5.80000000 1.25000000E+001
5.40000000 5.90000000 1.09375000E+001
5.40000000 6.00000000 9.37500000E+000
5.40000000 6.10000000 1.09375000E+001
5.40000000 6.20000000 1.25000000E+001
5.40000000 6.30000000 1.40625000E+001
5.40000000 6.40000000 1.56250000E+001
5.40000000 6.50000000 1.71875000E+001
5.40000000 6.60000000 1.87500000E+001
5.40000000 6.70000000 2.03125000E+001
5.40000000 6.80000000 2.18750000E+001
5.40000000 6.90000000 2.34375000E+001
5.40000000 7.00000000 2.50000000E+001
5.40000000 7.10000000 2.65625000E+001
5.40000000 7.20000000 2.81250000E+001
5.40000000 7.30000000 2.96875000E+001
5.40000000 7.40000000 3.12500000E+001
5.40000000 7.50000000 3.28125000E+001
5.40000000 7.60000000 3.43750000E+001
5.40000000 7.70000000 3.59375000E+001
5.40000000 7.80000000 3.75000000E+001
5.40000000 7.90000000 3.90625000E+001
5.40000000 8.00000000 4.06250000E+001
5.40000000 8.10000000 4.21875000E+001
5.40000000 8.20000000 4.37500000E+001
5.40000000 8.30000000 4.53125000E+001
5.40000000 8.40000000 4.68750000E+001
5.40000000 8.50000000 4.84375000E+001
5.40000000 8.60000000 7.18750000E+001
5.40000000 8.70000000 9.53125000E+001
5.40000000 8.80000000 1.18750000E+002
5.40000000 8.90000000 1.42187500E+002
5.40000000 9.00000000 1.65625000E+002
5.40000000 9.10000000 1.89062500E+002
5.40000000 9.20000000 2.12500000E+002
5.40000000 9.30000000 2.35937500E+002
5.40000000 9.40000000 2.59375000E+002
5.40000000 9.50000000 2.82812500E+002
5.40000000 9.60000000 3.06250000E+002
5.40000000 9.70000000 3.29687500E+002
5.40000000 9.80000000 3.53125000E+002
5.40000000 9.90000000 3.76562500E+002
5.40000000 10.00000000 4.00000000E+002
5.40000000 10.10000000 4.23437500E+002
5.40000000 10.20000000 4.46875000E+002
5.40000000 10.30000000 4.70312500E+002
5.40000000 10.40000000 4.93750000E+002
5.40000000 10.50000000 5.17187500E+002
5.40000000 10.60000000 5.40625000E+002
5.40000000 10.70000000 5.64062500E+002
5.40000000 10.80000000 5.87500000E+002
5.40000000 10.90000000 6.10937500E+002
5.40000000 11.00000000 6.34375000E+002
5.50000000 1.00000000 6.32812500E+002
5.50000000 1.10000000 6.09375000E+002
5.50000000 1.20000000 5.85937500E+002
5.50000000 1.30000000 5.62500000E+002
5.50000000 1.40000000 5.39062500E+002
5.50000000 1.50000000 5.15625000E+002
5.50000000 1.60000000 4.92187500E+002
5.50000000 1.70000000 4.68750000E+002
5.50000000 1.80000000 4.45312500E+002
5.50000000 1.90000000 4.21875000E+002
5.50000000 2.00000000 3.98437500E+002
5.50000000 2.10000000 3.75000000E+002
5.50000000 2.20000000 3.51562500E+002
5.50000000 2.30000000 3.28125000E+002
5.50000000 2.40000000 3.04687500E+002
5.50000000 2.50000000 2.81250000E+002
5.50000000 2.60000000 2.57812500E+002
5.50000000 2.70000000 2.34375000E+002
5.50000000 2.80000000 2.10937500E+002
5.50000000 2.90000000 1.87500000E+002
5.50000000 3.00000000 1.64062500E+002
5.50000000 3.10000000 1.40625000E+002
5.50000000 3.20000000 1.17187500E+002
5.50000000 3.30000000 9.37500000E+001
5.50000000 3.40000000 7.03125000E+001
5.50000000 3.50000000 4.68750000E+001
5.50000000 3.60000000 4.53125000E+001
5.50000000 3.70000000 4.37500000E+001
5.50000000 3.80000000 4.21875000E+001
5.50000000 3.90000000 4.06250000E+001
5.50000000 4.00000000 3.90625000E+001
5.50000000 4.10000000 3.75000000E+001
5.50000000 4.20000000 3.59375000E+001
5.50000000 4.30000000 3.43750000E+001
5.50000000 4.40000000 3.28125000E+001
5.50000000 4.50000000 3.12500000E+001
5.50000000 4.60000000 2.96875000E+001
5.50000000 4.70000000 2.81250000E+001
5.50000000 4.80000000 2.65625000E+001
5.50000000 4.90000000 2.50000000E+001
5.50000000 5.00000000 2.34375000E+001
5.50000000 5.10000000 2.18750000E+001
5.50000000 5.20000000 2.03125000E+001
5.50000000 5.30000000 1.87500000E+001
5.50000000 5.40000000 1.71875000E+001
5.50000000 5.50000000 1.56250000E+001
5.50000000 5.60000000 1.40625000E+001
5.50000000 5.70000000 1.25000000E+001
5.50000000 5.80000000 1.09375000E+001
5.50000000 5.90000000 9.37500000E+000
5.50000000 6.00000000 7.81250000E+000
5.50000000 6.10000000 9.37500000E+000
5.50000000 6.20000000 1.09375000E+001
5.50000000 6.30000000 1.25000000E+001
5.50000000 6.40000000 1.40625000E+001
5.50000000 6.50000000 1.56250000E+001
5.50000000 6.60000000 1.71875000E+001
5.50000000 6.70000000 1.87500000E+001
5.50000000 6.80000000 2.03125000E+001
5.50000000 6.90000000 2.18750000E+001
5.50000000 7.00000000 2.34375000E+001
5.50000000 7.10000000 2.50000000E+001
5.50000000 7.20000000 2.65625000E+001
5.50000000 7.30000000 2.81250000E+001
5.50000000 7.40000000 2.96875000E+001
5.50000000 7.50000000 3.12500000E+001
5.50000000 7.60000000 3.28125000E+001
5.50000000 7.70000000 3.43750000E+001
5.50000000 7.80000000 3.59375000E+001
5.50000000 7.90000000 3.75000000E+001
5.50000000 8.00000000 3.90625000E+001
5.50000000 8.10000000 4.06250000E+001
5.50000000 8.20000000 4.21875000E+001
5.50000000 8.30000000 4.37500000E+001
5.50000000 8.40000000 4.53125000E+001
5.50000000 8.50000000 4.68750000E+001
5.50000000 8.60000000 7.03125000E+001
5.50000000 8.70000000 9.37500000E+001
5.50000000 8.80000000 1.17187500E+002
5.50000000 8.90000000 1.40625000E+002
5.50000000 9.00000000 1.64062500E+002
5.50000000 9.10000000 1.87500000E+002
5.50000000 9.20000000 2.10937500E+002
5.50000000 9.30000000 2.34375000E+002
5.50000000 9.40000000 2.57812500E+002
5.50000000 9.50000000 2.81250000E+002
5.50000000 9.60000000 3.04687500E+002
5.50000000 9.70000000 3.28125000E+002
5.50000000 9.80000000 3.51562500E+002
5.50000000 9.90000000 3.75000000E+002
5.50000000 10.00000000 3.98437500E+002
5.50000000 10.10000000 4.21875000E+002
5.50000000 10.20000000 4.45312500E+002
5.50000000 10.30000000 4.68750000E+002
5.50000000 10.40000000 4.92187500E+002
5.50000000 10.50000000 5.15625000E+002
5.50000000 10.60000000 5.39062500E+002
5.50000000 10.70000000 5.62500000E+002
5.50000000 10.80000000 5.85937500E+002
5.50000000 10.90000000 6.09375000E+002
5.50000000 11.00000000 6.32812500E+002
5.60000000 1.00000000 6.31250000E+002
5.60000000 1.10000000 6.07812500E+002
5.60000000 1.20000000 5.84375000E+002
5.60000000 1.30000000 5.60937500E+002
5.60000000 1.40000000 5.37500000E+002
5.60000000 1.50000000 5.14062500E+002
5.60000000 1.60000000 4.90625000E+002
5.60000000 1.70000000 4.67187500E+002
5.60000000 1.80000000 4.43750000E+002
5.60000000 1.90000000 4.20312500E+002
5.60000000 2.00000000 3.96875000E+002
5.60000000 2.10000000 3.73437500E+002
5.60000000 2.20000000 3.50000000E+002
5.60000000 2.30000000 3.26562500E+002
5.60000000 2.40000000 3.03125000E+002
5.60000000 2.50000000 2.79687500E+002
5.60000000 2.60000000 2.56250000E+002
5.60000000 2.70000000 2.32812500E+002
5.60000000 2.80000000 2.09375000E+002
5.60000000 2.90000000 1.85937500E+002
5.60000000 3.00000000 1.62500000E+002
5.60000000 3.10000000 1.39062500E+002
5.60000000 3.20000000 1.15625000E+002
5.60000000 3.30000000 9.21875000E+001
5.60000000 3.40000000 6.87500000E+001
5.60000000 3.50000000 4.53125000E+001
5.60000000 3.60000000 4.37500000E+001
5.60000000 3.70000000 4.21875000E+001
5.60000000 3.80000000 4.06250000E+001
5.60000000 3.90000000 3.90625000E+001
5.60000000 4.00000000 3.75000000E+001
5.60000000 4.10000000 3.59375000E+001
5.60000000 4.20000000 3.43750000E+001
5.60000000 4.30000000 3.28125000E+001
5.60000000 4.40000000 3.12500000E+001
5.60000000 4.50000000 2.96875000E+001
5.60000000 4.60000000 2.81250000E+001
5.60000000 4.70000000 2.65625000E+001
5.60000000 4.80000000 2.50000000E+001
5.60000000 4.90000000 2.34375000E+001
5.60000000 5.00000000 2.18750000E+001
5.60000000 5.10000000 2.03125000E+001
5.60000000 5.20000000 1.87500000E+001
5.60000000 5.30000000 1.71875000E+001
5.60000000 5.40000000 1.56250000E+001
5.60000000 5.50000000 1.40625000E+001
5.60000000 5.60000000 1.25000000E+001
5.60000000 5.70000000 1.09375000E+001
5.60000000 5.80000000 9.37500000E+000
5.60000000 5.90000000 7.81250000E+000
5.60000000 6.00000000 6.25000000E+000
5.60000000 6.10000000 7.81250000E+000
5.60000000 6.20000000 9.37500000E+000
5.60000000 6.30000000 1.09375000E+001
5.60000000 6.40000000 1.25000000E+001
5.60000000 6.50000000 1.40625000E+001
5.60000000 6.60000000 1.56250000E+001
5.60000000 6.70000000 1.71875000E+001
5.60000000 6.80000000 1.87500000E+001
5.60000000 6.90000000 2.03125000E+001
5.60000000 7.00000000 2.18750000E+001
5.60000000 7.10000000 2.34375000E+001
5.60000000 7.20000000 2.50000000E+001
5.60000000 7.30000000 2.65625000E+001
5.60000000 7.40000000 2.81250000E+001
5.60000000 7.50000000 2.96875000E+001
5.60000000 7.60000000 3.12500000E+001
5.60000000 7.70000000 3.28125000E+001
5.60000000 7.80000000 3.43750000E+001
5.60000000 7.90000000 3.59375000E+001
5.60000000 8.00000000 3.75000000E+001
5.60000000 8.10000000 3.90625000E+001
5.60000000 8.20000000 4.06250000E+001
5.60000000 8.30000000 4.21875000E+001
5.60000000 8.40000000 4.37500000E+001
5.60000000 8.50000000 4.53125000E+001
5.60000000 8.60000000 6.87500000E+001
5.60000000 8.70000000 9.21875000E+001
5.60000000 8.80000000 1.15625000E+002
5.60000000 8.90000000 1.39062500E+002
5.60000000 9.00000000 1.62500000E+002
5.60000000 9.10000000 1.85937500E+002
5.60000000 9.20000000 2.09375000E+002
5.60000000 9.30000000 2.32812500E+002
5.60000000 9.40000000 2.56250000E+002
5.60000000 9.50000000 2.79687500E+002
5.60000000 9.60000000 3.03125000E+002
5.60000000 9.70000000 3.26562500E+002
5.60000000 9.80000000 3.50000000E+002
5.60000000 9.90000000 3.73437500E+002
5.60000000 10.00000000 3.96875000E+002
5.60000000 10.10000000 4.20312500E+002
5.60000000 10.20000000 4.43750000E+002
5.60000000 10.30000000 4.67187500E+002
5.60000000 10.40000000 4.90625000E+002
5.60000000 10.50000000 5.14062500E+002
5.60000000 10.60000000 5.37500000E+002
5.60000000 10.70000000 5.60937500E+002
5.60000000 10.80000000 5.84375000E+002
5.60000000 10.90000000 6.07812500E+002
5.60000000 11.00000000 6.31250000E+002
5.70000000 1.00000000 6.29687500E+002
5.70000000 1.10000000 6.06250000E+002
5.70000000 1.20000000 5.82812500E+002
5.70000000 1.30000000 5.59375000E+002
5.70000000 1.40000000 5.35937500E+002
5.70000000 1.50000000 5.12500000E+002
5.70000000 1.60000000 4.89062500E+002
5.70000000 1.70000000 4.65625000E+002
5.70000000 1.80000000 4.42187500E+002
5.70000000 1.90000000 4.18750000E+002
5.70000000 2.00000000 3.95312500E+002
5.70000000 2.10000000 3.71875000E+002
5.70000000 2.20000000 3.48437500E+002
5.70000000 2.30000000 3.25000000E+002
5.70000000 2.40000000 3.01562500E+002
5.70000000 2.50000000 2.78125000E+002
5.70000000 2.60000000 2.54687500E+002
5.70000000 2.70000000 2.31250000E+002
5.70000000 2.80000000 2.07812500E+002
5.70000000 2.90000000 1.84375000E+002
5.70000000 3.00000000 1.60937500E+002
5.70000000 3.10000000 1.37500000E+002
5.70000000 3.20000000 1.14062500E+002
5.70000000 3.30000000 9.06250000E+001
5.70000000 3.40000000 6.71875000E+001
5.70000000 3.50000000 4.37500000E+001
5.70000000 3.60000000 4.21875000E+001
5.70000000 3.70000000 4.06250000E+001
5.70000000 3.80000000 3.90625000E+001
5.70000000 3.90000000 3.75000000E+001
5.70000000 4.00000000 3.59375000E+001
5.70000000 4.10000000 3.43750000E+001
5.70000000 4.20000000 3.28125000E+001
5.70000000 4.30000000 3.12500000E+001
5.70000000 4.40000000 2.96875000E+001
5.70000000 4.50000000 2.81250000E+001
5.70000000 4.60000000 2.65625000E+001
5.70000000 4.70000000 2.50000000E+001
5.70000000 4.80000000 2.34375000E+001
5.70000000 4.90000000 2.18750000E+001
5.70000000 5.00000000 2.03125000E+001
5.70000000 5.10000000 1.87500000E+001
5.70000000 5.20000000 1.71875000E+001
5.70000000 5.30000000 1.56250000E+001
5.70000000 5.40000000 1.40625000E+001
5.70000000 5.50000000 1.25000000E+001
5.70000000 5.60000000 1.09375000E+001
5.70000000 5.70000000 9.37500000E+000
5.70000000 5.80000000 7.81250000E+000
5.70000000 5.90000000 6.25000000E+000
5.70000000 6.00000000 4.68750000E+000
5.70000000 6.10000000 6.25000000E+000
5.70000000 6.20000000 7.81250000E+000
5.70000000 6.30000000 9.37500000E+000
5.70000000 6.40000000 1.09375000E+001
5.70000000 6.50000000 1.25000000E+001
5.70000000 6.60000000 1.40625000E+001
5.70000000 6.70000000 1.56250000E+001
5.70000000 6.80000000 1.71875000E+001
5.70000000 6.90000000 1.87500000E+001
5.70000000 7.00000000 2.03125000E+001
5.70000000 7.10000000 2.18750000E+001
5.70000000 7.20000000 2.34375000E+001
5.70000000 7.30000000 2.50000000E+001
5.70000000 7.40000000 2.65625000E+001
5.70000000 7.50000000 2.81250000E+001
5.70000000 7.60000000 2.96875000E+001
5.70000000 7.70000000 3.12500000E+001
5.70000000 7.80000000 3.28125000E+001
5.70000000 7.90000000 3.43750000E+001
5.70000000 8.00000000 3.59375000E+001
5.70000000 8.10000000 3.75000000E+001
5.70000000 8.20000000 3.90625000E+001
5.70000000 8.30000000 4.06250000E+001
5.70000000 8.40000000 4.21875000E+001
5.70000000 8.50000000 4.37500000E+001
5.70000000 8.60000000 6.71875000E+001
5.70000000 8.70000000 9.06250000E+001
5.70000000 8.80000000 1.14062500E+002
5.70000000 8.90000000 1.37500000E+002
5.70000000 9.00000000 1.60937500E+002
5.70000000 9.10000000 1.84375000E+002
5.70000000 9.20000000 2.07812500E+002
5.70000000 9.30000000 2.31250000E+002
5.70000000 9.40000000 2.54687500E+002
5.70000000 9.50000000 2.78125000E+002
5.70000000 9.60000000 3.01562500E+002
5.70000000 9.70000000 3.25000000E+002
5.70000000 9.80000000 3.48437500E+002
5.70000000 9.90000000 3.71875000E+002
5.70000000 10.00000000 3.95312500E+002
5.70000000 10.10000000 4.18750000E+002
5.70000000 10.20000000 4.42187500E+002
5.70000000 10.30000000 4.65625000E+002
5.70000000 10.40000000 4.89062500E+002
5.70000000 10.50000000 5.12500000E+002
5.70000000 10.60000000 5.35937500E+002
5.70000000 10.70000000 5.59375000E+002
5.70000000 10.80000000 5.82812500E+002
5.70000000 10.90000000 6.06250000E+002
5.70000000 11.00000000 6.29687500E+002
5.80000000 1.00000000 6.28125000E+002
5.80000000 1.10000000 6.04687500E+002
5.80000000 1.20000000 5.81250000E+002
5.80000000 1.30000000 5.57812500E+002
5.80000000 1.40000000 5.34375000E+002
5.80000000 1.50000000 5.10937500E+002
5.80000000 1.60000000 4.87500000E+002
5.80000000 1.70000000 4.64062500E+002
5.80000000 1.80000000 4.40625000E+002
5.80000000 1.90000000 4.17187500E+002
5.80000000 2.00000000 3.93750000E+002
5.80000000 2.10000000 3.70312500E+002
5.80000000 2.20000000 3.46875000E+002
5.80000000 2.30000000 3.23437500E+002
5.80000000 2.40000000 3.00000000E+002
5.80000000 2.50000000 2.76562500E+002
5.80000000 2.60000000 2.53125000E+002
5.80000000 2.70000000 2.29687500E+002
5.80000000 2.80000000 2.06250000E+002
5.80000000 2.90000000 1.82812500E+002
5.80000000 3.00000000 1.59375000E+002
5.80000000 3.10000000 1.35937500E+002
5.80000000 3.20000000 1.12500000E+002
5.80000000 3.30000000 8.90625000E+001
5.80000000 3.40000000 6.56250000E+001
5.80000000 3.50000000 4.21875000E+001
5.80000000 3.60000000 4.06250000E+001
5.80000000 3.70000000 3.90625000E+001
5.80000000 3.80000000 3.75000000E+001
5.80000000 3.90000000 3.59375000E+001
5.80000000 4.00000000 3.43750000E+001
5.80000000 4.10000000 3.28125000E+001
5.80000000 4.20000000 3.12500000E+001
5.80000000 4.30000000 2.96875000E+001
5.80000000 4.40000000 2.81250000E+001
5.80000000 4.50000000 2.65625000E+001
5.80000000 4.60000000 2.50000000E+001
5.80000000 4.70000000 2.34375000E+001
5.80000000 4.80000000 2.18750000E+001
5.80000000 4.90000000 2.03125000E+001
5.80000000 5.00000000 1.87500000E+001
5.80000000 5.10000000 1.71875000E+001
5.80000000 5.20000000 1.56250000E+001
5.80000000 5.30000000 1.40625000E+001
5.80000000 5.40000000 1.25000000E+001
5.80000000 5.50000000 1.09375000E+001
5.80000000 5.60000000 9.37500000E+000
5.80000000 5.70000000 7.81250000E+000
5.80000000 5.80000000 6.25000000E+000
5.80000000 5.90000000 4.68750000E+000
5.80000000 6.00000000 3.12500000E+000
5.80000000 6.10000000 4.68750000E+000
5.80000000 6.20000000 6.25000000E+000
5.80000000 6.30000000 7.81250000E+000
5.80000000 6.40000000 9.37500000E+000
5.80000000 6.50000000 1.09375000E+001
5.80000000 6.60000000 1.25000000E+001
5.80000000 6.70000000 1.40625000E+001
5.80000000 6.80000000 1.56250000E+001
5.80000000 6.90000000 1.71875000E+001
5.80000000 7.00000000 1.87500000E+001
5.80000000 7.10000000 2.03125000E+001
5.80000000 7.20000000 2.18750000E+001
5.80000000 7.30000000 2.34375000E+001
5.80000000 7.40000000 2.50000000E+001
5.80000000 7.50000000 2.65625000E+001
5.80000000 7.60000000 2.81250000E+001
5.80000000 7.70000000 2.96875000E+001
5.80000000 7.80000000 3.12500000E+001
5.80000000 7.90000000 3.28125000E+001
5.80000000 8.00000000 3.43750000E+001
5.80000000 8.10000000 3.59375000E+001
5.80000000 8.20000000 3.75000000E+001
5.80000000 8.30000000 3.90625000E+001
5.80000000 8.40000000 4.06250000E+001
5.80000000 8.50000000 4.21875000E+001
5.80000000 8.60000000 6.56250000E+001
5.80000000 8.70000000 8.90625000E+001
5.80000000 8.80000000 1.12500000E+002
5.80000000 8.90000000 1.35937500E+002
5.80000000 9.00000000 1.59375000E+002
5.80000000 9.10000000 1.82812500E+002
5.80000000 9.20000000 2.06250000E+002
5.80000000 9.30000000 2.29687500E+002
5.80000000 9.40000000 2.53125000E+002
5.80000000 9.50000000 2.76562500E+002
5.80000000 9.60000000 3.00000000E+002
5.80000000 9.70000000 3.23437500E+002
5.80000000 9.80000000 3.46875000E+002
5.80000000 9.90000000 3.70312500E+002
5.80000000 10.00000000 3.93750000E+002
5.80000000 10.10000000 4.17187500E+002
5.80000000 10.20000000 4.40625000E+002
5.80000000 10.30000000 4.64062500E+002
5.80000000 10.40000000 4.87500000E+002
5.80000000 10.50000000 5.10937500E+002
5.80000000 10.60000000 5.34375000E+002
5.80000000 10.70000000 5.57812500E+002
5.80000000 10.80000000 5.81250000E+002
5.80000000 10.90000000 6.04687500E+002
5.80000000 11.00000000 6.28125000E+002
5.90000000 1.00000000 6.26562500E+002
5.90000000 1.10000000 6.03125000E+002
5.90000000 1.20000000 5.79687500E+002
5.90000000 1.30000000 5.56250000E+002
5.90000000 1.40000000 5.32812500E+002
5.90000000 1.50000000 5.09375000E+002
5.90000000 1.60000000 4.85937500E+002
5.90000000 1.70000000 4.62500000E+002
5.90000000 1.80000000 4.39062500E+002
5.90000000 1.90000000 4.15625000E+002
5.90000000 2.00000000 3.92187500E+002
5.90000000 2.10000000 3.68750000E+002
5.90000000 2.20000000 3.45312500E+002
5.90000000 2.30000000 3.21875000E+002
5.90000000 2.40000000 2.98437500E+002
5.90000000 2.50000000 2.75000000E+002
5.90000000 2.60000000 2.51562500E+002
5.90000000 2.70000000 2.28125000E+002
5.90000000 2.80000000 2.04687500E+002
5.90000000 2.90000000 1.81250000E+002
5.90000000 3.00000000 1.57812500E+002
5.90000000 3.10000000 1.34375000E+002
5.90000000 3.20000000 1.10937500E+002
5.90000000 3.30000000 8.75000000E+001
5.90000000 3.40000000 6.40625000E+001
5.90000000 3.50000000 4.06250000E+001
5.90000000 3.60000000 3.90625000E+001
5.90000000 3.70000000 3.75000000E+001
5.90000000 3.80000000 3.59375000E+001
5.90000000 3.90000000 3.43750000E+001
5.90000000 4.00000000 3.28125000E+001
5.90000000 4.10000000 3.12500000E+001
5.90000000 4.20000000 2.96875000E+001
5.90000000 4.30000000 2.81250000E+001
5.90000000 4.40000000 2.65625000E+001
5.90000000 4.50000000 2.50000000E+001
5.90000000 4.60000000 2.34375000E+001
5.90000000 4.70000000 2.18750000E+001
5.90000000 4.80000000 2.03125000E+001
5.90000000 4.90000000 1.87500000E+001
5.90000000 5.00000000 1.71875000E+001
5.90000000 5.10000000 1.56250000E+001
5.90000000 5.20000000 1.40625000E+001
5.90000000 5.30000000 1.25000000E+001
5.90000000 5.40000000 1.09375000E+001
5.90000000 5.50000000 9.37500000E+000
5.90000000 5.60000000 7.81250000E+000
5.90000000 5.70000000 6.25000000E+000
5.90000000 5.80000000 4.68750000E+000
5.90000000 5.90000000 3.12500000E+000
5.90000000 6.00000000 1.56250000E+000
5.90000000 6.10000000 3.12500000E+000
5.90000000 6.20000000 4.68750000E+000
5.90000000 6.30000000 6.25000000E+000
5.90000000 6.40000000 7.81250000E+000
5.90000000 6.50000000 9.37500000E+000
5.90000000 6.60000000 1.09375000E+001
5.90000000 6.70000000 1.25000000E+001
5.90000000 6.80000000 1.40625000E+001
5.90000000 6.90000000 1.56250000E+001
5.90000000 7.00000000 1.71875000E+001
5.90000000 7.10000000 1.87500000E+001
5.90000000 7.20000000 2.03125000E+001
5.90000000 7.30000000 2.18750000E+001
5.90000000 7.40000000 2.34375000E+001
5.90000000 7.50000000 2.50000000E+001
5.90000000 7.60000000 2.65625000E+001
5.90000000 7.70000000 2.81250000E+001
5.90000000 7.80000000 2.96875000E+001
5.90000000 7.90000000 3.12500000E+001
5.90000000 8.00000000 3.28125000E+001
5.90000000 8.10000000 3.43750000E+001
5.90000000 8.20000000 3.59375000E+001
5.90000000 8.30000000 3.75000000E+001
5.90000000 8.40000000 3.90625000E+001
5.90000000 8.50000000 4.06250000E+001
5.90000000 8.60000000 6.40625000E+001
5.90000000 8.70000000 8.75000000E+001
5.90000000 8.80000000 1.10937500E+002
5.90000000 8.90000000 1.34375000E+002
5.90000000 9.00000000 1.57812500E+002
5.90000000 9.10000000 1.81250000E+002
5.90000000 9.20000000 2.04687500E+002
5.90000000 9.30000000 2.28125000E+002
5.90000000 9.40000000 2.51562500E+002
5.90000000 9.50000000 2.75000000E+002
5.90000000 9.60000000 2.98437500E+002
5.90000000 9.70000000 3.21875000E+002
5.90000000 9.80000000 3.45312500E+002
5.90000000 9.90000000 3.68750000E+002
5.90000000 10.00000000 3.92187500E+002
5.90000000 10.10000000 4.15625000E+002
5.90000000 10.20000000 4.39062500E+002
5.90000000 10.30000000 4.62500000E+002
5.90000000 10.40000000 4.85937500E+002
5.90000000 10.50000000 5.09375000E+002
5.90000000 10.60000000 5.32812500E+002
5.90000000 10.70000000 5.56250000E+002
5.90000000 10.80000000 5.79687500E+002
5.90000000 10.90000000 6.03125000E+002
5.90000000 11.00000000 6.26562500E+002
6.00000000 1.00000000 6.25000000E+002
6.00000000 1.10000000 6.01562500E+002
6.00000000 1.20000000 5.78125000E+002
6.00000000 1.30000000 5.54687500E+002
6.00000000 1.40000000 5.31250000E+002
6.00000000 1.50000000 5.07812500E+002
6.00000000 1.60000000 4.84375000E+002
6.00000000 1.70000000 4.60937500E+002
6.00000000 1.80000000 4.37500000E+002
6.00000000 1.90000000 4.14062500E+002
6.00000000 2.00000000 3.90625000E+002
6.00000000 2.10000000 3.67187500E+002
6.00000000 2.20000000 3.43750000E+002
6.00000000 2.30000000 3.20312500E+002
6.00000000 2.40000000 2.96875000E+002
6.00000000 2.50000000 2.73437500E+002
6.00000000 2.60000000 2.50000000E+002
6.00000000 2.70000000 2.26562500E+002
6.00000000 2.80000000 2.03125000E+002
6.00000000 2.90000000 1.79687500E+002
6.00000000 3.00000000 1.56250000E+002
6.00000000 3.10000000 1.32812500E+002
6.00000000 3.20000000 1.09375000E+002
6.00000000 3.30000000 8.59375000E+001
6.00000000 3.40000000 6.25000000E+001
6.00000000 3.50000000 3.90625000E+001
6.00000000 3.60000000 3.75000000E+001
6.00000000 3.70000000 3.59375000E+001
6.00000000 3.80000000 3.43750000E+001
6.00000000 3.90000000 3.28125000E+001
6.00000000 4.00000000 3.12500000E+001
6.00000000 4.10000000 2.96875000E+001
6.00000000 4.20000000 2.81250000E+001
6.00000000 4.30000000 2.65625000E+001
6.00000000 4.40000000 2.50000000E+001
6.00000000 4.50000000 2.34375000E+001
6.00000000 4.60000000 2.18750000E+001
6.00000000 4.70000000 2.03125000E+001
6.00000000 4.80000000 1.87500000E+001
6.00000000 4.90000000 1.71875000E+001
6.00000000 5.00000000 1.56250000E+001
6.00000000 5.10000000 1.40625000E+001
6.00000000 5.20000000 1.25000000E+001
6.00000000 5.30000000 1.09375000E+001
6.00000000 5.40000000 9.37500000E+000
6.00000000 5.50000000 7.81250000E+000
6.00000000 5.60000000 6.25000000E+000
6.00000000 5.70000000 4.68750000E+000
6.00000000 5.80000000 3.12500000E+000
6.00000000 5.90000000 1.56250000E+000
6.00000000 6.00000000 0.00000000E+000
6.00000000 6.10000000 1.56250000E+000
6.00000000 6.20000000 3.12500000E+000
6.00000000 6.30000000 4.68750000E+000
6.00000000 6.40000000 6.25000000E+000
6.00000000 6.50000000 7.81250000E+000
6.00000000 6.60000000 9.37500000E+000
6.00000000 6.70000000 1.09375000E+001
6.00000000 6.80000000 1.25000000E+001
6.00000000 6.90000000 1.40625000E+001
6.00000000 7.00000000 1.56250000E+001
6.00000000 7.10000000 1.71875000E+001
6.00000000 7.20000000 1.87500000E+001
6.00000000 7.30000000 2.03125000E+001
6.00000000 7.40000000 2.18750000E+001
6.00000000 7.50000000 2.34375000E+001
6.00000000 7.60000000 2.50000000E+001
6.00000000 7.70000000 2.65625000E+001
6.00000000 7.80000000 2.81250000E+001
6.00000000 7.90000000 2.96875000E+001
6.00000000 8.00000000 3.12500000E+001
6.00000000 8.10000000 3.28125000E+001
6.00000000 8.20000000 3.43750000E+001
6.00000000 8.30000000 3.59375000E+001
6.00000000 8.40000000 3.75000000E+001
6.00000000 8.50000000 3.90625000E+001
6.00000000 8.60000000 6.25000000E+001
6.00000000 8.70000000 8.59375000E+001
6.00000000 8.80000000 1.09375000E+002
6.00000000 8.90000000 1.32812500E+002
6.00000000 9.00000000 1.56250000E+002
6.00000000 9.10000000 1.79687500E+002
6.00000000 9.20000000 2.03125000E+002
6.00000000 9.30000000 2.26562500E+002
6.00000000 9.40000000 2.50000000E+002
6.00000000 9.50000000 2.73437500E+002
6.00000000 9.60000000 2.96875000E+002
6.00000000 9.70000000 3.20312500E+002
6.00000000 9.80000000 3.43750000E+002
6.00000000 9.90000000 3.67187500E+002
6.00000000 10.00000000 3.90625000E+002
6.00000000 10.10000000 4.14062500E+002
6.00000000 10.20000000 4.37500000E+002
6.00000000 10.30000000 4.60937500E+002
6.00000000 10.40000000 4.84375000E+002
6.00000000 10.50000000 5.07812500E+002
6.00000000 10.60000000 5.31250000E+002
6.00000000 10.70000000 5.54687500E+002
6.00000000 10.80000000 5.78125000E+002
6.00000000 10.90000000 6.01562500E+002
6.00000000 11.00000000 6.25000000E+002
6.10000000 1.00000000 6.26562500E+002
6.10000000 1.10000000 6.03125000E+002
6.10000000 1.20000000 5.79687500E+002
6.10000000 1.30000000 5.56250000E+002
6.10000000 1.40000000 5.32812500E+002
6.10000000 1.50000000 5.09375000E+002
6.10000000 1.60000000 4.85937500E+002
6.10000000 1.70000000 4.62500000E+002
6.10000000 1.80000000 4.39062500E+002
6.10000000 1.90000000 4.15625000E+002
6.10000000 2.00000000 3.92187500E+002
6.10000000 2.10000000 3.68750000E+002
6.10000000 2.20000000 3.45312500E+002
6.10000000 2.30000000 3.21875000E+002
6.10000000 2.40000000 2.98437500E+002
6.10000000 2.50000000 2.75000000E+002
6.10000000 2.60000000 2.51562500E+002
6.10000000 2.70000000 2.28125000E+002
6.10000000 2.80000000 2.04687500E+002
6.10000000 2.90000000 1.81250000E+002
6.10000000 3.00000000 1.57812500E+002
6.10000000 3.10000000 1.34375000E+002
6.10000000 3.20000000 1.10937500E+002
6.10000000 3.30000000 8.75000000E+001
6.10000000 3.40000000 6.40625000E+001
6.10000000 3.50000000 4.06250000E+001
6.10000000 3.60000000 3.90625000E+001
6.10000000 3.70000000 3.75000000E+001
6.10000000 3.80000000 3.59375000E+001
6.10000000 3.90000000 3.43750000E+001
6.10000000 4.00000000 3.28125000E+001
6.10000000 4.10000000 3.12500000E+001
6.10000000 4.20000000 2.96875000E+001
6.10000000 4.30000000 2.81250000E+001
6.10000000 4.40000000 2.65625000E+001
6.10000000 4.50000000 2.50000000E+001
6.10000000 4.60000000 2.34375000E+001
6.10000000 4.70000000 2.18750000E+001
6.10000000 4.80000000 2.03125000E+001
6.10000000 4.90000000 1.87500000E+001
6.10000000 5.00000000 1.71875000E+001
6.10000000 5.10000000 1.56250000E+001
6.10000000 5.20000000 1.40625000E+001
6.10000000 5.30000000 1.25000000E+001
6.10000000 5.40000000 1.09375000E+001
6.10000000 5.50000000 9.37500000E+000
6.10000000 5.60000000 7.81250000E+000
6.10000000 5.70000000 6.25000000E+000
6.10000000 5.80000000 4.68750000E+000
6.10000000 5.90000000 3.12500000E+000
6.10000000 6.00000000 1.56250000E+000
6.10000000 6.10000000 3.12500000E+000
6.10000000 6.20000000 4.68750000E+000
6.10000000 6.30000000 6.25000000E+000
6.10000000 6.40000000 7.81250000E+000
6.10000000 6.50000000 9.37500000E+000
6.10000000 6.60000000 1.09375000E+001
6.10000000 6.70000000 1.25000000E+001
6.10000000 6.80000000 1.40625000E+001
6.10000000 6.90000000 1.56250000E+001
6.10000000 7.00000000 1.71875000E+001
6.10000000 7.10000000 1.87500000E+001
6.10000000 7.20000000 2.03125000E+001
6.10000000 7.30000000 2.18750000E+001
6.10000000 7.40000000 2.34375000E+001
6.10000000 7.50000000 2.50000000E+001
6.10000000 7.60000000 2.65625000E+001
6.10000000 7.70000000 2.81250000E+001
6.10000000 7.80000000 2.96875000E+001
6.10000000 7.90000000 3.12500000E+001
6.10000000 8.00000000 3.28125000E+001
6.10000000 8.10000000 3.43750000E+001
6.10000000 8.20000000 3.59375000E+001
6.10000000 8.30000000 3.75000000E+001
6.10000000 8.40000000 3.90625000E+001
6.10000000 8.50000000 4.06250000E+001
6.10000000 8.60000000 6.40625000E+001
6.10000000 8.70000000 8.75000000E+001
6.10000000 8.80000000 1.10937500E+002
6.10000000 8.90000000 1.34375000E+002
6.10000000 9.00000000 1.57812500E+002
6.10000000 9.10000000 1.81250000E+002
6.10000000 9.20000000 2.04687500E+002
6.10000000 9.30000000 2.28125000E+002
6.10000000 9.40000000 2.51562500E+002
6.10000000 9.50000000 2.75000000E+002
6.10000000 9.60000000 2.98437500E+002
6.10000000 9.70000000 3.21875000E+002
6.10000000 9.80000000 3.45312500E+002
6.10000000 9.90000000 3.68750000E+002
6.10000000 10.00000000 3.92187500E+002
6.10000000 10.10000000 4.15625000E+002
6.10000000 10.20000000 4.39062500E+002
6.10000000 10.30000000 4.62500000E+002
6.10000000 10.40000000 4.85937500E+002
6.10000000 10.50000000 5.09375000E+002
6.10000000 10.60000000 5.32812500E+002
6.10000000 10.70000000 5.56250000E+002
6.10000000 10.80000000 5.79687500E+002
6.10000000 10.90000000 6.03125000E+002
6.10000000 11.00000000 6.26562500E+002
6.20000000 1.00000000 6.28125000E+002
6.20000000 1.10000000 6.04687500E+002
6.20000000 1.20000000 5.81250000E+002
6.20000000 1.30000000 5.57812500E+002
6.20000000 1.40000000 5.34375000E+002
6.20000000 1.50000000 5.10937500E+002
6.20000000 1.60000000 4.87500000E+002
6.20000000 1.70000000 4.64062500E+002
6.20000000 1.80000000 4.40625000E+002
6.20000000 1.90000000 4.17187500E+002
6.20000000 2.00000000 3.93750000E+002
6.20000000 2.10000000 3.70312500E+002
6.20000000 2.20000000 3.46875000E+002
6.20000000 2.30000000 3.23437500E+002
6.20000000 2.40000000 3.00000000E+002
6.20000000 2.50000000 2.76562500E+002
6.20000000 2.60000000 2.53125000E+002
6.20000000 2.70000000 2.29687500E+002
6.20000000 2.80000000 2.06250000E+002
6.20000000 2.90000000 1.82812500E+002
6.20000000 3.00000000 1.59375000E+002
6.20000000 3.10000000 1.35937500E+002
6.20000000 3.20000000 1.12500000E+002
6.20000000 3.30000000 8.90625000E+001
6.20000000 3.40000000 6.56250000E+001
6.20000000 3.50000000 4.21875000E+001
6.20000000 3.60000000 4.06250000E+001
6.20000000 3.70000000 3.90625000E+001
6.20000000 3.80000000 3.75000000E+001
6.20000000 3.90000000 3.59375000E+001
6.20000000 4.00000000 3.43750000E+001
6.20000000 4.10000000 3.28125000E+001
6.20000000 4.20000000 3.12500000E+001
6.20000000 4.30000000 2.96875000E+001
6.20000000 4.40000000 2.81250000E+001
6.20000000 4.50000000 2.65625000E+001
6.20000000 4.60000000 2.50000000E+001
6.20000000 4.70000000 2.34375000E+001
6.20000000 4.80000000 2.18750000E+001
6.20000000 4.90000000 2.03125000E+001
6.20000000 5.00000000 1.87500000E+001
6.20000000 5.10000000 1.71875000E+001
6.20000000 5.20000000 1.56250000E+001
6.20000000 5.30000000 1.40625000E+001
6.20000000 5.40000000 1.25000000E+001
6.20000000 5.50000000 1.09375000E+001
6.20000000 5.60000000 9.37500000E+000
6.20000000 5.70000000 7.81250000E+000
6.20000000 5.80000000 6.25000000E+000
6.20000000 5.90000000 4.68750000E+000
6.20000000 6.00000000 3.12500000E+000
6.20000000 6.10000000 4.68750000E+000
6.20000000 6.20000000 6.25000000E+000
6.20000000 6.30000000 7.81250000E+000
6.20000000 6.40000000 9.37500000E+000
6.20000000 6.50000000 1.09375000E+001
6.20000000 6.60000000 1.25000000E+001
6.20000000 6.70000000 1.40625000E+001
6.20000000 6.80000000 1.56250000E+001
6.20000000 6.90000000 1.71875000E+001
6.20000000 7.00000000 1.87500000E+001
6.20000000 7.10000000 2.03125000E+001
6.20000000 7.20000000 2.18750000E+001
6.20000000 7.30000000 2.34375000E+001
6.20000000 7.40000000 2.50000000E+001
6.20000000 7.50000000 2.65625000E+001
6.20000000 7.60000000 2.81250000E+001
6.20000000 7.70000000 2.96875000E+001
6.20000000 7.80000000 3.12500000E+001
6.20000000 7.90000000 3.28125000E+001
6.20000000 8.00000000 3.43750000E+001
6.20000000 8.10000000 3.59375000E+001
6.20000000 8.20000000 3.75000000E+001
6.20000000 8.30000000 3.90625000E+001
6.20000000 8.40000000 4.06250000E+001
6.20000000 8.50000000 4.21875000E+001
6.20000000 8.60000000 6.56250000E+001
6.20000000 8.70000000 8.90625000E+001
6.20000000 8.80000000 1.12500000E+002
6.20000000 8.90000000 1.35937500E+002
6.20000000 9.00000000 1.59375000E+002
6.20000000 9.10000000 1.82812500E+002
6.20000000 9.20000000 2.06250000E+002
6.20000000 9.30000000 2.29687500E+002
6.20000000 9.40000000 2.53125000E+002
6.20000000 9.50000000 2.76562500E+002
6.20000000 9.60000000 3.00000000E+002
6.20000000 9.70000000 3.23437500E+002
6.20000000 9.80000000 3.46875000E+002
6.20000000 9.90000000 3.70312500E+002
6.20000000 10.00000000 3.93750000E+002
6.20000000 10.10000000 4.17187500E+002
6.20000000 10.20000000 4.40625000E+002
6.20000000 10.30000000 4.64062500E+002
6.20000000 10.40000000 4.87500000E+002
6.20000000 10.50000000 5.10937500E+002
6.20000000 10.60000000 5.34375000E+002
6.20000000 10.70000000 5.57812500E+002
6.20000000 10.80000000 5.81250000E+002
6.20000000 10.90000000 6.04687500E+002
6.20000000 11.00000000 6.28125000E+002
6.30000000 1.00000000 6.29687500E+002
6.30000000 1.10000000 6.06250000E+002
6.30000000 1.20000000 5.82812500E+002
6.30000000 1.30000000 5.59375000E+002
6.30000000 1.40000000 5.35937500E+002
6.30000000 1.50000000 5.12500000E+002
6.30000000 1.60000000 4.89062500E+002
6.30000000 1.70000000 4.65625000E+002
6.30000000 1.80000000 4.42187500E+002
6.30000000 1.90000000 4.18750000E+002
6.30000000 2.00000000 3.95312500E+002
6.30000000 2.10000000 3.71875000E+002
6.30000000 2.20000000 3.48437500E+002
6.30000000 2.30000000 3.25000000E+002
6.30000000 2.40000000 3.01562500E+002
6.30000000 2.50000000 2.78125000E+002
6.30000000 2.60000000 2.54687500E+002
6.30000000 2.70000000 2.31250000E+002
6.30000000 2.80000000 2.07812500E+002
6.30000000 2.90000000 1.84375000E+002
6.30000000 3.00000000 1.60937500E+002
6.30000000 3.10000000 1.37500000E+002
6.30000000 3.20000000 1.14062500E+002
6.30000000 3.30000000 9.06250000E+001
6.30000000 3.40000000 6.71875000E+001
6.30000000 3.50000000 4.37500000E+001
6.30000000 3.60000000 4.21875000E+001
6.30000000 3.70000000 4.06250000E+001
6.30000000 3.80000000 3.90625000E+001
6.30000000 3.90000000 3.75000000E+001
6.30000000 4.00000000 3.59375000E+001
6.30000000 4.10000000 3.43750000E+001
6.30000000 4.20000000 3.28125000E+001
6.30000000 4.30000000 3.12500000E+001
6.30000000 4.40000000 2.96875000E+001
6.30000000 4.50000000 2.81250000E+001
6.30000000 4.60000000 2.65625000E+001
6.30000000 4.70000000 2.50000000E+001
6.30000000 4.80000000 2.34375000E+001
6.30000000 4.90000000 2.18750000E+001
6.30000000 5.00000000 2.03125000E+001
6.30000000 5.10000000 1.87500000E+001
6.30000000 5.20000000 1.71875000E+001
6.30000000 5.30000000 1.56250000E+001
6.30000000 5.40000000 1.40625000E+001
6.30000000 5.50000000 1.25000000E+001
6.30000000 5.60000000 1.09375000E+001
6.30000000 5.70000000 9.37500000E+000
6.30000000 5.80000000 7.81250000E+000
6.30000000 5.90000000 6.25000000E+000
6.30000000 6.00000000 4.68750000E+000
6.30000000 6.10000000 6.25000000E+000
6.30000000 6.20000000 7.81250000E+000
6.30000000 6.30000000 9.37500000E+000
6.30000000 6.40000000 1.09375000E+001
6.30000000 6.50000000 1.25000000E+001
6.30000000 6.60000000 1.40625000E+001
6.30000000 6.70000000 1.56250000E+001
6.30000000 6.80000000 1.71875000E+001
6.30000000 6.90000000 1.87500000E+001
6.30000000 7.00000000 2.03125000E+001
6.30000000 7.10000000 2.18750000E+001
6.30000000 7.20000000 2.34375000E+001
6.30000000 7.30000000 2.50000000E+001
6.30000000 7.40000000 2.65625000E+001
6.30000000 7.50000000 2.81250000E+001
6.30000000 7.60000000 2.96875000E+001
6.30000000 7.70000000 3.12500000E+001
6.30000000 7.80000000 3.28125000E+001
6.30000000 7.90000000 3.43750000E+001
6.30000000 8.00000000 3.59375000E+001
6.30000000 8.10000000 3.75000000E+001
6.30000000 8.20000000 3.90625000E+001
6.30000000 8.30000000 4.06250000E+001
6.30000000 8.40000000 4.21875000E+001
6.30000000 8.50000000 4.37500000E+001
6.30000000 8.60000000 6.71875000E+001
6.30000000 8.70000000 9.06250000E+001
6.30000000 8.80000000 1.14062500E+002
6.30000000 8.90000000 1.37500000E+002
6.30000000 9.00000000 1.60937500E+002
6.30000000 9.10000000 1.84375000E+002
6.30000000 9.20000000 2.07812500E+002
6.30000000 9.30000000 2.31250000E+002
6.30000000 9.40000000 2.54687500E+002
6.30000000 9.50000000 2.78125000E+002
6.30000000 9.60000000 3.01562500E+002
6.30000000 9.70000000 3.25000000E+002
6.30000000 9.80000000 3.48437500E+002
6.30000000 9.90000000 3.71875000E+002
6.30000000 10.00000000 3.95312500E+002
6.30000000 10.10000000 4.18750000E+002
6.30000000 10.20000000 4.42187500E+002
6.30000000 10.30000000 4.65625000E+002
6.30000000 10.40000000 4.89062500E+002
6.30000000 10.50000000 5.12500000E+002
6.30000000 10.60000000 5.35937500E+002
6.30000000 10.70000000 5.59375000E+002
6.30000000 10.80000000 5.82812500E+002
6.30000000 10.90000000 6.06250000E+002
6.30000000 11.00000000 6.29687500E+002
6.40000000 1.00000000 6.31250000E+002
6.40000000 1.10000000 6.07812500E+002
6.40000000 1.20000000 5.84375000E+002
6.40000000 1.30000000 5.60937500E+002
6.40000000 1.40000000 5.37500000E+002
6.40000000 1.50000000 5.14062500E+002
6.40000000 1.60000000 4.90625000E+002
6.40000000 1.70000000 4.67187500E+002
6.40000000 1.80000000 4.43750000E+002
6.40000000 1.90000000 4.20312500E+002
6.40000000 2.00000000 3.96875000E+002
6.40000000 2.10000000 3.73437500E+002
6.40000000 2.20000000 3.50000000E+002
6.40000000 2.30000000 3.26562500E+002
6.40000000 2.40000000 3.03125000E+002
6.40000000 2.50000000 2.79687500E+002
6.40000000 2.60000000 2.56250000E+002
6.40000000 2.70000000 2.32812500E+002
6.40000000 2.80000000 2.09375000E+002
6.40000000 2.90000000 1.85937500E+002
6.40000000 3.00000000 1.62500000E+002
6.40000000 3.10000000 1.39062500E+002
6.40000000 3.20000000 1.15625000E+002
6.40000000 3.30000000 9.21875000E+001
6.40000000 3.40000000 6.87500000E+001
6.40000000 3.50000000 4.53125000E+001
6.40000000 3.60000000 4.37500000E+001
6.40000000 3.70000000 4.21875000E+001
6.40000000 3.80000000 4.06250000E+001
6.40000000 3.90000000 3.90625000E+001
6.40000000 4.00000000 3.75000000E+001
6.40000000 4.10000000 3.59375000E+001
6.40000000 4.20000000 3.43750000E+001
6.40000000 4.30000000 3.28125000E+001
6.40000000 4.40000000 3.12500000E+001
6.40000000 4.50000000 2.96875000E+001
6.40000000 4.60000000 2.81250000E+001
6.40000000 4.70000000 2.65625000E+001
6.40000000 4.80000000 2.50000000E+001
6.40000000 4.90000000 2.34375000E+001
6.40000000 5.00000000 2.18750000E+001
6.40000000 5.10000000 2.03125000E+001
6.40000000 5.20000000 1.87500000E+001
6.40000000 5.30000000 1.71875000E+001
6.40000000 5.40000000 1.56250000E+001
6.40000000 5.50000000 1.40625000E+001
6.40000000 5.60000000 1.25000000E+001
6.40000000 5.70000000 1.09375000E+001
6.40000000 5.80000000 9.37500000E+000
6.40000000 5.90000000 7.81250000E+000
6.40000000 6.00000000 6.25000000E+000
6.40000000 6.10000000 7.81250000E+000
6.40000000 6.20000000 9.37500000E+000
6.40000000 6.30000000 1.09375000E+001
6.40000000 6.40000000 1.25000000E+001
6.40000000 6.50000000 1.40625000E+001
6.40000000 6.60000000 1.56250000E+001
6.40000000 6.70000000 1.71875000E+001
6.40000000 6.80000000 1.87500000E+001
6.40000000 6.90000000 2.03125000E+001
6.40000000 7.00000000 2.18750000E+001
6.40000000 7.10000000 2.34375000E+001
6.40000000 7.20000000 2.50000000E+001
6.40000000 7.30000000 2.65625000E+001
6.40000000 7.40000000 2.81250000E+001
6.40000000 7.50000000 2.96875000E+001
6.40000000 7.60000000 3.12500000E+001
6.40000000 7.70000000 3.28125000E+001
6.40000000 7.80000000 3.43750000E+001
6.40000000 7.90000000 3.59375000E+001
6.40000000 8.00000000 3.75000000E+001
6.40000000 8.10000000 3.90625000E+001
6.40000000 8.20000000 4.06250000E+001
6.40000000 8.30000000 4.21875000E+001
6.40000000 8.40000000 4.37500000E+001
6.40000000 8.50000000 4.53125000E+001
6.40000000 8.60000000 6.87500000E+001
6.40000000 8.70000000 9.21875000E+001
6.40000000 8.80000000 1.15625000E+002
6.40000000 8.90000000 1.39062500E+002
6.40000000 9.00000000 1.62500000E+002
6.40000000 9.10000000 1.85937500E+002
6.40000000 9.20000000 2.09375000E+002
6.40000000 9.30000000 2.32812500E+002
6.40000000 9.40000000 2.56250000E+002
6.40000000 9.50000000 2.79687500E+002
6.40000000 9.60000000 3.03125000E+002
6.40000000 9.70000000 3.26562500E+002
6.40000000 9.80000000 3.50000000E+002
6.40000000 9.90000000 3.73437500E+002
6.40000000 10.00000000 3.96875000E+002
6.40000000 10.10000000 4.20312500E+002
6.40000000 10.20000000 4.43750000E+002
6.40000000 10.30000000 4.67187500E+002
6.40000000 10.40000000 4.90625000E+002
6.40000000 10.50000000 5.14062500E+002
6.40000000 10.60000000 5.37500000E+002
6.40000000 10.70000000 5.60937500E+002
6.40000000 10.80000000 5.84375000E+002
6.40000000 10.90000000 6.07812500E+002
6.40000000 11.00000000 6.31250000E+002
6.50000000 1.00000000 6.32812500E+002
6.50000000 1.10000000 6.09375000E+002
6.50000000 1.20000000 5.85937500E+002
6.50000000 1.30000000 5.62500000E+002
6.50000000 1.40000000 5.39062500E+002
6.50000000 1.50000000 5.15625000E+002
6.50000000 1.60000000 4.92187500E+002
6.50000000 1.70000000 4.68750000E+002
6.50000000 1.80000000 4.45312500E+002
6.50000000 1.90000000 4.21875000E+002
6.50000000 2.00000000 3.98437500E+002
6.50000000 2.10000000 3.75000000E+002
6.50000000 2.20000000 3.51562500E+002
6.50000000 2.30000000 3.28125000E+002
6.50000000 2.40000000 3.04687500E+002
6.50000000 2.50000000 2.81250000E+002
6.50000000 2.60000000 2.57812500E+002
6.50000000 2.70000000 2.34375000E+002
6.50000000 2.80000000 2.10937500E+002
6.50000000 2.90000000 1.87500000E+002
6.50000000 3.00000000 1.64062500E+002
6.50000000 3.10000000 1.40625000E+002
6.50000000 3.20000000 1.17187500E+002
6.50000000 3.30000000 9.37500000E+001
6.50000000 3.40000000 7.03125000E+001
6.50000000 3.50000000 4.68750000E+001
6.50000000 3.60000000 4.53125000E+001
6.50000000 3.70000000 4.37500000E+001
6.50000000 3.80000000 4.21875000E+001
6.50000000 3.90000000 4.06250000E+001
6.50000000 4.00000000 3.90625000E+001
6.50000000 4.10000000 3.75000000E+001
6.50000000 4.20000000 3.59375000E+001
6.50000000 4.30000000 3.43750000E+001
6.50000000 4.40000000 3.28125000E+001
6.50000000 4.50000000 3.12500000E+001
6.50000000 4.60000000 2.96875000E+001
6.50000000 4.70000000 2.81250000E+001
6.50000000 4.80000000 2.65625000E+001
6.50000000 4.90000000 2.50000000E+001
6.50000000 5.00000000 2.34375000E+001
6.50000000 5.10000000 2.18750000E+001
6.50000000 5.20000000 2.03125000E+001
6.50000000 5.30000000 1.87500000E+001
6.50000000 5.40000000 1.71875000E+001
6.50000000 5.50000000 1.56250000E+001
6.50000000 5.60000000 1.40625000E+001
6.50000000 5.70000000 1.25000000E+001
6.50000000 5.80000000 1.09375000E+001
6.50000000 5.90000000 9.37500000E+000
6.50000000 6.00000000 7.81250000E+000
6.50000000 6.10000000 9.37500000E+000
6.50000000 6.20000000 1.09375000E+001
6.50000000 6.30000000 1.25000000E+001
6.50000000 6.40000000 1.40625000E+001
6.50000000 6.50000000 1.56250000E+001
6.50000000 6.60000000 1.71875000E+001
6.50000000 6.70000000 1.87500000E+001
6.50000000 6.80000000 2.03125000E+001
6.50000000 6.90000000 2.18750000E+001
6.50000000 7.00000000 2.34375000E+001
6.50000000 7.10000000 2.50000000E+001
6.50000000 7.20000000 2.65625000E+001
6.50000000 7.30000000 2.81250000E+001
6.50000000 7.40000000 2.96875000E+001
6.50000000 7.50000000 3.12500000E+001
6.50000000 7.60000000 3.28125000E+001
6.50000000 7.70000000 3.43750000E+001
6.50000000 7.80000000 3.59375000E+001
6.50000000 7.90000000 3.75000000E+001
6.50000000 8.00000000 3.90625000E+001
6.50000000 8.10000000 4.06250000E+001
6.50000000 8.20000000 4.21875000E+001
6.50000000 8.30000000 4.37500000E+001
6.50000000 8.40000000 4.53125000E+001
6.50000000 8.50000000 4.68750000E+001
6.50000000 8.60000000 7.03125000E+001
6.50000000 8.70000000 9.37500000E+001
6.50000000 8.80000000 1.17187500E+002
6.50000000 8.90000000 1.40625000E+002
6.50000000 9.00000000 1.64062500E+002
6.50000000 9.10000000 1.87500000E+002
6.50000000 9.20000000 2.10937500E+002
6.50000000 9.30000000 2.34375000E+002
6.50000000 9.40000000 2.57812500E+002
6.50000000 9.50000000 2.81250000E+002
6.50000000 9.60000000 3.04687500E+002
6.50000000 9.70000000 3.28125000E+002
6.50000000 9.80000000 3.51562500E+002
6.50000000 9.90000000 3.75000000E+002
6.50000000 10.00000000 3.98437500E+002
6.50000000 10.10000000 4.21875000E+002
6.50000000 10.20000000 4.45312500E+002
6.50000000 10.30000000 4.68750000E+002
6.50000000 10.40000000 4.92187500E+002
6.50000000 10.50000000 5.15625000E+002
6.50000000 10.60000000 5.39062500E+002
6.50000000 10.70000000 5.62500000E+002
6.50000000 10.80000000 5.85937500E+002
6.50000000 10.90000000 6.09375000E+002
6.50000000 11.00000000 6.32812500E+002
6.60000000 1.00000000 6.34375000E+002
6.60000000 1.10000000 6.10937500E+002
6.60000000 1.20000000 5.87500000E+002
6.60000000 1.30000000 5.64062500E+002
6.60000000 1.40000000 5.40625000E+002
6.60000000 1.50000000 5.17187500E+002
6.60000000 1.60000000 4.93750000E+002
6.60000000 1.70000000 4.70312500E+002
6.60000000 1.80000000 4.46875000E+002
6.60000000 1.90000000 4.23437500E+002
6.60000000 2.00000000 4.00000000E+002
6.60000000 2.10000000 3.76562500E+002
6.60000000 2.20000000 3.53125000E+002
6.60000000 2.30000000 3.29687500E+002
6.60000000 2.40000000 3.06250000E+002
6.60000000 2.50000000 2.82812500E+002
6.60000000 2.60000000 2.59375000E+002
6.60000000 2.70000000 2.35937500E+002
6.60000000 2.80000000 2.12500000E+002
6.60000000 2.90000000 1.89062500E+002
6.60000000 3.00000000 1.65625000E+002
6.60000000 3.10000000 1.42187500E+002
6.60000000 3.20000000 1.18750000E+002
6.60000000 3.30000000 9.53125000E+001
6.60000000 3.40000000 7.18750000E+001
6.60000000 3.50000000 4.84375000E+001
6.60000000 3.60000000 4.68750000E+001
6.60000000 3.70000000 4.53125000E+001
6.60000000 3.80000000 4.37500000E+001
6.60000000 3.90000000 4.21875000E+001
6.60000000 4.00000000 4.06250000E+001
6.60000000 4.10000000 3.90625000E+001
6.60000000 4.20000000 3.75000000E+001
6.60000000 4.30000000 3.59375000E+001
6.60000000 4.40000000 3.43750000E+001
6.60000000 4.50000000 3.28125000E+001
6.60000000 4.60000000 3.12500000E+001
6.60000000 4.70000000 2.96875000E+001
6.60000000 4.80000000 2.81250000E+001
6.60000000 4.90000000 2.65625000E+001
6.60000000 5.00000000 2.50000000E+001
6.60000000 5.10000000 2.34375000E+001
6.60000000 5.20000000 2.18750000E+001
6.60000000 5.30000000 2.03125000E+001
6.60000000 5.40000000 1.87500000E+001
6.60000000 5.50000000 1.71875000E+001
6.60000000 5.60000000 1.56250000E+001
6.60000000 5.70000000 1.40625000E+001
6.60000000 5.80000000 1.25000000E+001
6.60000000 5.90000000 1.09375000E+001
6.60000000 6.00000000 9.37500000E+000
6.60000000 6.10000000 1.09375000E+001
6.60000000 6.20000000 1.25000000E+001
6.60000000 6.30000000 1.40625000E+001
6.60000000 6.40000000 1.56250000E+001
6.60000000 6.50000000 1.71875000E+001
6.60000000 6.60000000 1.87500000E+001
6.60000000 6.70000000 2.03125000E+001
6.60000000 6.80000000 2.18750000E+001
6.60000000 6.90000000 2.34375000E+001
6.60000000 7.00000000 2.50000000E+001
6.60000000 7.10000000 2.65625000E+001
6.60000000 7.20000000 2.81250000E+001
6.60000000 7.30000000 2.96875000E+001
6.60000000 7.40000000 3.12500000E+001
6.60000000 7.50000000 3.28125000E+001
6.60000000 7.60000000 3.43750000E+001
6.60000000 7.70000000 3.59375000E+001
6.60000000 7.80000000 3.75000000E+001
6.60000000 7.90000000 3.90625000E+001
6.60000000 8.00000000 4.06250000E+001
6.60000000 8.10000000 4.21875000E+001
6.60000000 8.20000000 4.37500000E+001
6.60000000 8.30000000 4.53125000E+001
6.60000000 8.40000000 4.68750000E+001
6.60000000 8.50000000 4.84375000E+001
6.60000000 8.60000000 7.18750000E+001
6.60000000 8.70000000 9.53125000E+001
6.60000000 8.80000000 1.18750000E+002
6.60000000 8.90000000 1.42187500E+002
6.60000000 9.00000000 1.65625000E+002
6.60000000 9.10000000 1.89062500E+002
6.60000000 9.20000000 2.12500000E+002
6.60000000 9.30000000 2.35937500E+002
6.60000000 9.40000000 2.59375000E+002
6.60000000 9.50000000 2.82812500E+002
6.60000000 9.60000000 3.06250000E+002
6.60000000 9.70000000 3.29687500E+002
6.60000000 9.80000000 3.53125000E+002
6.60000000 9.90000000 3.76562500E+002
6.60000000 10.00000000 4.00000000E+002
6.60000000 10.10000000 4.23437500E+002
6.60000000 10.20000000 4.46875000E+002
6.60000000 10.30000000 4.70312500E+002
6.60000000 10.40000000 4.93750000E+002
6.60000000 10.50000000 5.17187500E+002
6.60000000 10.60000000 5.40625000E+002
6.60000000 10.70000000 5.64062500E+002
6.60000000 10.80000000 5.87500000E+002
6.60000000 10.90000000 6.10937500E+002
6.60000000 11.00000000 6.34375000E+002
6.70000000 1.00000000 6.35937500E+002
6.70000000 1.10000000 6.12500000E+002
6.70000000 1.20000000 5.89062500E+002
6.70000000 1.30000000 5.65625000E+002
6.70000000 1.40000000 5.42187500E+002
6.70000000 1.50000000 5.18750000E+002
6.70000000 1.60000000 4.95312500E+002
6.70000000 1.70000000 4.71875000E+002
6.70000000 1.80000000 4.48437500E+002
6.70000000 1.90000000 4.25000000E+002
6.70000000 2.00000000 4.01562500E+002
6.70000000 2.10000000 3.78125000E+002
6.70000000 2.20000000 3.54687500E+002
6.70000000 2.30000000 3.31250000E+002
6.70000000 2.40000000 3.07812500E+002
6.70000000 2.50000000 2.84375000E+002
6.70000000 2.60000000 2.60937500E+002
6.70000000 2.70000000 2.37500000E+002
6.70000000 2.80000000 2.14062500E+002
6.70000000 2.90000000 1.90625000E+002
6.70000000 3.00000000 1.67187500E+002
6.70000000 3.10000000 1.43750000E+002
6.70000000 3.20000000 1.20312500E+002
6.70000000 3.30000000 9.68750000E+001
6.70000000 3.40000000 7.34375000E+001
6.70000000 3.50000000 5.00000000E+001
6.70000000 3.60000000 4.84375000E+001
6.70000000 3.70000000 4.68750000E+001
6.70000000 3.80000000 4.53125000E+001
6.70000000 3.90000000 4.37500000E+001
6.70000000 4.00000000 4.21875000E+001
6.70000000 4.10000000 4.06250000E+001
6.70000000 4.20000000 3.90625000E+001
6.70000000 4.30000000 3.75000000E+001
6.70000000 4.40000000 3.59375000E+001
6.70000000 4.50000000 3.43750000E+001
6.70000000 4.60000000 3.28125000E+001
6.70000000 4.70000000 3.12500000E+001
6.70000000 4.80000000 2.96875000E+001
6.70000000 4.90000000 2.81250000E+001
6.70000000 5.00000000 2.65625000E+001
6.70000000 5.10000000 2.50000000E+001
6.70000000 5.20000000 2.34375000E+001
6.70000000 5.30000000 2.18750000E+001
6.70000000 5.40000000 2.03125000E+001
6.70000000 5.50000000 1.87500000E+001
6.70000000 5.60000000 1.71875000E+001
6.70000000 5.70000000 1.56250000E+001
6.70000000 5.80000000 1.40625000E+001
6.70000000 5.90000000 1.25000000E+001
6.70000000 6.00000000 1.09375000E+001
6.70000000 6.10000000 1.25000000E+001
6.70000000 6.20000000 1.40625000E+001
6.70000000 6.30000000 1.56250000E+001
6.70000000 6.40000000 1.71875000E+001
6.70000000 6.50000000 1.87500000E+001
6.70000000 6.60000000 2.03125000E+001
6.70000000 6.70000000 2.18750000E+001
6.70000000 6.80000000 2.34375000E+001
6.70000000 6.90000000 2.50000000E+001
6.70000000 7.00000000 2.65625000E+001
6.70000000 7.10000000 2.81250000E+001
6.70000000 7.20000000 2.96875000E+001
6.70000000 7.30000000 3.12500000E+001
6.70000000 7.40000000 3.28125000E+001
6.70000000 7.50000000 3.43750000E+001
6.70000000 7.60000000 3.59375000E+001
6.70000000 7.70000000 3.75000000E+001
6.70000000 7.80000000 3.90625000E+001
6.70000000 7.90000000 4.06250000E+001
6.70000000 8.00000000 4.21875000E+001
6.70000000 8.10000000 4.37500000E+001
6.70000000 8.20000000 4.53125000E+001
6.70000000 8.30000000 4.68750000E+001
6.70000000 8.40000000 4.84375000E+001
6.70000000 8.50000000 5.00000000E+001
6.70000000 8.60000000 7.34375000E+001
6.70000000 8.70000000 9.68750000E+001
6.70000000 8.80000000 1.20312500E+002
6.70000000 8.90000000 1.43750000E+002
6.70000000 9.00000000 1.67187500E+002
6.70000000 9.10000000 1.90625000E+002
6.70000000 9.20000000 2.14062500E+002
6.70000000 9.30000000 2.37500000E+002
6.70000000 9.40000000 2.60937500E+002
6.70000000 9.50000000 2.84375000E+002
6.70000000 9.60000000 3.07812500E+002
6.70000000 9.70000000 3.31250000E+002
6.70000000 9.80000000 3.54687500E+002
6.70000000 9.90000000 3.78125000E+002
6.70000000 10.00000000 4.01562500E+002
6.70000000 10.10000000 4.25000000E+002
6.70000000 10.20000000 4.48437500E+002
6.70000000 10.30000000 4.71875000E+002
6.70000000 10.40000000 4.95312500E+002
6.70000000 10.50000000 5.18750000E+002
6.70000000 10.60000000 5.42187500E+002
6.70000000 10.70000000 5.65625000E+002
6.70000000 10.80000000 5.89062500E+002
6.70000000 10.90000000 6.12500000E+002
6.70000000 11.00000000 6.35937500E+002
6.80000000 1.00000000 6.37500000E+002
6.80000000 1.10000000 6.14062500E+002
6.80000000 1.20000000 5.90625000E+002
6.80000000 1.30000000 5.67187500E+002
6.80000000 1.40000000 5.43750000E+002
6.80000000 1.50000000 5.20312500E+002
6.80000000 1.60000000 4.96875000E+002
6.80000000 1.70000000 4.73437500E+002
6.80000000 1.80000000 4.50000000E+002
6.80000000 1.90000000 4.26562500E+002
6.80000000 2.00000000 4.03125000E+002
6.80000000 2.10000000 3.79687500E+002
6.80000000 2.20000000 3.56250000E+002
6.80000000 2.30000000 3.32812500E+002
6.80000000 2.40000000 3.09375000E+002
6.80000000 2.50000000 2.85937500E+002
6.80000000 2.60000000 2.62500000E+002
6.80000000 2.70000000 2.39062500E+002
6.80000000 2.80000000 2.15625000E+002
6.80000000 2.90000000 1.92187500E+002
6.80000000 3.00000000 1.68750000E+002
6.80000000 3.10000000 1.45312500E+002
6.80000000 3.20000000 1.21875000E+002
6.80000000 3.30000000 9.84375000E+001
6.80000000 3.40000000 7.50000000E+001
6.80000000 3.50000000 5.15625000E+001
6.80000000 3.60000000 5.00000000E+001
6.80000000 3.70000000 4.84375000E+001
6.80000000 3.80000000 4.68750000E+001
6.80000000 3.90000000 4.53125000E+001
6.80000000 4.00000000 4.37500000E+001
6.80000000 4.10000000 4.21875000E+001
6.80000000 4.20000000 4.06250000E+001
6.80000000 4.30000000 3.90625000E+001
6.80000000 4.40000000 3.75000000E+001
6.80000000 4.50000000 3.59375000E+001
6.80000000 4.60000000 3.43750000E+001
6.80000000 4.70000000 3.28125000E+001
6.80000000 4.80000000 3.12500000E+001
6.80000000 4.90000000 2.96875000E+001
6.80000000 5.00000000 2.81250000E+001
6.80000000 5.10000000 2.65625000E+001
6.80000000 5.20000000 2.50000000E+001
6.80000000 5.30000000 2.34375000E+001
6.80000000 5.40000000 2.18750000E+001
6.80000000 5.50000000 2.03125000E+001
6.80000000 5.60000000 1.87500000E+001
6.80000000 5.70000000 1.71875000E+001
6.80000000 5.80000000 1.56250000E+001
6.80000000 5.90000000 1.40625000E+001
6.80000000 6.00000000 1.25000000E+001
6.80000000 6.10000000 1.40625000E+001
6.80000000 6.20000000 1.56250000E+001
6.80000000 6.30000000 1.71875000E+001
6.80000000 6.40000000 1.87500000E+001
6.80000000 6.50000000 2.03125000E+001
6.80000000 6.60000000 2.18750000E+001
6.80000000 6.70000000 2.34375000E+001
6.80000000 6.80000000 2.50000000E+001
6.80000000 6.90000000 2.65625000E+001
6.80000000 7.00000000 2.81250000E+001
6.80000000 7.10000000 2.96875000E+001
6.80000000 7.20000000 3.12500000E+001
6.80000000 7.30000000 3.28125000E+001
6.80000000 7.40000000 3.43750000E+001
6.80000000 7.50000000 3.59375000E+001
6.80000000 7.60000000 3.75000000E+001
6.80000000 7.70000000 3.90625000E+001
6.80000000 7.80000000 4.06250000E+001
6.80000000 7.90000000 4.21875000E+001
6.80000000 8.00000000 4.37500000E+001
6.80000000 8.10000000 4.53125000E+001
6.80000000 8.20000000 4.68750000E+001
6.80000000 8.30000000 4.84375000E+001
6.80000000 8.40000000 5.00000000E+001
6.80000000 8.50000000 5.15625000E+001
6.80000000 8.60000000 7.50000000E+001
6.80000000 8.70000000 9.84375000E+001
6.80000000 8.80000000 1.21875000E+002
6.80000000 8.90000000 1.45312500E+002
6.80000000 9.00000000 1.68750000E+002
6.80000000 9.10000000 1.92187500E+002
6.80000000 9.20000000 2.15625000E+002
6.80000000 9.30000000 2.39062500E+002
6.80000000 9.40000000 2.62500000E+002
6.80000000 9.50000000 2.85937500E+002
6.80000000 9.60000000 3.09375000E+002
6.80000000 9.70000000 3.32812500E+002
6.80000000 9.80000000 3.56250000E+002
6.80000000 9.90000000 3.79687500E+002
6.80000000 10.00000000 4.03125000E+002
6.80000000 10.10000000 4.26562500E+002
6.80000000 10.20000000 4.50000000E+002
6.80000000 10.30000000 4.73437500E+002
6.80000000 10.40000000 4.96875000E+002
6.80000000 10.50000000 5.20312500E+002
6.80000000 10.60000000 5.43750000E+002
6.80000000 10.70000000 5.67187500E+002
6.80000000 10.80000000 5.90625000E+002
6.80000000 10.90000000 6.14062500E+002
6.80000000 11.00000000 6.37500000E+002
6.90000000 1.00000000 6.39062500E+002
6.90000000 1.10000000 6.15625000E+002
6.90000000 1.20000000 5.92187500E+002
6.90000000 1.30000000 5.68750000E+002
6.90000000 1.40000000 5.45312500E+002
6.90000000 1.50000000 5.21875000E+002
6.90000000 1.60000000 4.98437500E+002
6.90000000 1.70000000 4.75000000E+002
6.90000000 1.80000000 4.51562500E+002
6.90000000 1.90000000 4.28125000E+002
6.90000000 2.00000000 4.04687500E+002
6.90000000 2.10000000 3.81250000E+002
6.90000000 2.20000000 3.57812500E+002
6.90000000 2.30000000 3.34375000E+002
6.90000000 2.40000000 3.10937500E+002
6.90000000 2.50000000 2.87500000E+002
6.90000000 2.60000000 2.64062500E+002
6.90000000 2.70000000 2.40625000E+002
6.90000000 2.80000000 2.17187500E+002
6.90000000 2.90000000 1.93750000E+002
6.90000000 3.00000000 1.70312500E+002
6.90000000 3.10000000 1.46875000E+002
6.90000000 3.20000000 1.23437500E+002
6.90000000 3.30000000 1.00000000E+002
6.90000000 3.40000000 7.65625000E+001
6.90000000 3.50000000 5.31250000E+001
6.90000000 3.60000000 5.15625000E+001
6.90000000 3.70000000 5.00000000E+001
6.90000000 3.80000000 4.84375000E+001
6.90000000 3.90000000 4.68750000E+001
6.90000000 4.00000000 4.53125000E+001
6.90000000 4.10000000 4.37500000E+001
6.90000000 4.20000000 4.21875000E+001
6.90000000 4.30000000 4.06250000E+001
6.90000000 4.40000000 3.90625000E+001
6.90000000 4.50000000 3.75000000E+001
6.90000000 4.60000000 3.59375000E+001
6.90000000 4.70000000 3.43750000E+001
6.90000000 4.80000000 3.28125000E+001
6.90000000 4.90000000 3.12500000E+001
6.90000000 5.00000000 2.96875000E+001
6.90000000 5.10000000 2.81250000E+001
6.90000000 5.20000000 2.65625000E+001
6.90000000 5.30000000 2.50000000E+001
6.90000000 5.40000000 2.34375000E+001
6.90000000 5.50000000 2.18750000E+001
6.90000000 5.60000000 2.03125000E+001
6.90000000 5.70000000 1.87500000E+001
6.90000000 5.80000000 1.71875000E+001
6.90000000 5.90000000 1.56250000E+001
6.90000000 6.00000000 1.40625000E+001
6.90000000 6.10000000 1.56250000E+001
6.90000000 6.20000000 1.71875000E+001
6.90000000 6.30000000 1.87500000E+001
6.90000000 6.40000000 2.03125000E+001
6.90000000 6.50000000 2.18750000E+001
6.90000000 6.60000000 2.34375000E+001
6.90000000 6.70000000 2.50000000E+001
6.90000000 6.80000000 2.65625000E+001
6.90000000 6.90000000 2.81250000E+001
6.90000000 7.00000000 2.96875000E+001
6.90000000 7.10000000 3.12500000E+001
6.90000000 7.20000000 3.28125000E+001
6.90000000 7.30000000 3.43750000E+001
6.90000000 7.40000000 3.59375000E+001
6.90000000 7.50000000 3.75000000E+001
6.90000000 7.60000000 3.90625000E+001
6.90000000 7.70000000 4.06250000E+001
6.90000000 7.80000000 4.21875000E+001
6.90000000 7.90000000 4.37500000E+001
6.90000000 8.00000000 4.53125000E+001
6.90000000 8.10000000 4.68750000E+001
6.90000000 8.20000000 4.84375000E+001
6.90000000 8.30000000 5.00000000E+001
6.90000000 8.40000000 5.15625000E+001
6.90000000 8.50000000 5.31250000E+001
6.90000000 8.60000000 7.65625000E+001
6.90000000 8.70000000 1.00000000E+002
6.90000000 8.80000000 1.23437500E+002
6.90000000 8.90000000 1.46875000E+002
6.90000000 9.00000000 1.70312500E+002
6.90000000 9.10000000 1.93750000E+002
6.90000000 9.20000000 2.17187500E+002
6.90000000 9.30000000 2.40625000E+002
6.90000000 9.40000000 2.64062500E+002
6.90000000 9.50000000 2.87500000E+002
6.90000000 9.60000000 3.10937500E+002
6.90000000 9.70000000 3.34375000E+002
6.90000000 9.80000000 3.57812500E+002
6.90000000 9.90000000 3.81250000E+002
6.90000000 10.00000000 4.04687500E+002
6.90000000 10.10000000 4.28125000E+002
6.90000000 10.20000000 4.51562500E+002
6.90000000 10.30000000 4.75000000E+002
6.90000000 10.40000000 4.98437500E+002
6.90000000 10.50000000 5.21875000E+002
6.90000000 10.60000000 5.45312500E+002
6.90000000 10.70000000 5.68750000E+002
6.90000000 10.80000000 5.92187500E+002
6.90000000 10.90000000 6.15625000E+002
6.90000000 11.00000000 6.39062500E+002
7.00000000 1.00000000 6.40625000E+002
7.00000000 1.10000000 6.17187500E+002
7.00000000 1.20000000 5.93750000E+002
7.00000000 1.30000000 5.70312500E+002
7.00000000 1.40000000 5.46875000E+002
7.00000000 1.50000000 5.23437500E+002
7.00000000 1.60000000 5.00000000E+002
7.00000000 1.70000000 4.76562500E+002
7.00000000 1.80000000 4.53125000E+002
7.00000000 1.90000000 4.29687500E+002
7.00000000 2.00000000 4.06250000E+002
7.00000000 2.10000000 3.82812500E+002
7.00000000 2.20000000 3.59375000E+002
7.00000000 2.30000000 3.35937500E+002
7.00000000 2.40000000 3.12500000E+002
7.00000000 2.50000000 2.89062500E+002
7.00000000 2.60000000 2.65625000E+002
7.00000000 2.70000000 2.42187500E+002
7.00000000 2.80000000 2.18750000E+002
7.00000000 2.90000000 1.95312500E+002
7.00000000 3.00000000 1.71875000E+002
7.00000000 3.10000000 1.48437500E+002
7.00000000 3.20000000 1.25000000E+002
7.00000000 3.30000000 1.01562500E+002
7.00000000 3.40000000 7.81250000E+001
7.00000000 3.50000000 5.46875000E+001
7.00000000 3.60000000 5.31250000E+001
7.00000000 3.70000000 5.15625000E+001
7.00000000 3.80000000 5.00000000E+001
7.00000000 3.90000000 4.84375000E+001
7.00000000 4.00000000 4.68750000E+001
7.00000000 4.10000000 4.53125000E+001
7.00000000 4.20000000 4.37500000E+001
7.00000000 4.30000000 4.21875000E+001
7.00000000 4.40000000 4.06250000E+001
7.00000000 4.50000000 3.90625000E+001
7.00000000 4.60000000 3.75000000E+001
7.00000000 4.70000000 3.59375000E+001
7.00000000 4.80000000 3.43750000E+001
7.00000000 4.90000000 3.28125000E+001
7.00000000 5.00000000 3.12500000E+001
7.00000000 5.10000000 2.96875000E+001
7.00000000 5.20000000 2.81250000E+001
7.00000000 5.30000000 2.65625000E+001
7.00000000 5.40000000 2.50000000E+001
7.00000000 5.50000000 2.34375000E+001
7.00000000 5.60000000 2.18750000E+001
7.00000000 5.70000000 2.03125000E+001
7.00000000 5.80000000 1.87500000E+001
7.00000000 5.90000000 1.71875000E+001
7.00000000 6.00000000 1.56250000E+001
7.00000000 6.10000000 1.71875000E+001
7.00000000 6.20000000 1.87500000E+001
7.00000000 6.30000000 2.03125000E+001
7.00000000 6.40000000 2.18750000E+001
7.00000000 6.50000000 2.34375000E+001
7.00000000 6.60000000 2.50000000E+001
7.00000000 6.70000000 2.65625000E+001
7.00000000 6.80000000 2.81250000E+001
7.00000000 6.90000000 2.96875000E+001
7.00000000 7.00000000 3.12500000E+001
7.00000000 7.10000000 3.28125000E+001
7.00000000 7.20000000 3.43750000E+001
7.00000000 7.30000000 3.59375000E+001
7.00000000 7.40000000 3.75000000E+001
7.00000000 7.50000000 3.90625000E+001
7.00000000 7.60000000 4.06250000E+001
7.00000000 7.70000000 4.21875000E+001
7.00000000 7.80000000 4.37500000E+001
7.00000000 7.90000000 4.53125000E+001
7.00000000 8.00000000 4.68750000E+001
7.00000000 8.10000000 4.84375000E+001
7.00000000 8.20000000 5.00000000E+001
7.00000000 8.30000000 5.15625000E+001
7.00000000 8.40000000 5.31250000E+001
7.00000000 8.50000000 5.46875000E+001
7.00000000 8.60000000 7.81250000E+001
7.00000000 8.70000000 1.01562500E+002
7.00000000 8.80000000 1.25000000E+002
7.00000000 8.90000000 1.48437500E+002
7.00000000 9.00000000 1.71875000E+002
7.00000000 9.10000000 1.95312500E+002
7.00000000 9.20000000 2.18750000E+002
7.00000000 9.30000000 2.42187500E+002
7.00000000 9.40000000 2.65625000E+002
7.00000000 9.50000000 2.89062500E+002
7.00000000 9.60000000 3.12500000E+002
7.00000000 9.70000000 3.35937500E+002
7.00000000 9.80000000 3.59375000E+002
7.00000000 9.90000000 3.82812500E+002
7.00000000 10.00000000 4.06250000E+002
7.00000000 10.10000000 4.29687500E+002
7.00000000 10.20000000 4.53125000E+002
7.00000000 10.30000000 4.76562500E+002
7.00000000 10.40000000 5.00000000E+002
7.00000000 10.50000000 5.23437500E+002
7.00000000 10.60000000 5.46875000E+002
7.00000000 10.70000000 5.70312500E+002
7.00000000 10.80000000 5.93750000E+002
7.00000000 10.90000000 6.17187500E+002
7.00000000 11.00000000 6.40625000E+002
7.10000000 1.00000000 6.42187500E+002
7.10000000 1.10000000 6.18750000E+002
7.10000000 1.20000000 5.95312500E+002
7.10000000 1.30000000 5.71875000E+002
7.10000000 1.40000000 5.48437500E+002
7.10000000 1.50000000 5.25000000E+002
7.10000000 1.60000000 5.01562500E+002
7.10000000 1.70000000 4.78125000E+002
7.10000000 1.80000000 4.54687500E+002
7.10000000 1.90000000 4.31250000E+002
7.10000000 2.00000000 4.07812500E+002
7.10000000 2.10000000 3.84375000E+002
7.10000000 2.20000000 3.60937500E+002
7.10000000 2.30000000 3.37500000E+002
7.10000000 2.40000000 3.14062500E+002
7.10000000 2.50000000 2.90625000E+002
7.10000000 2.60000000 2.67187500E+002
7.10000000 2.70000000 2.43750000E+002
7.10000000 2.80000000 2.20312500E+002
7.10000000 2.90000000 1.96875000E+002
7.10000000 3.00000000 1.73437500E+002
7.10000000 3.10000000 1.50000000E+002
7.10000000 3.20000000 1.26562500E+002
7.10000000 3.30000000 1.03125000E+002
7.10000000 3.40000000 7.96875000E+001
7.10000000 3.50000000 5.62500000E+001
7.10000000 3.60000000 5.46875000E+001
7.10000000 3.70000000 5.31250000E+001
7.10000000 3.80000000 5.15625000E+001
7.10000000 3.90000000 5.00000000E+001
7.10000000 4.00000000 4.84375000E+001
7.10000000 4.10000000 4.68750000E+001
7.10000000 4.20000000 4.53125000E+001
7.10000000 4.30000000 4.37500000E+001
7.10000000 4.40000000 4.21875000E+001
7.10000000 4.50000000 4.06250000E+001
7.10000000 4.60000000 3.90625000E+001
7.10000000 4.70000000 3.75000000E+001
7.10000000 4.80000000 3.59375000E+001
7.10000000 4.90000000 3.43750000E+001
7.10000000 5.00000000 3.28125000E+001
7.10000000 5.10000000 3.12500000E+001
7.10000000 5.20000000 2.96875000E+001
7.10000000 5.30000000 2.81250000E+001
7.10000000 5.40000000 2.65625000E+001
7.10000000 5.50000000 2.50000000E+001
7.10000000 5.60000000 2.34375000E+001
7.10000000 5.70000000 2.18750000E+001
7.10000000 5.80000000 2.03125000E+001
7.10000000 5.90000000 1.87500000E+001
7.10000000 6.00000000 1.71875000E+001
7.10000000 6.10000000 1.87500000E+001
7.10000000 6.20000000 2.03125000E+001
7.10000000 6.30000000 2.18750000E+001
7.10000000 6.40000000 2.34375000E+001
7.10000000 6.50000000 2.50000000E+001
7.10000000 6.60000000 2.65625000E+001
7.10000000 6.70000000 2.81250000E+001
7.10000000 6.80000000 2.96875000E+001
7.10000000 6.90000000 3.12500000E+001
7.10000000 7.00000000 3.28125000E+001
7.10000000 7.10000000 3.43750000E+001
7.10000000 7.20000000 3.59375000E+001
7.10000000 7.30000000 3.75000000E+001
7.10000000 7.40000000 3.90625000E+001
7.10000000 7.50000000 4.06250000E+001
7.10000000 7.60000000 4.21875000E+001
7.10000000 7.70000000 4.37500000E+001
7.10000000 7.80000000 4.53125000E+001
7.10000000 7.90000000 4.68750000E+001
7.10000000 8.00000000 4.84375000E+001
7.10000000 8.10000000 5.00000000E+001
7.10000000 8.20000000 5.15625000E+001
7.10000000 8.30000000 5.31250000E+001
7.10000000 8.40000000 5.46875000E+001
7.10000000 8.50000000 5.62500000E+001
7.10000000 8.60000000 7.96875000E+001
7.10000000 8.70000000 1.03125000E+002
7.10000000 8.80000000 1.26562500E+002
7.10000000 8.90000000 1.50000000E+002
7.10000000 9.00000000 1.73437500E+002
7.10000000 9.10000000 1.96875000E+002
7.10000000 9.20000000 2.20312500E+002
7.10000000 9.30000000 2.43750000E+002
7.10000000 9.40000000 2.67187500E+002
7.10000000 9.50000000 2.90625000E+002
7.10000000 9.60000000 3.14062500E+002
7.10000000 9.70000000 3.37500000E+002
7.10000000 9.80000000 3.60937500E+002
7.10000000 9.90000000 3.84375000E+002
7.10000000 10.00000000 4.07812500E+002
7.10000000 10.10000000 4.31250000E+002
7.10000000 10.20000000 4.54687500E+002
7.10000000 10.30000000 4.78125000E+002
7.10000000 10.40000000 5.01562500E+002
7.10000000 10.50000000 5.25000000E+002
7.10000000 10.60000000 5.48437500E+002
7.10000000 10.70000000 5.71875000E+002
7.10000000 10.80000000 5.95312500E+002
7.10000000 10.90000000 6.18750000E+002
7.10000000 11.00000000 6.42187500E+002
7.20000000 1.00000000 6.43750000E+002
7.20000000 1.10000000 6.20312500E+002
7.20000000 1.20000000 5.96875000E+002
7.20000000 1.30000000 5.73437500E+002
7.20000000 1.40000000 5.50000000E+002
7.20000000 1.50000000 5.26562500E+002
7.20000000 1.60000000 5.03125000E+002
7.20000000 1.70000000 4.79687500E+002
7.20000000 1.80000000 4.56250000E+002
7.20000000 1.90000000 4.32812500E+002
7.20000000 2.00000000 4.09375000E+002
7.20000000 2.10000000 3.85937500E+002
7.20000000 2.20000000 3.62500000E+002
7.20000000 2.30000000 3.39062500E+002
7.20000000 2.40000000 3.15625000E+002
7.20000000 2.50000000 2.92187500E+002
7.20000000 2.60000000 2.68750000E+002
7.20000000 2.70000000 2.45312500E+002
7.20000000 2.80000000 2.21875000E+002
7.20000000 2.90000000 1.98437500E+002
7.20000000 3.00000000 1.75000000E+002
7.20000000 3.10000000 1.51562500E+002
7.20000000 3.20000000 1.28125000E+002
7.20000000 3.30000000 1.04687500E+002
7.20000000 3.40000000 8.12500000E+001
7.20000000 3.50000000 5.78125000E+001
7.20000000 3.60000000 5.62500000E+001
7.20000000 3.70000000 5.46875000E+001
7.20000000 3.80000000 5.31250000E+001
7.20000000 3.90000000 5.15625000E+001
7.20000000 4.00000000 5.00000000E+001
7.20000000 4.10000000 4.84375000E+001
7.20000000 4.20000000 4.68750000E+001
7.20000000 4.30000000 4.53125000E+001
7.20000000 4.40000000 4.37500000E+001
7.20000000 4.50000000 4.21875000E+001
7.20000000 4.60000000 4.06250000E+001
7.20000000 4.70000000 3.90625000E+001
7.20000000 4.80000000 3.75000000E+001
7.20000000 4.90000000 3.59375000E+001
7.20000000 5.00000000 3.43750000E+001
7.20000000 5.10000000 3.28125000E+001
7.20000000 5.20000000 3.12500000E+001
7.20000000 5.30000000 2.96875000E+001
7.20000000 5.40000000 2.81250000E+001
7.20000000 5.50000000 2.65625000E+001
7.20000000 5.60000000 2.50000000E+001
7.20000000 5.70000000 2.34375000E+001
7.20000000 5.80000000 2.18750000E+001
7.20000000 5.90000000 2.03125000E+001
7.20000000 6.00000000 1.87500000E+001
7.20000000 6.10000000 2.03125000E+001
7.20000000 6.20000000 2.18750000E+001
7.20000000 6.30000000 2.34375000E+001
7.20000000 6.40000000 2.50000000E+001
7.20000000 6.50000000 2.65625000E+001
7.20000000 6.60000000 2.81250000E+001
7.20000000 6.70000000 2.96875000E+001
7.20000000 6.80000000 3.12500000E+001
7.20000000 6.90000000 3.28125000E+001
7.20000000 7.00000000 3.43750000E+001
7.20000000 7.10000000 3.59375000E+001
7.20000000 7.20000000 3.75000000E+001
7.20000000 7.30000000 3.90625000E+001
7.20000000 7.40000000 4.06250000E+001
7.20000000 7.50000000 4.21875000E+001
7.20000000 7.60000000 4.37500000E+001
7.20000000 7.70000000 4.53125000E+001
7.20000000 7.80000000 4.68750000E+001
7.20000000 7.90000000 4.84375000E+001
7.20000000 8.00000000 5.00000000E+001
7.20000000 8.10000000 5.15625000E+001
7.20000000 8.20000000 5.31250000E+001
7.20000000 8.30000000 5.46875000E+001
7.20000000 8.40000000 5.62500000E+001
7.20000000 8.50000000 5.78125000E+001
7.20000000 8.60000000 8.12500000E+001
7.20000000 8.70000000 1.04687500E+002
7.20000000 8.80000000 1.28125000E+002
7.20000000 8.90000000 1.51562500E+002
7.20000000 9.00000000 1.75000000E+002
7.20000000 9.10000000 1.98437500E+002
7.20000000 9.20000000 2.21875000E+002
7.20000000 9.30000000 2.45312500E+002
7.20000000 9.40000000 2.68750000E+002
7.20000000 9.50000000 2.92187500E+002
7.20000000 9.60000000 3.15625000E+002
7.20000000 9.70000000 3.39062500E+002
7.20000000 9.80000000 3.62500000E+002
7.20000000 9.90000000 3.85937500E+002
7.20000000 10.00000000 4.09375000E+002
7.20000000 10.10000000 4.32812500E+002
7.20000000 10.20000000 4.56250000E+002
7.20000000 10.30000000 4.79687500E+002
7.20000000 10.40000000 5.03125000E+002
7.20000000 10.50000000 5.26562500E+002
7.20000000 10.60000000 5.50000000E+002
7.20000000 10.70000000 5.73437500E+002
7.20000000 10.80000000 5.96875000E+002
7.20000000 10.90000000 6.20312500E+002
7.20000000 11.00000000 6.43750000E+002
7.30000000 1.00000000 6.45312500E+002
7.30000000 1.10000000 6.21875000E+002
7.30000000 1.20000000 5.98437500E+002
7.30000000 1.30000000 5.75000000E+002
7.30000000 1.40000000 5.51562500E+002
7.30000000 1.50000000 5.28125000E+002
7.30000000 1.60000000 5.04687500E+002
7.30000000 1.70000000 4.81250000E+002
7.30000000 1.80000000 4.57812500E+002
7.30000000 1.90000000 4.34375000E+002
7.30000000 2.00000000 4.10937500E+002
7.30000000 2.10000000 3.87500000E+002
7.30000000 2.20000000 3.64062500E+002
7.30000000 2.30000000 3.40625000E+002
7.30000000 2.40000000 3.17187500E+002
7.30000000 2.50000000 2.93750000E+002
7.30000000 2.60000000 2.70312500E+002
7.30000000 2.70000000 2.46875000E+002
7.30000000 2.80000000 2.23437500E+002
7.30000000 2.90000000 2.00000000E+002
7.30000000 3.00000000 1.76562500E+002
7.30000000 3.10000000 1.53125000E+002
7.30000000 3.20000000 1.29687500E+002
7.30000000 3.30000000 1.06250000E+002
7.30000000 3.40000000 8.28125000E+001
7.30000000 3.50000000 5.93750000E+001
7.30000000 3.60000000 5.78125000E+001
7.30000000 3.70000000 5.62500000E+001
7.30000000 3.80000000 5.46875000E+001
7.30000000 3.90000000 5.31250000E+001
7.30000000 4.00000000 5.15625000E+001
7.30000000 4.10000000 5.00000000E+001
7.30000000 4.20000000 4.84375000E+001
7.30000000 4.30000000 4.68750000E+001
7.30000000 4.40000000 4.53125000E+001
7.30000000 4.50000000 4.37500000E+001
7.30000000 4.60000000 4.21875000E+001
7.30000000 4.70000000 4.06250000E+001
7.30000000 4.80000000 3.90625000E+001
7.30000000 4.90000000 3.75000000E+001
7.30000000 5.00000000 3.59375000E+001
7.30000000 5.10000000 3.43750000E+001
7.30000000 5.20000000 3.28125000E+001
7.30000000 5.30000000 3.12500000E+001
7.30000000 5.40000000 2.96875000E+001
7.30000000 5.50000000 2.81250000E+001
7.30000000 5.60000000 2.65625000E+001
7.30000000 5.70000000 2.50000000E+001
7.30000000 5.80000000 2.34375000E+001
7.30000000 5.90000000 2.18750000E+001
7.30000000 6.00000000 2.03125000E+001
7.30000000 6.10000000 2.18750000E+001
7.30000000 6.20000000 2.34375000E+001
7.30000000 6.30000000 2.50000000E+001
7.30000000 6.40000000 2.65625000E+001
7.30000000 6.50000000 2.81250000E+001
7.30000000 6.60000000 2.96875000E+001
7.30000000 6.70000000 3.12500000E+001
7.30000000 6.80000000 3.28125000E+001
7.30000000 6.90000000 3.43750000E+001
7.30000000 7.00000000 3.59375000E+001
7.30000000 7.10000000 3.75000000E+001
7.30000000 7.20000000 3.90625000E+001
7.30000000 7.30000000 4.06250000E+001
7.30000000 7.40000000 4.21875000E+001
7.30000000 7.50000000 4.37500000E+001
7.30000000 7.60000000 4.53125000E+001
7.30000000 7.70000000 4.68750000E+001
7.30000000 7.80000000 4.84375000E+001
7.30000000 7.90000000 5.00000000E+001
7.30000000 8.00000000 5.15625000E+001
7.30000000 8.10000000 5.31250000E+001
7.30000000 8.20000000 5.46875000E+001
7.30000000 8.30000000 5.62500000E+001
7.30000000 8.40000000 5.78125000E+001
7.30000000 8.50000000 5.93750000E+001
7.30000000 8.60000000 8.28125000E+001
7.30000000 8.70000000 1.06250000E+002
7.30000000 8.80000000 1.29687500E+002
7.30000000 8.90000000 1.53125000E+002
7.30000000 9.00000000 1.76562500E+002
7.30000000 9.10000000 2.00000000E+002
7.30000000 9.20000000 2.23437500E+002
7.30000000 9.30000000 2.46875000E+002
7.30000000 9.40000000 2.70312500E+002
7.30000000 9.50000000 2.93750000E+002
7.30000000 9.60000000 3.17187500E+002
7.30000000 9.70000000 3.40625000E+002
7.30000000 9.80000000 3.64062500E+002
7.30000000 9.90000000 3.87500000E+002
7.30000000 10.00000000 4.10937500E+002
7.30000000 10.10000000 4.34375000E+002
7.30000000 10.20000000 4.57812500E+002
7.30000000 10.30000000 4.81250000E+002
7.30000000 10.40000000 5.04687500E+002
7.30000000 10.50000000 5.28125000E+002
7.30000000 10.60000000 5.51562500E+002
7.30000000 10.70000000 5.75000000E+002
7.30000000 10.80000000 5.98437500E+002
7.30000000 10.90000000 6.21875000E+002
7.30000000 11.00000000 6.45312500E+002
7.40000000 1.00000000 6.46875000E+002
7.40000000 1.10000000 6.23437500E+002
7.40000000 1.20000000 6.00000000E+002
7.40000000 1.30000000 5.76562500E+002
7.40000000 1.40000000 5.53125000E+002
7.40000000 1.50000000 5.29687500E+002
7.40000000 1.60000000 5.06250000E+002
7.40000000 1.70000000 4.82812500E+002
7.40000000 1.80000000 4.59375000E+002
7.40000000 1.90000000 4.35937500E+002
7.40000000 2.00000000 4.12500000E+002
7.40000000 2.10000000 3.89062500E+002
7.40000000 2.20000000 3.65625000E+002
7.40000000 2.30000000 3.42187500E+002
7.40000000 2.40000000 3.18750000E+002
7.40000000 2.50000000 2.95312500E+002
7.40000000 2.60000000 2.71875000E+002
7.40000000 2.70000000 2.48437500E+002
7.40000000 2.80000000 2.25000000E+002
7.40000000 2.90000000 2.01562500E+002
7.40000000 3.00000000 1.78125000E+002
7.40000000 3.10000000 1.54687500E+002
7.40000000 3.20000000 1.31250000E+002
7.40000000 3.30000000 1.07812500E+002
7.40000000 3.40000000 8.43750000E+001
7.40000000 3.50000000 6.09375000E+001
7.40000000 3.60000000 5.93750000E+001
7.40000000 3.70000000 5.78125000E+001
7.40000000 3.80000000 5.62500000E+001
7.40000000 3.90000000 5.46875000E+001
7.40000000 4.00000000 5.31250000E+001
7.40000000 4.10000000 5.15625000E+001
7.40000000 4.20000000 5.00000000E+001
7.40000000 4.30000000 4.84375000E+001
7.40000000 4.40000000 4.68750000E+001
7.40000000 4.50000000 4.53125000E+001
7.40000000 4.60000000 4.37500000E+001
7.40000000 4.70000000 4.21875000E+001
7.40000000 4.80000000 4.06250000E+001
7.40000000 4.90000000 3.90625000E+001
7.40000000 5.00000000 3.75000000E+001
7.40000000 5.10000000 3.59375000E+001
7.40000000 5.20000000 3.43750000E+001
7.40000000 5.30000000 3.28125000E+001
7.40000000 5.40000000 3.12500000E+001
7.40000000 5.50000000 2.96875000E+001
7.40000000 5.60000000 2.81250000E+001
7.40000000 5.70000000 2.65625000E+001
7.40000000 5.80000000 2.50000000E+001
7.40000000 5.90000000 2.34375000E+001
7.40000000 6.00000000 2.18750000E+001
7.40000000 6.10000000 2.34375000E+001
7.40000000 6.20000000 2.50000000E+001
7.40000000 6.30000000 2.65625000E+001
7.40000000 6.40000000 2.81250000E+001
7.40000000 6.50000000 2.96875000E+001
7.40000000 6.60000000 3.12500000E+001
7.40000000 6.70000000 3.28125000E+001
7.40000000 6.80000000 3.43750000E+001
7.40000000 6.90000000 3.59375000E+001
7.40000000 7.00000000 3.75000000E+001
7.40000000 7.10000000 3.90625000E+001
7.40000000 7.20000000 4.06250000E+001
7.40000000 7.30000000 4.21875000E+001
7.40000000 7.40000000 4.37500000E+001
7.40000000 7.50000000 4.53125000E+001
7.40000000 7.60000000 4.68750000E+001
7.40000000 7.70000000 4.84375000E+001
7.40000000 7.80000000 5.00000000E+001
7.40000000 7.90000000 5.15625000E+001
7.40000000 8.00000000 5.31250000E+001
7.40000000 8.10000000 5.46875000E+001
7.40000000 8.20000000 5.62500000E+001
7.40000000 8.30000000 5.78125000E+001
7.40000000 8.40000000 5.93750000E+001
7.40000000 8.50000000 6.09375000E+001
7.40000000 8.60000000 8.43750000E+001
7.40000000 8.70000000 1.07812500E+002
7.40000000 8.80000000 1.31250000E+002
7.40000000 8.90000000 1.54687500E+002
7.40000000 9.00000000 1.78125000E+002
7.40000000 9.10000000 2.01562500E+002
7.40000000 9.20000000 2.25000000E+002
7.40000000 9.30000000 2.48437500E+002
7.40000000 9.40000000 2.71875000E+002
7.40000000 9.50000000 2.95312500E+002
7.40000000 9.60000000 3.18750000E+002
7.40000000 9.70000000 3.42187500E+002
7.40000000 9.80000000 3.65625000E+002
7.40000000 9.90000000 3.89062500E+002
7.40000000 10.00000000 4.12500000E+002
7.40000000 10.10000000 4.35937500E+002
7.40000000 10.20000000 4.59375000E+002
7.40000000 10.30000000 4.82812500E+002
7.40000000 10.40000000 5.06250000E+002
7.40000000 10.50000000 5.29687500E+002
7.40000000 10.60000000 5.53125000E+002
7.40000000 10.70000000 5.76562500E+002
7.40000000 10.80000000 6.00000000E+002
7.40000000 10.90000000 6.23437500E+002
7.40000000 11.00000000 6.46875000E+002
7.50000000 1.00000000 6.48437500E+002
7.50000000 1.10000000 6.25000000E+002
7.50000000 1.20000000 6.01562500E+002
7.50000000 1.30000000 5.78125000E+002
7.50000000 1.40000000 5.54687500E+002
7.50000000 1.50000000 5.31250000E+002
7.50000000 1.60000000 5.07812500E+002
7.50000000 1.70000000 4.84375000E+002
7.50000000 1.80000000 4.60937500E+002
7.50000000 1.90000000 4.37500000E+002
7.50000000 2.00000000 4.14062500E+002
7.50000000 2.10000000 3.90625000E+002
7.50000000 2.20000000 3.67187500E+002
7.50000000 2.30000000 3.43750000E+002
7.50000000 2.40000000 3.20312500E+002
7.50000000 2.50000000 2.96875000E+002
7.50000000 2.60000000 2.73437500E+002
7.50000000 2.70000000 2.50000000E+002
7.50000000 2.80000000 2.26562500E+002
7.50000000 2.90000000 2.03125000E+002
7.50000000 3.00000000 1.79687500E+002
7.50000000 3.10000000 1.56250000E+002
7.50000000 3.20000000 1.32812500E+002
7.50000000 3.30000000 1.09375000E+002
7.50000000 3.40000000 8.59375000E+001
7.50000000 3.50000000 6.25000000E+001
7.50000000 3.60000000 6.09375000E+001
7.50000000 3.70000000 5.93750000E+001
7.50000000 3.80000000 5.78125000E+001
7.50000000 3.90000000 5.62500000E+001
7.50000000 4.00000000 5.46875000E+001
7.50000000 4.10000000 5.31250000E+001
7.50000000 4.20000000 5.15625000E+001
7.50000000 4.30000000 5.00000000E+001
7.50000000 4.40000000 4.84375000E+001
7.50000000 4.50000000 4.68750000E+001
7.50000000 4.60000000 4.53125000E+001
7.50000000 4.70000000 4.37500000E+001
7.50000000 4.80000000 4.21875000E+001
7.50000000 4.90000000 4.06250000E+001
7.50000000 5.00000000 3.90625000E+001
7.50000000 5.10000000 3.75000000E+001
7.50000000 5.20000000 3.59375000E+001
7.50000000 5.30000000 3.43750000E+001
7.50000000 5.40000000 3.28125000E+001
7.50000000 5.50000000 3.12500000E+001
7.50000000 5.60000000 2.96875000E+001
7.50000000 5.70000000 2.81250000E+001
7.50000000 5.80000000 2.65625000E+001
7.50000000 5.90000000 2.50000000E+001
7.50000000 6.00000000 2.34375000E+001
7.50000000 6.10000000 2.50000000E+001
7.50000000 6.20000000 2.65625000E+001
7.50000000 6.30000000 2.81250000E+001
7.50000000 6.40000000 2.96875000E+001
7.50000000 6.50000000 3.12500000E+001
7.50000000 6.60000000 3.28125000E+001
7.50000000 6.70000000 3.43750000E+001
7.50000000 6.80000000 3.59375000E+001
7.50000000 6.90000000 3.75000000E+001
7.50000000 7.00000000 3.90625000E+001
7.50000000 7.10000000 4.06250000E+001
7.50000000 7.20000000 4.21875000E+001
7.50000000 7.30000000 4.37500000E+001
7.50000000 7.40000000 4.53125000E+001
7.50000000 7.50000000 4.68750000E+001
7.50000000 7.60000000 4.84375000E+001
7.50000000 7.70000000 5.00000000E+001
7.50000000 7.80000000 5.15625000E+001
7.50000000 7.90000000 5.31250000E+001
7.50000000 8.00000000 5.46875000E+001
7.50000000 8.10000000 5.62500000E+001
7.50000000 8.20000000 5.78125000E+001
7.50000000 8.30000000 5.93750000E+001
7.50000000 8.40000000 6.09375000E+001
7.50000000 8.50000000 6.25000000E+001
7.50000000 8.60000000 8.59375000E+001
7.50000000 8.70000000 1.09375000E+002
7.50000000 8.80000000 1.32812500E+002
7.50000000 8.90000000 1.56250000E+002
7.50000000 9.00000000 1.79687500E+002
7.50000000 9.10000000 2.03125000E+002
7.50000000 9.20000000 2.26562500E+002
7.50000000 9.30000000 2.50000000E+002
7.50000000 9.40000000 2.73437500E+002
7.50000000 9.50000000 2.96875000E+002
7.50000000 9.60000000 3.20312500E+002
7.50000000 9.70000000 3.43750000E+002
7.50000000 9.80000000 3.67187500E+002
7.50000000 9.90000000 3.90625000E+002
7.50000000 10.00000000 4.14062500E+002
7.50000000 10.10000000 4.37500000E+002
7.50000000 10.20000000 4.60937500E+002
7.50000000 10.30000000 4.84375000E+002
7.50000000 10.40000000 5.07812500E+002
7.50000000 10.50000000 5.31250000E+002
7.50000000 10.60000000 5.54687500E+002
7.50000000 10.70000000 5.78125000E+002
7.50000000 10.80000000 6.01562500E+002
7.50000000 10.90000000 6.25000000E+002
7.50000000 11.00000000 6.48437500E+002
7.60000000 1.00000000 6.50000000E+002
7.60000000 1.10000000 6.26562500E+002
7.60000000 1.20000000 6.03125000E+002
7.60000000 1.30000000 5.79687500E+002
7.60000000 1.40000000 5.56250000E+002
7.60000000 1.50000000 5.32812500E+002
7.60000000 1.60000000 5.09375000E+002
7.60000000 1.70000000 4.85937500E+002
7.60000000 1.80000000 4.62500000E+002
7.60000000 1.90000000 4.39062500E+002
7.60000000 2.00000000 4.15625000E+002
7.60000000 2.10000000 3.92187500E+002
7.60000000 2.20000000 3.68750000E+002
7.60000000 2.30000000 3.45312500E+002
7.60000000 2.40000000 3.21875000E+002
7.60000000 2.50000000 2.98437500E+002
7.60000000 2.60000000 2.75000000E+002
7.60000000 2.70000000 2.51562500E+002
7.60000000 2.80000000 2.28125000E+002
7.60000000 2.90000000 2.04687500E+002
7.60000000 3.00000000 1.81250000E+002
7.60000000 3.10000000 1.57812500E+002
7.60000000 3.20000000 1.34375000E+002
7.60000000 3.30000000 1.10937500E+002
7.60000000 3.40000000 8.75000000E+001
7.60000000 3.50000000 6.40625000E+001
7.60000000 3.60000000 6.25000000E+001
7.60000000 3.70000000 6.09375000E+001
7.60000000 3.80000000 5.93750000E+001
7.60000000 3.90000000 5.78125000E+001
7.60000000 4.00000000 5.62500000E+001
7.60000000 4.10000000 5.46875000E+001
7.60000000 4.20000000 5.31250000E+001
7.60000000 4.30000000 5.15625000E+001
7.60000000 4.40000000 5.00000000E+001
7.60000000 4.50000000 4.84375000E+001
7.60000000 4.60000000 4.68750000E+001
7.60000000 4.70000000 4.53125000E+001
7.60000000 4.80000000 4.37500000E+001
7.60000000 4.90000000 4.21875000E+001
7.60000000 5.00000000 4.06250000E+001
7.60000000 5.10000000 3.90625000E+001
7.60000000 5.20000000 3.75000000E+001
7.60000000 5.30000000 3.59375000E+001
7.60000000 5.40000000 3.43750000E+001
7.60000000 5.50000000 3.28125000E+001
7.60000000 5.60000000 3.12500000E+001
7.60000000 5.70000000 2.96875000E+001
7.60000000 5.80000000 2.81250000E+001
7.60000000 5.90000000 2.65625000E+001
7.60000000 6.00000000 2.50000000E+001
7.60000000 6.10000000 2.65625000E+001
7.60000000 6.20000000 2.81250000E+001
7.60000000 6.30000000 2.96875000E+001
7.60000000 6.40000000 3.12500000E+001
7.60000000 6.50000000 3.28125000E+001
7.60000000 6.60000000 3.43750000E+001
7.60000000 6.70000000 3.59375000E+001
7.60000000 6.80000000 3.75000000E+001
7.60000000 6.90000000 3.90625000E+001
7.60000000 7.00000000 4.06250000E+001
7.60000000 7.10000000 4.21875000E+001
7.60000000 7.20000000 4.37500000E+001
7.60000000 7.30000000 4.53125000E+001
7.60000000 7.40000000 4.68750000E+001
7.60000000 7.50000000 4.84375000E+001
7.60000000 7.60000000 5.00000000E+001
7.60000000 7.70000000 5.15625000E+001
7.60000000 7.80000000 5.31250000E+001
7.60000000 7.90000000 5.46875000E+001
7.60000000 8.00000000 5.62500000E+001
7.60000000 8.10000000 5.78125000E+001
7.60000000 8.20000000 5.93750000E+001
7.60000000 8.30000000 6.09375000E+001
7.60000000 8.40000000 6.25000000E+001
7.60000000 8.50000000 6.40625000E+001
7.60000000 8.60000000 8.75000000E+001
7.60000000 8.70000000 1.10937500E+002
7.60000000 8.80000000 1.34375000E+002
7.60000000 8.90000000 1.57812500E+002
7.60000000 9.00000000 1.81250000E+002
7.60000000 9.10000000 2.04687500E+002
7.60000000 9.20000000 2.28125000E+002
7.60000000 9.30000000 2.51562500E+002
7.60000000 9.40000000 2.75000000E+002
7.60000000 9.50000000 2.98437500E+002
7.60000000 9.60000000 3.21875000E+002
7.60000000 9.70000000 3.45312500E+002
7.60000000 9.80000000 3.68750000E+002
7.60000000 9.90000000 3.92187500E+002
7.60000000 10.00000000 4.15625000E+002
7.60000000 10.10000000 4.39062500E+002
7.60000000 10.20000000 4.62500000E+002
7.60000000 10.30000000 4.85937500E+002
7.60000000 10.40000000 5.09375000E+002
7.60000000 10.50000000 5.32812500E+002
7.60000000 10.60000000 5.56250000E+002
7.60000000 10.70000000 5.79687500E+002
7.60000000 10.80000000 6.03125000E+002
7.60000000 10.90000000 6.26562500E+002
7.60000000 11.00000000 6.50000000E+002
7.70000000 1.00000000 6.51562500E+002
7.70000000 1.10000000 6.28125000E+002
7.70000000 1.20000000 6.04687500E+002
7.70000000 1.30000000 5.81250000E+002
7.70000000 1.40000000 5.57812500E+002
7.70000000 1.50000000 5.34375000E+002
7.70000000 1.60000000 5.10937500E+002
7.70000000 1.70000000 4.87500000E+002
7.70000000 1.80000000 4.64062500E+002
7.70000000 1.90000000 4.40625000E+002
7.70000000 2.00000000 4.17187500E+002
7.70000000 2.10000000 3.93750000E+002
7.70000000 2.20000000 3.70312500E+002
7.70000000 2.30000000 3.46875000E+002
7.70000000 2.40000000 3.23437500E+002
7.70000000 2.50000000 3.00000000E+002
7.70000000 2.60000000 2.76562500E+002
7.70000000 2.70000000 2.53125000E+002
7.70000000 2.80000000 2.29687500E+002
7.70000000 2.90000000 2.06250000E+002
7.70000000 3.00000000 1.82812500E+002
7.70000000 3.10000000 1.59375000E+002
7.70000000 3.20000000 1.35937500E+002
7.70000000 3.30000000 1.12500000E+002
7.70000000 3.40000000 8.90625000E+001
7.70000000 3.50000000 6.56250000E+001
7.70000000 3.60000000 6.40625000E+001
7.70000000 3.70000000 6.25000000E+001
7.70000000 3.80000000 6.09375000E+001
7.70000000 3.90000000 5.93750000E+001
7.70000000 4.00000000 5.78125000E+001
7.70000000 4.10000000 5.62500000E+001
7.70000000 4.20000000 5.46875000E+001
7.70000000 4.30000000 5.31250000E+001
7.70000000 4.40000000 5.15625000E+001
7.70000000 4.50000000 5.00000000E+001
7.70000000 4.60000000 4.84375000E+001
7.70000000 4.70000000 4.68750000E+001
7.70000000 4.80000000 4.53125000E+001
7.70000000 4.90000000 4.37500000E+001
7.70000000 5.00000000 4.21875000E+001
7.70000000 5.10000000 4.06250000E+001
7.70000000 5.20000000 3.90625000E+001
7.70000000 5.30000000 3.75000000E+001
7.70000000 5.40000000 3.59375000E+001
7.70000000 5.50000000 3.43750000E+001
7.70000000 5.60000000 3.28125000E+001
7.70000000 5.70000000 3.12500000E+001
7.70000000 5.80000000 2.96875000E+001
7.70000000 5.90000000 2.81250000E+001
7.70000000 6.00000000 2.65625000E+001
7.70000000 6.10000000 2.81250000E+001
7.70000000 6.20000000 2.96875000E+001
7.70000000 6.30000000 3.12500000E+001
7.70000000 6.40000000 3.28125000E+001
7.70000000 6.50000000 3.43750000E+001
7.70000000 6.60000000 3.59375000E+001
7.70000000 6.70000000 3.75000000E+001
7.70000000 6.80000000 3.90625000E+001
7.70000000 6.90000000 4.06250000E+001
7.70000000 7.00000000 4.21875000E+001
7.70000000 7.10000000 4.37500000E+001
7.70000000 7.20000000 4.53125000E+001
7.70000000 7.30000000 4.68750000E+001
7.70000000 7.40000000 4.84375000E+001
7.70000000 7.50000000 5.00000000E+001
7.70000000 7.60000000 5.15625000E+001
7.70000000 7.70000000 5.31250000E+001
7.70000000 7.80000000 5.46875000E+001
7.70000000 7.90000000 5.62500000E+001
7.70000000 8.00000000 5.78125000E+001
7.70000000 8.10000000 5.93750000E+001
7.70000000 8.20000000 6.09375000E+001
7.70000000 8.30000000 6.25000000E+001
7.70000000 8.40000000 6.40625000E+001
7.70000000 8.50000000 6.56250000E+001
7.70000000 8.60000000 8.90625000E+001
7.70000000 8.70000000 1.12500000E+002
7.70000000 8.80000000 1.35937500E+002
7.70000000 8.90000000 1.59375000E+002
7.70000000 9.00000000 1.82812500E+002
7.70000000 9.10000000 2.06250000E+002
7.70000000 9.20000000 2.29687500E+002
7.70000000 9.30000000 2.53125000E+002
7.70000000 9.40000000 2.76562500E+002
7.70000000 9.50000000 3.00000000E+002
7.70000000 9.60000000 3.23437500E+002
7.70000000 9.70000000 3.46875000E+002
7.70000000 9.80000000 3.70312500E+002
7.70000000 9.90000000 3.93750000E+002
7.70000000 10.00000000 4.17187500E+002
7.70000000 10.10000000 4.40625000E+002
7.70000000 10.20000000 4.64062500E+002
7.70000000 10.30000000 4.87500000E+002
7.70000000 10.40000000 5.10937500E+002
7.70000000 10.50000000 5.34375000E+002
7.70000000 10.60000000 5.57812500E+002
7.70000000 10.70000000 5.81250000E+002
7.70000000 10.80000000 6.04687500E+002
7.70000000 10.90000000 6.28125000E+002
7.70000000 11.00000000 6.51562500E+002
7.80000000 1.00000000 6.53125000E+002
7.80000000 1.10000000 6.29687500E+002
7.80000000 1.20000000 6.06250000E+002
7.80000000 1.30000000 5.82812500E+002
7.80000000 1.40000000 5.59375000E+002
7.80000000 1.50000000 5.35937500E+002
7.80000000 1.60000000 5.12500000E+002
7.80000000 1.70000000 4.89062500E+002
7.80000000 1.80000000 4.65625000E+002
7.80000000 1.90000000 4.42187500E+002
7.80000000 2.00000000 4.18750000E+002
7.80000000 2.10000000 3.95312500E+002
7.80000000 2.20000000 3.71875000E+002
7.80000000 2.30000000 3.48437500E+002
7.80000000 2.40000000 3.25000000E+002
7.80000000 2.50000000 3.01562500E+002
7.80000000 2.60000000 2.78125000E+002
7.80000000 2.70000000 2.54687500E+002
7.80000000 2.80000000 2.31250000E+002
7.80000000 2.90000000 2.07812500E+002
7.80000000 3.00000000 1.84375000E+002
7.80000000 3.10000000 1.60937500E+002
7.80000000 3.20000000 1.37500000E+002
7.80000000 3.30000000 1.14062500E+002
7.80000000 3.40000000 9.06250000E+001
7.80000000 3.50000000 6.71875000E+001
7.80000000 3.60000000 6.56250000E+001
7.80000000 3.70000000 6.40625000E+001
7.80000000 3.80000000 6.25000000E+001
7.80000000 3.90000000 6.09375000E+001
7.80000000 4.00000000 5.93750000E+001
7.80000000 4.10000000 5.78125000E+001
7.80000000 4.20000000 5.62500000E+001
7.80000000 4.30000000 5.46875000E+001
7.80000000 4.40000000 5.31250000E+001
7.80000000 4.50000000 5.15625000E+001
7.80000000 4.60000000 5.00000000E+001
7.80000000 4.70000000 4.84375000E+001
7.80000000 4.80000000 4.68750000E+001
7.80000000 4.90000000 4.53125000E+001
7.80000000 5.00000000 4.37500000E+001
7.80000000 5.10000000 4.21875000E+001
7.80000000 5.20000000 4.06250000E+001
7.80000000 5.30000000 3.90625000E+001
7.80000000 5.40000000 3.75000000E+001
7.80000000 5.50000000 3.59375000E+001
7.80000000 5.60000000 3.43750000E+001
7.80000000 5.70000000 3.28125000E+001
7.80000000 5.80000000 3.12500000E+001
7.80000000 5.90000000 2.96875000E+001
7.80000000 6.00000000 2.81250000E+001
7.80000000 6.10000000 2.96875000E+001
7.80000000 6.20000000 3.12500000E+001
7.80000000 6.30000000 3.28125000E+001
7.80000000 6.40000000 3.43750000E+001
7.80000000 6.50000000 3.59375000E+001
7.80000000 6.60000000 3.75000000E+001
7.80000000 6.70000000 3.90625000E+001
7.80000000 6.80000000 4.06250000E+001
7.80000000 6.90000000 4.21875000E+001
7.80000000 7.00000000 4.37500000E+001
7.80000000 7.10000000 4.53125000E+001
7.80000000 7.20000000 4.68750000E+001
7.80000000 7.30000000 4.84375000E+001
7.80000000 7.40000000 5.00000000E+001
7.80000000 7.50000000 5.15625000E+001
7.80000000 7.60000000 5.31250000E+001
7.80000000 7.70000000 5.46875000E+001
7.80000000 7.80000000 5.62500000E+001
7.80000000 7.90000000 5.78125000E+001
7.80000000 8.00000000 5.93750000E+001
7.80000000 8.10000000 6.09375000E+001
7.80000000 8.20000000 6.25000000E+001
7.80000000 8.30000000 6.40625000E+001
7.80000000 8.40000000 6.56250000E+001
7.80000000 8.50000000 6.71875000E+001
7.80000000 8.60000000 9.06250000E+001
7.80000000 8.70000000 1.14062500E+002
7.80000000 8.80000000 1.37500000E+002
7.80000000 8.90000000 1.60937500E+002
7.80000000 9.00000000 1.84375000E+002
7.80000000 9.10000000 2.07812500E+002
7.80000000 9.20000000 2.31250000E+002
7.80000000 9.30000000 2.54687500E+002
7.80000000 9.40000000 2.78125000E+002
7.80000000 9.50000000 3.01562500E+002
7.80000000 9.60000000 3.25000000E+002
7.80000000 9.70000000 3.48437500E+002
7.80000000 9.80000000 3.71875000E+002
7.80000000 9.90000000 3.95312500E+002
7.80000000 10.00000000 4.18750000E+002
7.80000000 10.10000000 4.42187500E+002
7.80000000 10.20000000 4.65625000E+002
7.80000000 10.30000000 4.89062500E+002
7.80000000 10.40000000 5.12500000E+002
7.80000000 10.50000000 5.35937500E+002
7.80000000 10.60000000 5.59375000E+002
7.80000000 10.70000000 5.82812500E+002
7.80000000 10.80000000 6.06250000E+002
7.80000000 10.90000000 6.29687500E+002
7.80000000 11.00000000 6.53125000E+002
7.90000000 1.00000000 6.54687500E+002
7.90000000 1.10000000 6.31250000E+002
7.90000000 1.20000000 6.07812500E+002
7.90000000 1.30000000 5.84375000E+002
7.90000000 1.40000000 5.60937500E+002
7.90000000 1.50000000 5.37500000E+002
7.90000000 1.60000000 5.14062500E+002
7.90000000 1.70000000 4.90625000E+002
7.90000000 1.80000000 4.67187500E+002
7.90000000 1.90000000 4.43750000E+002
7.90000000 2.00000000 4.20312500E+002
7.90000000 2.10000000 3.96875000E+002
7.90000000 2.20000000 3.73437500E+002
7.90000000 2.30000000 3.50000000E+002
7.90000000 2.40000000 3.26562500E+002
7.90000000 2.50000000 3.03125000E+002
7.90000000 2.60000000 2.79687500E+002
7.90000000 2.70000000 2.56250000E+002
7.90000000 2.80000000 2.32812500E+002
7.90000000 2.90000000 2.09375000E+002
7.90000000 3.00000000 1.85937500E+002
7.90000000 3.10000000 1.62500000E+002
7.90000000 3.20000000 1.39062500E+002
7.90000000 3.30000000 1.15625000E+002
7.90000000 3.40000000 9.21875000E+001
7.90000000 3.50000000 6.87500000E+001
7.90000000 3.60000000 6.71875000E+001
7.90000000 3.70000000 6.56250000E+001
7.90000000 3.80000000 6.40625000E+001
7.90000000 3.90000000 6.25000000E+001
7.90000000 4.00000000 6.09375000E+001
7.90000000 4.10000000 5.93750000E+001
7.90000000 4.20000000 5.78125000E+001
7.90000000 4.30000000 5.62500000E+001
7.90000000 4.40000000 5.46875000E+001
7.90000000 4.50000000 5.31250000E+001
7.90000000 4.60000000 5.15625000E+001
7.90000000 4.70000000 5.00000000E+001
7.90000000 4.80000000 4.84375000E+001
7.90000000 4.90000000 4.68750000E+001
7.90000000 5.00000000 4.53125000E+001
7.90000000 5.10000000 4.37500000E+001
7.90000000 5.20000000 4.21875000E+001
7.90000000 5.30000000 4.06250000E+001
7.90000000 5.40000000 3.90625000E+001
7.90000000 5.50000000 3.75000000E+001
7.90000000 5.60000000 3.59375000E+001
7.90000000 5.70000000 3.43750000E+001
7.90000000 5.80000000 3.28125000E+001
7.90000000 5.90000000 3.12500000E+001
7.90000000 6.00000000 2.96875000E+001
7.90000000 6.10000000 3.12500000E+001
7.90000000 6.20000000 3.28125000E+001
7.90000000 6.30000000 3.43750000E+001
7.90000000 6.40000000 3.59375000E+001
7.90000000 6.50000000 3.75000000E+001
7.90000000 6.60000000 3.90625000E+001
7.90000000 6.70000000 4.06250000E+001
7.90000000 6.80000000 4.21875000E+001
7.90000000 6.90000000 4.37500000E+001
7.90000000 7.00000000 4.53125000E+001
7.90000000 7.10000000 4.68750000E+001
7.90000000 7.20000000 4.84375000E+001
7.90000000 7.30000000 5.00000000E+001
7.90000000 7.40000000 5.15625000E+001
7.90000000 7.50000000 5.31250000E+001
7.90000000 7.60000000 5.46875000E+001
7.90000000 7.70000000 5.62500000E+001
7.90000000 7.80000000 5.78125000E+001
7.90000000 7.90000000 5.93750000E+001
7.90000000 8.00000000 6.09375000E+001
7.90000000 8.10000000 6.25000000E+001
7.90000000 8.20000000 6.40625000E+001
7.90000000 8.30000000 6.56250000E+001
7.90000000 8.40000000 6.71875000E+001
7.90000000 8.50000000 6.87500000E+001
7.90000000 8.60000000 9.21875000E+001
7.90000000 8.70000000 1.15625000E+002
7.90000000 8.80000000 1.39062500E+002
7.90000000 8.90000000 1.62500000E+002
7.90000000 9.00000000 1.85937500E+002
7.90000000 9.10000000 2.09375000E+002
7.90000000 9.20000000 2.32812500E+002
7.90000000 9.30000000 2.56250000E+002
7.90000000 9.40000000 2.79687500E+002
7.90000000 9.50000000 3.03125000E+002
7.90000000 9.60000000 3.26562500E+002
7.90000000 9.70000000 3.50000000E+002
7.90000000 9.80000000 3.73437500E+002
7.90000000 9.90000000 3.96875000E+002
7.90000000 10.00000000 4.20312500E+002
7.90000000 10.10000000 4.43750000E+002
7.90000000 10.20000000 4.67187500E+002
7.90000000 10.30000000 4.90625000E+002
7.90000000 10.40000000 5.14062500E+002
7.90000000 10.50000000 5.37500000E+002
7.90000000 10.60000000 5.60937500E+002
7.90000000 10.70000000 5.84375000E+002
7.90000000 10.80000000 6.07812500E+002
7.90000000 10.90000000 6.31250000E+002
7.90000000 11.00000000 6.54687500E+002
8.00000000 1.00000000 6.56250000E+002
8.00000000 1.10000000 6.32812500E+002
8.00000000 1.20000000 6.09375000E+002
8.00000000 1.30000000 5.85937500E+002
8.00000000 1.40000000 5.62500000E+002
8.00000000 1.50000000 5.39062500E+002
8.00000000 1.60000000 5.15625000E+002
8.00000000 1.70000000 4.92187500E+002
8.00000000 1.80000000 4.68750000E+002
8.00000000 1.90000000 4.45312500E+002
8.00000000 2.00000000 4.21875000E+002
8.00000000 2.10000000 3.98437500E+002
8.00000000 2.20000000 3.75000000E+002
8.00000000 2.30000000 3.51562500E+002
8.00000000 2.40000000 3.28125000E+002
8.00000000 2.50000000 3.04687500E+002
8.00000000 2.60000000 2.81250000E+002
8.00000000 2.70000000 2.57812500E+002
8.00000000 2.80000000 2.34375000E+002
8.00000000 2.90000000 2.10937500E+002
8.00000000 3.00000000 1.87500000E+002
8.00000000 3.10000000 1.64062500E+002
8.00000000 3.20000000 1.40625000E+002
8.00000000 3.30000000 1.17187500E+002
8.00000000 3.40000000 9.37500000E+001
8.00000000 3.50000000 7.03125000E+001
8.00000000 3.60000000 6.87500000E+001
8.00000000 3.70000000 6.71875000E+001
8.00000000 3.80000000 6.56250000E+001
8.00000000 3.90000000 6.40625000E+001
8.00000000 4.00000000 6.25000000E+001
8.00000000 4.10000000 6.09375000E+001
8.00000000 4.20000000 5.93750000E+001
8.00000000 4.30000000 5.78125000E+001
8.00000000 4.40000000 5.62500000E+001
8.00000000 4.50000000 5.46875000E+001
8.00000000 4.60000000 5.31250000E+001
8.00000000 4.70000000 5.15625000E+001
8.00000000 4.80000000 5.00000000E+001
8.00000000 4.90000000 4.84375000E+001
8.00000000 5.00000000 4.68750000E+001
8.00000000 5.10000000 4.53125000E+001
8.00000000 5.20000000 4.37500000E+001
8.00000000 5.30000000 4.21875000E+001
8.00000000 5.40000000 4.06250000E+001
8.00000000 5.50000000 3.90625000E+001
8.00000000 5.60000000 3.75000000E+001
8.00000000 5.70000000 3.59375000E+001
8.00000000 5.80000000 3.43750000E+001
8.00000000 5.90000000 3.28125000E+001
8.00000000 6.00000000 3.12500000E+001
8.00000000 6.10000000 3.28125000E+001
8.00000000 6.20000000 3.43750000E+001
8.00000000 6.30000000 3.59375000E+001
8.00000000 6.40000000 3.75000000E+001
8.00000000 6.50000000 3.90625000E+001
8.00000000 6.60000000 4.06250000E+001
8.00000000 6.70000000 4.21875000E+001
8.00000000 6.80000000 4.37500000E+001
8.00000000 6.90000000 4.53125000E+001
8.00000000 7.00000000 4.68750000E+001
8.00000000 7.10000000 4.84375000E+001
8.00000000 7.20000000 5.00000000E+001
8.00000000 7.30000000 5.15625000E+001
8.00000000 7.40000000 5.31250000E+001
8.00000000 7.50000000 5.46875000E+001
8.00000000 7.60000000 5.62500000E+001
8.00000000 7.70000000 5.78125000E+001
8.00000000 7.80000000 5.93750000E+001
8.00000000 7.90000000 6.09375000E+001
8.00000000 8.00000000 6.25000000E+001
8.00000000 8.10000000 6.40625000E+001
8.00000000 8.20000000 6.56250000E+001
8.00000000 8.30000000 6.71875000E+001
8.00000000 8.40000000 6.87500000E+001
8.00000000 8.50000000 7.03125000E+001
8.00000000 8.60000000 9.37500000E+001
8.00000000 8.70000000 1.17187500E+002
8.00000000 8.80000000 1.40625000E+002
8.00000000 8.90000000 1.64062500E+002
8.00000000 9.00000000 1.87500000E+002
8.00000000 9.10000000 2.10937500E+002
8.00000000 9.20000000 2.34375000E+002
8.00000000 9.30000000 2.57812500E+002
8.00000000 9.40000000 2.81250000E+002
8.00000000 9.50000000 3.04687500E+002
8.00000000 9.60000000 3.28125000E+002
8.00000000 9.70000000 3.51562500E+002
8.00000000 9.80000000 3.75000000E+002
8.00000000 9.90000000 3.98437500E+002
8.00000000 10.00000000 4.21875000E+002
8.00000000 10.10000000 4.45312500E+002
8.00000000 10.20000000 4.68750000E+002
8.00000000 10.30000000 4.92187500E+002
8.00000000 10.40000000 5.15625000E+002
8.00000000 10.50000000 5.39062500E+002
8.00000000 10.60000000 5.62500000E+002
8.00000000 10.70000000 5.85937500E+002
8.00000000 10.80000000 6.09375000E+002
8.00000000 10.90000000 6.32812500E+002
8.00000000 11.00000000 6.56250000E+002
8.10000000 1.00000000 6.57812500E+002
8.10000000 1.10000000 6.34375000E+002
8.10000000 1.20000000 6.10937500E+002
8.10000000 1.30000000 5.87500000E+002
8.10000000 1.40000000 5.64062500E+002
8.10000000 1.50000000 5.40625000E+002
8.10000000 1.60000000 5.17187500E+002
8.10000000 1.70000000 4.93750000E+002
8.10000000 1.80000000 4.70312500E+002
8.10000000 1.90000000 4.46875000E+002
8.10000000 2.00000000 4.23437500E+002
8.10000000 2.10000000 4.00000000E+002
8.10000000 2.20000000 3.76562500E+002
8.10000000 2.30000000 3.53125000E+002
8.10000000 2.40000000 3.29687500E+002
8.10000000 2.50000000 3.06250000E+002
8.10000000 2.60000000 2.82812500E+002
8.10000000 2.70000000 2.59375000E+002
8.10000000 2.80000000 2.35937500E+002
8.10000000 2.90000000 2.12500000E+002
8.10000000 3.00000000 1.89062500E+002
8.10000000 3.10000000 1.65625000E+002
8.10000000 3.20000000 1.42187500E+002
8.10000000 3.30000000 1.18750000E+002
8.10000000 3.40000000 9.53125000E+001
8.10000000 3.50000000 7.18750000E+001
8.10000000 3.60000000 7.03125000E+001
8.10000000 3.70000000 6.87500000E+001
8.10000000 3.80000000 6.71875000E+001
8.10000000 3.90000000 6.56250000E+001
8.10000000 4.00000000 6.40625000E+001
8.10000000 4.10000000 6.25000000E+001
8.10000000 4.20000000 6.09375000E+001
8.10000000 4.30000000 5.93750000E+001
8.10000000 4.40000000 5.78125000E+001
8.10000000 4.50000000 5.62500000E+001
8.10000000 4.60000000 5.46875000E+001
8.10000000 4.70000000 5.31250000E+001
8.10000000 4.80000000 5.15625000E+001
8.10000000 4.90000000 5.00000000E+001
8.10000000 5.00000000 4.84375000E+001
8.10000000 5.10000000 4.68750000E+001
8.10000000 5.20000000 4.53125000E+001
8.10000000 5.30000000 4.37500000E+001
8.10000000 5.40000000 4.21875000E+001
8.10000000 5.50000000 4.06250000E+001
8.10000000 5.60000000 3.90625000E+001
8.10000000 5.70000000 3.75000000E+001
8.10000000 5.80000000 3.59375000E+001
8.10000000 5.90000000 3.43750000E+001
8.10000000 6.00000000 3.28125000E+001
8.10000000 6.10000000 3.43750000E+001
8.10000000 6.20000000 3.59375000E+001
8.10000000 6.30000000 3.75000000E+001
8.10000000 6.40000000 3.90625000E+001
8.10000000 6.50000000 4.06250000E+001
8.10000000 6.60000000 4.21875000E+001
8.10000000 6.70000000 4.37500000E+001
8.10000000 6.80000000 4.53125000E+001
8.10000000 6.90000000 4.68750000E+001
8.10000000 7.00000000 4.84375000E+001
8.10000000 7.10000000 5.00000000E+001
8.10000000 7.20000000 5.15625000E+001
8.10000000 7.30000000 5.31250000E+001
8.10000000 7.40000000 5.46875000E+001
8.10000000 7.50000000 5.62500000E+001
8.10000000 7.60000000 5.78125000E+001
8.10000000 7.70000000 5.93750000E+001
8.10000000 7.80000000 6.09375000E+001
8.10000000 7.90000000 6.25000000E+001
8.10000000 8.00000000 6.40625000E+001
8.10000000 8.10000000 6.56250000E+001
8.10000000 8.20000000 6.71875000E+001
8.10000000 8.30000000 6.87500000E+001
8.10000000 8.40000000 7.03125000E+001
8.10000000 8.50000000 7.18750000E+001
8.10000000 8.60000000 9.53125000E+001
8.10000000 8.70000000 1.18750000E+002
8.10000000 8.80000000 1.42187500E+002
8.10000000 8.90000000 1.65625000E+002
8.10000000 9.00000000 1.89062500E+002
8.10000000 9.10000000 2.12500000E+002
8.10000000 9.20000000 2.35937500E+002
8.10000000 9.30000000 2.59375000E+002
8.10000000 9.40000000 2.82812500E+002
8.10000000 9.50000000 3.06250000E+002
8.10000000 9.60000000 3.29687500E+002
8.10000000 9.70000000 3.53125000E+002
8.10000000 9.80000000 3.76562500E+002
8.10000000 9.90000000 4.00000000E+002
8.10000000 10.00000000 4.23437500E+002
8.10000000 10.10000000 4.46875000E+002
8.10000000 10.20000000 4.70312500E+002
8.10000000 10.30000000 4.93750000E+002
8.10000000 10.40000000 5.17187500E+002
8.10000000 10.50000000 5.40625000E+002
8.10000000 10.60000000 5.64062500E+002
8.10000000 10.70000000 5.87500000E+002
8.10000000 10.80000000 6.10937500E+002
8.10000000 10.90000000 6.34375000E+002
8.10000000 11.00000000 6.57812500E+002
8.20000000 1.00000000 6.59375000E+002
8.20000000 1.10000000 6.35937500E+002
8.20000000 1.20000000 6.12500000E+002
8.20000000 1.30000000 5.89062500E+002
8.20000000 1.40000000 5.65625000E+002
8.20000000 1.50000000 5.42187500E+002
8.20000000 1.60000000 5.18750000E+002
8.20000000 1.70000000 4.95312500E+002
8.20000000 1.80000000 4.71875000E+002
8.20000000 1.90000000 4.48437500E+002
8.20000000 2.00000000 4.25000000E+002
8.20000000 2.10000000 4.01562500E+002
8.20000000 2.20000000 3.78125000E+002
8.20000000 2.30000000 3.54687500E+002
8.20000000 2.40000000 3.31250000E+002
8.20000000 2.50000000 3.07812500E+002
8.20000000 2.60000000 2.84375000E+002
8.20000000 2.70000000 2.60937500E+002
8.20000000 2.80000000 2.37500000E+002
8.20000000 2.90000000 2.14062500E+002
8.20000000 3.00000000 1.90625000E+002
8.20000000 3.10000000 1.67187500E+002
8.20000000 3.20000000 1.43750000E+002
8.20000000 3.30000000 1.20312500E+002
8.20000000 3.40000000 9.68750000E+001
8.20000000 3.50000000 7.34375000E+001
8.20000000 3.60000000 7.18750000E+001
8.20000000 3.70000000 7.03125000E+001
8.20000000 3.80000000 6.87500000E+001
8.20000000 3.90000000 6.71875000E+001
8.20000000 4.00000000 6.56250000E+001
8.20000000 4.10000000 6.40625000E+001
8.20000000 4.20000000 6.25000000E+001
8.20000000 4.30000000 6.09375000E+001
8.20000000 4.40000000 5.93750000E+001
8.20000000 4.50000000 5.78125000E+001
8.20000000 4.60000000 5.62500000E+001
8.20000000 4.70000000 5.46875000E+001
8.20000000 4.80000000 5.31250000E+001
8.20000000 4.90000000 5.15625000E+001
8.20000000 5.00000000 5.00000000E+001
8.20000000 5.10000000 4.84375000E+001
8.20000000 5.20000000 4.68750000E+001
8.20000000 5.30000000 4.53125000E+001
8.20000000 5.40000000 4.37500000E+001
8.20000000 5.50000000 4.21875000E+001
8.20000000 5.60000000 4.06250000E+001
8.20000000 5.70000000 3.90625000E+001
8.20000000 5.80000000 3.75000000E+001
8.20000000 5.90000000 3.59375000E+001
8.20000000 6.00000000 3.43750000E+001
8.20000000 6.10000000 3.59375000E+001
8.20000000 6.20000000 3.75000000E+001
8.20000000 6.30000000 3.90625000E+001
8.20000000 6.40000000 4.06250000E+001
8.20000000 6.50000000 4.21875000E+001
8.20000000 6.60000000 4.37500000E+001
8.20000000 6.70000000 4.53125000E+001
8.20000000 6.80000000 4.68750000E+001
8.20000000 6.90000000 4.84375000E+001
8.20000000 7.00000000 5.00000000E+001
8.20000000 7.10000000 5.15625000E+001
8.20000000 7.20000000 5.31250000E+001
8.20000000 7.30000000 5.46875000E+001
8.20000000 7.40000000 5.62500000E+001
8.20000000 7.50000000 5.78125000E+001
8.20000000 7.60000000 5.93750000E+001
8.20000000 7.70000000 6.09375000E+001
8.20000000 7.80000000 6.25000000E+001
8.20000000 7.90000000 6.40625000E+001
8.20000000 8.00000000 6.56250000E+001
8.20000000 8.10000000 6.71875000E+001
8.20000000 8.20000000 6.87500000E+001
8.20000000 8.30000000 7.03125000E+001
8.20000000 8.40000000 7.18750000E+001
8.20000000 8.50000000 7.34375000E+001
8.20000000 8.60000000 9.68750000E+001
8.20000000 8.70000000 1.20312500E+002
8.20000000 8.80000000 1.43750000E+002
8.20000000 8.90000000 1.67187500E+002
8.20000000 9.00000000 1.90625000E+002
8.20000000 9.10000000 2.14062500E+002
8.20000000 9.20000000 2.37500000E+002
8.20000000 9.30000000 2.60937500E+002
8.20000000 9.40000000 2.84375000E+002
8.20000000 9.50000000 3.07812500E+002
8.20000000 9.60000000 3.31250000E+002
8.20000000 9.70000000 3.54687500E+002
8.20000000 9.80000000 3.78125000E+002
8.20000000 9.90000000 4.01562500E+002
8.20000000 10.00000000 4.25000000E+002
8.20000000 10.10000000 4.48437500E+002
8.20000000 10.20000000 4.71875000E+002
8.20000000 10.30000000 4.95312500E+002
8.20000000 10.40000000 5.18750000E+002
8.20000000 10.50000000 5.42187500E+002
8.20000000 10.60000000 5.65625000E+002
8.20000000 10.70000000 5.89062500E+002
8.20000000 10.80000000 6.12500000E+002
8.20000000 10.90000000 6.35937500E+002
8.20000000 11.00000000 6.59375000E+002
8.30000000 1.00000000 6.60937500E+002
8.30000000 1.10000000 6.37500000E+002
8.30000000 1.20000000 6.14062500E+002
8.30000000 1.30000000 5.90625000E+002
8.30000000 1.40000000 5.67187500E+002
8.30000000 1.50000000 5.43750000E+002
8.30000000 1.60000000 5.20312500E+002
8.30000000 1.70000000 4.96875000E+002
8.30000000 1.80000000 4.73437500E+002
8.30000000 1.90000000 4.50000000E+002
8.30000000 2.00000000 4.26562500E+002
8.30000000 2.10000000 4.03125000E+002
8.30000000 2.20000000 3.79687500E+002
8.30000000 2.30000000 3.56250000E+002
8.30000000 2.40000000 3.32812500E+002
8.30000000 2.50000000 3.09375000E+002
8.30000000 2.60000000 2.85937500E+002
8.30000000 2.70000000 2.62500000E+002
8.30000000 2.80000000 2.39062500E+002
8.30000000 2.90000000 2.15625000E+002
8.30000000 3.00000000 1.92187500E+002
8.30000000 3.10000000 1.68750000E+002
8.30000000 3.20000000 1.45312500E+002
8.30000000 3.30000000 1.21875000E+002
8.30000000 3.40000000 9.84375000E+001
8.30000000 3.50000000 7.50000000E+001
8.30000000 3.60000000 7.34375000E+001
8.30000000 3.70000000 7.18750000E+001
8.30000000 3.80000000 7.03125000E+001
8.30000000 3.90000000 6.87500000E+001
8.30000000 4.00000000 6.71875000E+001
8.30000000 4.10000000 6.56250000E+001
8.30000000 4.20000000 6.40625000E+001
8.30000000 4.30000000 6.25000000E+001
8.30000000 4.40000000 6.09375000E+001
8.30000000 4.50000000 5.93750000E+001
8.30000000 4.60000000 5.78125000E+001
8.30000000 4.70000000 5.62500000E+001
8.30000000 4.80000000 5.46875000E+001
8.30000000 4.90000000 5.31250000E+001
8.30000000 5.00000000 5.15625000E+001
8.30000000 5.10000000 5.00000000E+001
8.30000000 5.20000000 4.84375000E+001
8.30000000 5.30000000 4.68750000E+001
8.30000000 5.40000000 4.53125000E+001
8.30000000 5.50000000 4.37500000E+001
8.30000000 5.60000000 4.21875000E+001
8.30000000 5.70000000 4.06250000E+001
8.30000000 5.80000000 3.90625000E+001
8.30000000 5.90000000 3.75000000E+001
8.30000000 6.00000000 3.59375000E+001
8.30000000 6.10000000 3.75000000E+001
8.30000000 6.20000000 3.90625000E+001
8.30000000 6.30000000 4.06250000E+001
8.30000000 6.40000000 4.21875000E+001
8.30000000 6.50000000 4.37500000E+001
8.30000000 6.60000000 4.53125000E+001
8.30000000 6.70000000 4.68750000E+001
8.30000000 6.80000000 4.84375000E+001
8.30000000 6.90000000 5.00000000E+001
8.30000000 7.00000000 5.15625000E+001
8.30000000 7.10000000 5.31250000E+001
8.30000000 7.20000000 5.46875000E+001
8.30000000 7.30000000 5.62500000E+001
8.30000000 7.40000000 5.78125000E+001
8.30000000 7.50000000 5.93750000E+001
8.30000000 7.60000000 6.09375000E+001
8.30000000 7.70000000 6.25000000E+001
8.30000000 7.80000000 6.40625000E+001
8.30000000 7.90000000 6.56250000E+001
8.30000000 8.00000000 6.71875000E+001
8.30000000 8.10000000 6.87500000E+001
8.30000000 8.20000000 7.03125000E+001
8.30000000 8.30000000 7.18750000E+001
8.30000000 8.40000000 7.34375000E+001
8.30000000 8.50000000 7.50000000E+001
8.30000000 8.60000000 9.84375000E+001
8.30000000 8.70000000 1.21875000E+002
8.30000000 8.80000000 1.45312500E+002
8.30000000 8.90000000 1.68750000E+002
8.30000000 9.00000000 1.92187500E+002
8.30000000 9.10000000 2.15625000E+002
8.30000000 9.20000000 2.39062500E+002
8.30000000 9.30000000 2.62500000E+002
8.30000000 9.40000000 2.85937500E+002
8.30000000 9.50000000 3.09375000E+002
8.30000000 9.60000000 3.32812500E+002
8.30000000 9.70000000 3.56250000E+002
8.30000000 9.80000000 3.79687500E+002
8.30000000 9.90000000 4.03125000E+002
8.30000000 10.00000000 4.26562500E+002
8.30000000 10.10000000 4.50000000E+002
8.30000000 10.20000000 4.73437500E+002
8.30000000 10.30000000 4.96875000E+002
8.30000000 10.40000000 5.20312500E+002
8.30000000 10.50000000 5.43750000E+002
8.30000000 10.60000000 5.67187500E+002
8.30000000 10.70000000 5.90625000E+002
8.30000000 10.80000000 6.14062500E+002
8.30000000 10.90000000 6.37500000E+002
8.30000000 11.00000000 6.60937500E+002
8.40000000 1.00000000 6.62500000E+002
8.40000000 1.10000000 6.39062500E+002
8.40000000 1.20000000 6.15625000E+002
8.40000000 1.30000000 5.92187500E+002
8.40000000 1.40000000 5.68750000E+002
8.40000000 1.50000000 5.45312500E+002
8.40000000 1.60000000 5.21875000E+002
8.40000000 1.70000000 4.98437500E+002
8.40000000 1.80000000 4.75000000E+002
8.40000000 1.90000000 4.51562500E+002
8.40000000 2.00000000 4.28125000E+002
8.40000000 2.10000000 4.04687500E+002
8.40000000 2.20000000 3.81250000E+002
8.40000000 2.30000000 3.57812500E+002
8.40000000 2.40000000 3.34375000E+002
8.40000000 2.50000000 3.10937500E+002
8.40000000 2.60000000 2.87500000E+002
8.40000000 2.70000000 2.64062500E+002
8.40000000 2.80000000 2.40625000E+002
8.40000000 2.90000000 2.17187500E+002
8.40000000 3.00000000 1.93750000E+002
8.40000000 3.10000000 1.70312500E+002
8.40000000 3.20000000 1.46875000E+002
8.40000000 3.30000000 1.23437500E+002
8.40000000 3.40000000 1.00000000E+002
8.40000000 3.50000000 7.65625000E+001
8.40000000 3.60000000 7.50000000E+001
8.40000000 3.70000000 7.34375000E+001
8.40000000 3.80000000 7.18750000E+001
8.40000000 3.90000000 7.03125000E+001
8.40000000 4.00000000 6.87500000E+001
8.40000000 4.10000000 6.71875000E+001
8.40000000 4.20000000 6.56250000E+001
8.40000000 4.30000000 6.40625000E+001
8.40000000 4.40000000 6.25000000E+001
8.40000000 4.50000000 6.09375000E+001
8.40000000 4.60000000 5.93750000E+001
8.40000000 4.70000000 5.78125000E+001
8.40000000 4.80000000 5.62500000E+001
8.40000000 4.90000000 5.46875000E+001
8.40000000 5.00000000 5.31250000E+001
8.40000000 5.10000000 5.15625000E+001
8.40000000 5.20000000 5.00000000E+001
8.40000000 5.30000000 4.84375000E+001
8.40000000 5.40000000 4.68750000E+001
8.40000000 5.50000000 4.53125000E+001
8.40000000 5.60000000 4.37500000E+001
8.40000000 5.70000000 4.21875000E+001
8.40000000 5.80000000 4.06250000E+001
8.40000000 5.90000000 3.90625000E+001
8.40000000 6.00000000 3.75000000E+001
8.40000000 6.10000000 3.90625000E+001
8.40000000 6.20000000 4.06250000E+001
8.40000000 6.30000000 4.21875000E+001
8.40000000 6.40000000 4.37500000E+001
8.40000000 6.50000000 4.53125000E+001
8.40000000 6.60000000 4.68750000E+001
8.40000000 6.70000000 4.84375000E+001
8.40000000 6.80000000 5.00000000E+001
8.40000000 6.90000000 5.15625000E+001
8.40000000 7.00000000 5.31250000E+001
8.40000000 7.10000000 5.46875000E+001
8.40000000 7.20000000 5.62500000E+001
8.40000000 7.30000000 5.78125000E+001
8.40000000 7.40000000 5.93750000E+001
8.40000000 7.50000000 6.09375000E+001
8.40000000 7.60000000 6.25000000E+001
8.40000000 7.70000000 6.40625000E+001
8.40000000 7.80000000 6.56250000E+001
8.40000000 7.90000000 6.71875000E+001
8.40000000 8.00000000 6.87500000E+001
8.40000000 8.10000000 7.03125000E+001
8.40000000 8.20000000 7.18750000E+001
8.40000000 8.30000000 7.34375000E+001
8.40000000 8.40000000 7.50000000E+001
8.40000000 8.50000000 7.65625000E+001
8.40000000 8.60000000 1.00000000E+002
8.40000000 8.70000000 1.23437500E+002
8.40000000 8.80000000 1.46875000E+002
8.40000000 8.90000000 1.70312500E+002
8.40000000 9.00000000 1.93750000E+002
8.40000000 9.10000000 2.17187500E+002
8.40000000 9.20000000 2.40625000E+002
8.40000000 9.30000000 2.64062500E+002
8.40000000 9.40000000 2.87500000E+002
8.40000000 9.50000000 3.10937500E+002
8.40000000 9.60000000 3.34375000E+002
8.40000000 9.70000000 3.57812500E+002
8.40000000 9.80000000 3.81250000E+002
8.40000000 9.90000000 4.04687500E+002
8.40000000 10.00000000 4.28125000E+002
8.40000000 10.10000000 4.51562500E+002
8.40000000 10.20000000 4.75000000E+002
8.40000000 10.30000000 4.98437500E+002
8.40000000 10.40000000 5.21875000E+002
8.40000000 10.50000000 5.45312500E+002
8.40000000 10.60000000 5.68750000E+002
8.40000000 10.70000000 5.92187500E+002
8.40000000 10.80000000 6.15625000E+002
8.40000000 10.90000000 6.39062500E+002
8.40000000 11.00000000 6.62500000E+002
8.50000000 1.00000000 6.64062500E+002
8.50000000 1.10000000 6.40625000E+002
8.50000000 1.20000000 6.17187500E+002
8.50000000 1.30000000 5.93750000E+002
8.50000000 1.40000000 5.70312500E+002
8.50000000 1.50000000 5.46875000E+002
8.50000000 1.60000000 5.23437500E+002
8.50000000 1.70000000 5.00000000E+002
8.50000000 1.80000000 4.76562500E+002
8.50000000 1.90000000 4.53125000E+002
8.50000000 2.00000000 4.29687500E+002
8.50000000 2.10000000 4.06250000E+002
8.50000000 2.20000000 3.82812500E+002
8.50000000 2.30000000 3.59375000E+002
8.50000000 2.40000000 3.35937500E+002
8.50000000 2.50000000 3.12500000E+002
8.50000000 2.60000000 2.89062500E+002
8.50000000 2.70000000 2.65625000E+002
8.50000000 2.80000000 2.42187500E+002
8.50000000 2.90000000 2.18750000E+002
8.50000000 3.00000000 1.95312500E+002
8.50000000 3.10000000 1.71875000E+002
8.50000000 3.20000000 1.48437500E+002
8.50000000 3.30000000 1.25000000E+002
8.50000000 3.40000000 1.01562500E+002
8.50000000 3.50000000 7.81250000E+001
8.50000000 3.60000000 7.65625000E+001
8.50000000 3.70000000 7.50000000E+001
8.50000000 3.80000000 7.34375000E+001
8.50000000 3.90000000 7.18750000E+001
8.50000000 4.00000000 7.03125000E+001
8.50000000 4.10000000 6.87500000E+001
8.50000000 4.20000000 6.71875000E+001
8.50000000 4.30000000 6.56250000E+001
8.50000000 4.40000000 6.40625000E+001
8.50000000 4.50000000 6.25000000E+001
8.50000000 4.60000000 6.09375000E+001
8.50000000 4.70000000 5.93750000E+001
8.50000000 4.80000000 5.78125000E+001
8.50000000 4.90000000 5.62500000E+001
8.50000000 5.00000000 5.46875000E+001
8.50000000 5.10000000 5.31250000E+001
8.50000000 5.20000000 5.15625000E+001
8.50000000 5.30000000 5.00000000E+001
8.50000000 5.40000000 4.84375000E+001
8.50000000 5.50000000 4.68750000E+001
8.50000000 5.60000000 4.53125000E+001
8.50000000 5.70000000 4.37500000E+001
8.50000000 5.80000000 4.21875000E+001
8.50000000 5.90000000 4.06250000E+001
8.50000000 6.00000000 3.90625000E+001
8.50000000 6.10000000 4.06250000E+001
8.50000000 6.20000000 4.21875000E+001
8.50000000 6.30000000 4.37500000E+001
8.50000000 6.40000000 4.53125000E+001
8.50000000 6.50000000 4.68750000E+001
8.50000000 6.60000000 4.84375000E+001
8.50000000 6.70000000 5.00000000E+001
8.50000000 6.80000000 5.15625000E+001
8.50000000 6.90000000 5.31250000E+001
8.50000000 7.00000000 5.46875000E+001
8.50000000 7.10000000 5.62500000E+001
8.50000000 7.20000000 5.78125000E+001
8.50000000 7.30000000 5.93750000E+001
8.50000000 7.40000000 6.09375000E+001
8.50000000 7.50000000 6.25000000E+001
8.50000000 7.60000000 6.40625000E+001
8.50000000 7.70000000 6.56250000E+001
8.50000000 7.80000000 6.71875000E+001
8.50000000 7.90000000 6.87500000E+001
8.50000000 8.00000000 7.03125000E+001
8.50000000 8.10000000 7.18750000E+001
8.50000000 8.20000000 7.34375000E+001
8.50000000 8.30000000 7.50000000E+001
8.50000000 8.40000000 7.65625000E+001
8.50000000 8.50000000 7.81250000E+001
8.50000000 8.60000000 1.01562500E+002
8.50000000 8.70000000 1.25000000E+002
8.50000000 8.80000000 1.48437500E+002
8.50000000 8.90000000 1.71875000E+002
8.50000000 9.00000000 1.95312500E+002
8.50000000 9.10000000 2.18750000E+002
8.50000000 9.20000000 2.42187500E+002
8.50000000 9.30000000 2.65625000E+002
8.50000000 9.40000000 2.89062500E+002
8.50000000 9.50000000 3.12500000E+002
8.50000000 9.60000000 3.35937500E+002
8.50000000 9.70000000 3.59375000E+002
8.50000000 9.80000000 3.82812500E+002
8.50000000 9.90000000 4.06250000E+002
8.50000000 10.00000000 4.29687500E+002
8.50000000 10.10000000 4.53125000E+002
8.50000000 10.20000000 4.76562500E+002
8.50000000 10.30000000 5.00000000E+002
8.50000000 10.40000000 5.23437500E+002
8.50000000 10.50000000 5.46875000E+002
8.50000000 10.60000000 5.70312500E+002
8.50000000 10.70000000 5.93750000E+002
8.50000000 10.80000000 6.17187500E+002
8.50000000 10.90000000 6.40625000E+002
8.50000000 11.00000000 6.64062500E+002
8.60000000 1.00000000 6.87500000E+002
8.60000000 1.10000000 6.64062500E+002
8.60000000 1.20000000 6.40625000E+002
8.60000000 1.30000000 6.17187500E+002
8.60000000 1.40000000 5.93750000E+002
8.60000000 1.50000000 5.70312500E+002
8.60000000 1.60000000 5.46875000E+002
8.60000000 1.70000000 5.23437500E+002
8.60000000 1.80000000 5.00000000E+002
8.60000000 1.90000000 4.76562500E+002
8.60000000 2.00000000 4.53125000E+002
8.60000000 2.10000000 4.29687500E+002
8.60000000 2.20000000 4.06250000E+002
8.60000000 2.30000000 3.82812500E+002
8.60000000 2.40000000 3.59375000E+002
8.60000000 2.50000000 3.35937500E+002
8.60000000 2.60000000 3.12500000E+002
8.60000000 2.70000000 2.89062500E+002
8.60000000 2.80000000 2.65625000E+002
8.60000000 2.90000000 2.42187500E+002
8.60000000 3.00000000 2.18750000E+002
8.60000000 3.10000000 1.95312500E+002
8.60000000 3.20000000 1.71875000E+002
8.60000000 3.30000000 1.48437500E+002
8.60000000 3.40000000 1.25000000E+002
8.60000000 3.50000000 1.01562500E+002
8.60000000 3.60000000 1.00000000E+002
8.60000000 3.70000000 9.84375000E+001
8.60000000 3.80000000 9.68750000E+001
8.60000000 3.90000000 9.53125000E+001
8.60000000 4.00000000 9.37500000E+001
8.60000000 4.10000000 9.21875000E+001
8.60000000 4.20000000 9.06250000E+001
8.60000000 4.30000000 8.90625000E+001
8.60000000 4.40000000 8.75000000E+001
8.60000000 4.50000000 8.59375000E+001
8.60000000 4.60000000 8.43750000E+001
8.60000000 4.70000000 8.28125000E+001
8.60000000 4.80000000 8.12500000E+001
8.60000000 4.90000000 7.96875000E+001
8.60000000 5.00000000 7.81250000E+001
8.60000000 5.10000000 7.65625000E+001
8.60000000 5.20000000 7.50000000E+001
8.60000000 5.30000000 7.34375000E+001
8.60000000 5.40000000 7.18750000E+001
8.60000000 5.50000000 7.03125000E+001
8.60000000 5.60000000 6.87500000E+001
8.60000000 5.70000000 6.71875000E+001
8.60000000 5.80000000 6.56250000E+001
8.60000000 5.90000000 6.40625000E+001
8.60000000 6.00000000 6.25000000E+001
8.60000000 6.10000000 6.40625000E+001
8.60000000 6.20000000 6.56250000E+001
8.60000000 6.30000000 6.71875000E+001
8.60000000 6.40000000 6.87500000E+001
8.60000000 6.50000000 7.03125000E+001
8.60000000 6.60000000 7.18750000E+001
8.60000000 6.70000000 7.34375000E+001
8.60000000 6.80000000 7.50000000E+001
8.60000000 6.90000000 7.65625000E+001
8.60000000 7.00000000 7.81250000E+001
8.60000000 7.10000000 7.96875000E+001
8.60000000 7.20000000 8.12500000E+001
8.60000000 7.30000000 8.28125000E+001
8.60000000 7.40000000 8.43750000E+001
8.60000000 7.50000000 8.59375000E+001
8.60000000 7.60000000 8.75000000E+001
8.60000000 7.70000000 8.90625000E+001
8.60000000 7.80000000 9.06250000E+001
8.60000000 7.90000000 9.21875000E+001
8.60000000 8.00000000 9.37500000E+001
8.60000000 8.10000000 9.53125000E+001
8.60000000 8.20000000 9.68750000E+001
8.60000000 8.30000000 9.84375000E+001
8.60000000 8.40000000 1.00000000E+002
8.60000000 8.50000000 1.01562500E+002
8.60000000 8.60000000 1.25000000E+002
8.60000000 8.70000000 1.48437500E+002
8.60000000 8.80000000 1.71875000E+002
8.60000000 8.90000000 1.95312500E+002
8.60000000 9.00000000 2.18750000E+002
8.60000000 9.10000000 2.42187500E+002
8.60000000 9.20000000 2.65625000E+002
8.60000000 9.30000000 2.89062500E+002
8.60000000 9.40000000 3.12500000E+002
8.60000000 9.50000000 3.35937500E+002
8.60000000 9.60000000 3.59375000E+002
8.60000000 9.70000000 3.82812500E+002
8.60000000 9.80000000 4.06250000E+002
8.60000000 9.90000000 4.29687500E+002
8.60000000 10.00000000 4.53125000E+002
8.60000000 10.10000000 4.76562500E+002
8.60000000 10.20000000 5.00000000E+002
8.60000000 10.30000000 5.23437500E+002
8.60000000 10.40000000 5.46875000E+002
8.60000000 10.50000000 5.70312500E+002
8.60000000 10.60000000 5.93750000E+002
8.60000000 10.70000000 6.17187500E+002
8.60000000 10.80000000 6.40625000E+002
8.60000000 10.90000000 6.64062500E+002
8.60000000 11.00000000 6.87500000E+002
8.70000000 1.00000000 7.10937500E+002
8.70000000 1.10000000 6.87500000E+002
8.70000000 1.20000000 6.64062500E+002
8.70000000 1.30000000 6.40625000E+002
8.70000000 1.40000000 6.17187500E+002
8.70000000 1.50000000 5.93750000E+002
8.70000000 1.60000000 5.70312500E+002
8.70000000 1.70000000 5.46875000E+002
8.70000000 1.80000000 5.23437500E+002
8.70000000 1.90000000 5.00000000E+002
8.70000000 2.00000000 4.76562500E+002
8.70000000 2.10000000 4.53125000E+002
8.70000000 2.20000000 4.29687500E+002
8.70000000 2.30000000 4.06250000E+002
8.70000000 2.40000000 3.82812500E+002
8.70000000 2.50000000 3.59375000E+002
8.70000000 2.60000000 3.35937500E+002
8.70000000 2.70000000 3.12500000E+002
8.70000000 2.80000000 2.89062500E+002
8.70000000 2.90000000 2.65625000E+002
8.70000000 3.00000000 2.42187500E+002
8.70000000 3.10000000 2.18750000E+002
8.70000000 3.20000000 1.95312500E+002
8.70000000 3.30000000 1.71875000E+002
8.70000000 3.40000000 1.48437500E+002
8.70000000 3.50000000 1.25000000E+002
8.70000000 3.60000000 1.23437500E+002
8.70000000 3.70000000 1.21875000E+002
8.70000000 3.80000000 1.20312500E+002
8.70000000 3.90000000 1.18750000E+002
8.70000000 4.00000000 1.17187500E+002
8.70000000 4.10000000 1.15625000E+002
8.70000000 4.20000000 1.14062500E+002
8.70000000 4.30000000 1.12500000E+002
8.70000000 4.40000000 1.10937500E+002
8.70000000 4.50000000 1.09375000E+002
8.70000000 4.60000000 1.07812500E+002
8.70000000 4.70000000 1.06250000E+002
8.70000000 4.80000000 1.04687500E+002
8.70000000 4.90000000 1.03125000E+002
8.70000000 5.00000000 1.01562500E+002
8.70000000 5.10000000 1.00000000E+002
8.70000000 5.20000000 9.84375000E+001
8.70000000 5.30000000 9.68750000E+001
8.70000000 5.40000000 9.53125000E+001
8.70000000 5.50000000 9.37500000E+001
8.70000000 5.60000000 9.21875000E+001
8.70000000 5.70000000 9.06250000E+001
8.70000000 5.80000000 8.90625000E+001
8.70000000 5.90000000 8.75000000E+001
8.70000000 6.00000000 8.59375000E+001
8.70000000 6.10000000 8.75000000E+001
8.70000000 6.20000000 8.90625000E+001
8.70000000 6.30000000 9.06250000E+001
8.70000000 6.40000000 9.21875000E+001
8.70000000 6.50000000 9.37500000E+001
8.70000000 6.60000000 9.53125000E+001
8.70000000 6.70000000 9.68750000E+001
8.70000000 6.80000000 9.84375000E+001
8.70000000 6.90000000 1.00000000E+002
8.70000000 7.00000000 1.01562500E+002
8.70000000 7.10000000 1.03125000E+002
8.70000000 7.20000000 1.04687500E+002
8.70000000 7.30000000 1.06250000E+002
8.70000000 7.40000000 1.07812500E+002
8.70000000 7.50000000 1.09375000E+002
8.70000000 7.60000000 1.10937500E+002
8.70000000 7.70000000 1.12500000E+002
8.70000000 7.80000000 1.14062500E+002
8.70000000 7.90000000 1.15625000E+002
8.70000000 8.00000000 1.17187500E+002
8.70000000 8.10000000 1.18750000E+002
8.70000000 8.20000000 1.20312500E+002
8.70000000 8.30000000 1.21875000E+002
8.70000000 8.40000000 1.23437500E+002
8.70000000 8.50000000 1.25000000E+002
8.70000000 8.60000000 1.48437500E+002
8.70000000 8.70000000 1.71875000E+002
8.70000000 8.80000000 1.95312500E+002
8.70000000 8.90000000 2.18750000E+002
8.70000000 9.00000000 2.42187500E+002
8.70000000 9.10000000 2.65625000E+002
8.70000000 9.20000000 2.89062500E+002
8.70000000 9.30000000 3.12500000E+002
8.70000000 9.40000000 3.35937500E+002
8.70000000 9.50000000 3.59375000E+002
8.70000000 9.60000000 3.82812500E+002
8.70000000 9.70000000 4.06250000E+002
8.70000000 9.80000000 4.29687500E+002
8.70000000 9.90000000 4.53125000E+002
8.70000000 10.00000000 4.76562500E+002
8.70000000 10.10000000 5.00000000E+002
8.70000000 10.20000000 5.23437500E+002
8.70000000 10.30000000 5.46875000E+002
8.70000000 10.40000000 5.70312500E+002
8.70000000 10.50000000 5.93750000E+002
8.70000000 10.60000000 6.17187500E+002
8.70000000 10.70000000 6.40625000E+002
8.70000000 10.80000000 6.64062500E+002
8.70000000 10.90000000 6.87500000E+002
8.70000000 11.00000000 7.10937500E+002
8.80000000 1.00000000 7.34375000E+002
8.80000000 1.10000000 7.10937500E+002
8.80000000 1.20000000 6.87500000E+002
8.80000000 1.30000000 6.64062500E+002
8.80000000 1.40000000 6.40625000E+002
8.80000000 1.50000000 6.17187500E+002
8.80000000 1.60000000 5.93750000E+002
8.80000000 1.70000000 5.70312500E+002
8.80000000 1.80000000 5.46875000E+002
8.80000000 1.90000000 5.23437500E+002
8.80000000 2.00000000 5.00000000E+002
8.80000000 2.10000000 4.76562500E+002
8.80000000 2.20000000 4.53125000E+002
8.80000000 2.30000000 4.29687500E+002
8.80000000 2.40000000 4.06250000E+002
8.80000000 2.50000000 3.82812500E+002
8.80000000 2.60000000 3.59375000E+002
8.80000000 2.70000000 3.35937500E+002
8.80000000 2.80000000 3.12500000E+002
8.80000000 2.90000000 2.89062500E+002
8.80000000 3.00000000 2.65625000E+002
8.80000000 3.10000000 2.42187500E+002
8.80000000 3.20000000 2.18750000E+002
8.80000000 3.30000000 1.95312500E+002
8.80000000 3.40000000 1.71875000E+002
8.80000000 3.50000000 1.48437500E+002
8.80000000 3.60000000 1.46875000E+002
8.80000000 3.70000000 1.45312500E+002
8.80000000 3.80000000 1.43750000E+002
8.80000000 3.90000000 1.42187500E+002
8.80000000 4.00000000 1.40625000E+002
8.80000000 4.10000000 1.39062500E+002
8.80000000 4.20000000 1.37500000E+002
8.80000000 4.30000000 1.35937500E+002
8.80000000 4.40000000 1.34375000E+002
8.80000000 4.50000000 1.32812500E+002
8.80000000 4.60000000 1.31250000E+002
8.80000000 4.70000000 1.29687500E+002
8.80000000 4.80000000 1.28125000E+002
8.80000000 4.90000000 1.26562500E+002
8.80000000 5.00000000 1.25000000E+002
8.80000000 5.10000000 1.23437500E+002
8.80000000 5.20000000 1.21875000E+002
8.80000000 5.30000000 1.20312500E+002
8.80000000 5.40000000 1.18750000E+002
8.80000000 5.50000000 1.17187500E+002
8.80000000 5.60000000 1.15625000E+002
8.80000000 5.70000000 1.14062500E+002
8.80000000 5.80000000 1.12500000E+002
8.80000000 5.90000000 1.10937500E+002
8.80000000 6.00000000 1.09375000E+002
8.80000000 6.10000000 1.10937500E+002
8.80000000 6.20000000 1.12500000E+002
8.80000000 6.30000000 1.14062500E+002
8.80000000 6.40000000 1.15625000E+002
8.80000000 6.50000000 1.17187500E+002
8.80000000 6.60000000 1.18750000E+002
8.80000000 6.70000000 1.20312500E+002
8.80000000 6.80000000 1.21875000E+002
8.80000000 6.90000000 1.23437500E+002
8.80000000 7.00000000 1.25000000E+002
8.80000000 7.10000000 1.26562500E+002
8.80000000 7.20000000 1.28125000E+002
8.80000000 7.30000000 1.29687500E+002
8.80000000 7.40000000 1.31250000E+002
8.80000000 7.50000000 1.32812500E+002
8.80000000 7.60000000 1.34375000E+002
8.80000000 7.70000000 1.35937500E+002
8.80000000 7.80000000 1.37500000E+002
8.80000000 7.90000000 1.39062500E+002
8.80000000 8.00000000 1.40625000E+002
8.80000000 8.10000000 1.42187500E+002
8.80000000 8.20000000 1.43750000E+002
8.80000000 8.30000000 1.45312500E+002
8.80000000 8.40000000 1.46875000E+002
8.80000000 8.50000000 1.48437500E+002
8.80000000 8.60000000 1.71875000E+002
8.80000000 8.70000000 1.95312500E+002
8.80000000 8.80000000 2.18750000E+002
8.80000000 8.90000000 2.42187500E+002
8.80000000 9.00000000 2.65625000E+002
8.80000000 9.10000000 2.89062500E+002
8.80000000 9.20000000 3.12500000E+002
8.80000000 9.30000000 3.35937500E+002
8.80000000 9.40000000 3.59375000E+002
8.80000000 9.50000000 3.82812500E+002
8.80000000 9.60000000 4.06250000E+002
8.80000000 9.70000000 4.29687500E+002
8.80000000 9.80000000 4.53125000E+002
8.80000000 9.90000000 4.76562500E+002
8.80000000 10.00000000 5.00000000E+002
8.80000000 10.10000000 5.23437500E+002
8.80000000 10.20000000 5.46875000E+002
8.80000000 10.30000000 5.70312500E+002
8.80000000 10.40000000 5.93750000E+002
8.80000000 10.50000000 6.17187500E+002
8.80000000 10.60000000 6.40625000E+002
8.80000000 10.70000000 6.64062500E+002
8.80000000 10.80000000 6.87500000E+002
8.80000000 10.90000000 7.10937500E+002
8.80000000 11.00000000 7.34375000E+002
8.90000000 1.00000000 7.57812500E+002
8.90000000 1.10000000 7.34375000E+002
8.90000000 1.20000000 7.10937500E+002
8.90000000 1.30000000 6.87500000E+002
8.90000000 1.40000000 6.64062500E+002
8.90000000 1.50000000 6.40625000E+002
8.90000000 1.60000000 6.17187500E+002
8.90000000 1.70000000 5.93750000E+002
8.90000000 1.80000000 5.70312500E+002
8.90000000 1.90000000 5.46875000E+002
8.90000000 2.00000000 5.23437500E+002
8.90000000 2.10000000 5.00000000E+002
8.90000000 2.20000000 4.76562500E+002
8.90000000 2.30000000 4.53125000E+002
8.90000000 2.40000000 4.29687500E+002
8.90000000 2.50000000 4.06250000E+002
8.90000000 2.60000000 3.82812500E+002
8.90000000 2.70000000 3.59375000E+002
8.90000000 2.80000000 3.35937500E+002
8.90000000 2.90000000 3.12500000E+002
8.90000000 3.00000000 2.89062500E+002
8.90000000 3.10000000 2.65625000E+002
8.90000000 3.20000000 2.42187500E+002
8.90000000 3.30000000 2.18750000E+002
8.90000000 3.40000000 1.95312500E+002
8.90000000 3.50000000 1.71875000E+002
8.90000000 3.60000000 1.70312500E+002
8.90000000 3.70000000 1.68750000E+002
8.90000000 3.80000000 1.67187500E+002
8.90000000 3.90000000 1.65625000E+002
8.90000000 4.00000000 1.64062500E+002
8.90000000 4.10000000 1.62500000E+002
8.90000000 4.20000000 1.60937500E+002
8.90000000 4.30000000 1.59375000E+002
8.90000000 4.40000000 1.57812500E+002
8.90000000 4.50000000 1.56250000E+002
8.90000000 4.60000000 1.54687500E+002
8.90000000 4.70000000 1.53125000E+002
8.90000000 4.80000000 1.51562500E+002
8.90000000 4.90000000 1.50000000E+002
8.90000000 5.00000000 1.48437500E+002
8.90000000 5.10000000 1.46875000E+002
8.90000000 5.20000000 1.45312500E+002
8.90000000 5.30000000 1.43750000E+002
8.90000000 5.40000000 1.42187500E+002
8.90000000 5.50000000 1.40625000E+002
8.90000000 5.60000000 1.39062500E+002
8.90000000 5.70000000 1.37500000E+002
8.90000000 5.80000000 1.35937500E+002
8.90000000 5.90000000 1.34375000E+002
8.90000000 6.00000000 1.32812500E+002
8.90000000 6.10000000 1.34375000E+002
8.90000000 6.20000000 1.35937500E+002
8.90000000 6.30000000 1.37500000E+002
8.90000000 6.40000000 1.39062500E+002
8.90000000 6.50000000 1.40625000E+002
8.90000000 6.60000000 1.42187500E+002
8.90000000 6.70000000 1.43750000E+002
8.90000000 6.80000000 1.45312500E+002
8.90000000 6.90000000 1.46875000E+002
8.90000000 7.00000000 1.48437500E+002
8.90000000 7.10000000 1.50000000E+002
8.90000000 7.20000000 1.51562500E+002
8.90000000 7.30000000 1.53125000E+002
8.90000000 7.40000000 1.54687500E+002
8.90000000 7.50000000 1.56250000E+002
8.90000000 7.60000000 1.57812500E+002
8.90000000 7.70000000 1.59375000E+002
8.90000000 7.80000000 1.60937500E+002
8.90000000 7.90000000 1.62500000E+002
8.90000000 8.00000000 1.64062500E+002
8.90000000 8.10000000 1.65625000E+002
8.90000000 8.20000000 1.67187500E+002
8.90000000 8.30000000 1.68750000E+002
8.90000000 8.40000000 1.70312500E+002
8.90000000 8.50000000 1.71875000E+002
8.90000000 8.60000000 1.95312500E+002
8.90000000 8.70000000 2.18750000E+002
8.90000000 8.80000000 2.42187500E+002
8.90000000 8.90000000 2.65625000E+002
8.90000000 9.00000000 2.89062500E+002
8.90000000 9.10000000 3.12500000E+002
8.90000000 9.20000000 3.35937500E+002
8.90000000 9.30000000 3.59375000E+002
8.90000000 9.40000000 3.82812500E+002
8.90000000 9.50000000 4.06250000E+002
8.90000000 9.60000000 4.29687500E+002
8.90000000 9.70000000 4.53125000E+002
8.90000000 9.80000000 4.76562500E+002
8.90000000 9.90000000 5.00000000E+002
8.90000000 10.00000000 5.23437500E+002
8.90000000 10.10000000 5.46875000E+002
8.90000000 10.20000000 5.70312500E+002
8.90000000 10.30000000 5.93750000E+002
8.90000000 10.40000000 6.17187500E+002
8.90000000 10.50000000 6.40625000E+002
8.90000000 10.60000000 6.64062500E+002
8.90000000 10.70000000 6.87500000E+002
8.90000000 10.80000000 7.10937500E+002
8.90000000 10.90000000 7.34375000E+002
8.90000000 11.00000000 7.57812500E+002
9.00000000 1.00000000 7.81250000E+002
9.00000000 1.10000000 7.57812500E+002
9.00000000 1.20000000 7.34375000E+002
9.00000000 1.30000000 7.10937500E+002
9.00000000 1.40000000 6.87500000E+002
9.00000000 1.50000000 6.64062500E+002
9.00000000 1.60000000 6.40625000E+002
9.00000000 1.70000000 6.17187500E+002
9.00000000 1.80000000 5.93750000E+002
9.00000000 1.90000000 5.70312500E+002
9.00000000 2.00000000 5.46875000E+002
9.00000000 2.10000000 5.23437500E+002
9.00000000 2.20000000 5.00000000E+002
9.00000000 2.30000000 4.76562500E+002
9.00000000 2.40000000 4.53125000E+002
9.00000000 2.50000000 4.29687500E+002
9.00000000 2.60000000 4.06250000E+002
9.00000000 2.70000000 3.82812500E+002
9.00000000 2.80000000 3.59375000E+002
9.00000000 2.90000000 3.35937500E+002
9.00000000 3.00000000 3.12500000E+002
9.00000000 3.10000000 2.89062500E+002
9.00000000 3.20000000 2.65625000E+002
9.00000000 3.30000000 2.42187500E+002
9.00000000 3.40000000 2.18750000E+002
9.00000000 3.50000000 1.95312500E+002
9.00000000 3.60000000 1.93750000E+002
9.00000000 3.70000000 1.92187500E+002
9.00000000 3.80000000 1.90625000E+002
9.00000000 3.90000000 1.89062500E+002
9.00000000 4.00000000 1.87500000E+002
9.00000000 4.10000000 1.85937500E+002
9.00000000 4.20000000 1.84375000E+002
9.00000000 4.30000000 1.82812500E+002
9.00000000 4.40000000 1.81250000E+002
9.00000000 4.50000000 1.79687500E+002
9.00000000 4.60000000 1.78125000E+002
9.00000000 4.70000000 1.76562500E+002
9.00000000 4.80000000 1.75000000E+002
9.00000000 4.90000000 1.73437500E+002
9.00000000 5.00000000 1.71875000E+002
9.00000000 5.10000000 1.70312500E+002
9.00000000 5.20000000 1.68750000E+002
9.00000000 5.30000000 1.67187500E+002
9.00000000 5.40000000 1.65625000E+002
9.00000000 5.50000000 1.64062500E+002
9.00000000 5.60000000 1.62500000E+002
9.00000000 5.70000000 1.60937500E+002
9.00000000 5.80000000 1.59375000E+002
9.00000000 5.90000000 1.57812500E+002
9.00000000 6.00000000 1.56250000E+002
9.00000000 6.10000000 1.57812500E+002
9.00000000 6.20000000 1.59375000E+002
9.00000000 6.30000000 1.60937500E+002
9.00000000 6.40000000 1.62500000E+002
9.00000000 6.50000000 1.64062500E+002
9.00000000 6.60000000 1.65625000E+002
9.00000000 6.70000000 1.67187500E+002
9.00000000 6.80000000 1.68750000E+002
9.00000000 6.90000000 1.70312500E+002
9.00000000 7.00000000 1.71875000E+002
9.00000000 7.10000000 1.73437500E+002
9.00000000 7.20000000 1.75000000E+002
9.00000000 7.30000000 1.76562500E+002
9.00000000 7.40000000 1.78125000E+002
9.00000000 7.50000000 1.79687500E+002
9.00000000 7.60000000 1.81250000E+002
9.00000000 7.70000000 1.82812500E+002
9.00000000 7.80000000 1.84375000E+002
9.00000000 7.90000000 1.85937500E+002
9.00000000 8.00000000 1.87500000E+002
9.00000000 8.10000000 1.89062500E+002
9.00000000 8.20000000 1.90625000E+002
9.00000000 8.30000000 1.92187500E+002
9.00000000 8.40000000 1.93750000E+002
9.00000000 8.50000000 1.95312500E+002
9.00000000 8.60000000 2.18750000E+002
9.00000000 8.70000000 2.42187500E+002
9.00000000 8.80000000 2.65625000E+002
9.00000000 8.90000000 2.89062500E+002
9.00000000 9.00000000 3.12500000E+002
9.00000000 9.10000000 3.35937500E+002
9.00000000 9.20000000 3.59375000E+002
9.00000000 9.30000000 3.82812500E+002
9.00000000 9.40000000 4.06250000E+002
9.00000000 9.50000000 4.29687500E+002
9.00000000 9.60000000 4.53125000E+002
9.00000000 9.70000000 4.76562500E+002
9.00000000 9.80000000 5.00000000E+002
9.00000000 9.90000000 5.23437500E+002
9.00000000 10.00000000 5.46875000E+002
9.00000000 10.10000000 5.70312500E+002
9.00000000 10.20000000 5.93750000E+002
9.00000000 10.30000000 6.17187500E+002
9.00000000 10.40000000 6.40625000E+002
9.00000000 10.50000000 6.64062500E+002
9.00000000 10.60000000 6.87500000E+002
9.00000000 10.70000000 7.10937500E+002
9.00000000 10.80000000 7.34375000E+002
9.00000000 10.90000000 7.57812500E+002
9.00000000 11.00000000 7.81250000E+002
9.10000000 1.00000000 8.04687500E+002
9.10000000 1.10000000 7.81250000E+002
9.10000000 1.20000000 7.57812500E+002
9.10000000 1.30000000 7.34375000E+002
9.10000000 1.40000000 7.10937500E+002
9.10000000 1.50000000 6.87500000E+002
9.10000000 1.60000000 6.64062500E+002
9.10000000 1.70000000 6.40625000E+002
9.10000000 1.80000000 6.17187500E+002
9.10000000 1.90000000 5.93750000E+002
9.10000000 2.00000000 5.70312500E+002
9.10000000 2.10000000 5.46875000E+002
9.10000000 2.20000000 5.23437500E+002
9.10000000 2.30000000 5.00000000E+002
9.10000000 2.40000000 4.76562500E+002
9.10000000 2.50000000 4.53125000E+002
9.10000000 2.60000000 4.29687500E+002
9.10000000 2.70000000 4.06250000E+002
9.10000000 2.80000000 3.82812500E+002
9.10000000 2.90000000 3.59375000E+002
9.10000000 3.00000000 3.35937500E+002
9.10000000 3.10000000 3.12500000E+002
9.10000000 3.20000000 2.89062500E+002
9.10000000 3.30000000 2.65625000E+002
9.10000000 3.40000000 2.42187500E+002
9.10000000 3.50000000 2.18750000E+002
9.10000000 3.60000000 2.17187500E+002
9.10000000 3.70000000 2.15625000E+002
9.10000000 3.80000000 2.14062500E+002
9.10000000 3.90000000 2.12500000E+002
9.10000000 4.00000000 2.10937500E+002
9.10000000 4.10000000 2.09375000E+002
9.10000000 4.20000000 2.07812500E+002
9.10000000 4.30000000 2.06250000E+002
9.10000000 4.40000000 2.04687500E+002
9.10000000 4.50000000 2.03125000E+002
9.10000000 4.60000000 2.01562500E+002
9.10000000 4.70000000 2.00000000E+002
9.10000000 4.80000000 1.98437500E+002
9.10000000 4.90000000 1.96875000E+002
9.10000000 5.00000000 1.95312500E+002
9.10000000 5.10000000 1.93750000E+002
9.10000000 5.20000000 1.92187500E+002
9.10000000 5.30000000 1.90625000E+002
9.10000000 5.40000000 1.89062500E+002
9.10000000 5.50000000 1.87500000E+002
9.10000000 5.60000000 1.85937500E+002
9.10000000 5.70000000 1.84375000E+002
9.10000000 5.80000000 1.82812500E+002
9.10000000 5.90000000 1.81250000E+002
9.10000000 6.00000000 1.79687500E+002
9.10000000 6.10000000 1.81250000E+002
9.10000000 6.20000000 1.82812500E+002
9.10000000 6.30000000 1.84375000E+002
9.10000000 6.40000000 1.85937500E+002
9.10000000 6.50000000 1.87500000E+002
9.10000000 6.60000000 1.89062500E+002
9.10000000 6.70000000 1.90625000E+002
9.10000000 6.80000000 1.92187500E+002
9.10000000 6.90000000 1.93750000E+002
9.10000000 7.00000000 1.95312500E+002
9.10000000 7.10000000 1.96875000E+002
9.10000000 7.20000000 1.98437500E+002
9.10000000 7.30000000 2.00000000E+002
9.10000000 7.40000000 2.01562500E+002
9.10000000 7.50000000 2.03125000E+002
9.10000000 7.60000000 2.04687500E+002
9.10000000 7.70000000 2.06250000E+002
9.10000000 7.80000000 2.07812500E+002
9.10000000 7.90000000 2.09375000E+002
9.10000000 8.00000000 2.10937500E+002
9.10000000 8.10000000 2.12500000E+002
9.10000000 8.20000000 2.14062500E+002
9.10000000 8.30000000 2.15625000E+002
9.10000000 8.40000000 2.17187500E+002
9.10000000 8.50000000 2.18750000E+002
9.10000000 8.60000000 2.42187500E+002
9.10000000 8.70000000 2.65625000E+002
9.10000000 8.80000000 2.89062500E+002
9.10000000 8.90000000 3.12500000E+002
9.10000000 9.00000000 3.35937500E+002
9.10000000 9.10000000 3.59375000E+002
9.10000000 9.20000000 3.82812500E+002
9.10000000 9.30000000 4.06250000E+002
9.10000000 9.40000000 4.29687500E+002
9.10000000 9.50000000 4.53125000E+002
9.10000000 9.60000000 4.76562500E+002
9.10000000 9.70000000 5.00000000E+002
9.10000000 9.80000000 5.23437500E+002
9.10000000 9.90000000 5.46875000E+002
9.10000000 10.00000000 5.70312500E+002
9.10000000 10.10000000 5.93750000E+002
9.10000000 10.20000000 6.17187500E+002
9.10000000 10.30000000 6.40625000E+002
9.10000000 10.40000000 6.64062500E+002
9.10000000 10.50000000 6.87500000E+002
9.10000000 10.60000000 7.10937500E+002
9.10000000 10.70000000 7.34375000E+002
9.10000000 10.80000000 7.57812500E+002
9.10000000 10.90000000 7.81250000E+002
9.10000000 11.00000000 8.04687500E+002
9.20000000 1.00000000 8.28125000E+002
9.20000000 1.10000000 8.04687500E+002
9.20000000 1.20000000 7.81250000E+002
9.20000000 1.30000000 7.57812500E+002
9.20000000 1.40000000 7.34375000E+002
9.20000000 1.50000000 7.10937500E+002
9.20000000 1.60000000 6.87500000E+002
9.20000000 1.70000000 6.64062500E+002
9.20000000 1.80000000 6.40625000E+002
9.20000000 1.90000000 6.17187500E+002
9.20000000 2.00000000 5.93750000E+002
9.20000000 2.10000000 5.70312500E+002
9.20000000 2.20000000 5.46875000E+002
9.20000000 2.30000000 5.23437500E+002
9.20000000 2.40000000 5.00000000E+002
9.20000000 2.50000000 4.76562500E+002
9.20000000 2.60000000 4.53125000E+002
9.20000000 2.70000000 4.29687500E+002
9.20000000 2.80000000 4.06250000E+002
9.20000000 2.90000000 3.82812500E+002
9.20000000 3.00000000 3.59375000E+002
9.20000000 3.10000000 3.35937500E+002
9.20000000 3.20000000 3.12500000E+002
9.20000000 3.30000000 2.89062500E+002
9.20000000 3.40000000 2.65625000E+002
9.20000000 3.50000000 2.42187500E+002
9.20000000 3.60000000 2.40625000E+002
9.20000000 3.70000000 2.39062500E+002
9.20000000 3.80000000 2.37500000E+002
9.20000000 3.90000000 2.35937500E+002
9.20000000 4.00000000 2.34375000E+002
9.20000000 4.10000000 2.32812500E+002
9.20000000 4.20000000 2.31250000E+002
9.20000000 4.30000000 2.29687500E+002
9.20000000 4.40000000 2.28125000E+002
9.20000000 4.50000000 2.26562500E+002
9.20000000 4.60000000 2.25000000E+002
9.20000000 4.70000000 2.23437500E+002
9.20000000 4.80000000 2.21875000E+002
9.20000000 4.90000000 2.20312500E+002
9.20000000 5.00000000 2.18750000E+002
9.20000000 5.10000000 2.17187500E+002
9.20000000 5.20000000 2.15625000E+002
9.20000000 5.30000000 2.14062500E+002
9.20000000 5.40000000 2.12500000E+002
9.20000000 5.50000000 2.10937500E+002
9.20000000 5.60000000 2.09375000E+002
9.20000000 5.70000000 2.07812500E+002
9.20000000 5.80000000 2.06250000E+002
9.20000000 5.90000000 2.04687500E+002
9.20000000 6.00000000 2.03125000E+002
9.20000000 6.10000000 2.04687500E+002
9.20000000 6.20000000 2.06250000E+002
9.20000000 6.30000000 2.07812500E+002
9.20000000 6.40000000 2.09375000E+002
9.20000000 6.50000000 2.10937500E+002
9.20000000 6.60000000 2.12500000E+002
9.20000000 6.70000000 2.14062500E+002
9.20000000 6.80000000 2.15625000E+002
9.20000000 6.90000000 2.17187500E+002
9.20000000 7.00000000 2.18750000E+002
9.20000000 7.10000000 2.20312500E+002
9.20000000 7.20000000 2.21875000E+002
9.20000000 7.30000000 2.23437500E+002
9.20000000 7.40000000 2.25000000E+002
9.20000000 7.50000000 2.26562500E+002
9.20000000 7.60000000 2.28125000E+002
9.20000000 7.70000000 2.29687500E+002
9.20000000 7.80000000 2.31250000E+002
9.20000000 7.90000000 2.32812500E+002
9.20000000 8.00000000 2.34375000E+002
9.20000000 8.10000000 2.35937500E+002
9.20000000 8.20000000 2.37500000E+002
9.20000000 8.30000000 2.39062500E+002
9.20000000 8.40000000 2.40625000E+002
9.20000000 8.50000000 2.42187500E+002
9.20000000 8.60000000 2.65625000E+002
9.20000000 8.70000000 2.89062500E+002
9.20000000 8.80000000 3.12500000E+002
9.20000000 8.90000000 3.35937500E+002
9.20000000 9.00000000 3.59375000E+002
9.20000000 9.10000000 3.82812500E+002
9.20000000 9.20000000 4.06250000E+002
9.20000000 9.30000000 4.29687500E+002
9.20000000 9.40000000 4.53125000E+002
9.20000000 9.50000000 4.76562500E+002
9.20000000 9.60000000 5.00000000E+002
9.20000000 9.70000000 5.23437500E+002
9.20000000 9.80000000 5.46875000E+002
9.20000000 9.90000000 5.70312500E+002
9.20000000 10.00000000 5.93750000E+002
9.20000000 10.10000000 6.17187500E+002
9.20000000 10.20000000 6.40625000E+002
9.20000000 10.30000000 6.64062500E+002
9.20000000 10.40000000 6.87500000E+002
9.20000000 10.50000000 7.10937500E+002
9.20000000 10.60000000 7.34375000E+002
9.20000000 10.70000000 7.57812500E+002
9.20000000 10.80000000 7.81250000E+002
9.20000000 10.90000000 8.04687500E+002
9.20000000 11.00000000 8.28125000E+002
9.30000000 1.00000000 8.51562500E+002
9.30000000 1.10000000 8.28125000E+002
9.30000000 1.20000000 8.04687500E+002
9.30000000 1.30000000 7.81250000E+002
9.30000000 1.40000000 7.57812500E+002
9.30000000 1.50000000 7.34375000E+002
9.30000000 1.60000000 7.10937500E+002
9.30000000 1.70000000 6.87500000E+002
9.30000000 1.80000000 6.64062500E+002
9.30000000 1.90000000 6.40625000E+002
9.30000000 2.00000000 6.17187500E+002
9.30000000 2.10000000 5.93750000E+002
9.30000000 2.20000000 5.70312500E+002
9.30000000 2.30000000 5.46875000E+002
9.30000000 2.40000000 5.23437500E+002
9.30000000 2.50000000 5.00000000E+002
9.30000000 2.60000000 4.76562500E+002
9.30000000 2.70000000 4.53125000E+002
9.30000000 2.80000000 4.29687500E+002
9.30000000 2.90000000 4.06250000E+002
9.30000000 3.00000000 3.82812500E+002
9.30000000 3.10000000 3.59375000E+002
9.30000000 3.20000000 3.35937500E+002
9.30000000 3.30000000 3.12500000E+002
9.30000000 3.40000000 2.89062500E+002
9.30000000 3.50000000 2.65625000E+002
9.30000000 3.60000000 2.64062500E+002
9.30000000 3.70000000 2.62500000E+002
9.30000000 3.80000000 2.60937500E+002
9.30000000 3.90000000 2.59375000E+002
9.30000000 4.00000000 2.57812500E+002
9.30000000 4.10000000 2.56250000E+002
9.30000000 4.20000000 2.54687500E+002
9.30000000 4.30000000 2.53125000E+002
9.30000000 4.40000000 2.51562500E+002
9.30000000 4.50000000 2.50000000E+002
9.30000000 4.60000000 2.48437500E+002
9.30000000 4.70000000 2.46875000E+002
9.30000000 4.80000000 2.45312500E+002
9.30000000 4.90000000 2.43750000E+002
9.30000000 5.00000000 2.42187500E+002
9.30000000 5.10000000 2.40625000E+002
9.30000000 5.20000000 2.39062500E+002
9.30000000 5.30000000 2.37500000E+002
9.30000000 5.40000000 2.35937500E+002
9.30000000 5.50000000 2.34375000E+002
9.30000000 5.60000000 2.32812500E+002
9.30000000 5.70000000 2.31250000E+002
9.30000000 5.80000000 2.29687500E+002
9.30000000 5.90000000 2.28125000E+002
9.30000000 6.00000000 2.26562500E+002
9.30000000 6.10000000 2.28125000E+002
9.30000000 6.20000000 2.29687500E+002
9.30000000 6.30000000 2.31250000E+002
9.30000000 6.40000000 2.32812500E+002
9.30000000 6.50000000 2.34375000E+002
9.30000000 6.60000000 2.35937500E+002
9.30000000 6.70000000 2.37500000E+002
9.30000000 6.80000000 2.39062500E+002
9.30000000 6.90000000 2.40625000E+002
9.30000000 7.00000000 2.42187500E+002
9.30000000 7.10000000 2.43750000E+002
9.30000000 7.20000000 2.45312500E+002
9.30000000 7.30000000 2.46875000E+002
9.30000000 7.40000000 2.48437500E+002
9.30000000 7.50000000 2.50000000E+002
9.30000000 7.60000000 2.51562500E+002
9.30000000 7.70000000 2.53125000E+002
9.30000000 7.80000000 2.54687500E+002
9.30000000 7.90000000 2.56250000E+002
9.30000000 8.00000000 2.57812500E+002
9.30000000 8.10000000 2.59375000E+002
9.30000000 8.20000000 2.60937500E+002
9.30000000 8.30000000 2.62500000E+002
9.30000000 8.40000000 2.64062500E+002
9.30000000 8.50000000 2.65625000E+002
9.30000000 8.60000000 2.89062500E+002
9.30000000 8.70000000 3.12500000E+002
9.30000000 8.80000000 3.35937500E+002
9.30000000 8.90000000 3.59375000E+002
9.30000000 9.00000000 3.82812500E+002
9.30000000 9.10000000 4.06250000E+002
9.30000000 9.20000000 4.29687500E+002
9.30000000 9.30000000 4.53125000E+002
9.30000000 9.40000000 4.76562500E+002
9.30000000 9.50000000 5.00000000E+002
9.30000000 9.60000000 5.23437500E+002
9.30000000 9.70000000 5.46875000E+002
9.30000000 9.80000000 5.70312500E+002
9.30000000 9.90000000 5.93750000E+002
9.30000000 10.00000000 6.17187500E+002
9.30000000 10.10000000 6.40625000E+002
9.30000000 10.20000000 6.64062500E+002
9.30000000 10.30000000 6.87500000E+002
9.30000000 10.40000000 7.10937500E+002
9.30000000 10.50000000 7.34375000E+002
9.30000000 10.60000000 7.57812500E+002
9.30000000 10.70000000 7.81250000E+002
9.30000000 10.80000000 8.04687500E+002
9.30000000 10.90000000 8.28125000E+002
9.30000000 11.00000000 8.51562500E+002
9.40000000 1.00000000 8.75000000E+002
9.40000000 1.10000000 8.51562500E+002
9.40000000 1.20000000 8.28125000E+002
9.40000000 1.30000000 8.04687500E+002
9.40000000 1.40000000 7.81250000E+002
9.40000000 1.50000000 7.57812500E+002
9.40000000 1.60000000 7.34375000E+002
9.40000000 1.70000000 7.10937500E+002
9.40000000 1.80000000 6.87500000E+002
9.40000000 1.90000000 6.64062500E+002
9.40000000 2.00000000 6.40625000E+002
9.40000000 2.10000000 6.17187500E+002
9.40000000 2.20000000 5.93750000E+002
9.40000000 2.30000000 5.70312500E+002
9.40000000 2.40000000 5.46875000E+002
9.40000000 2.50000000 5.23437500E+002
9.40000000 2.60000000 5.00000000E+002
9.40000000 2.70000000 4.76562500E+002
9.40000000 2.80000000 4.53125000E+002
9.40000000 2.90000000 4.29687500E+002
9.40000000 3.00000000 4.06250000E+002
9.40000000 3.10000000 3.82812500E+002
9.40000000 3.20000000 3.59375000E+002
9.40000000 3.30000000 3.35937500E+002
9.40000000 3.40000000 3.12500000E+002
9.40000000 3.50000000 2.89062500E+002
9.40000000 3.60000000 2.87500000E+002
9.40000000 3.70000000 2.85937500E+002
9.40000000 3.80000000 2.84375000E+002
9.40000000 3.90000000 2.82812500E+002
9.40000000 4.00000000 2.81250000E+002
9.40000000 4.10000000 2.79687500E+002
9.40000000 4.20000000 2.78125000E+002
9.40000000 4.30000000 2.76562500E+002
9.40000000 4.40000000 2.75000000E+002
9.40000000 4.50000000 2.73437500E+002
9.40000000 4.60000000 2.71875000E+002
9.40000000 4.70000000 2.70312500E+002
9.40000000 4.80000000 2.68750000E+002
9.40000000 4.90000000 2.67187500E+002
9.40000000 5.00000000 2.65625000E+002
9.40000000 5.10000000 2.64062500E+002
9.40000000 5.20000000 2.62500000E+002
9.40000000 5.30000000 2.60937500E+002
9.40000000 5.40000000 2.59375000E+002
9.40000000 5.50000000 2.57812500E+002
9.40000000 5.60000000 2.56250000E+002
9.40000000 5.70000000 2.54687500E+002
9.40000000 5.80000000 2.53125000E+002
9.40000000 5.90000000 2.51562500E+002
9.40000000 6.00000000 2.50000000E+002
9.40000000 6.10000000 2.51562500E+002
9.40000000 6.20000000 2.53125000E+002
9.40000000 6.30000000 2.54687500E+002
9.40000000 6.40000000 2.56250000E+002
9.40000000 6.50000000 2.57812500E+002
9.40000000 6.60000000 2.59375000E+002
9.40000000 6.70000000 2.60937500E+002
9.40000000 6.80000000 2.62500000E+002
9.40000000 6.90000000 2.64062500E+002
9.40000000 7.00000000 2.65625000E+002
9.40000000 7.10000000 2.67187500E+002
9.40000000 7.20000000 2.68750000E+002
9.40000000 7.30000000 2.70312500E+002
9.40000000 7.40000000 2.71875000E+002
9.40000000 7.50000000 2.73437500E+002
9.40000000 7.60000000 2.75000000E+002
9.40000000 7.70000000 2.76562500E+002
9.40000000 7.80000000 2.78125000E+002
9.40000000 7.90000000 2.79687500E+002
9.40000000 8.00000000 2.81250000E+002
9.40000000 8.10000000 2.82812500E+002
9.40000000 8.20000000 2.84375000E+002
9.40000000 8.30000000 2.85937500E+002
9.40000000 8.40000000 2.87500000E+002
9.40000000 8.50000000 2.89062500E+002
9.40000000 8.60000000 3.12500000E+002
9.40000000 8.70000000 3.35937500E+002
9.40000000 8.80000000 3.59375000E+002
9.40000000 8.90000000 3.82812500E+002
9.40000000 9.00000000 4.06250000E+002
9.40000000 9.10000000 4.29687500E+002
9.40000000 9.20000000 4.53125000E+002
9.40000000 9.30000000 4.76562500E+002
9.40000000 9.40000000 5.00000000E+002
9.40000000 9.50000000 5.23437500E+002
9.40000000 9.60000000 5.46875000E+002
9.40000000 9.70000000 5.70312500E+002
9.40000000 9.80000000 5.93750000E+002
9.40000000 9.90000000 6.17187500E+002
9.40000000 10.00000000 6.40625000E+002
9.40000000 10.10000000 6.64062500E+002
9.40000000 10.20000000 6.87500000E+002
9.40000000 10.30000000 7.10937500E+002
9.40000000 10.40000000 7.34375000E+002
9.40000000 10.50000000 7.57812500E+002
9.40000000 10.60000000 7.81250000E+002
9.40000000 10.70000000 8.04687500E+002
9.40000000 10.80000000 8.28125000E+002
9.40000000 10.90000000 8.51562500E+002
9.40000000 11.00000000 8.75000000E+002
9.50000000 1.00000000 8.98437500E+002
9.50000000 1.10000000 8.75000000E+002
9.50000000 1.20000000 8.51562500E+002
9.50000000 1.30000000 8.28125000E+002
9.50000000 1.40000000 8.04687500E+002
9.50000000 1.50000000 7.81250000E+002
9.50000000 1.60000000 7.57812500E+002
9.50000000 1.70000000 7.34375000E+002
9.50000000 1.80000000 7.10937500E+002
9.50000000 1.90000000 6.87500000E+002
9.50000000 2.00000000 6.64062500E+002
9.50000000 2.10000000 6.40625000E+002
9.50000000 2.20000000 6.17187500E+002
9.50000000 2.30000000 5.93750000E+002
9.50000000 2.40000000 5.70312500E+002
9.50000000 2.50000000 5.46875000E+002
9.50000000 2.60000000 5.23437500E+002
9.50000000 2.70000000 5.00000000E+002
9.50000000 2.80000000 4.76562500E+002
9.50000000 2.90000000 4.53125000E+002
9.50000000 3.00000000 4.29687500E+002
9.50000000 3.10000000 4.06250000E+002
9.50000000 3.20000000 3.82812500E+002
9.50000000 3.30000000 3.59375000E+002
9.50000000 3.40000000 3.35937500E+002
9.50000000 3.50000000 3.12500000E+002
9.50000000 3.60000000 3.10937500E+002
9.50000000 3.70000000 3.09375000E+002
9.50000000 3.80000000 3.07812500E+002
9.50000000 3.90000000 3.06250000E+002
9.50000000 4.00000000 3.04687500E+002
9.50000000 4.10000000 3.03125000E+002
9.50000000 4.20000000 3.01562500E+002
9.50000000 4.30000000 3.00000000E+002
9.50000000 4.40000000 2.98437500E+002
9.50000000 4.50000000 2.96875000E+002
9.50000000 4.60000000 2.95312500E+002
9.50000000 4.70000000 2.93750000E+002
9.50000000 4.80000000 2.92187500E+002
9.50000000 4.90000000 2.90625000E+002
9.50000000 5.00000000 2.89062500E+002
9.50000000 5.10000000 2.87500000E+002
9.50000000 5.20000000 2.85937500E+002
9.50000000 5.30000000 2.84375000E+002
9.50000000 5.40000000 2.82812500E+002
9.50000000 5.50000000 2.81250000E+002
9.50000000 5.60000000 2.79687500E+002
9.50000000 5.70000000 2.78125000E+002
9.50000000 5.80000000 2.76562500E+002
9.50000000 5.90000000 2.75000000E+002
9.50000000 6.00000000 2.73437500E+002
9.50000000 6.10000000 2.75000000E+002
9.50000000 6.20000000 2.76562500E+002
9.50000000 6.30000000 2.78125000E+002
9.50000000 6.40000000 2.79687500E+002
9.50000000 6.50000000 2.81250000E+002
9.50000000 6.60000000 2.82812500E+002
9.50000000 6.70000000 2.84375000E+002
9.50000000 6.80000000 2.85937500E+002
9.50000000 6.90000000 2.87500000E+002
9.50000000 7.00000000 2.89062500E+002
9.50000000 7.10000000 2.90625000E+002
9.50000000 7.20000000 2.92187500E+002
9.50000000 7.30000000 2.93750000E+002
9.50000000 7.40000000 2.95312500E+002
9.50000000 7.50000000 2.96875000E+002
9.50000000 7.60000000 2.98437500E+002
9.50000000 7.70000000 3.00000000E+002
9.50000000 7.80000000 3.01562500E+002
9.50000000 7.90000000 3.03125000E+002
9.50000000 8.00000000 3.04687500E+002
9.50000000 8.10000000 3.06250000E+002
9.50000000 8.20000000 3.07812500E+002
9.50000000 8.30000000 3.09375000E+002
9.50000000 8.40000000 3.10937500E+002
9.50000000 8.50000000 3.12500000E+002
9.50000000 8.60000000 3.35937500E+002
9.50000000 8.70000000 3.59375000E+002
9.50000000 8.80000000 3.82812500E+002
9.50000000 8.90000000 4.06250000E+002
9.50000000 9.00000000 4.29687500E+002
9.50000000 9.10000000 4.53125000E+002
9.50000000 9.20000000 4.76562500E+002
9.50000000 9.30000000 5.00000000E+002
9.50000000 9.40000000 5.23437500E+002
9.50000000 9.50000000 5.46875000E+002
9.50000000 9.60000000 5.70312500E+002
9.50000000 9.70000000 5.93750000E+002
9.50000000 9.80000000 6.17187500E+002
9.50000000 9.90000000 6.40625000E+002
9.50000000 10.00000000 6.64062500E+002
9.50000000 10.10000000 6.87500000E+002
9.50000000 10.20000000 7.10937500E+002
9.50000000 10.30000000 7.34375000E+002
9.50000000 10.40000000 7.57812500E+002
9.50000000 10.50000000 7.81250000E+002
9.50000000 10.60000000 8.04687500E+002
9.50000000 10.70000000 8.28125000E+002
9.50000000 10.80000000 8.51562500E+002
9.50000000 10.90000000 8.75000000E+002
9.50000000 11.00000000 8.98437500E+002
9.60000000 1.00000000 9.21875000E+002
9.60000000 1.10000000 8.98437500E+002
9.60000000 1.20000000 8.75000000E+002
9.60000000 1.30000000 8.51562500E+002
9.60000000 1.40000000 8.28125000E+002
9.60000000 1.50000000 8.04687500E+002
9.60000000 1.60000000 7.81250000E+002
9.60000000 1.70000000 7.57812500E+002
9.60000000 1.80000000 7.34375000E+002
9.60000000 1.90000000 7.10937500E+002
9.60000000 2.00000000 6.87500000E+002
9.60000000 2.10000000 6.64062500E+002
9.60000000 2.20000000 6.40625000E+002
9.60000000 2.30000000 6.17187500E+002
9.60000000 2.40000000 5.93750000E+002
9.60000000 2.50000000 5.70312500E+002
9.60000000 2.60000000 5.46875000E+002
9.60000000 2.70000000 5.23437500E+002
9.60000000 2.80000000 5.00000000E+002
9.60000000 2.90000000 4.76562500E+002
9.60000000 3.00000000 4.53125000E+002
9.60000000 3.10000000 4.29687500E+002
9.60000000 3.20000000 4.06250000E+002
9.60000000 3.30000000 3.82812500E+002
9.60000000 3.40000000 3.59375000E+002
9.60000000 3.50000000 3.35937500E+002
9.60000000 3.60000000 3.34375000E+002
9.60000000 3.70000000 3.32812500E+002
9.60000000 3.80000000 3.31250000E+002
9.60000000 3.90000000 3.29687500E+002
9.60000000 4.00000000 3.28125000E+002
9.60000000 4.10000000 3.26562500E+002
9.60000000 4.20000000 3.25000000E+002
9.60000000 4.30000000 3.23437500E+002
9.60000000 4.40000000 3.21875000E+002
9.60000000 4.50000000 3.20312500E+002
9.60000000 4.60000000 3.18750000E+002
9.60000000 4.70000000 3.17187500E+002
9.60000000 4.80000000 3.15625000E+002
9.60000000 4.90000000 3.14062500E+002
9.60000000 5.00000000 3.12500000E+002
9.60000000 5.10000000 3.10937500E+002
9.60000000 5.20000000 3.09375000E+002
9.60000000 5.30000000 3.07812500E+002
9.60000000 5.40000000 3.06250000E+002
9.60000000 5.50000000 3.04687500E+002
9.60000000 5.60000000 3.03125000E+002
9.60000000 5.70000000 3.01562500E+002
9.60000000 5.80000000 3.00000000E+002
9.60000000 5.90000000 2.98437500E+002
9.60000000 6.00000000 2.96875000E+002
9.60000000 6.10000000 2.98437500E+002
9.60000000 6.20000000 3.00000000E+002
9.60000000 6.30000000 3.01562500E+002
9.60000000 6.40000000 3.03125000E+002
9.60000000 6.50000000 3.04687500E+002
9.60000000 6.60000000 3.06250000E+002
9.60000000 6.70000000 3.07812500E+002
9.60000000 6.80000000 3.09375000E+002
9.60000000 6.90000000 3.10937500E+002
9.60000000 7.00000000 3.12500000E+002
9.60000000 7.10000000 3.14062500E+002
9.60000000 7.20000000 3.15625000E+002
9.60000000 7.30000000 3.17187500E+002
9.60000000 7.40000000 3.18750000E+002
9.60000000 7.50000000 3.20312500E+002
9.60000000 7.60000000 3.21875000E+002
9.60000000 7.70000000 3.23437500E+002
9.60000000 7.80000000 3.25000000E+002
9.60000000 7.90000000 3.26562500E+002
9.60000000 8.00000000 3.28125000E+002
9.60000000 8.10000000 3.29687500E+002
9.60000000 8.20000000 3.31250000E+002
9.60000000 8.30000000 3.32812500E+002
9.60000000 8.40000000 3.34375000E+002
9.60000000 8.50000000 3.35937500E+002
9.60000000 8.60000000 3.59375000E+002
9.60000000 8.70000000 3.82812500E+002
9.60000000 8.80000000 4.06250000E+002
9.60000000 8.90000000 4.29687500E+002
9.60000000 9.00000000 4.53125000E+002
9.60000000 9.10000000 4.76562500E+002
9.60000000 9.20000000 5.00000000E+002
9.60000000 9.30000000 5.23437500E+002
9.60000000 9.40000000 5.46875000E+002
9.60000000 9.50000000 5.70312500E+002
9.60000000 9.60000000 5.93750000E+002
9.60000000 9.70000000 6.17187500E+002
9.60000000 9.80000000 6.40625000E+002
9.60000000 9.90000000 6.64062500E+002
9.60000000 10.00000000 6.87500000E+002
9.60000000 10.10000000 7.10937500E+002
9.60000000 10.20000000 7.34375000E+002
9.60000000 10.30000000 7.57812500E+002
9.60000000 10.40000000 7.81250000E+002
9.60000000 10.50000000 8.04687500E+002
9.60000000 10.60000000 8.28125000E+002
9.60000000 10.70000000 8.51562500E+002
9.60000000 10.80000000 8.75000000E+002
9.60000000 10.90000000 8.98437500E+002
9.60000000 11.00000000 9.21875000E+002
9.70000000 1.00000000 9.45312500E+002
9.70000000 1.10000000 9.21875000E+002
9.70000000 1.20000000 8.98437500E+002
9.70000000 1.30000000 8.75000000E+002
9.70000000 1.40000000 8.51562500E+002
9.70000000 1.50000000 8.28125000E+002
9.70000000 1.60000000 8.04687500E+002
9.70000000 1.70000000 7.81250000E+002
9.70000000 1.80000000 7.57812500E+002
9.70000000 1.90000000 7.34375000E+002
9.70000000 2.00000000 7.10937500E+002
9.70000000 2.10000000 6.87500000E+002
9.70000000 2.20000000 6.64062500E+002
9.70000000 2.30000000 6.40625000E+002
9.70000000 2.40000000 6.17187500E+002
9.70000000 2.50000000 5.93750000E+002
9.70000000 2.60000000 5.70312500E+002
9.70000000 2.70000000 5.46875000E+002
9.70000000 2.80000000 5.23437500E+002
9.70000000 2.90000000 5.00000000E+002
9.70000000 3.00000000 4.76562500E+002
9.70000000 3.10000000 4.53125000E+002
9.70000000 3.20000000 4.29687500E+002
9.70000000 3.30000000 4.06250000E+002
9.70000000 3.40000000 3.82812500E+002
9.70000000 3.50000000 3.59375000E+002
9.70000000 3.60000000 3.57812500E+002
9.70000000 3.70000000 3.56250000E+002
9.70000000 3.80000000 3.54687500E+002
9.70000000 3.90000000 3.53125000E+002
9.70000000 4.00000000 3.51562500E+002
9.70000000 4.10000000 3.50000000E+002
9.70000000 4.20000000 3.48437500E+002
9.70000000 4.30000000 3.46875000E+002
9.70000000 4.40000000 3.45312500E+002
9.70000000 4.50000000 3.43750000E+002
9.70000000 4.60000000 3.42187500E+002
9.70000000 4.70000000 3.40625000E+002
9.70000000 4.80000000 3.39062500E+002
9.70000000 4.90000000 3.37500000E+002
9.70000000 5.00000000 3.35937500E+002
9.70000000 5.10000000 3.34375000E+002
9.70000000 5.20000000 3.32812500E+002
9.70000000 5.30000000 3.31250000E+002
9.70000000 5.40000000 3.29687500E+002
9.70000000 5.50000000 3.28125000E+002
9.70000000 5.60000000 3.26562500E+002
9.70000000 5.70000000 3.25000000E+002
9.70000000 5.80000000 3.23437500E+002
9.70000000 5.90000000 3.21875000E+002
9.70000000 6.00000000 3.20312500E+002
9.70000000 6.10000000 3.21875000E+002
9.70000000 6.20000000 3.23437500E+002
9.70000000 6.30000000 3.25000000E+002
9.70000000 6.40000000 3.26562500E+002
9.70000000 6.50000000 3.28125000E+002
9.70000000 6.60000000 3.29687500E+002
9.70000000 6.70000000 3.31250000E+002
9.70000000 6.80000000 3.32812500E+002
9.70000000 6.90000000 3.34375000E+002
9.70000000 7.00000000 3.35937500E+002
9.70000000 7.10000000 3.37500000E+002
9.70000000 7.20000000 3.39062500E+002
9.70000000 7.30000000 3.40625000E+002
9.70000000 7.40000000 3.42187500E+002
9.70000000 7.50000000 3.43750000E+002
9.70000000 7.60000000 3.45312500E+002
9.70000000 7.70000000 3.46875000E+002
9.70000000 7.80000000 3.48437500E+002
9.70000000 7.90000000 3.50000000E+002
9.70000000 8.00000000 3.51562500E+002
9.70000000 8.10000000 3.53125000E+002
9.70000000 8.20000000 3.54687500E+002
9.70000000 8.30000000 3.56250000E+002
9.70000000 8.40000000 3.57812500E+002
9.70000000 8.50000000 3.59375000E+002
9.70000000 8.60000000 3.82812500E+002
9.70000000 8.70000000 4.06250000E+002
9.70000000 8.80000000 4.29687500E+002
9.70000000 8.90000000 4.53125000E+002
9.70000000 9.00000000 4.76562500E+002
9.70000000 9.10000000 5.00000000E+002
9.70000000 9.20000000 5.23437500E+002
9.70000000 9.30000000 5.46875000E+002
9.70000000 9.40000000 5.70312500E+002
9.70000000 9.50000000 5.93750000E+002
9.70000000 9.60000000 6.17187500E+002
9.70000000 9.70000000 6.40625000E+002
9.70000000 9.80000000 6.64062500E+002
9.70000000 9.90000000 6.87500000E+002
9.70000000 10.00000000 7.10937500E+002
9.70000000 10.10000000 7.34375000E+002
9.70000000 10.20000000 7.57812500E+002
9.70000000 10.30000000 7.81250000E+002
9.70000000 10.40000000 8.04687500E+002
9.70000000 10.50000000 8.28125000E+002
9.70000000 10.60000000 8.51562500E+002
9.70000000 10.70000000 8.75000000E+002
9.70000000 10.80000000 8.98437500E+002
9.70000000 10.90000000 9.21875000E+002
9.70000000 11.00000000 9.45312500E+002
9.80000000 1.00000000 9.68750000E+002
9.80000000 1.10000000 9.45312500E+002
9.80000000 1.20000000 9.21875000E+002
9.80000000 1.30000000 8.98437500E+002
9.80000000 1.40000000 8.75000000E+002
9.80000000 1.50000000 8.51562500E+002
9.80000000 1.60000000 8.28125000E+002
9.80000000 1.70000000 8.04687500E+002
9.80000000 1.80000000 7.81250000E+002
9.80000000 1.90000000 7.57812500E+002
9.80000000 2.00000000 7.34375000E+002
9.80000000 2.10000000 7.10937500E+002
9.80000000 2.20000000 6.87500000E+002
9.80000000 2.30000000 6.64062500E+002
9.80000000 2.40000000 6.40625000E+002
9.80000000 2.50000000 6.17187500E+002
9.80000000 2.60000000 5.93750000E+002
9.80000000 2.70000000 5.70312500E+002
9.80000000 2.80000000 5.46875000E+002
9.80000000 2.90000000 5.23437500E+002
9.80000000 3.00000000 5.00000000E+002
9.80000000 3.10000000 4.76562500E+002
9.80000000 3.20000000 4.53125000E+002
9.80000000 3.30000000 4.29687500E+002
9.80000000 3.40000000 4.06250000E+002
9.80000000 3.50000000 3.82812500E+002
9.80000000 3.60000000 3.81250000E+002
9.80000000 3.70000000 3.79687500E+002
9.80000000 3.80000000 3.78125000E+002
9.80000000 3.90000000 3.76562500E+002
9.80000000 4.00000000 3.75000000E+002
9.80000000 4.10000000 3.73437500E+002
9.80000000 4.20000000 3.71875000E+002
9.80000000 4.30000000 3.70312500E+002
9.80000000 4.40000000 3.68750000E+002
9.80000000 4.50000000 3.67187500E+002
9.80000000 4.60000000 3.65625000E+002
9.80000000 4.70000000 3.64062500E+002
9.80000000 4.80000000 3.62500000E+002
9.80000000 4.90000000 3.60937500E+002
9.80000000 5.00000000 3.59375000E+002
9.80000000 5.10000000 3.57812500E+002
9.80000000 5.20000000 3.56250000E+002
9.80000000 5.30000000 3.54687500E+002
9.80000000 5.40000000 3.53125000E+002
9.80000000 5.50000000 3.51562500E+002
9.80000000 5.60000000 3.50000000E+002
9.80000000 5.70000000 3.48437500E+002
9.80000000 5.80000000 3.46875000E+002
9.80000000 5.90000000 3.45312500E+002
9.80000000 6.00000000 3.43750000E+002
9.80000000 6.10000000 3.45312500E+002
9.80000000 6.20000000 3.46875000E+002
9.80000000 6.30000000 3.48437500E+002
9.80000000 6.40000000 3.50000000E+002
9.80000000 6.50000000 3.51562500E+002
9.80000000 6.60000000 3.53125000E+002
9.80000000 6.70000000 3.54687500E+002
9.80000000 6.80000000 3.56250000E+002
9.80000000 6.90000000 3.57812500E+002
9.80000000 7.00000000 3.59375000E+002
9.80000000 7.10000000 3.60937500E+002
9.80000000 7.20000000 3.62500000E+002
9.80000000 7.30000000 3.64062500E+002
9.80000000 7.40000000 3.65625000E+002
9.80000000 7.50000000 3.67187500E+002
9.80000000 7.60000000 3.68750000E+002
9.80000000 7.70000000 3.70312500E+002
9.80000000 7.80000000 3.71875000E+002
9.80000000 7.90000000 3.73437500E+002
9.80000000 8.00000000 3.75000000E+002
9.80000000 8.10000000 3.76562500E+002
9.80000000 8.20000000 3.78125000E+002
9.80000000 8.30000000 3.79687500E+002
9.80000000 8.40000000 3.81250000E+002
9.80000000 8.50000000 3.82812500E+002
9.80000000 8.60000000 4.06250000E+002
9.80000000 8.70000000 4.29687500E+002
9.80000000 8.80000000 4.53125000E+002
9.80000000 8.90000000 4.76562500E+002
9.80000000 9.00000000 5.00000000E+002
9.80000000 9.10000000 5.23437500E+002
9.80000000 9.20000000 5.46875000E+002
9.80000000 9.30000000 5.70312500E+002
9.80000000 9.40000000 5.93750000E+002
9.80000000 9.50000000 6.17187500E+002
9.80000000 9.60000000 6.40625000E+002
9.80000000 9.70000000 6.64062500E+002
9.80000000 9.80000000 6.87500000E+002
9.80000000 9.90000000 7.10937500E+002
9.80000000 10.00000000 7.34375000E+002
9.80000000 10.10000000 7.57812500E+002
9.80000000 10.20000000 7.81250000E+002
9.80000000 10.30000000 8.04687500E+002
9.80000000 10.40000000 8.28125000E+002
9.80000000 10.50000000 8.51562500E+002
9.80000000 10.60000000 8.75000000E+002
9.80000000 10.70000000 8.98437500E+002
9.80000000 10.80000000 9.21875000E+002
9.80000000 10.90000000 9.45312500E+002
9.80000000 11.00000000 9.68750000E+002
9.90000000 1.00000000 9.92187500E+002
9.90000000 1.10000000 9.68750000E+002
9.90000000 1.20000000 9.45312500E+002
9.90000000 1.30000000 9.21875000E+002
9.90000000 1.40000000 8.98437500E+002
9.90000000 1.50000000 8.75000000E+002
9.90000000 1.60000000 8.51562500E+002
9.90000000 1.70000000 8.28125000E+002
9.90000000 1.80000000 8.04687500E+002
9.90000000 1.90000000 7.81250000E+002
9.90000000 2.00000000 7.57812500E+002
9.90000000 2.10000000 7.34375000E+002
9.90000000 2.20000000 7.10937500E+002
9.90000000 2.30000000 6.87500000E+002
9.90000000 2.40000000 6.64062500E+002
9.90000000 2.50000000 6.40625000E+002
9.90000000 2.60000000 6.17187500E+002
9.90000000 2.70000000 5.93750000E+002
9.90000000 2.80000000 5.70312500E+002
9.90000000 2.90000000 5.46875000E+002
9.90000000 3.00000000 5.23437500E+002
9.90000000 3.10000000 5.00000000E+002
9.90000000 3.20000000 4.76562500E+002
9.90000000 3.30000000 4.53125000E+002
9.90000000 3.40000000 4.29687500E+002
9.90000000 3.50000000 4.06250000E+002
9.90000000 3.60000000 4.04687500E+002
9.90000000 3.70000000 4.03125000E+002
9.90000000 3.80000000 4.01562500E+002
9.90000000 3.90000000 4.00000000E+002
9.90000000 4.00000000 3.98437500E+002
9.90000000 4.10000000 3.96875000E+002
9.90000000 4.20000000 3.95312500E+002
9.90000000 4.30000000 3.93750000E+002
9.90000000 4.40000000 3.92187500E+002
9.90000000 4.50000000 3.90625000E+002
9.90000000 4.60000000 3.89062500E+002
9.90000000 4.70000000 3.87500000E+002
9.90000000 4.80000000 3.85937500E+002
9.90000000 4.90000000 3.84375000E+002
9.90000000 5.00000000 3.82812500E+002
9.90000000 5.10000000 3.81250000E+002
9.90000000 5.20000000 3.79687500E+002
9.90000000 5.30000000 3.78125000E+002
9.90000000 5.40000000 3.76562500E+002
9.90000000 5.50000000 3.75000000E+002
9.90000000 5.60000000 3.73437500E+002
9.90000000 5.70000000 3.71875000E+002
9.90000000 5.80000000 3.70312500E+002
9.90000000 5.90000000 3.68750000E+002
9.90000000 6.00000000 3.67187500E+002
9.90000000 6.10000000 3.68750000E+002
9.90000000 6.20000000 3.70312500E+002
9.90000000 6.30000000 3.71875000E+002
9.90000000 6.40000000 3.73437500E+002
9.90000000 6.50000000 3.75000000E+002
9.90000000 6.60000000 3.76562500E+002
9.90000000 6.70000000 3.78125000E+002
9.90000000 6.80000000 3.79687500E+002
9.90000000 6.90000000 3.81250000E+002
9.90000000 7.00000000 3.82812500E+002
9.90000000 7.10000000 3.84375000E+002
9.90000000 7.20000000 3.85937500E+002
9.90000000 7.30000000 3.87500000E+002
9.90000000 7.40000000 3.89062500E+002
9.90000000 7.50000000 3.90625000E+002
9.90000000 7.60000000 3.92187500E+002
9.90000000 7.70000000 3.93750000E+002
9.90000000 7.80000000 3.95312500E+002
9.90000000 7.90000000 3.96875000E+002
9.90000000 8.00000000 3.98437500E+002
9.90000000 8.10000000 4.00000000E+002
9.90000000 8.20000000 4.01562500E+002
9.90000000 8.30000000 4.03125000E+002
9.90000000 8.40000000 4.04687500E+002
9.90000000 8.50000000 4.06250000E+002
9.90000000 8.60000000 4.29687500E+002
9.90000000 8.70000000 4.53125000E+002
9.90000000 8.80000000 4.76562500E+002
9.90000000 8.90000000 5.00000000E+002
9.90000000 9.00000000 5.23437500E+002
9.90000000 9.10000000 5.46875000E+002
9.90000000 9.20000000 5.70312500E+002
9.90000000 9.30000000 5.93750000E+002
9.90000000 9.40000000 6.17187500E+002
9.90000000 9.50000000 6.40625000E+002
9.90000000 9.60000000 6.64062500E+002
9.90000000 9.70000000 6.87500000E+002
9.90000000 9.80000000 7.10937500E+002
9.90000000 9.90000000 7.34375000E+002
9.90000000 10.00000000 7.57812500E+002
9.90000000 10.10000000 7.81250000E+002
9.90000000 10.20000000 8.04687500E+002
9.90000000 10.30000000 8.28125000E+002
9.90000000 10.40000000 8.51562500E+002
9.90000000 10.50000000 8.75000000E+002
9.90000000 10.60000000 8.98437500E+002
9.90000000 10.70000000 9.21875000E+002
9.90000000 10.80000000 9.45312500E+002
9.90000000 10.90000000 9.68750000E+002
9.90000000 11.00000000 9.92187500E+002
10.00000000 1.00000000 1.01562500E+003
10.00000000 1.10000000 9.92187500E+002
10.00000000 1.20000000 9.68750000E+002
10.00000000 1.30000000 9.45312500E+002
10.00000000 1.40000000 9.21875000E+002
10.00000000 1.50000000 8.98437500E+002
10.00000000 1.60000000 8.75000000E+002
10.00000000 1.70000000 8.51562500E+002
10.00000000 1.80000000 8.28125000E+002
10.00000000 1.90000000 8.04687500E+002
10.00000000 2.00000000 7.81250000E+002
10.00000000 2.10000000 7.57812500E+002
10.00000000 2.20000000 7.34375000E+002
10.00000000 2.30000000 7.10937500E+002
10.00000000 2.40000000 6.87500000E+002
10.00000000 2.50000000 6.64062500E+002
10.00000000 2.60000000 6.40625000E+002
10.00000000 2.70000000 6.17187500E+002
10.00000000 2.80000000 5.93750000E+002
10.00000000 2.90000000 5.70312500E+002
10.00000000 3.00000000 5.46875000E+002
10.00000000 3.10000000 5.23437500E+002
10.00000000 3.20000000 5.00000000E+002
10.00000000 3.30000000 4.76562500E+002
10.00000000 3.40000000 4.53125000E+002
10.00000000 3.50000000 4.29687500E+002
10.00000000 3.60000000 4.28125000E+002
10.00000000 3.70000000 4.26562500E+002
10.00000000 3.80000000 4.25000000E+002
10.00000000 3.90000000 4.23437500E+002
10.00000000 4.00000000 4.21875000E+002
10.00000000 4.10000000 4.20312500E+002
10.00000000 4.20000000 4.18750000E+002
10.00000000 4.30000000 4.17187500E+002
10.00000000 4.40000000 4.15625000E+002
10.00000000 4.50000000 4.14062500E+002
10.00000000 4.60000000 4.12500000E+002
10.00000000 4.70000000 4.10937500E+002
10.00000000 4.80000000 4.09375000E+002
10.00000000 4.90000000 4.07812500E+002
10.00000000 5.00000000 4.06250000E+002
10.00000000 5.10000000 4.04687500E+002
10.00000000 5.20000000 4.03125000E+002
10.00000000 5.30000000 4.01562500E+002
10.00000000 5.40000000 4.00000000E+002
10.00000000 5.50000000 3.98437500E+002
10.00000000 5.60000000 3.96875000E+002
10.00000000 5.70000000 3.95312500E+002
10.00000000 5.80000000 3.93750000E+002
10.00000000 5.90000000 3.92187500E+002
10.00000000 6.00000000 3.90625000E+002
10.00000000 6.10000000 3.92187500E+002
10.00000000 6.20000000 3.93750000E+002
10.00000000 6.30000000 3.95312500E+002
10.00000000 6.40000000 3.96875000E+002
10.00000000 6.50000000 3.98437500E+002
10.00000000 6.60000000 4.00000000E+002
10.00000000 6.70000000 4.01562500E+002
10.00000000 6.80000000 4.03125000E+002
10.00000000 6.90000000 4.04687500E+002
10.00000000 7.00000000 4.06250000E+002
10.00000000 7.10000000 4.07812500E+002
10.00000000 7.20000000 4.09375000E+002
10.00000000 7.30000000 4.10937500E+002
10.00000000 7.40000000 4.12500000E+002
10.00000000 7.50000000 4.14062500E+002
10.00000000 7.60000000 4.15625000E+002
10.00000000 7.70000000 4.17187500E+002
10.00000000 7.80000000 4.18750000E+002
10.00000000 7.90000000 4.20312500E+002
10.00000000 8.00000000 4.21875000E+002
10.00000000 8.10000000 4.23437500E+002
10.00000000 8.20000000 4.25000000E+002
10.00000000 8.30000000 4.26562500E+002
10.00000000 8.40000000 4.28125000E+002
10.00000000 8.50000000 4.29687500E+002
10.00000000 8.60000000 4.53125000E+002
10.00000000 8.70000000 4.76562500E+002
10.00000000 8.80000000 5.00000000E+002
10.00000000 8.90000000 5.23437500E+002
10.00000000 9.00000000 5.46875000E+002
10.00000000 9.10000000 5.70312500E+002
10.00000000 9.20000000 5.93750000E+002
10.00000000 9.30000000 6.17187500E+002
10.00000000 9.40000000 6.40625000E+002
10.00000000 9.50000000 6.64062500E+002
10.00000000 9.60000000 6.87500000E+002
10.00000000 9.70000000 7.10937500E+002
10.00000000 9.80000000 7.34375000E+002
10.00000000 9.90000000 7.57812500E+002
10.00000000 10.00000000 7.81250000E+002
10.00000000 10.10000000 8.04687500E+002
10.00000000 10.20000000 8.28125000E+002
10.00000000 10.30000000 8.51562500E+002
10.00000000 10.40000000 8.75000000E+002
10.00000000 10.50000000 8.98437500E+002
10.00000000 10.60000000 9.21875000E+002
10.00000000 10.70000000 9.45312500E+002
10.00000000 10.80000000 9.68750000E+002
10.00000000 10.90000000 9.92187500E+002
10.00000000 11.00000000 1.01562500E+003
10.10000000 1.00000000 1.03906250E+003
10.10000000 1.10000000 1.01562500E+003
10.10000000 1.20000000 9.92187500E+002
10.10000000 1.30000000 9.68750000E+002
10.10000000 1.40000000 9.45312500E+002
10.10000000 1.50000000 9.21875000E+002
10.10000000 1.60000000 8.98437500E+002
10.10000000 1.70000000 8.75000000E+002
10.10000000 1.80000000 8.51562500E+002
10.10000000 1.90000000 8.28125000E+002
10.10000000 2.00000000 8.04687500E+002
10.10000000 2.10000000 7.81250000E+002
10.10000000 2.20000000 7.57812500E+002
10.10000000 2.30000000 7.34375000E+002
10.10000000 2.40000000 7.10937500E+002
10.10000000 2.50000000 6.87500000E+002
10.10000000 2.60000000 6.64062500E+002
10.10000000 2.70000000 6.40625000E+002
10.10000000 2.80000000 6.17187500E+002
10.10000000 2.90000000 5.93750000E+002
10.10000000 3.00000000 5.70312500E+002
10.10000000 3.10000000 5.46875000E+002
10.10000000 3.20000000 5.23437500E+002
10.10000000 3.30000000 5.00000000E+002
10.10000000 3.40000000 4.76562500E+002
10.10000000 3.50000000 4.53125000E+002
10.10000000 3.60000000 4.51562500E+002
10.10000000 3.70000000 4.50000000E+002
10.10000000 3.80000000 4.48437500E+002
10.10000000 3.90000000 4.46875000E+002
10.10000000 4.00000000 4.45312500E+002
10.10000000 4.10000000 4.43750000E+002
10.10000000 4.20000000 4.42187500E+002
10.10000000 4.30000000 4.40625000E+002
10.10000000 4.40000000 4.39062500E+002
10.10000000 4.50000000 4.37500000E+002
10.10000000 4.60000000 4.35937500E+002
10.10000000 4.70000000 4.34375000E+002
10.10000000 4.80000000 4.32812500E+002
10.10000000 4.90000000 4.31250000E+002
10.10000000 5.00000000 4.29687500E+002
10.10000000 5.10000000 4.28125000E+002
10.10000000 5.20000000 4.26562500E+002
10.10000000 5.30000000 4.25000000E+002
10.10000000 5.40000000 4.23437500E+002
10.10000000 5.50000000 4.21875000E+002
10.10000000 5.60000000 4.20312500E+002
10.10000000 5.70000000 4.18750000E+002
10.10000000 5.80000000 4.17187500E+002
10.10000000 5.90000000 4.15625000E+002
10.10000000 6.00000000 4.14062500E+002
10.10000000 6.10000000 4.15625000E+002
10.10000000 6.20000000 4.17187500E+002
10.10000000 6.30000000 4.18750000E+002
10.10000000 6.40000000 4.20312500E+002
10.10000000 6.50000000 4.21875000E+002
10.10000000 6.60000000 4.23437500E+002
10.10000000 6.70000000 4.25000000E+002
10.10000000 6.80000000 4.26562500E+002
10.10000000 6.90000000 4.28125000E+002
10.10000000 7.00000000 4.29687500E+002
10.10000000 7.10000000 4.31250000E+002
10.10000000 7.20000000 4.32812500E+002
10.10000000 7.30000000 4.34375000E+002
10.10000000 7.40000000 4.35937500E+002
10.10000000 7.50000000 4.37500000E+002
10.10000000 7.60000000 4.39062500E+002
10.10000000 7.70000000 4.40625000E+002
10.10000000 7.80000000 4.42187500E+002
10.10000000 7.90000000 4.43750000E+002
10.10000000 8.00000000 4.45312500E+002
10.10000000 8.10000000 4.46875000E+002
10.10000000 8.20000000 4.48437500E+002
10.10000000 8.30000000 4.50000000E+002
10.10000000 8.40000000 4.51562500E+002
10.10000000 8.50000000 4.53125000E+002
10.10000000 8.60000000 4.76562500E+002
10.10000000 8.70000000 5.00000000E+002
10.10000000 8.80000000 5.23437500E+002
10.10000000 8.90000000 5.46875000E+002
10.10000000 9.00000000 5.70312500E+002
10.10000000 9.10000000 5.93750000E+002
10.10000000 9.20000000 6.17187500E+002
10.10000000 9.30000000 6.40625000E+002
10.10000000 9.40000000 6.64062500E+002
10.10000000 9.50000000 6.87500000E+002
10.10000000 9.60000000 7.10937500E+002
10.10000000 9.70000000 7.34375000E+002
10.10000000 9.80000000 7.57812500E+002
10.10000000 9.90000000 7.81250000E+002
10.10000000 10.00000000 8.04687500E+002
10.10000000 10.10000000 8.28125000E+002
10.10000000 10.20000000 8.51562500E+002
10.10000000 10.30000000 8.75000000E+002
10.10000000 10.40000000 8.98437500E+002
10.10000000 10.50000000 9.21875000E+002
10.10000000 10.60000000 9.45312500E+002
10.10000000 10.70000000 9.68750000E+002
10.10000000 10.80000000 9.92187500E+002
10.10000000 10.90000000 1.01562500E+003
10.10000000 11.00000000 1.03906250E+003
10.20000000 1.00000000 1.06250000E+003
10.20000000 1.10000000 1.03906250E+003
10.20000000 1.20000000 1.01562500E+003
10.20000000 1.30000000 9.92187500E+002
10.20000000 1.40000000 9.68750000E+002
10.20000000 1.50000000 9.45312500E+002
10.20000000 1.60000000 9.21875000E+002
10.20000000 1.70000000 8.98437500E+002
10.20000000 1.80000000 8.75000000E+002
10.20000000 1.90000000 8.51562500E+002
10.20000000 2.00000000 8.28125000E+002
10.20000000 2.10000000 8.04687500E+002
10.20000000 2.20000000 7.81250000E+002
10.20000000 2.30000000 7.57812500E+002
10.20000000 2.40000000 7.34375000E+002
10.20000000 2.50000000 7.10937500E+002
10.20000000 2.60000000 6.87500000E+002
10.20000000 2.70000000 6.64062500E+002
10.20000000 2.80000000 6.40625000E+002
10.20000000 2.90000000 6.17187500E+002
10.20000000 3.00000000 5.93750000E+002
10.20000000 3.10000000 5.70312500E+002
10.20000000 3.20000000 5.46875000E+002
10.20000000 3.30000000 5.23437500E+002
10.20000000 3.40000000 5.00000000E+002
10.20000000 3.50000000 4.76562500E+002
10.20000000 3.60000000 4.75000000E+002
10.20000000 3.70000000 4.73437500E+002
10.20000000 3.80000000 4.71875000E+002
10.20000000 3.90000000 4.70312500E+002
10.20000000 4.00000000 4.68750000E+002
10.20000000 4.10000000 4.67187500E+002
10.20000000 4.20000000 4.65625000E+002
10.20000000 4.30000000 4.64062500E+002
10.20000000 4.40000000 4.62500000E+002
10.20000000 4.50000000 4.60937500E+002
10.20000000 4.60000000 4.59375000E+002
10.20000000 4.70000000 4.57812500E+002
10.20000000 4.80000000 4.56250000E+002
10.20000000 4.90000000 4.54687500E+002
10.20000000 5.00000000 4.53125000E+002
10.20000000 5.10000000 4.51562500E+002
10.20000000 5.20000000 4.50000000E+002
10.20000000 5.30000000 4.48437500E+002
10.20000000 5.40000000 4.46875000E+002
10.20000000 5.50000000 4.45312500E+002
10.20000000 5.60000000 4.43750000E+002
10.20000000 5.70000000 4.42187500E+002
10.20000000 5.80000000 4.40625000E+002
10.20000000 5.90000000 4.39062500E+002
10.20000000 6.00000000 4.37500000E+002
10.20000000 6.10000000 4.39062500E+002
10.20000000 6.20000000 4.40625000E+002
10.20000000 6.30000000 4.42187500E+002
10.20000000 6.40000000 4.43750000E+002
10.20000000 6.50000000 4.45312500E+002
10.20000000 6.60000000 4.46875000E+002
10.20000000 6.70000000 4.48437500E+002
10.20000000 6.80000000 4.50000000E+002
10.20000000 6.90000000 4.51562500E+002
10.20000000 7.00000000 4.53125000E+002
10.20000000 7.10000000 4.54687500E+002
10.20000000 7.20000000 4.56250000E+002
10.20000000 7.30000000 4.57812500E+002
10.20000000 7.40000000 4.59375000E+002
10.20000000 7.50000000 4.60937500E+002
10.20000000 7.60000000 4.62500000E+002
10.20000000 7.70000000 4.64062500E+002
10.20000000 7.80000000 4.65625000E+002
10.20000000 7.90000000 4.67187500E+002
10.20000000 8.00000000 4.68750000E+002
10.20000000 8.10000000 4.70312500E+002
10.20000000 8.20000000 4.71875000E+002
10.20000000 8.30000000 4.73437500E+002
10.20000000 8.40000000 4.75000000E+002
10.20000000 8.50000000 4.76562500E+002
10.20000000 8.60000000 5.00000000E+002
10.20000000 8.70000000 5.23437500E+002
10.20000000 8.80000000 5.46875000E+002
10.20000000 8.90000000 5.70312500E+002
10.20000000 9.00000000 5.93750000E+002
10.20000000 9.10000000 6.17187500E+002
10.20000000 9.20000000 6.40625000E+002
10.20000000 9.30000000 6.64062500E+002
10.20000000 9.40000000 6.87500000E+002
10.20000000 9.50000000 7.10937500E+002
10.20000000 9.60000000 7.34375000E+002
10.20000000 9.70000000 7.57812500E+002
10.20000000 9.80000000 7.81250000E+002
10.20000000 9.90000000 8.04687500E+002
10.20000000 10.00000000 8.28125000E+002
10.20000000 10.10000000 8.51562500E+002
10.20000000 10.20000000 8.75000000E+002
10.20000000 10.30000000 8.98437500E+002
10.20000000 10.40000000 9.21875000E+002
10.20000000 10.50000000 9.45312500E+002
10.20000000 10.60000000 9.68750000E+002
10.20000000 10.70000000 9.92187500E+002
10.20000000 10.80000000 1.01562500E+003
10.20000000 10.90000000 1.03906250E+003
10.20000000 11.00000000 1.06250000E+003
10.30000000 1.00000000 1.08593750E+003
10.30000000 1.10000000 1.06250000E+003
10.30000000 1.20000000 1.03906250E+003
10.30000000 1.30000000 1.01562500E+003
10.30000000 1.40000000 9.92187500E+002
10.30000000 1.50000000 9.68750000E+002
10.30000000 1.60000000 9.45312500E+002
10.30000000 1.70000000 9.21875000E+002
10.30000000 1.80000000 8.98437500E+002
10.30000000 1.90000000 8.75000000E+002
10.30000000 2.00000000 8.51562500E+002
10.30000000 2.10000000 8.28125000E+002
10.30000000 2.20000000 8.04687500E+002
10.30000000 2.30000000 7.81250000E+002
10.30000000 2.40000000 7.57812500E+002
10.30000000 2.50000000 7.34375000E+002
10.30000000 2.60000000 7.10937500E+002
10.30000000 2.70000000 6.87500000E+002
10.30000000 2.80000000 6.64062500E+002
10.30000000 2.90000000 6.40625000E+002
10.30000000 3.00000000 6.17187500E+002
10.30000000 3.10000000 5.93750000E+002
10.30000000 3.20000000 5.70312500E+002
10.30000000 3.30000000 5.46875000E+002
10.30000000 3.40000000 5.23437500E+002
10.30000000 3.50000000 5.00000000E+002
10.30000000 3.60000000 4.98437500E+002
10.30000000 3.70000000 4.96875000E+002
10.30000000 3.80000000 4.95312500E+002
10.30000000 3.90000000 4.93750000E+002
10.30000000 4.00000000 4.92187500E+002
10.30000000 4.10000000 4.90625000E+002
10.30000000 4.20000000 4.89062500E+002
10.30000000 4.30000000 4.87500000E+002
10.30000000 4.40000000 4.85937500E+002
10.30000000 4.50000000 4.84375000E+002
10.30000000 4.60000000 4.82812500E+002
10.30000000 4.70000000 4.81250000E+002
10.30000000 4.80000000 4.79687500E+002
10.30000000 4.90000000 4.78125000E+002
10.30000000 5.00000000 4.76562500E+002
10.30000000 5.10000000 4.75000000E+002
10.30000000 5.20000000 4.73437500E+002
10.30000000 5.30000000 4.71875000E+002
10.30000000 5.40000000 4.70312500E+002
10.30000000 5.50000000 4.68750000E+002
10.30000000 5.60000000 4.67187500E+002
10.30000000 5.70000000 4.65625000E+002
10.30000000 5.80000000 4.64062500E+002
10.30000000 5.90000000 4.62500000E+002
10.30000000 6.00000000 4.60937500E+002
10.30000000 6.10000000 4.62500000E+002
10.30000000 6.20000000 4.64062500E+002
10.30000000 6.30000000 4.65625000E+002
10.30000000 6.40000000 4.67187500E+002
10.30000000 6.50000000 4.68750000E+002
10.30000000 6.60000000 4.70312500E+002
10.30000000 6.70000000 4.71875000E+002
10.30000000 6.80000000 4.73437500E+002
10.30000000 6.90000000 4.75000000E+002
10.30000000 7.00000000 4.76562500E+002
10.30000000 7.10000000 4.78125000E+002
10.30000000 7.20000000 4.79687500E+002
10.30000000 7.30000000 4.81250000E+002
10.30000000 7.40000000 4.82812500E+002
10.30000000 7.50000000 4.84375000E+002
10.30000000 7.60000000 4.85937500E+002
10.30000000 7.70000000 4.87500000E+002
10.30000000 7.80000000 4.89062500E+002
10.30000000 7.90000000 4.90625000E+002
10.30000000 8.00000000 4.92187500E+002
10.30000000 8.10000000 4.93750000E+002
10.30000000 8.20000000 4.95312500E+002
10.30000000 8.30000000 4.96875000E+002
10.30000000 8.40000000 4.98437500E+002
10.30000000 8.50000000 5.00000000E+002
10.30000000 8.60000000 5.23437500E+002
10.30000000 8.70000000 5.46875000E+002
10.30000000 8.80000000 5.70312500E+002
10.30000000 8.90000000 5.93750000E+002
10.30000000 9.00000000 6.17187500E+002
10.30000000 9.10000000 6.40625000E+002
10.30000000 9.20000000 6.64062500E+002
10.30000000 9.30000000 6.87500000E+002
10.30000000 9.40000000 7.10937500E+002
10.30000000 9.50000000 7.34375000E+002
10.30000000 9.60000000 7.57812500E+002
10.30000000 9.70000000 7.81250000E+002
10.30000000 9.80000000 8.04687500E+002
10.30000000 9.90000000 8.28125000E+002
10.30000000 10.00000000 8.51562500E+002
10.30000000 10.10000000 8.75000000E+002
10.30000000 10.20000000 8.98437500E+002
10.30000000 10.30000000 9.21875000E+002
10.30000000 10.40000000 9.45312500E+002
10.30000000 10.50000000 9.68750000E+002
10.30000000 10.60000000 9.92187500E+002
10.30000000 10.70000000 1.01562500E+003
10.30000000 10.80000000 1.03906250E+003
10.30000000 10.90000000 1.06250000E+003
10.30000000 11.00000000 1.08593750E+003
10.40000000 1.00000000 1.10937500E+003
10.40000000 1.10000000 1.08593750E+003
10.40000000 1.20000000 1.06250000E+003
10.40000000 1.30000000 1.03906250E+003
10.40000000 1.40000000 1.01562500E+003
10.40000000 1.50000000 9.92187500E+002
10.40000000 1.60000000 9.68750000E+002
10.40000000 1.70000000 9.45312500E+002
10.40000000 1.80000000 9.21875000E+002
10.40000000 1.90000000 8.98437500E+002
10.40000000 2.00000000 8.75000000E+002
10.40000000 2.10000000 8.51562500E+002
10.40000000 2.20000000 8.28125000E+002
10.40000000 2.30000000 8.04687500E+002
10.40000000 2.40000000 7.81250000E+002
10.40000000 2.50000000 7.57812500E+002
10.40000000 2.60000000 7.34375000E+002
10.40000000 2.70000000 7.10937500E+002
10.40000000 2.80000000 6.87500000E+002
10.40000000 2.90000000 6.64062500E+002
10.40000000 3.00000000 6.40625000E+002
10.40000000 3.10000000 6.17187500E+002
10.40000000 3.20000000 5.93750000E+002
10.40000000 3.30000000 5.70312500E+002
10.40000000 3.40000000 5.46875000E+002
10.40000000 3.50000000 5.23437500E+002
10.40000000 3.60000000 5.21875000E+002
10.40000000 3.70000000 5.20312500E+002
10.40000000 3.80000000 5.18750000E+002
10.40000000 3.90000000 5.17187500E+002
10.40000000 4.00000000 5.15625000E+002
10.40000000 4.10000000 5.14062500E+002
10.40000000 4.20000000 5.12500000E+002
10.40000000 4.30000000 5.10937500E+002
10.40000000 4.40000000 5.09375000E+002
10.40000000 4.50000000 5.07812500E+002
10.40000000 4.60000000 5.06250000E+002
10.40000000 4.70000000 5.04687500E+002
10.40000000 4.80000000 5.03125000E+002
10.40000000 4.90000000 5.01562500E+002
10.40000000 5.00000000 5.00000000E+002
10.40000000 5.10000000 4.98437500E+002
10.40000000 5.20000000 4.96875000E+002
10.40000000 5.30000000 4.95312500E+002
10.40000000 5.40000000 4.93750000E+002
10.40000000 5.50000000 4.92187500E+002
10.40000000 5.60000000 4.90625000E+002
10.40000000 5.70000000 4.89062500E+002
10.40000000 5.80000000 4.87500000E+002
10.40000000 5.90000000 4.85937500E+002
10.40000000 6.00000000 4.84375000E+002
10.40000000 6.10000000 4.85937500E+002
10.40000000 6.20000000 4.87500000E+002
10.40000000 6.30000000 4.89062500E+002
10.40000000 6.40000000 4.90625000E+002
10.40000000 6.50000000 4.92187500E+002
10.40000000 6.60000000 4.93750000E+002
10.40000000 6.70000000 4.95312500E+002
10.40000000 6.80000000 4.96875000E+002
10.40000000 6.90000000 4.98437500E+002
10.40000000 7.00000000 5.00000000E+002
10.40000000 7.10000000 5.01562500E+002
10.40000000 7.20000000 5.03125000E+002
10.40000000 7.30000000 5.04687500E+002
10.40000000 7.40000000 5.06250000E+002
10.40000000 7.50000000 5.07812500E+002
10.40000000 7.60000000 5.09375000E+002
10.40000000 7.70000000 5.10937500E+002
10.40000000 7.80000000 5.12500000E+002
10.40000000 7.90000000 5.14062500E+002
10.40000000 8.00000000 5.15625000E+002
10.40000000 8.10000000 5.17187500E+002
10.40000000 8.20000000 5.18750000E+002
10.40000000 8.30000000 5.20312500E+002
10.40000000 8.40000000 5.21875000E+002
10.40000000 8.50000000 5.23437500E+002
10.40000000 8.60000000 5.46875000E+002
10.40000000 8.70000000 5.70312500E+002
10.40000000 8.80000000 5.93750000E+002
10.40000000 8.90000000 6.17187500E+002
10.40000000 9.00000000 6.40625000E+002
10.40000000 9.10000000 6.64062500E+002
10.40000000 9.20000000 6.87500000E+002
10.40000000 9.30000000 7.10937500E+002
10.40000000 9.40000000 7.34375000E+002
10.40000000 9.50000000 7.57812500E+002
10.40000000 9.60000000 7.81250000E+002
10.40000000 9.70000000 8.04687500E+002
10.40000000 9.80000000 8.28125000E+002
10.40000000 9.90000000 8.51562500E+002
10.40000000 10.00000000 8.75000000E+002
10.40000000 10.10000000 8.98437500E+002
10.40000000 10.20000000 9.21875000E+002
10.40000000 10.30000000 9.45312500E+002
10.40000000 10.40000000 9.68750000E+002
10.40000000 10.50000000 9.92187500E+002
10.40000000 10.60000000 1.01562500E+003
10.40000000 10.70000000 1.03906250E+003
10.40000000 10.80000000 1.06250000E+003
10.40000000 10.90000000 1.08593750E+003
10.40000000 11.00000000 1.10937500E+003
10.50000000 1.00000000 1.13281250E+003
10.50000000 1.10000000 1.10937500E+003
10.50000000 1.20000000 1.08593750E+003
10.50000000 1.30000000 1.06250000E+003
10.50000000 1.40000000 1.03906250E+003
10.50000000 1.50000000 1.01562500E+003
10.50000000 1.60000000 9.92187500E+002
10.50000000 1.70000000 9.68750000E+002
10.50000000 1.80000000 9.45312500E+002
10.50000000 1.90000000 9.21875000E+002
10.50000000 2.00000000 8.98437500E+002
10.50000000 2.10000000 8.75000000E+002
10.50000000 2.20000000 8.51562500E+002
10.50000000 2.30000000 8.28125000E+002
10.50000000 2.40000000 8.04687500E+002
10.50000000 2.50000000 7.81250000E+002
10.50000000 2.60000000 7.57812500E+002
10.50000000 2.70000000 7.34375000E+002
10.50000000 2.80000000 7.10937500E+002
10.50000000 2.90000000 6.87500000E+002
10.50000000 3.00000000 6.64062500E+002
10.50000000 3.10000000 6.40625000E+002
10.50000000 3.20000000 6.17187500E+002
10.50000000 3.30000000 5.93750000E+002
10.50000000 3.40000000 5.70312500E+002
10.50000000 3.50000000 5.46875000E+002
10.50000000 3.60000000 5.45312500E+002
10.50000000 3.70000000 5.43750000E+002
10.50000000 3.80000000 5.42187500E+002
10.50000000 3.90000000 5.40625000E+002
10.50000000 4.00000000 5.39062500E+002
10.50000000 4.10000000 5.37500000E+002
10.50000000 4.20000000 5.35937500E+002
10.50000000 4.30000000 5.34375000E+002
10.50000000 4.40000000 5.32812500E+002
10.50000000 4.50000000 5.31250000E+002
10.50000000 4.60000000 5.29687500E+002
10.50000000 4.70000000 5.28125000E+002
10.50000000 4.80000000 5.26562500E+002
10.50000000 4.90000000 5.25000000E+002
10.50000000 5.00000000 5.23437500E+002
10.50000000 5.10000000 5.21875000E+002
10.50000000 5.20000000 5.20312500E+002
10.50000000 5.30000000 5.18750000E+002
10.50000000 5.40000000 5.17187500E+002
10.50000000 5.50000000 5.15625000E+002
10.50000000 5.60000000 5.14062500E+002
10.50000000 5.70000000 5.12500000E+002
10.50000000 5.80000000 5.10937500E+002
10.50000000 5.90000000 5.09375000E+002
10.50000000 6.00000000 5.07812500E+002
10.50000000 6.10000000 5.09375000E+002
10.50000000 6.20000000 5.10937500E+002
10.50000000 6.30000000 5.12500000E+002
10.50000000 6.40000000 5.14062500E+002
10.50000000 6.50000000 5.15625000E+002
10.50000000 6.60000000 5.17187500E+002
10.50000000 6.70000000 5.18750000E+002
10.50000000 6.80000000 5.20312500E+002
10.50000000 6.90000000 5.21875000E+002
10.50000000 7.00000000 5.23437500E+002
10.50000000 7.10000000 5.25000000E+002
10.50000000 7.20000000 5.26562500E+002
10.50000000 7.30000000 5.28125000E+002
10.50000000 7.40000000 5.29687500E+002
10.50000000 7.50000000 5.31250000E+002
10.50000000 7.60000000 5.32812500E+002
10.50000000 7.70000000 5.34375000E+002
10.50000000 7.80000000 5.35937500E+002
10.50000000 7.90000000 5.37500000E+002
10.50000000 8.00000000 5.39062500E+002
10.50000000 8.10000000 5.40625000E+002
10.50000000 8.20000000 5.42187500E+002
10.50000000 8.30000000 5.43750000E+002
10.50000000 8.40000000 5.45312500E+002
10.50000000 8.50000000 5.46875000E+002
10.50000000 8.60000000 5.70312500E+002
10.50000000 8.70000000 5.93750000E+002
10.50000000 8.80000000 6.17187500E+002
10.50000000 8.90000000 6.40625000E+002
10.50000000 9.00000000 6.64062500E+002
10.50000000 9.10000000 6.87500000E+002
10.50000000 9.20000000 7.10937500E+002
10.50000000 9.30000000 7.34375000E+002
10.50000000 9.40000000 7.57812500E+002
10.50000000 9.50000000 7.81250000E+002
10.50000000 9.60000000 8.04687500E+002
10.50000000 9.70000000 8.28125000E+002
10.50000000 9.80000000 8.51562500E+002
10.50000000 9.90000000 8.75000000E+002
10.50000000 10.00000000 8.98437500E+002
10.50000000 10.10000000 9.21875000E+002
10.50000000 10.20000000 9.45312500E+002
10.50000000 10.30000000 9.68750000E+002
10.50000000 10.40000000 9.92187500E+002
10.50000000 10.50000000 1.01562500E+003
10.50000000 10.60000000 1.03906250E+003
10.50000000 10.70000000 1.06250000E+003
10.50000000 10.80000000 1.08593750E+003
10.50000000 10.90000000 1.10937500E+003
10.50000000 11.00000000 1.13281250E+003
10.60000000 1.00000000 1.15625000E+003
10.60000000 1.10000000 1.13281250E+003
10.60000000 1.20000000 1.10937500E+003
10.60000000 1.30000000 1.08593750E+003
10.60000000 1.40000000 1.06250000E+003
10.60000000 1.50000000 1.03906250E+003
10.60000000 1.60000000 1.01562500E+003
10.60000000 1.70000000 9.92187500E+002
10.60000000 1.80000000 9.68750000E+002
10.60000000 1.90000000 9.45312500E+002
10.60000000 2.00000000 9.21875000E+002
10.60000000 2.10000000 8.98437500E+002
10.60000000 2.20000000 8.75000000E+002
10.60000000 2.30000000 8.51562500E+002
10.60000000 2.40000000 8.28125000E+002
10.60000000 2.50000000 8.04687500E+002
10.60000000 2.60000000 7.81250000E+002
10.60000000 2.70000000 7.57812500E+002
10.60000000 2.80000000 7.34375000E+002
10.60000000 2.90000000 7.10937500E+002
10.60000000 3.00000000 6.87500000E+002
10.60000000 3.10000000 6.64062500E+002
10.60000000 3.20000000 6.40625000E+002
10.60000000 3.30000000 6.17187500E+002
10.60000000 3.40000000 5.93750000E+002
10.60000000 3.50000000 5.70312500E+002
10.60000000 3.60000000 5.68750000E+002
10.60000000 3.70000000 5.67187500E+002
10.60000000 3.80000000 5.65625000E+002
10.60000000 3.90000000 5.64062500E+002
10.60000000 4.00000000 5.62500000E+002
10.60000000 4.10000000 5.60937500E+002
10.60000000 4.20000000 5.59375000E+002
10.60000000 4.30000000 5.57812500E+002
10.60000000 4.40000000 5.56250000E+002
10.60000000 4.50000000 5.54687500E+002
10.60000000 4.60000000 5.53125000E+002
10.60000000 4.70000000 5.51562500E+002
10.60000000 4.80000000 5.50000000E+002
10.60000000 4.90000000 5.48437500E+002
10.60000000 5.00000000 5.46875000E+002
10.60000000 5.10000000 5.45312500E+002
10.60000000 5.20000000 5.43750000E+002
10.60000000 5.30000000 5.42187500E+002
10.60000000 5.40000000 5.40625000E+002
10.60000000 5.50000000 5.39062500E+002
10.60000000 5.60000000 5.37500000E+002
10.60000000 5.70000000 5.35937500E+002
10.60000000 5.80000000 5.34375000E+002
10.60000000 5.90000000 5.32812500E+002
10.60000000 6.00000000 5.31250000E+002
10.60000000 6.10000000 5.32812500E+002
10.60000000 6.20000000 5.34375000E+002
10.60000000 6.30000000 5.35937500E+002
10.60000000 6.40000000 5.37500000E+002
10.60000000 6.50000000 5.39062500E+002
10.60000000 6.60000000 5.40625000E+002
10.60000000 6.70000000 5.42187500E+002
10.60000000 6.80000000 5.43750000E+002
10.60000000 6.90000000 5.45312500E+002
10.60000000 7.00000000 5.46875000E+002
10.60000000 7.10000000 5.48437500E+002
10.60000000 7.20000000 5.50000000E+002
10.60000000 7.30000000 5.51562500E+002
10.60000000 7.40000000 5.53125000E+002
10.60000000 7.50000000 5.54687500E+002
10.60000000 7.60000000 5.56250000E+002
10.60000000 7.70000000 5.57812500E+002
10.60000000 7.80000000 5.59375000E+002
10.60000000 7.90000000 5.60937500E+002
10.60000000 8.00000000 5.62500000E+002
10.60000000 8.10000000 5.64062500E+002
10.60000000 8.20000000 5.65625000E+002
10.60000000 8.30000000 5.67187500E+002
10.60000000 8.40000000 5.68750000E+002
10.60000000 8.50000000 5.70312500E+002
10.60000000 8.60000000 5.93750000E+002
10.60000000 8.70000000 6.17187500E+002
10.60000000 8.80000000 6.40625000E+002
10.60000000 8.90000000 6.64062500E+002
10.60000000 9.00000000 6.87500000E+002
10.60000000 9.10000000 7.10937500E+002
10.60000000 9.20000000 7.34375000E+002
10.60000000 9.30000000 7.57812500E+002
10.60000000 9.40000000 7.81250000E+002
10.60000000 9.50000000 8.04687500E+002
10.60000000 9.60000000 8.28125000E+002
10.60000000 9.70000000 8.51562500E+002
10.60000000 9.80000000 8.75000000E+002
10.60000000 9.90000000 8.98437500E+002
10.60000000 10.00000000 9.21875000E+002
10.60000000 10.10000000 9.45312500E+002
10.60000000 10.20000000 9.68750000E+002
10.60000000 10.30000000 9.92187500E+002
10.60000000 10.40000000 1.01562500E+003
10.60000000 10.50000000 1.03906250E+003
10.60000000 10.60000000 1.06250000E+003
10.60000000 10.70000000 1.08593750E+003
10.60000000 10.80000000 1.10937500E+003
10.60000000 10.90000000 1.13281250E+003
10.60000000 11.00000000 1.15625000E+003
10.70000000 1.00000000 1.17968750E+003
10.70000000 1.10000000 1.15625000E+003
10.70000000 1.20000000 1.13281250E+003
10.70000000 1.30000000 1.10937500E+003
10.70000000 1.40000000 1.08593750E+003
10.70000000 1.50000000 1.06250000E+003
10.70000000 1.60000000 1.03906250E+003
10.70000000 1.70000000 1.01562500E+003
10.70000000 1.80000000 9.92187500E+002
10.70000000 1.90000000 9.68750000E+002
10.70000000 2.00000000 9.45312500E+002
10.70000000 2.10000000 9.21875000E+002
10.70000000 2.20000000 8.98437500E+002
10.70000000 2.30000000 8.75000000E+002
10.70000000 2.40000000 8.51562500E+002
10.70000000 2.50000000 8.28125000E+002
10.70000000 2.60000000 8.04687500E+002
10.70000000 2.70000000 7.81250000E+002
10.70000000 2.80000000 7.57812500E+002
10.70000000 2.90000000 7.34375000E+002
10.70000000 3.00000000 7.10937500E+002
10.70000000 3.10000000 6.87500000E+002
10.70000000 3.20000000 6.64062500E+002
10.70000000 3.30000000 6.40625000E+002
10.70000000 3.40000000 6.17187500E+002
10.70000000 3.50000000 5.93750000E+002
10.70000000 3.60000000 5.92187500E+002
10.70000000 3.70000000 5.90625000E+002
10.70000000 3.80000000 5.89062500E+002
10.70000000 3.90000000 5.87500000E+002
10.70000000 4.00000000 5.85937500E+002
10.70000000 4.10000000 5.84375000E+002
10.70000000 4.20000000 5.82812500E+002
10.70000000 4.30000000 5.81250000E+002
10.70000000 4.40000000 5.79687500E+002
10.70000000 4.50000000 5.78125000E+002
10.70000000 4.60000000 5.76562500E+002
10.70000000 4.70000000 5.75000000E+002
10.70000000 4.80000000 5.73437500E+002
10.70000000 4.90000000 5.71875000E+002
10.70000000 5.00000000 5.70312500E+002
10.70000000 5.10000000 5.68750000E+002
10.70000000 5.20000000 5.67187500E+002
10.70000000 5.30000000 5.65625000E+002
10.70000000 5.40000000 5.64062500E+002
10.70000000 5.50000000 5.62500000E+002
10.70000000 5.60000000 5.60937500E+002
10.70000000 5.70000000 5.59375000E+002
10.70000000 5.80000000 5.57812500E+002
10.70000000 5.90000000 5.56250000E+002
10.70000000 6.00000000 5.54687500E+002
10.70000000 6.10000000 5.56250000E+002
10.70000000 6.20000000 5.57812500E+002
10.70000000 6.30000000 5.59375000E+002
10.70000000 6.40000000 5.60937500E+002
10.70000000 6.50000000 5.62500000E+002
10.70000000 6.60000000 5.64062500E+002
10.70000000 6.70000000 5.65625000E+002
10.70000000 6.80000000 5.67187500E+002
10.70000000 6.90000000 5.68750000E+002
10.70000000 7.00000000 5.70312500E+002
10.70000000 7.10000000 5.71875000E+002
10.70000000 7.20000000 5.73437500E+002
10.70000000 7.30000000 5.75000000E+002
10.70000000 7.40000000 5.76562500E+002
10.70000000 7.50000000 5.78125000E+002
10.70000000 7.60000000 5.79687500E+002
10.70000000 7.70000000 5.81250000E+002
10.70000000 7.80000000 5.82812500E+002
10.70000000 7.90000000 5.84375000E+002
10.70000000 8.00000000 5.85937500E+002
10.70000000 8.10000000 5.87500000E+002
10.70000000 8.20000000 5.89062500E+002
10.70000000 8.30000000 5.90625000E+002
10.70000000 8.40000000 5.92187500E+002
10.70000000 8.50000000 5.93750000E+002
10.70000000 8.60000000 6.17187500E+002
10.70000000 8.70000000 6.40625000E+002
10.70000000 8.80000000 6.64062500E+002
10.70000000 8.90000000 6.87500000E+002
10.70000000 9.00000000 7.10937500E+002
10.70000000 9.10000000 7.34375000E+002
10.70000000 9.20000000 7.57812500E+002
10.70000000 9.30000000 7.81250000E+002
10.70000000 9.40000000 8.04687500E+002
10.70000000 9.50000000 8.28125000E+002
10.70000000 9.60000000 8.51562500E+002
10.70000000 9.70000000 8.75000000E+002
10.70000000 9.80000000 8.98437500E+002
10.70000000 9.90000000 9.21875000E+002
10.70000000 10.00000000 9.45312500E+002
10.70000000 10.10000000 9.68750000E+002
10.70000000 10.20000000 9.92187500E+002
10.70000000 10.30000000 1.01562500E+003
10.70000000 10.40000000 1.03906250E+003
10.70000000 10.50000000 1.06250000E+003
10.70000000 10.60000000 1.08593750E+003
10.70000000 10.70000000 1.10937500E+003
10.70000000 10.80000000 1.13281250E+003
10.70000000 10.90000000 1.15625000E+003
10.70000000 11.00000000 1.17968750E+003
10.80000000 1.00000000 1.20312500E+003
10.80000000 1.10000000 1.17968750E+003
10.80000000 1.20000000 1.15625000E+003
10.80000000 1.30000000 1.13281250E+003
10.80000000 1.40000000 1.10937500E+003
10.80000000 1.50000000 1.08593750E+003
10.80000000 1.60000000 1.06250000E+003
10.80000000 1.70000000 1.03906250E+003
10.80000000 1.80000000 1.01562500E+003
10.80000000 1.90000000 9.92187500E+002
10.80000000 2.00000000 9.68750000E+002
10.80000000 2.10000000 9.45312500E+002
10.80000000 2.20000000 9.21875000E+002
10.80000000 2.30000000 8.98437500E+002
10.80000000 2.40000000 8.75000000E+002
10.80000000 2.50000000 8.51562500E+002
10.80000000 2.60000000 8.28125000E+002
10.80000000 2.70000000 8.04687500E+002
10.80000000 2.80000000 7.81250000E+002
10.80000000 2.90000000 7.57812500E+002
10.80000000 3.00000000 7.34375000E+002
10.80000000 3.10000000 7.10937500E+002
10.80000000 3.20000000 6.87500000E+002
10.80000000 3.30000000 6.64062500E+002
10.80000000 3.40000000 6.40625000E+002
10.80000000 3.50000000 6.17187500E+002
10.80000000 3.60000000 6.15625000E+002
10.80000000 3.70000000 6.14062500E+002
10.80000000 3.80000000 6.12500000E+002
10.80000000 3.90000000 6.10937500E+002
10.80000000 4.00000000 6.09375000E+002
10.80000000 4.10000000 6.07812500E+002
10.80000000 4.20000000 6.06250000E+002
10.80000000 4.30000000 6.04687500E+002
10.80000000 4.40000000 6.03125000E+002
10.80000000 4.50000000 6.01562500E+002
10.80000000 4.60000000 6.00000000E+002
10.80000000 4.70000000 5.98437500E+002
10.80000000 4.80000000 5.96875000E+002
10.80000000 4.90000000 5.95312500E+002
10.80000000 5.00000000 5.93750000E+002
10.80000000 5.10000000 5.92187500E+002
10.80000000 5.20000000 5.90625000E+002
10.80000000 5.30000000 5.89062500E+002
10.80000000 5.40000000 5.87500000E+002
10.80000000 5.50000000 5.85937500E+002
10.80000000 5.60000000 5.84375000E+002
10.80000000 5.70000000 5.82812500E+002
10.80000000 5.80000000 5.81250000E+002
10.80000000 5.90000000 5.79687500E+002
10.80000000 6.00000000 5.78125000E+002
10.80000000 6.10000000 5.79687500E+002
10.80000000 6.20000000 5.81250000E+002
10.80000000 6.30000000 5.82812500E+002
10.80000000 6.40000000 5.84375000E+002
10.80000000 6.50000000 5.85937500E+002
10.80000000 6.60000000 5.87500000E+002
10.80000000 6.70000000 5.89062500E+002
10.80000000 6.80000000 5.90625000E+002
10.80000000 6.90000000 5.92187500E+002
10.80000000 7.00000000 5.93750000E+002
10.80000000 7.10000000 5.95312500E+002
10.80000000 7.20000000 5.96875000E+002
10.80000000 7.30000000 5.98437500E+002
10.80000000 7.40000000 6.00000000E+002
10.80000000 7.50000000 6.01562500E+002
10.80000000 7.60000000 6.03125000E+002
10.80000000 7.70000000 6.04687500E+002
10.80000000 7.80000000 6.06250000E+002
10.80000000 7.90000000 6.07812500E+002
10.80000000 8.00000000 6.09375000E+002
10.80000000 8.10000000 6.10937500E+002
10.80000000 8.20000000 6.12500000E+002
10.80000000 8.30000000 6.14062500E+002
10.80000000 8.40000000 6.15625000E+002
10.80000000 8.50000000 6.17187500E+002
10.80000000 8.60000000 6.40625000E+002
10.80000000 8.70000000 6.64062500E+002
10.80000000 8.80000000 6.87500000E+002
10.80000000 8.90000000 7.10937500E+002
10.80000000 9.00000000 7.34375000E+002
10.80000000 9.10000000 7.57812500E+002
10.80000000 9.20000000 7.81250000E+002
10.80000000 9.30000000 8.04687500E+002
10.80000000 9.40000000 8.28125000E+002
10.80000000 9.50000000 8.51562500E+002
10.80000000 9.60000000 8.75000000E+002
10.80000000 9.70000000 8.98437500E+002
10.80000000 9.80000000 9.21875000E+002
10.80000000 9.90000000 9.45312500E+002
10.80000000 10.00000000 9.68750000E+002
10.80000000 10.10000000 9.92187500E+002
10.80000000 10.20000000 1.01562500E+003
10.80000000 10.30000000 1.03906250E+003
10.80000000 10.40000000 1.06250000E+003
10.80000000 10.50000000 1.08593750E+003
10.80000000 10.60000000 1.10937500E+003
10.80000000 10.70000000 1.13281250E+003
10.80000000 10.80000000 1.15625000E+003
10.80000000 10.90000000 1.17968750E+003
10.80000000 11.00000000 1.20312500E+003
10.90000000 1.00000000 1.22656250E+003
10.90000000 1.10000000 1.20312500E+003
10.90000000 1.20000000 1.17968750E+003
10.90000000 1.30000000 1.15625000E+003
10.90000000 1.40000000 1.13281250E+003
10.90000000 1.50000000 1.10937500E+003
10.90000000 1.60000000 1.08593750E+003
10.90000000 1.70000000 1.06250000E+003
10.90000000 1.80000000 1.03906250E+003
10.90000000 1.90000000 1.01562500E+003
10.90000000 2.00000000 9.92187500E+002
10.90000000 2.10000000 9.68750000E+002
10.90000000 2.20000000 9.45312500E+002
10.90000000 2.30000000 9.21875000E+002
10.90000000 2.40000000 8.98437500E+002
10.90000000 2.50000000 8.75000000E+002
10.90000000 2.60000000 8.51562500E+002
10.90000000 2.70000000 8.28125000E+002
10.90000000 2.80000000 8.04687500E+002
10.90000000 2.90000000 7.81250000E+002
10.90000000 3.00000000 7.57812500E+002
10.90000000 3.10000000 7.34375000E+002
10.90000000 3.20000000 7.10937500E+002
10.90000000 3.30000000 6.87500000E+002
10.90000000 3.40000000 6.64062500E+002
10.90000000 3.50000000 6.40625000E+002
10.90000000 3.60000000 6.39062500E+002
10.90000000 3.70000000 6.37500000E+002
10.90000000 3.80000000 6.35937500E+002
10.90000000 3.90000000 6.34375000E+002
10.90000000 4.00000000 6.32812500E+002
10.90000000 4.10000000 6.31250000E+002
10.90000000 4.20000000 6.29687500E+002
10.90000000 4.30000000 6.28125000E+002
10.90000000 4.40000000 6.26562500E+002
10.90000000 4.50000000 6.25000000E+002
10.90000000 4.60000000 6.23437500E+002
10.90000000 4.70000000 6.21875000E+002
10.90000000 4.80000000 6.20312500E+002
10.90000000 4.90000000 6.18750000E+002
10.90000000 5.00000000 6.17187500E+002
10.90000000 5.10000000 6.15625000E+002
10.90000000 5.20000000 6.14062500E+002
10.90000000 5.30000000 6.12500000E+002
10.90000000 5.40000000 6.10937500E+002
10.90000000 5.50000000 6.09375000E+002
10.90000000 5.60000000 6.07812500E+002
10.90000000 5.70000000 6.06250000E+002
10.90000000 5.80000000 6.04687500E+002
10.90000000 5.90000000 6.03125000E+002
10.90000000 6.00000000 6.01562500E+002
10.90000000 6.10000000 6.03125000E+002
10.90000000 6.20000000 6.04687500E+002
10.90000000 6.30000000 6.06250000E+002
10.90000000 6.40000000 6.07812500E+002
10.90000000 6.50000000 6.09375000E+002
10.90000000 6.60000000 6.10937500E+002
10.90000000 6.70000000 6.12500000E+002
10.90000000 6.80000000 6.14062500E+002
10.90000000 6.90000000 6.15625000E+002
10.90000000 7.00000000 6.17187500E+002
10.90000000 7.10000000 6.18750000E+002
10.90000000 7.20000000 6.20312500E+002
10.90000000 7.30000000 6.21875000E+002
10.90000000 7.40000000 6.23437500E+002
10.90000000 7.50000000 6.25000000E+002
10.90000000 7.60000000 6.26562500E+002
10.90000000 7.70000000 6.28125000E+002
10.90000000 7.80000000 6.29687500E+002
10.90000000 7.90000000 6.31250000E+002
10.90000000 8.00000000 6.32812500E+002
10.90000000 8.10000000 6.34375000E+002
10.90000000 8.20000000 6.35937500E+002
10.90000000 8.30000000 6.37500000E+002
10.90000000 8.40000000 6.39062500E+002
10.90000000 8.50000000 6.40625000E+002
10.90000000 8.60000000 6.64062500E+002
10.90000000 8.70000000 6.87500000E+002
10.90000000 8.80000000 7.10937500E+002
10.90000000 8.90000000 7.34375000E+002
10.90000000 9.00000000 7.57812500E+002
10.90000000 9.10000000 7.81250000E+002
10.90000000 9.20000000 8.04687500E+002
10.90000000 9.30000000 8.28125000E+002
10.90000000 9.40000000 8.51562500E+002
10.90000000 9.50000000 8.75000000E+002
10.90000000 9.60000000 8.98437500E+002
10.90000000 9.70000000 9.21875000E+002
10.90000000 9.80000000 9.45312500E+002
10.90000000 9.90000000 9.68750000E+002
10.90000000 10.00000000 9.92187500E+002
10.90000000 10.10000000 1.01562500E+003
10.90000000 10.20000000 1.03906250E+003
10.90000000 10.30000000 1.06250000E+003
10.90000000 10.40000000 1.08593750E+003
10.90000000 10.50000000 1.10937500E+003
10.90000000 10.60000000 1.13281250E+003
10.90000000 10.70000000 1.15625000E+003
10.90000000 10.80000000 1.17968750E+003
10.90000000 10.90000000 1.20312500E+003
10.90000000 11.00000000 1.22656250E+003
11.00000000 1.00000000 1.25000000E+003
11.00000000 1.10000000 1.22656250E+003
11.00000000 1.20000000 1.20312500E+003
11.00000000 1.30000000 1.17968750E+003
11.00000000 1.40000000 1.15625000E+003
11.00000000 1.50000000 1.13281250E+003
11.00000000 1.60000000 1.10937500E+003
11.00000000 1.70000000 1.08593750E+003
11.00000000 1.80000000 1.06250000E+003
11.00000000 1.90000000 1.03906250E+003
11.00000000 2.00000000 1.01562500E+003
11.00000000 2.10000000 9.92187500E+002
11.00000000 2.20000000 9.68750000E+002
11.00000000 2.30000000 9.45312500E+002
11.00000000 2.40000000 9.21875000E+002
11.00000000 2.50000000 8.98437500E+002
11.00000000 2.60000000 8.75000000E+002
11.00000000 2.70000000 8.51562500E+002
11.00000000 2.80000000 8.28125000E+002
11.00000000 2.90000000 8.04687500E+002
11.00000000 3.00000000 7.81250000E+002
11.00000000 3.10000000 7.57812500E+002
11.00000000 3.20000000 7.34375000E+002
11.00000000 3.30000000 7.10937500E+002
11.00000000 3.40000000 6.87500000E+002
11.00000000 3.50000000 6.64062500E+002
11.00000000 3.60000000 6.62500000E+002
11.00000000 3.70000000 6.60937500E+002
11.00000000 3.80000000 6.59375000E+002
11.00000000 3.90000000 6.57812500E+002
11.00000000 4.00000000 6.56250000E+002
11.00000000 4.10000000 6.54687500E+002
11.00000000 4.20000000 6.53125000E+002
11.00000000 4.30000000 6.51562500E+002
11.00000000 4.40000000 6.50000000E+002
11.00000000 4.50000000 6.48437500E+002
11.00000000 4.60000000 6.46875000E+002
11.00000000 4.70000000 6.45312500E+002
11.00000000 4.80000000 6.43750000E+002
11.00000000 4.90000000 6.42187500E+002
11.00000000 5.00000000 6.40625000E+002
11.00000000 5.10000000 6.39062500E+002
11.00000000 5.20000000 6.37500000E+002
11.00000000 5.30000000 6.35937500E+002
11.00000000 5.40000000 6.34375000E+002
11.00000000 5.50000000 6.32812500E+002
11.00000000 5.60000000 6.31250000E+002
11.00000000 5.70000000 6.29687500E+002
11.00000000 5.80000000 6.28125000E+002
11.00000000 5.90000000 6.26562500E+002
11.00000000 6.00000000 6.25000000E+002
11.00000000 6.10000000 6.26562500E+002
11.00000000 6.20000000 6.28125000E+002
11.00000000 6.30000000 6.29687500E+002
11.00000000 6.40000000 6.31250000E+002
11.00000000 6.50000000 6.32812500E+002
11.00000000 6.60000000 6.34375000E+002
11.00000000 6.70000000 6.35937500E+002
11.00000000 6.80000000 6.37500000E+002
11.00000000 6.90000000 6.39062500E+002
11.00000000 7.00000000 6.40625000E+002
11.00000000 7.10000000 6.42187500E+002
11.00000000 7.20000000 6.43750000E+002
11.00000000 7.30000000 6.45312500E+002
11.00000000 7.40000000 6.46875000E+002
11.00000000 7.50000000 6.48437500E+002
11.00000000 7.60000000 6.50000000E+002
11.00000000 7.70000000 6.51562500E+002
11.00000000 7.80000000 6.53125000E+002
11.00000000 7.90000000 6.54687500E+002
11.00000000 8.00000000 6.56250000E+002
11.00000000 8.10000000 6.57812500E+002
11.00000000 8.20000000 6.59375000E+002
11.00000000 8.30000000 6.60937500E+002
11.00000000 8.40000000 6.62500000E+002
11.00000000 8.50000000 6.64062500E+002
11.00000000 8.60000000 6.87500000E+002
11.00000000 8.70000000 7.10937500E+002
11.00000000 8.80000000 7.34375000E+002
11.00000000 8.90000000 7.57812500E+002
11.00000000 9.00000000 7.81250000E+002
11.00000000 9.10000000 8.04687500E+002
11.00000000 9.20000000 8.28125000E+002
11.00000000 9.30000000 8.51562500E+002
11.00000000 9.40000000 8.75000000E+002
11.00000000 9.50000000 8.98437500E+002
11.00000000 9.60000000 9.21875000E+002
11.00000000 9.70000000 9.45312500E+002
11.00000000 9.80000000 9.68750000E+002
11.00000000 9.90000000 9.92187500E+002
11.00000000 10.00000000 1.01562500E+003
11.00000000 10.10000000 1.03906250E+003
11.00000000 10.20000000 1.06250000E+003
11.00000000 10.30000000 1.08593750E+003
11.00000000 10.40000000 1.10937500E+003
11.00000000 10.50000000 1.13281250E+003
11.00000000 10.60000000 1.15625000E+003
11.00000000 10.70000000 1.17968750E+003
11.00000000 10.80000000 1.20312500E+003
11.00000000 10.90000000 1.22656250E+003
11.00000000 11.00000000 1.25000000E+003
