1.00000000 1.00000000 1.25000000E+003
1.00000000 1.10000000 1.20510660E+003
1.00000000 1.20000000 1.16021319E+003
1.00000000 1.30000000 1.11531979E+003
1.00000000 1.40000000 1.07438958E+003
1.00000000 1.50000000 1.03874362E+003
1.00000000 1.60000000 1.00309767E+003
1.00000000 1.70000000 9.67451713E+002
1.00000000 1.80000000 9.38560756E+002
1.00000000 1.90000000 9.10795632E+002
1.00000000 2.00000000 8.83030508E+002
1.00000000 2.10000000 8.57157825E+002
1.00000000 2.20000000 8.36016243E+002
1.00000000 2.30000000 8.14874662E+002
1.00000000 2.40000000 7.93733080E+002
1.00000000 2.50000000 7.76502629E+002
1.00000000 2.60000000 7.60836631E+002
1.00000000 2.70000000 7.45170632E+002
1.00000000 2.80000000 7.30138484E+002
1.00000000 2.90000000 7.18909439E+002
1.00000000 3.00000000 7.07680394E+002
1.00000000 3.10000000 6.96451348E+002
1.00000000 3.20000000 6.87226676E+002
1.00000000 3.30000000 6.79505284E+002
1.00000000 3.40000000 6.71783892E+002
1.00000000 3.50000000 6.64062500E+002
1.00000000 3.60000000 6.59028790E+002
1.00000000 3.70000000 6.53995080E+002
1.00000000 3.80000000 6.48961370E+002
1.00000000 3.90000000 6.44774964E+002
1.00000000 4.00000000 6.41718294E+002
1.00000000 4.10000000 6.38661625E+002
1.00000000 4.20000000 6.35604956E+002
1.00000000 4.30000000 6.33727483E+002
1.00000000 4.40000000 6.32046543E+002
1.00000000 4.50000000 6.30365603E+002
1.00000000 4.60000000 6.28937162E+002
1.00000000 4.70000000 6.28139968E+002
1.00000000 4.80000000 6.27342774E+002
1.00000000 4.90000000 6.26545580E+002
1.00000000 5.00000000 6.26106310E+002
1.00000000 5.10000000 6.25810209E+002
1.00000000 5.20000000 6.25514109E+002
1.00000000 5.30000000 6.25250547E+002
1.00000000 5.40000000 6.25182216E+002
1.00000000 5.50000000 6.25113885E+002
1.00000000 5.60000000 6.25045554E+002
1.00000000 5.70000000 6.25013666E+002
1.00000000 5.80000000 6.25009111E+002
1.00000000 5.90000000 6.25004555E+002
1.00000000 6.00000000 6.25000000E+002
1.00000000 6.10000000 6.25004555E+002
1.00000000 6.20000000 6.25009111E+002
1.00000000 6.30000000 6.25013666E+002
1.00000000 6.40000000 6.25045554E+002
1.00000000 6.50000000 6.25113885E+002
1.00000000 6.60000000 6.25182216E+002
1.00000000 6.70000000 6.25250547E+002
1.00000000 6.80000000 6.25514109E+002
1.00000000 6.90000000 6.25810209E+002
1.00000000 7.00000000 6.26106310E+002
1.00000000 7.10000000 6.26545580E+002
1.00000000 7.20000000 6.27342774E+002
1.00000000 7.30000000 6.28139968E+002
1.00000000 7.40000000 6.28937162E+002
1.00000000 7.50000000 6.30365603E+002
1.00000000 7.60000000 6.32046543E+002
1.00000000 7.70000000 6.33727483E+002
1.00000000 7.80000000 6.35604956E+002
1.00000000 7.90000000 6.38661625E+002
1.00000000 8.00000000 6.41718294E+002
1.00000000 8.10000000 6.44774964E+002
1.00000000 8.20000000 6.48961370E+002
1.00000000 8.30000000 6.53995080E+002
1.00000000 8.40000000 6.59028790E+002
1.00000000 8.50000000 6.64062500E+002
1.00000000 8.60000000 6.71783892E+002
1.00000000 8.70000000 6.79505284E+002
1.00000000 8.80000000 6.87226676E+002
1.00000000 8.90000000 6.96451348E+002
1.00000000 9.00000000 7.07680394E+002
1.00000000 9.10000000 7.18909439E+002
1.00000000 9.20000000 7.30138484E+002
1.00000000 9.30000000 7.45170632E+002
1.00000000 9.40000000 7.60836631E+002
1.00000000 9.50000000 7.76502629E+002
1.00000000 9.60000000 7.93733080E+002
1.00000000 9.70000000 8.14874662E+002
1.00000000 9.80000000 8.36016243E+002
1.00000000 9.90000000 8.57157825E+002
1.00000000 10.00000000 8.83030508E+002
1.00000000 10.10000000 9.10795632E+002
1.00000000 10.20000000 9.38560756E+002
1.00000000 10.30000000 9.67451713E+002
1.00000000 10.40000000 1.00309767E+003
1.00000000 10.50000000 1.03874362E+003
1.00000000 10.60000000 1.07438958E+003
1.00000000 10.70000000 1.11531979E+003
1.00000000 10.80000000 1.16021319E+003
1.00000000 10.90000000 1.20510660E+003
1.00000000 11.00000000 1.25000000E+003
1.10000000 1.00000000 1.20510660E+003
1.10000000 1.10000000 1.16021319E+003
1.10000000 1.20000000 1.11531979E+003
1.10000000 1.30000000 1.07042638E+003
1.10000000 1.40000000 1.02949617E+003
1.10000000 1.50000000 9.93850219E+002
1.10000000 1.60000000 9.58204264E+002
1.10000000 1.70000000 9.22558309E+002
1.10000000 1.80000000 8.93667352E+002
1.10000000 1.90000000 8.65902228E+002
1.10000000 2.00000000 8.38137104E+002
1.10000000 2.10000000 8.12264421E+002
1.10000000 2.20000000 7.91122839E+002
1.10000000 2.30000000 7.69981258E+002
1.10000000 2.40000000 7.48839676E+002
1.10000000 2.50000000 7.31609225E+002
1.10000000 2.60000000 7.15943227E+002
1.10000000 2.70000000 7.00277228E+002
1.10000000 2.80000000 6.85245080E+002
1.10000000 2.90000000 6.74016035E+002
1.10000000 3.00000000 6.62786990E+002
1.10000000 3.10000000 6.51557945E+002
1.10000000 3.20000000 6.42333273E+002
1.10000000 3.30000000 6.34611880E+002
1.10000000 3.40000000 6.26890488E+002
1.10000000 3.50000000 6.19169096E+002
1.10000000 3.60000000 6.14135386E+002
1.10000000 3.70000000 6.09101676E+002
1.10000000 3.80000000 6.04067966E+002
1.10000000 3.90000000 5.99881560E+002
1.10000000 4.00000000 5.96824891E+002
1.10000000 4.10000000 5.93768222E+002
1.10000000 4.20000000 5.90711552E+002
1.10000000 4.30000000 5.88834080E+002
1.10000000 4.40000000 5.87153139E+002
1.10000000 4.50000000 5.85472199E+002
1.10000000 4.60000000 5.84043758E+002
1.10000000 4.70000000 5.83246564E+002
1.10000000 4.80000000 5.82449370E+002
1.10000000 4.90000000 5.81652176E+002
1.10000000 5.00000000 5.81212906E+002
1.10000000 5.10000000 5.80916805E+002
1.10000000 5.20000000 5.80620705E+002
1.10000000 5.30000000 5.80357143E+002
1.10000000 5.40000000 5.80288812E+002
1.10000000 5.50000000 5.80220481E+002
1.10000000 5.60000000 5.80152150E+002
1.10000000 5.70000000 5.80120262E+002
1.10000000 5.80000000 5.80115707E+002
1.10000000 5.90000000 5.80111152E+002
1.10000000 6.00000000 5.80106596E+002
1.10000000 6.10000000 5.80111152E+002
1.10000000 6.20000000 5.80115707E+002
1.10000000 6.30000000 5.80120262E+002
1.10000000 6.40000000 5.80152150E+002
1.10000000 6.50000000 5.80220481E+002
1.10000000 6.60000000 5.80288812E+002
1.10000000 6.70000000 5.80357143E+002
1.10000000 6.80000000 5.80620705E+002
1.10000000 6.90000000 5.80916805E+002
1.10000000 7.00000000 5.81212906E+002
1.10000000 7.10000000 5.81652176E+002
1.10000000 7.20000000 5.82449370E+002
1.10000000 7.30000000 5.83246564E+002
1.10000000 7.40000000 5.84043758E+002
1.10000000 7.50000000 5.85472199E+002
1.10000000 7.60000000 5.87153139E+002
1.10000000 7.70000000 5.88834080E+002
1.10000000 7.80000000 5.90711552E+002
1.10000000 7.90000000 5.93768222E+002
1.10000000 8.00000000 5.96824891E+002
1.10000000 8.10000000 5.99881560E+002
1.10000000 8.20000000 6.04067966E+002
1.10000000 8.30000000 6.09101676E+002
1.10000000 8.40000000 6.14135386E+002
1.10000000 8.50000000 6.19169096E+002
1.10000000 8.60000000 6.26890488E+002
1.10000000 8.70000000 6.34611880E+002
1.10000000 8.80000000 6.42333273E+002
1.10000000 8.90000000 6.51557945E+002
1.10000000 9.00000000 6.62786990E+002
1.10000000 9.10000000 6.74016035E+002
1.10000000 9.20000000 6.85245080E+002
1.10000000 9.30000000 7.00277228E+002
1.10000000 9.40000000 7.15943227E+002
1.10000000 9.50000000 7.31609225E+002
1.10000000 9.60000000 7.48839676E+002
1.10000000 9.70000000 7.69981258E+002
1.10000000 9.80000000 7.91122839E+002
1.10000000 9.90000000 8.12264421E+002
1.10000000 10.00000000 8.38137104E+002
1.10000000 10.10000000 8.65902228E+002
1.10000000 10.20000000 8.93667352E+002
1.10000000 10.30000000 9.22558309E+002
1.10000000 10.40000000 9.58204264E+002
1.10000000 10.50000000 9.93850219E+002
1.10000000 10.60000000 1.02949617E+003
1.10000000 10.70000000 1.07042638E+003
1.10000000 10.80000000 1.11531979E+003
1.10000000 10.90000000 1.16021319E+003
1.10000000 11.00000000 1.20510660E+003
1.20000000 1.00000000 1.16021319E+003
1.20000000 1.10000000 1.11531979E+003
1.20000000 1.20000000 1.07042638E+003
1.20000000 1.30000000 1.02553298E+003
1.20000000 1.40000000 9.84602770E+002
1.20000000 1.50000000 9.48956815E+002
1.20000000 1.60000000 9.13310860E+002
1.20000000 1.70000000 8.77664905E+002
1.20000000 1.80000000 8.48773948E+002
1.20000000 1.90000000 8.21008824E+002
1.20000000 2.00000000 7.93243701E+002
1.20000000 2.10000000 7.67371017E+002
1.20000000 2.20000000 7.46229436E+002
1.20000000 2.30000000 7.25087854E+002
1.20000000 2.40000000 7.03946272E+002
1.20000000 2.50000000 6.86715822E+002
1.20000000 2.60000000 6.71049823E+002
1.20000000 2.70000000 6.55383824E+002
1.20000000 2.80000000 6.40351676E+002
1.20000000 2.90000000 6.29122631E+002
1.20000000 3.00000000 6.17893586E+002
1.20000000 3.10000000 6.06664541E+002
1.20000000 3.20000000 5.97439869E+002
1.20000000 3.30000000 5.89718477E+002
1.20000000 3.40000000 5.81997085E+002
1.20000000 3.50000000 5.74275692E+002
1.20000000 3.60000000 5.69241983E+002
1.20000000 3.70000000 5.64208273E+002
1.20000000 3.80000000 5.59174563E+002
1.20000000 3.90000000 5.54988156E+002
1.20000000 4.00000000 5.51931487E+002
1.20000000 4.10000000 5.48874818E+002
1.20000000 4.20000000 5.45818149E+002
1.20000000 4.30000000 5.43940676E+002
1.20000000 4.40000000 5.42259736E+002
1.20000000 4.50000000 5.40578795E+002
1.20000000 4.60000000 5.39150354E+002
1.20000000 4.70000000 5.38353160E+002
1.20000000 4.80000000 5.37555966E+002
1.20000000 4.90000000 5.36758772E+002
1.20000000 5.00000000 5.36319502E+002
1.20000000 5.10000000 5.36023402E+002
1.20000000 5.20000000 5.35727301E+002
1.20000000 5.30000000 5.35463739E+002
1.20000000 5.40000000 5.35395408E+002
1.20000000 5.50000000 5.35327077E+002
1.20000000 5.60000000 5.35258746E+002
1.20000000 5.70000000 5.35226859E+002
1.20000000 5.80000000 5.35222303E+002
1.20000000 5.90000000 5.35217748E+002
1.20000000 6.00000000 5.35213192E+002
1.20000000 6.10000000 5.35217748E+002
1.20000000 6.20000000 5.35222303E+002
1.20000000 6.30000000 5.35226859E+002
1.20000000 6.40000000 5.35258746E+002
1.20000000 6.50000000 5.35327077E+002
1.20000000 6.60000000 5.35395408E+002
1.20000000 6.70000000 5.35463739E+002
1.20000000 6.80000000 5.35727301E+002
1.20000000 6.90000000 5.36023402E+002
1.20000000 7.00000000 5.36319502E+002
1.20000000 7.10000000 5.36758772E+002
1.20000000 7.20000000 5.37555966E+002
1.20000000 7.30000000 5.38353160E+002
1.20000000 7.40000000 5.39150354E+002
1.20000000 7.50000000 5.40578795E+002
1.20000000 7.60000000 5.42259736E+002
1.20000000 7.70000000 5.43940676E+002
1.20000000 7.80000000 5.45818149E+002
1.20000000 7.90000000 5.48874818E+002
1.20000000 8.00000000 5.51931487E+002
1.20000000 8.10000000 5.54988156E+002
1.20000000 8.20000000 5.59174563E+002
1.20000000 8.30000000 5.64208273E+002
1.20000000 8.40000000 5.69241983E+002
1.20000000 8.50000000 5.74275692E+002
1.20000000 8.60000000 5.81997085E+002
1.20000000 8.70000000 5.89718477E+002
1.20000000 8.80000000 5.97439869E+002
1.20000000 8.90000000 6.06664541E+002
1.20000000 9.00000000 6.17893586E+002
1.20000000 9.10000000 6.29122631E+002
1.20000000 9.20000000 6.40351676E+002
1.20000000 9.30000000 6.55383824E+002
1.20000000 9.40000000 6.71049823E+002
1.20000000 9.50000000 6.86715822E+002
1.20000000 9.60000000 7.03946272E+002
1.20000000 9.70000000 7.25087854E+002
1.20000000 9.80000000 7.46229436E+002
1.20000000 9.90000000 7.67371017E+002
1.20000000 10.00000000 7.93243701E+002
1.20000000 10.10000000 8.21008824E+002
1.20000000 10.20000000 8.48773948E+002
1.20000000 10.30000000 8.77664905E+002
1.20000000 10.40000000 9.13310860E+002
1.20000000 10.50000000 9.48956815E+002
1.20000000 10.60000000 9.84602770E+002
1.20000000 10.70000000 1.02553298E+003
1.20000000 10.80000000 1.07042638E+003
1.20000000 10.90000000 1.11531979E+003
1.20000000 11.00000000 1.16021319E+003
1.30000000 1.00000000 1.11531979E+003
1.30000000 1.10000000 1.07042638E+003
1.30000000 1.20000000 1.02553298E+003
1.30000000 1.30000000 9.80639577E+002
1.30000000 1.40000000 9.39709366E+002
1.30000000 1.50000000 9.04063411E+002
1.30000000 1.60000000 8.68417456E+002
1.30000000 1.70000000 8.32771501E+002
1.30000000 1.80000000 8.03880545E+002
1.30000000 1.90000000 7.76115421E+002
1.30000000 2.00000000 7.48350297E+002
1.30000000 2.10000000 7.22477613E+002
1.30000000 2.20000000 7.01336032E+002
1.30000000 2.30000000 6.80194450E+002
1.30000000 2.40000000 6.59052869E+002
1.30000000 2.50000000 6.41822418E+002
1.30000000 2.60000000 6.26156419E+002
1.30000000 2.70000000 6.10490421E+002
1.30000000 2.80000000 5.95458273E+002
1.30000000 2.90000000 5.84229227E+002
1.30000000 3.00000000 5.73000182E+002
1.30000000 3.10000000 5.61771137E+002
1.30000000 3.20000000 5.52546465E+002
1.30000000 3.30000000 5.44825073E+002
1.30000000 3.40000000 5.37103681E+002
1.30000000 3.50000000 5.29382289E+002
1.30000000 3.60000000 5.24348579E+002
1.30000000 3.70000000 5.19314869E+002
1.30000000 3.80000000 5.14281159E+002
1.30000000 3.90000000 5.10094752E+002
1.30000000 4.00000000 5.07038083E+002
1.30000000 4.10000000 5.03981414E+002
1.30000000 4.20000000 5.00924745E+002
1.30000000 4.30000000 4.99047272E+002
1.30000000 4.40000000 4.97366332E+002
1.30000000 4.50000000 4.95685392E+002
1.30000000 4.60000000 4.94256950E+002
1.30000000 4.70000000 4.93459756E+002
1.30000000 4.80000000 4.92662562E+002
1.30000000 4.90000000 4.91865369E+002
1.30000000 5.00000000 4.91426099E+002
1.30000000 5.10000000 4.91129998E+002
1.30000000 5.20000000 4.90833897E+002
1.30000000 5.30000000 4.90570335E+002
1.30000000 5.40000000 4.90502004E+002
1.30000000 5.50000000 4.90433673E+002
1.30000000 5.60000000 4.90365343E+002
1.30000000 5.70000000 4.90333455E+002
1.30000000 5.80000000 4.90328899E+002
1.30000000 5.90000000 4.90324344E+002
1.30000000 6.00000000 4.90319789E+002
1.30000000 6.10000000 4.90324344E+002
1.30000000 6.20000000 4.90328899E+002
1.30000000 6.30000000 4.90333455E+002
1.30000000 6.40000000 4.90365343E+002
1.30000000 6.50000000 4.90433673E+002
1.30000000 6.60000000 4.90502004E+002
1.30000000 6.70000000 4.90570335E+002
1.30000000 6.80000000 4.90833897E+002
1.30000000 6.90000000 4.91129998E+002
1.30000000 7.00000000 4.91426099E+002
1.30000000 7.10000000 4.91865369E+002
1.30000000 7.20000000 4.92662562E+002
1.30000000 7.30000000 4.93459756E+002
1.30000000 7.40000000 4.94256950E+002
1.30000000 7.50000000 4.95685392E+002
1.30000000 7.60000000 4.97366332E+002
1.30000000 7.70000000 4.99047272E+002
1.30000000 7.80000000 5.00924745E+002
1.30000000 7.90000000 5.03981414E+002
1.30000000 8.00000000 5.07038083E+002
1.30000000 8.10000000 5.10094752E+002
1.30000000 8.20000000 5.14281159E+002
1.30000000 8.30000000 5.19314869E+002
1.30000000 8.40000000 5.24348579E+002
1.30000000 8.50000000 5.29382289E+002
1.30000000 8.60000000 5.37103681E+002
1.30000000 8.70000000 5.44825073E+002
1.30000000 8.80000000 5.52546465E+002
1.30000000 8.90000000 5.61771137E+002
1.30000000 9.00000000 5.73000182E+002
1.30000000 9.10000000 5.84229227E+002
1.30000000 9.20000000 5.95458273E+002
1.30000000 9.30000000 6.10490421E+002
1.30000000 9.40000000 6.26156419E+002
1.30000000 9.50000000 6.41822418E+002
1.30000000 9.60000000 6.59052869E+002
1.30000000 9.70000000 6.80194450E+002
1.30000000 9.80000000 7.01336032E+002
1.30000000 9.90000000 7.22477613E+002
1.30000000 10.00000000 7.48350297E+002
1.30000000 10.10000000 7.76115421E+002
1.30000000 10.20000000 8.03880545E+002
1.30000000 10.30000000 8.32771501E+002
1.30000000 10.40000000 8.68417456E+002
1.30000000 10.50000000 9.04063411E+002
1.30000000 10.60000000 9.39709366E+002
1.30000000 10.70000000 9.80639577E+002
1.30000000 10.80000000 1.02553298E+003
1.30000000 10.90000000 1.07042638E+003
1.30000000 11.00000000 1.11531979E+003
1.40000000 1.00000000 1.07438958E+003
1.40000000 1.10000000 1.02949617E+003
1.40000000 1.20000000 9.84602770E+002
1.40000000 1.30000000 9.39709366E+002
1.40000000 1.40000000 8.98779155E+002
1.40000000 1.50000000 8.63133200E+002
1.40000000 1.60000000 8.27487245E+002
1.40000000 1.70000000 7.91841290E+002
1.40000000 1.80000000 7.62950333E+002
1.40000000 1.90000000 7.35185209E+002
1.40000000 2.00000000 7.07420085E+002
1.40000000 2.10000000 6.81547402E+002
1.40000000 2.20000000 6.60405820E+002
1.40000000 2.30000000 6.39264239E+002
1.40000000 2.40000000 6.18122657E+002
1.40000000 2.50000000 6.00892206E+002
1.40000000 2.60000000 5.85226208E+002
1.40000000 2.70000000 5.69560209E+002
1.40000000 2.80000000 5.54528061E+002
1.40000000 2.90000000 5.43299016E+002
1.40000000 3.00000000 5.32069971E+002
1.40000000 3.10000000 5.20840926E+002
1.40000000 3.20000000 5.11616254E+002
1.40000000 3.30000000 5.03894862E+002
1.40000000 3.40000000 4.96173469E+002
1.40000000 3.50000000 4.88452077E+002
1.40000000 3.60000000 4.83418367E+002
1.40000000 3.70000000 4.78384657E+002
1.40000000 3.80000000 4.73350948E+002
1.40000000 3.90000000 4.69164541E+002
1.40000000 4.00000000 4.66107872E+002
1.40000000 4.10000000 4.63051203E+002
1.40000000 4.20000000 4.59994534E+002
1.40000000 4.30000000 4.58117061E+002
1.40000000 4.40000000 4.56436120E+002
1.40000000 4.50000000 4.54755180E+002
1.40000000 4.60000000 4.53326739E+002
1.40000000 4.70000000 4.52529545E+002
1.40000000 4.80000000 4.51732351E+002
1.40000000 4.90000000 4.50935157E+002
1.40000000 5.00000000 4.50495887E+002
1.40000000 5.10000000 4.50199787E+002
1.40000000 5.20000000 4.49903686E+002
1.40000000 5.30000000 4.49640124E+002
1.40000000 5.40000000 4.49571793E+002
1.40000000 5.50000000 4.49503462E+002
1.40000000 5.60000000 4.49435131E+002
1.40000000 5.70000000 4.49403243E+002
1.40000000 5.80000000 4.49398688E+002
1.40000000 5.90000000 4.49394133E+002
1.40000000 6.00000000 4.49389577E+002
1.40000000 6.10000000 4.49394133E+002
1.40000000 6.20000000 4.49398688E+002
1.40000000 6.30000000 4.49403243E+002
1.40000000 6.40000000 4.49435131E+002
1.40000000 6.50000000 4.49503462E+002
1.40000000 6.60000000 4.49571793E+002
1.40000000 6.70000000 4.49640124E+002
1.40000000 6.80000000 4.49903686E+002
1.40000000 6.90000000 4.50199787E+002
1.40000000 7.00000000 4.50495887E+002
1.40000000 7.10000000 4.50935157E+002
1.40000000 7.20000000 4.51732351E+002
1.40000000 7.30000000 4.52529545E+002
1.40000000 7.40000000 4.53326739E+002
1.40000000 7.50000000 4.54755180E+002
1.40000000 7.60000000 4.56436120E+002
1.40000000 7.70000000 4.58117061E+002
1.40000000 7.80000000 4.59994534E+002
1.40000000 7.90000000 4.63051203E+002
1.40000000 8.00000000 4.66107872E+002
1.40000000 8.10000000 4.69164541E+002
1.40000000 8.20000000 4.73350948E+002
1.40000000 8.30000000 4.78384657E+002
1.40000000 8.40000000 4.83418367E+002
1.40000000 8.50000000 4.88452077E+002
1.40000000 8.60000000 4.96173469E+002
1.40000000 8.70000000 5.03894862E+002
1.40000000 8.80000000 5.11616254E+002
1.40000000 8.90000000 5.20840926E+002
1.40000000 9.00000000 5.32069971E+002
1.40000000 9.10000000 5.43299016E+002
1.40000000 9.20000000 5.54528061E+002
1.40000000 9.30000000 5.69560209E+002
1.40000000 9.40000000 5.85226208E+002
1.40000000 9.50000000 6.00892206E+002
1.40000000 9.60000000 6.18122657E+002
1.40000000 9.70000000 6.39264239E+002
1.40000000 9.80000000 6.60405820E+002
1.40000000 9.90000000 6.81547402E+002
1.40000000 10.00000000 7.07420085E+002
1.40000000 10.10000000 7.35185209E+002
1.40000000 10.20000000 7.62950333E+002
1.40000000 10.30000000 7.91841290E+002
1.40000000 10.40000000 8.27487245E+002
1.40000000 10.50000000 8.63133200E+002
1.40000000 10.60000000 8.98779155E+002
1.40000000 10.70000000 9.39709366E+002
1.40000000 10.80000000 9.84602770E+002
1.40000000 10.90000000 1.02949617E+003
1.40000000 11.00000000 1.07438958E+003
1.50000000 1.00000000 1.03874362E+003
1.50000000 1.10000000 9.93850219E+002
1.50000000 1.20000000 9.48956815E+002
1.50000000 1.30000000 9.04063411E+002
1.50000000 1.40000000 8.63133200E+002
1.50000000 1.50000000 8.27487245E+002
1.50000000 1.60000000 7.91841290E+002
1.50000000 1.70000000 7.56195335E+002
1.50000000 1.80000000 7.27304378E+002
1.50000000 1.90000000 6.99539254E+002
1.50000000 2.00000000 6.71774131E+002
1.50000000 2.10000000 6.45901447E+002
1.50000000 2.20000000 6.24759866E+002
1.50000000 2.30000000 6.03618284E+002
1.50000000 2.40000000 5.82476702E+002
1.50000000 2.50000000 5.65246252E+002
1.50000000 2.60000000 5.49580253E+002
1.50000000 2.70000000 5.33914254E+002
1.50000000 2.80000000 5.18882106E+002
1.50000000 2.90000000 5.07653061E+002
1.50000000 3.00000000 4.96424016E+002
1.50000000 3.10000000 4.85194971E+002
1.50000000 3.20000000 4.75970299E+002
1.50000000 3.30000000 4.68248907E+002
1.50000000 3.40000000 4.60527515E+002
1.50000000 3.50000000 4.52806122E+002
1.50000000 3.60000000 4.47772413E+002
1.50000000 3.70000000 4.42738703E+002
1.50000000 3.80000000 4.37704993E+002
1.50000000 3.90000000 4.33518586E+002
1.50000000 4.00000000 4.30461917E+002
1.50000000 4.10000000 4.27405248E+002
1.50000000 4.20000000 4.24348579E+002
1.50000000 4.30000000 4.22471106E+002
1.50000000 4.40000000 4.20790166E+002
1.50000000 4.50000000 4.19109225E+002
1.50000000 4.60000000 4.17680784E+002
1.50000000 4.70000000 4.16883590E+002
1.50000000 4.80000000 4.16086396E+002
1.50000000 4.90000000 4.15289202E+002
1.50000000 5.00000000 4.14849932E+002
1.50000000 5.10000000 4.14553832E+002
1.50000000 5.20000000 4.14257731E+002
1.50000000 5.30000000 4.13994169E+002
1.50000000 5.40000000 4.13925838E+002
1.50000000 5.50000000 4.13857507E+002
1.50000000 5.60000000 4.13789176E+002
1.50000000 5.70000000 4.13757289E+002
1.50000000 5.80000000 4.13752733E+002
1.50000000 5.90000000 4.13748178E+002
1.50000000 6.00000000 4.13743622E+002
1.50000000 6.10000000 4.13748178E+002
1.50000000 6.20000000 4.13752733E+002
1.50000000 6.30000000 4.13757289E+002
1.50000000 6.40000000 4.13789176E+002
1.50000000 6.50000000 4.13857507E+002
1.50000000 6.60000000 4.13925838E+002
1.50000000 6.70000000 4.13994169E+002
1.50000000 6.80000000 4.14257731E+002
1.50000000 6.90000000 4.14553832E+002
1.50000000 7.00000000 4.14849932E+002
1.50000000 7.10000000 4.15289202E+002
1.50000000 7.20000000 4.16086396E+002
1.50000000 7.30000000 4.16883590E+002
1.50000000 7.40000000 4.17680784E+002
1.50000000 7.50000000 4.19109225E+002
1.50000000 7.60000000 4.20790166E+002
1.50000000 7.70000000 4.22471106E+002
1.50000000 7.80000000 4.24348579E+002
1.50000000 7.90000000 4.27405248E+002
1.50000000 8.00000000 4.30461917E+002
1.50000000 8.10000000 4.33518586E+002
1.50000000 8.20000000 4.37704993E+002
1.50000000 8.30000000 4.42738703E+002
1.50000000 8.40000000 4.47772413E+002
1.50000000 8.50000000 4.52806122E+002
1.50000000 8.60000000 4.60527515E+002
1.50000000 8.70000000 4.68248907E+002
1.50000000 8.80000000 4.75970299E+002
1.50000000 8.90000000 4.85194971E+002
1.50000000 9.00000000 4.96424016E+002
1.50000000 9.10000000 5.07653061E+002
1.50000000 9.20000000 5.18882106E+002
1.50000000 9.30000000 5.33914254E+002
1.50000000 9.40000000 5.49580253E+002
1.50000000 9.50000000 5.65246252E+002
1.50000000 9.60000000 5.82476702E+002
1.50000000 9.70000000 6.03618284E+002
1.50000000 9.80000000 6.24759866E+002
1.50000000 9.90000000 6.45901447E+002
1.50000000 10.00000000 6.71774131E+002
1.50000000 10.10000000 6.99539254E+002
1.50000000 10.20000000 7.27304378E+002
1.50000000 10.30000000 7.56195335E+002
1.50000000 10.40000000 7.91841290E+002
1.50000000 10.50000000 8.27487245E+002
1.50000000 10.60000000 8.63133200E+002
1.50000000 10.70000000 9.04063411E+002
1.50000000 10.80000000 9.48956815E+002
1.50000000 10.90000000 9.93850219E+002
1.50000000 11.00000000 1.03874362E+003
1.60000000 1.00000000 1.00309767E+003
1.60000000 1.10000000 9.58204264E+002
1.60000000 1.20000000 9.13310860E+002
1.60000000 1.30000000 8.68417456E+002
1.60000000 1.40000000 8.27487245E+002
1.60000000 1.50000000 7.91841290E+002
1.60000000 1.60000000 7.56195335E+002
1.60000000 1.70000000 7.20549380E+002
1.60000000 1.80000000 6.91658424E+002
1.60000000 1.90000000 6.63893300E+002
1.60000000 2.00000000 6.36128176E+002
1.60000000 2.10000000 6.10255493E+002
1.60000000 2.20000000 5.89113911E+002
1.60000000 2.30000000 5.67972329E+002
1.60000000 2.40000000 5.46830748E+002
1.60000000 2.50000000 5.29600297E+002
1.60000000 2.60000000 5.13934298E+002
1.60000000 2.70000000 4.98268300E+002
1.60000000 2.80000000 4.83236152E+002
1.60000000 2.90000000 4.72007106E+002
1.60000000 3.00000000 4.60778061E+002
1.60000000 3.10000000 4.49549016E+002
1.60000000 3.20000000 4.40324344E+002
1.60000000 3.30000000 4.32602952E+002
1.60000000 3.40000000 4.24881560E+002
1.60000000 3.50000000 4.17160168E+002
1.60000000 3.60000000 4.12126458E+002
1.60000000 3.70000000 4.07092748E+002
1.60000000 3.80000000 4.02059038E+002
1.60000000 3.90000000 3.97872631E+002
1.60000000 4.00000000 3.94815962E+002
1.60000000 4.10000000 3.91759293E+002
1.60000000 4.20000000 3.88702624E+002
1.60000000 4.30000000 3.86825151E+002
1.60000000 4.40000000 3.85144211E+002
1.60000000 4.50000000 3.83463271E+002
1.60000000 4.60000000 3.82034829E+002
1.60000000 4.70000000 3.81237635E+002
1.60000000 4.80000000 3.80440441E+002
1.60000000 4.90000000 3.79643248E+002
1.60000000 5.00000000 3.79203978E+002
1.60000000 5.10000000 3.78907877E+002
1.60000000 5.20000000 3.78611776E+002
1.60000000 5.30000000 3.78348214E+002
1.60000000 5.40000000 3.78279883E+002
1.60000000 5.50000000 3.78211552E+002
1.60000000 5.60000000 3.78143222E+002
1.60000000 5.70000000 3.78111334E+002
1.60000000 5.80000000 3.78106778E+002
1.60000000 5.90000000 3.78102223E+002
1.60000000 6.00000000 3.78097668E+002
1.60000000 6.10000000 3.78102223E+002
1.60000000 6.20000000 3.78106778E+002
1.60000000 6.30000000 3.78111334E+002
1.60000000 6.40000000 3.78143222E+002
1.60000000 6.50000000 3.78211552E+002
1.60000000 6.60000000 3.78279883E+002
1.60000000 6.70000000 3.78348214E+002
1.60000000 6.80000000 3.78611776E+002
1.60000000 6.90000000 3.78907877E+002
1.60000000 7.00000000 3.79203978E+002
1.60000000 7.10000000 3.79643248E+002
1.60000000 7.20000000 3.80440441E+002
1.60000000 7.30000000 3.81237635E+002
1.60000000 7.40000000 3.82034829E+002
1.60000000 7.50000000 3.83463271E+002
1.60000000 7.60000000 3.85144211E+002
1.60000000 7.70000000 3.86825151E+002
1.60000000 7.80000000 3.88702624E+002
1.60000000 7.90000000 3.91759293E+002
1.60000000 8.00000000 3.94815962E+002
1.60000000 8.10000000 3.97872631E+002
1.60000000 8.20000000 4.02059038E+002
1.60000000 8.30000000 4.07092748E+002
1.60000000 8.40000000 4.12126458E+002
1.60000000 8.50000000 4.17160168E+002
1.60000000 8.60000000 4.24881560E+002
1.60000000 8.70000000 4.32602952E+002
1.60000000 8.80000000 4.40324344E+002
1.60000000 8.90000000 4.49549016E+002
1.60000000 9.00000000 4.60778061E+002
1.60000000 9.10000000 4.72007106E+002
1.60000000 9.20000000 4.83236152E+002
1.60000000 9.30000000 4.98268300E+002
1.60000000 9.40000000 5.13934298E+002
1.60000000 9.50000000 5.29600297E+002
1.60000000 9.60000000 5.46830748E+002
1.60000000 9.70000000 5.67972329E+002
1.60000000 9.80000000 5.89113911E+002
1.60000000 9.90000000 6.10255493E+002
1.60000000 10.00000000 6.36128176E+002
1.60000000 10.10000000 6.63893300E+002
1.60000000 10.20000000 6.91658424E+002
1.60000000 10.30000000 7.20549380E+002
1.60000000 10.40000000 7.56195335E+002
1.60000000 10.50000000 7.91841290E+002
1.60000000 10.60000000 8.27487245E+002
1.60000000 10.70000000 8.68417456E+002
1.60000000 10.80000000 9.13310860E+002
1.60000000 10.90000000 9.58204264E+002
1.60000000 11.00000000 1.00309767E+003
1.70000000 1.00000000 9.67451713E+002
1.70000000 1.10000000 9.22558309E+002
1.70000000 1.20000000 8.77664905E+002
1.70000000 1.30000000 8.32771501E+002
1.70000000 1.40000000 7.91841290E+002
1.70000000 1.50000000 7.56195335E+002
1.70000000 1.60000000 7.20549380E+002
1.70000000 1.70000000 6.84903426E+002
1.70000000 1.80000000 6.56012469E+002
1.70000000 1.90000000 6.28247345E+002
1.70000000 2.00000000 6.00482221E+002
1.70000000 2.10000000 5.74609538E+002
1.70000000 2.20000000 5.53467956E+002
1.70000000 2.30000000 5.32326374E+002
1.70000000 2.40000000 5.11184793E+002
1.70000000 2.50000000 4.93954342E+002
1.70000000 2.60000000 4.78288343E+002
1.70000000 2.70000000 4.62622345E+002
1.70000000 2.80000000 4.47590197E+002
1.70000000 2.90000000 4.36361152E+002
1.70000000 3.00000000 4.25132106E+002
1.70000000 3.10000000 4.13903061E+002
1.70000000 3.20000000 4.04678389E+002
1.70000000 3.30000000 3.96956997E+002
1.70000000 3.40000000 3.89235605E+002
1.70000000 3.50000000 3.81514213E+002
1.70000000 3.60000000 3.76480503E+002
1.70000000 3.70000000 3.71446793E+002
1.70000000 3.80000000 3.66413083E+002
1.70000000 3.90000000 3.62226676E+002
1.70000000 4.00000000 3.59170007E+002
1.70000000 4.10000000 3.56113338E+002
1.70000000 4.20000000 3.53056669E+002
1.70000000 4.30000000 3.51179196E+002
1.70000000 4.40000000 3.49498256E+002
1.70000000 4.50000000 3.47817316E+002
1.70000000 4.60000000 3.46388874E+002
1.70000000 4.70000000 3.45591681E+002
1.70000000 4.80000000 3.44794487E+002
1.70000000 4.90000000 3.43997293E+002
1.70000000 5.00000000 3.43558023E+002
1.70000000 5.10000000 3.43261922E+002
1.70000000 5.20000000 3.42965822E+002
1.70000000 5.30000000 3.42702259E+002
1.70000000 5.40000000 3.42633929E+002
1.70000000 5.50000000 3.42565598E+002
1.70000000 5.60000000 3.42497267E+002
1.70000000 5.70000000 3.42465379E+002
1.70000000 5.80000000 3.42460824E+002
1.70000000 5.90000000 3.42456268E+002
1.70000000 6.00000000 3.42451713E+002
1.70000000 6.10000000 3.42456268E+002
1.70000000 6.20000000 3.42460824E+002
1.70000000 6.30000000 3.42465379E+002
1.70000000 6.40000000 3.42497267E+002
1.70000000 6.50000000 3.42565598E+002
1.70000000 6.60000000 3.42633929E+002
1.70000000 6.70000000 3.42702259E+002
1.70000000 6.80000000 3.42965822E+002
1.70000000 6.90000000 3.43261922E+002
1.70000000 7.00000000 3.43558023E+002
1.70000000 7.10000000 3.43997293E+002
1.70000000 7.20000000 3.44794487E+002
1.70000000 7.30000000 3.45591681E+002
1.70000000 7.40000000 3.46388874E+002
1.70000000 7.50000000 3.47817316E+002
1.70000000 7.60000000 3.49498256E+002
1.70000000 7.70000000 3.51179196E+002
1.70000000 7.80000000 3.53056669E+002
1.70000000 7.90000000 3.56113338E+002
1.70000000 8.00000000 3.59170007E+002
1.70000000 8.10000000 3.62226676E+002
1.70000000 8.20000000 3.66413083E+002
1.70000000 8.30000000 3.71446793E+002
1.70000000 8.40000000 3.76480503E+002
1.70000000 8.50000000 3.81514213E+002
1.70000000 8.60000000 3.89235605E+002
1.70000000 8.70000000 3.96956997E+002
1.70000000 8.80000000 4.04678389E+002
1.70000000 8.90000000 4.13903061E+002
1.70000000 9.00000000 4.25132106E+002
1.70000000 9.10000000 4.36361152E+002
1.70000000 9.20000000 4.47590197E+002
1.70000000 9.30000000 4.62622345E+002
1.70000000 9.40000000 4.78288343E+002
1.70000000 9.50000000 4.93954342E+002
1.70000000 9.60000000 5.11184793E+002
1.70000000 9.70000000 5.32326374E+002
1.70000000 9.80000000 5.53467956E+002
1.70000000 9.90000000 5.74609538E+002
1.70000000 10.00000000 6.00482221E+002
1.70000000 10.10000000 6.28247345E+002
1.70000000 10.20000000 6.56012469E+002
1.70000000 10.30000000 6.84903426E+002
1.70000000 10.40000000 7.20549380E+002
1.70000000 10.50000000 7.56195335E+002
1.70000000 10.60000000 7.91841290E+002
1.70000000 10.70000000 8.32771501E+002
1.70000000 10.80000000 8.77664905E+002
1.70000000 10.90000000 9.22558309E+002
1.70000000 11.00000000 9.67451713E+002
1.80000000 1.00000000 9.38560756E+002
1.80000000 1.10000000 8.93667352E+002
1.80000000 1.20000000 8.48773948E+002
1.80000000 1.30000000 8.03880545E+002
1.80000000 1.40000000 7.62950333E+002
1.80000000 1.50000000 7.27304378E+002
1.80000000 1.60000000 6.91658424E+002
1.80000000 1.70000000 6.56012469E+002
1.80000000 1.80000000 6.27121512E+002
1.80000000 1.90000000 5.99356388E+002
1.80000000 2.00000000 5.71591264E+002
1.80000000 2.10000000 5.45718581E+002
1.80000000 2.20000000 5.24576999E+002
1.80000000 2.30000000 5.03435418E+002
1.80000000 2.40000000 4.82293836E+002
1.80000000 2.50000000 4.65063385E+002
1.80000000 2.60000000 4.49397387E+002
1.80000000 2.70000000 4.33731388E+002
1.80000000 2.80000000 4.18699240E+002
1.80000000 2.90000000 4.07470195E+002
1.80000000 3.00000000 3.96241150E+002
1.80000000 3.10000000 3.85012104E+002
1.80000000 3.20000000 3.75787432E+002
1.80000000 3.30000000 3.68066040E+002
1.80000000 3.40000000 3.60344648E+002
1.80000000 3.50000000 3.52623256E+002
1.80000000 3.60000000 3.47589546E+002
1.80000000 3.70000000 3.42555836E+002
1.80000000 3.80000000 3.37522126E+002
1.80000000 3.90000000 3.33335719E+002
1.80000000 4.00000000 3.30279050E+002
1.80000000 4.10000000 3.27222381E+002
1.80000000 4.20000000 3.24165712E+002
1.80000000 4.30000000 3.22288239E+002
1.80000000 4.40000000 3.20607299E+002
1.80000000 4.50000000 3.18926359E+002
1.80000000 4.60000000 3.17497918E+002
1.80000000 4.70000000 3.16700724E+002
1.80000000 4.80000000 3.15903530E+002
1.80000000 4.90000000 3.15106336E+002
1.80000000 5.00000000 3.14667066E+002
1.80000000 5.10000000 3.14370965E+002
1.80000000 5.20000000 3.14074865E+002
1.80000000 5.30000000 3.13811303E+002
1.80000000 5.40000000 3.13742972E+002
1.80000000 5.50000000 3.13674641E+002
1.80000000 5.60000000 3.13606310E+002
1.80000000 5.70000000 3.13574422E+002
1.80000000 5.80000000 3.13569867E+002
1.80000000 5.90000000 3.13565311E+002
1.80000000 6.00000000 3.13560756E+002
1.80000000 6.10000000 3.13565311E+002
1.80000000 6.20000000 3.13569867E+002
1.80000000 6.30000000 3.13574422E+002
1.80000000 6.40000000 3.13606310E+002
1.80000000 6.50000000 3.13674641E+002
1.80000000 6.60000000 3.13742972E+002
1.80000000 6.70000000 3.13811303E+002
1.80000000 6.80000000 3.14074865E+002
1.80000000 6.90000000 3.14370965E+002
1.80000000 7.00000000 3.14667066E+002
1.80000000 7.10000000 3.15106336E+002
1.80000000 7.20000000 3.15903530E+002
1.80000000 7.30000000 3.16700724E+002
1.80000000 7.40000000 3.17497918E+002
1.80000000 7.50000000 3.18926359E+002
1.80000000 7.60000000 3.20607299E+002
1.80000000 7.70000000 3.22288239E+002
1.80000000 7.80000000 3.24165712E+002
1.80000000 7.90000000 3.27222381E+002
1.80000000 8.00000000 3.30279050E+002
1.80000000 8.10000000 3.33335719E+002
1.80000000 8.20000000 3.37522126E+002
1.80000000 8.30000000 3.42555836E+002
1.80000000 8.40000000 3.47589546E+002
1.80000000 8.50000000 3.52623256E+002
1.80000000 8.60000000 3.60344648E+002
1.80000000 8.70000000 3.68066040E+002
1.80000000 8.80000000 3.75787432E+002
1.80000000 8.90000000 3.85012104E+002
1.80000000 9.00000000 3.96241150E+002
1.80000000 9.10000000 4.07470195E+002
1.80000000 9.20000000 4.18699240E+002
1.80000000 9.30000000 4.33731388E+002
1.80000000 9.40000000 4.49397387E+002
1.80000000 9.50000000 4.65063385E+002
1.80000000 9.60000000 4.82293836E+002
1.80000000 9.70000000 5.03435418E+002
1.80000000 9.80000000 5.24576999E+002
1.80000000 9.90000000 5.45718581E+002
1.80000000 10.00000000 5.71591264E+002
1.80000000 10.10000000 5.99356388E+002
1.80000000 10.20000000 6.27121512E+002
1.80000000 10.30000000 6.56012469E+002
1.80000000 10.40000000 6.91658424E+002
1.80000000 10.50000000 7.27304378E+002
1.80000000 10.60000000 7.62950333E+002
1.80000000 10.70000000 8.03880545E+002
1.80000000 10.80000000 8.48773948E+002
1.80000000 10.90000000 8.93667352E+002
1.80000000 11.00000000 9.38560756E+002
1.90000000 1.00000000 9.10795632E+002
1.90000000 1.10000000 8.65902228E+002
1.90000000 1.20000000 8.21008824E+002
1.90000000 1.30000000 7.76115421E+002
1.90000000 1.40000000 7.35185209E+002
1.90000000 1.50000000 6.99539254E+002
1.90000000 1.60000000 6.63893300E+002
1.90000000 1.70000000 6.28247345E+002
1.90000000 1.80000000 5.99356388E+002
1.90000000 1.90000000 5.71591264E+002
1.90000000 2.00000000 5.43826140E+002
1.90000000 2.10000000 5.17953457E+002
1.90000000 2.20000000 4.96811875E+002
1.90000000 2.30000000 4.75670294E+002
1.90000000 2.40000000 4.54528712E+002
1.90000000 2.50000000 4.37298261E+002
1.90000000 2.60000000 4.21632263E+002
1.90000000 2.70000000 4.05966264E+002
1.90000000 2.80000000 3.90934116E+002
1.90000000 2.90000000 3.79705071E+002
1.90000000 3.00000000 3.68476026E+002
1.90000000 3.10000000 3.57246980E+002
1.90000000 3.20000000 3.48022308E+002
1.90000000 3.30000000 3.40300916E+002
1.90000000 3.40000000 3.32579524E+002
1.90000000 3.50000000 3.24858132E+002
1.90000000 3.60000000 3.19824422E+002
1.90000000 3.70000000 3.14790712E+002
1.90000000 3.80000000 3.09757002E+002
1.90000000 3.90000000 3.05570596E+002
1.90000000 4.00000000 3.02513926E+002
1.90000000 4.10000000 2.99457257E+002
1.90000000 4.20000000 2.96400588E+002
1.90000000 4.30000000 2.94523115E+002
1.90000000 4.40000000 2.92842175E+002
1.90000000 4.50000000 2.91161235E+002
1.90000000 4.60000000 2.89732794E+002
1.90000000 4.70000000 2.88935600E+002
1.90000000 4.80000000 2.88138406E+002
1.90000000 4.90000000 2.87341212E+002
1.90000000 5.00000000 2.86901942E+002
1.90000000 5.10000000 2.86605841E+002
1.90000000 5.20000000 2.86309741E+002
1.90000000 5.30000000 2.86046179E+002
1.90000000 5.40000000 2.85977848E+002
1.90000000 5.50000000 2.85909517E+002
1.90000000 5.60000000 2.85841186E+002
1.90000000 5.70000000 2.85809298E+002
1.90000000 5.80000000 2.85804743E+002
1.90000000 5.90000000 2.85800187E+002
1.90000000 6.00000000 2.85795632E+002
1.90000000 6.10000000 2.85800187E+002
1.90000000 6.20000000 2.85804743E+002
1.90000000 6.30000000 2.85809298E+002
1.90000000 6.40000000 2.85841186E+002
1.90000000 6.50000000 2.85909517E+002
1.90000000 6.60000000 2.85977848E+002
1.90000000 6.70000000 2.86046179E+002
1.90000000 6.80000000 2.86309741E+002
1.90000000 6.90000000 2.86605841E+002
1.90000000 7.00000000 2.86901942E+002
1.90000000 7.10000000 2.87341212E+002
1.90000000 7.20000000 2.88138406E+002
1.90000000 7.30000000 2.88935600E+002
1.90000000 7.40000000 2.89732794E+002
1.90000000 7.50000000 2.91161235E+002
1.90000000 7.60000000 2.92842175E+002
1.90000000 7.70000000 2.94523115E+002
1.90000000 7.80000000 2.96400588E+002
1.90000000 7.90000000 2.99457257E+002
1.90000000 8.00000000 3.02513926E+002
1.90000000 8.10000000 3.05570596E+002
1.90000000 8.20000000 3.09757002E+002
1.90000000 8.30000000 3.14790712E+002
1.90000000 8.40000000 3.19824422E+002
1.90000000 8.50000000 3.24858132E+002
1.90000000 8.60000000 3.32579524E+002
1.90000000 8.70000000 3.40300916E+002
1.90000000 8.80000000 3.48022308E+002
1.90000000 8.90000000 3.57246980E+002
1.90000000 9.00000000 3.68476026E+002
1.90000000 9.10000000 3.79705071E+002
1.90000000 9.20000000 3.90934116E+002
1.90000000 9.30000000 4.05966264E+002
1.90000000 9.40000000 4.21632263E+002
1.90000000 9.50000000 4.37298261E+002
1.90000000 9.60000000 4.54528712E+002
1.90000000 9.70000000 4.75670294E+002
1.90000000 9.80000000 4.96811875E+002
1.90000000 9.90000000 5.17953457E+002
1.90000000 10.00000000 5.43826140E+002
1.90000000 10.10000000 5.71591264E+002
1.90000000 10.20000000 5.99356388E+002
1.90000000 10.30000000 6.28247345E+002
1.90000000 10.40000000 6.63893300E+002
1.90000000 10.50000000 6.99539254E+002
1.90000000 10.60000000 7.35185209E+002
1.90000000 10.70000000 7.76115421E+002
1.90000000 10.80000000 8.21008824E+002
1.90000000 10.90000000 8.65902228E+002
1.90000000 11.00000000 9.10795632E+002
2.00000000 1.00000000 8.83030508E+002
2.00000000 1.10000000 8.38137104E+002
2.00000000 1.20000000 7.93243701E+002
2.00000000 1.30000000 7.48350297E+002
2.00000000 1.40000000 7.07420085E+002
2.00000000 1.50000000 6.71774131E+002
2.00000000 1.60000000 6.36128176E+002
2.00000000 1.70000000 6.00482221E+002
2.00000000 1.80000000 5.71591264E+002
2.00000000 1.90000000 5.43826140E+002
2.00000000 2.00000000 5.16061016E+002
2.00000000 2.10000000 4.90188333E+002
2.00000000 2.20000000 4.69046751E+002
2.00000000 2.30000000 4.47905170E+002
2.00000000 2.40000000 4.26763588E+002
2.00000000 2.50000000 4.09533137E+002
2.00000000 2.60000000 3.93867139E+002
2.00000000 2.70000000 3.78201140E+002
2.00000000 2.80000000 3.63168992E+002
2.00000000 2.90000000 3.51939947E+002
2.00000000 3.00000000 3.40710902E+002
2.00000000 3.10000000 3.29481857E+002
2.00000000 3.20000000 3.20257185E+002
2.00000000 3.30000000 3.12535792E+002
2.00000000 3.40000000 3.04814400E+002
2.00000000 3.50000000 2.97093008E+002
2.00000000 3.60000000 2.92059298E+002
2.00000000 3.70000000 2.87025588E+002
2.00000000 3.80000000 2.81991878E+002
2.00000000 3.90000000 2.77805472E+002
2.00000000 4.00000000 2.74748803E+002
2.00000000 4.10000000 2.71692133E+002
2.00000000 4.20000000 2.68635464E+002
2.00000000 4.30000000 2.66757991E+002
2.00000000 4.40000000 2.65077051E+002
2.00000000 4.50000000 2.63396111E+002
2.00000000 4.60000000 2.61967670E+002
2.00000000 4.70000000 2.61170476E+002
2.00000000 4.80000000 2.60373282E+002
2.00000000 4.90000000 2.59576088E+002
2.00000000 5.00000000 2.59136818E+002
2.00000000 5.10000000 2.58840717E+002
2.00000000 5.20000000 2.58544617E+002
2.00000000 5.30000000 2.58281055E+002
2.00000000 5.40000000 2.58212724E+002
2.00000000 5.50000000 2.58144393E+002
2.00000000 5.60000000 2.58076062E+002
2.00000000 5.70000000 2.58044174E+002
2.00000000 5.80000000 2.58039619E+002
2.00000000 5.90000000 2.58035064E+002
2.00000000 6.00000000 2.58030508E+002
2.00000000 6.10000000 2.58035064E+002
2.00000000 6.20000000 2.58039619E+002
2.00000000 6.30000000 2.58044174E+002
2.00000000 6.40000000 2.58076062E+002
2.00000000 6.50000000 2.58144393E+002
2.00000000 6.60000000 2.58212724E+002
2.00000000 6.70000000 2.58281055E+002
2.00000000 6.80000000 2.58544617E+002
2.00000000 6.90000000 2.58840717E+002
2.00000000 7.00000000 2.59136818E+002
2.00000000 7.10000000 2.59576088E+002
2.00000000 7.20000000 2.60373282E+002
2.00000000 7.30000000 2.61170476E+002
2.00000000 7.40000000 2.61967670E+002
2.00000000 7.50000000 2.63396111E+002
2.00000000 7.60000000 2.65077051E+002
2.00000000 7.70000000 2.66757991E+002
2.00000000 7.80000000 2.68635464E+002
2.00000000 7.90000000 2.71692133E+002
2.00000000 8.00000000 2.74748803E+002
2.00000000 8.10000000 2.77805472E+002
2.00000000 8.20000000 2.81991878E+002
2.00000000 8.30000000 2.87025588E+002
2.00000000 8.40000000 2.92059298E+002
2.00000000 8.50000000 2.97093008E+002
2.00000000 8.60000000 3.04814400E+002
2.00000000 8.70000000 3.12535792E+002
2.00000000 8.80000000 3.20257185E+002
2.00000000 8.90000000 3.29481857E+002
2.00000000 9.00000000 3.40710902E+002
2.00000000 9.10000000 3.51939947E+002
2.00000000 9.20000000 3.63168992E+002
2.00000000 9.30000000 3.78201140E+002
2.00000000 9.40000000 3.93867139E+002
2.00000000 9.50000000 4.09533137E+002
2.00000000 9.60000000 4.26763588E+002
2.00000000 9.70000000 4.47905170E+002
2.00000000 9.80000000 4.69046751E+002
2.00000000 9.90000000 4.90188333E+002
2.00000000 10.00000000 5.16061016E+002
2.00000000 10.10000000 5.43826140E+002
2.00000000 10.20000000 5.71591264E+002
2.00000000 10.30000000 6.00482221E+002
2.00000000 10.40000000 6.36128176E+002
2.00000000 10.50000000 6.71774131E+002
2.00000000 10.60000000 7.07420085E+002
2.00000000 10.70000000 7.48350297E+002
2.00000000 10.80000000 7.93243701E+002
2.00000000 10.90000000 8.38137104E+002
2.00000000 11.00000000 8.83030508E+002
2.10000000 1.00000000 8.57157825E+002
2.10000000 1.10000000 8.12264421E+002
2.10000000 1.20000000 7.67371017E+002
2.10000000 1.30000000 7.22477613E+002
2.10000000 1.40000000 6.81547402E+002
2.10000000 1.50000000 6.45901447E+002
2.10000000 1.60000000 6.10255493E+002
2.10000000 1.70000000 5.74609538E+002
2.10000000 1.80000000 5.45718581E+002
2.10000000 1.90000000 5.17953457E+002
2.10000000 2.00000000 4.90188333E+002
2.10000000 2.10000000 4.64315650E+002
2.10000000 2.20000000 4.43174068E+002
2.10000000 2.30000000 4.22032486E+002
2.10000000 2.40000000 4.00890905E+002
2.10000000 2.50000000 3.83660454E+002
2.10000000 2.60000000 3.67994455E+002
2.10000000 2.70000000 3.52328457E+002
2.10000000 2.80000000 3.37296309E+002
2.10000000 2.90000000 3.26067264E+002
2.10000000 3.00000000 3.14838218E+002
2.10000000 3.10000000 3.03609173E+002
2.10000000 3.20000000 2.94384501E+002
2.10000000 3.30000000 2.86663109E+002
2.10000000 3.40000000 2.78941717E+002
2.10000000 3.50000000 2.71220325E+002
2.10000000 3.60000000 2.66186615E+002
2.10000000 3.70000000 2.61152905E+002
2.10000000 3.80000000 2.56119195E+002
2.10000000 3.90000000 2.51932788E+002
2.10000000 4.00000000 2.48876119E+002
2.10000000 4.10000000 2.45819450E+002
2.10000000 4.20000000 2.42762781E+002
2.10000000 4.30000000 2.40885308E+002
2.10000000 4.40000000 2.39204368E+002
2.10000000 4.50000000 2.37523428E+002
2.10000000 4.60000000 2.36094986E+002
2.10000000 4.70000000 2.35297793E+002
2.10000000 4.80000000 2.34500599E+002
2.10000000 4.90000000 2.33703405E+002
2.10000000 5.00000000 2.33264135E+002
2.10000000 5.10000000 2.32968034E+002
2.10000000 5.20000000 2.32671934E+002
2.10000000 5.30000000 2.32408372E+002
2.10000000 5.40000000 2.32340041E+002
2.10000000 5.50000000 2.32271710E+002
2.10000000 5.60000000 2.32203379E+002
2.10000000 5.70000000 2.32171491E+002
2.10000000 5.80000000 2.32166936E+002
2.10000000 5.90000000 2.32162380E+002
2.10000000 6.00000000 2.32157825E+002
2.10000000 6.10000000 2.32162380E+002
2.10000000 6.20000000 2.32166936E+002
2.10000000 6.30000000 2.32171491E+002
2.10000000 6.40000000 2.32203379E+002
2.10000000 6.50000000 2.32271710E+002
2.10000000 6.60000000 2.32340041E+002
2.10000000 6.70000000 2.32408372E+002
2.10000000 6.80000000 2.32671934E+002
2.10000000 6.90000000 2.32968034E+002
2.10000000 7.00000000 2.33264135E+002
2.10000000 7.10000000 2.33703405E+002
2.10000000 7.20000000 2.34500599E+002
2.10000000 7.30000000 2.35297793E+002
2.10000000 7.40000000 2.36094986E+002
2.10000000 7.50000000 2.37523428E+002
2.10000000 7.60000000 2.39204368E+002
2.10000000 7.70000000 2.40885308E+002
2.10000000 7.80000000 2.42762781E+002
2.10000000 7.90000000 2.45819450E+002
2.10000000 8.00000000 2.48876119E+002
2.10000000 8.10000000 2.51932788E+002
2.10000000 8.20000000 2.56119195E+002
2.10000000 8.30000000 2.61152905E+002
2.10000000 8.40000000 2.66186615E+002
2.10000000 8.50000000 2.71220325E+002
2.10000000 8.60000000 2.78941717E+002
2.10000000 8.70000000 2.86663109E+002
2.10000000 8.80000000 2.94384501E+002
2.10000000 8.90000000 3.03609173E+002
2.10000000 9.00000000 3.14838218E+002
2.10000000 9.10000000 3.26067264E+002
2.10000000 9.20000000 3.37296309E+002
2.10000000 9.30000000 3.52328457E+002
2.10000000 9.40000000 3.67994455E+002
2.10000000 9.50000000 3.83660454E+002
2.10000000 9.60000000 4.00890905E+002
2.10000000 9.70000000 4.22032486E+002
2.10000000 9.80000000 4.43174068E+002
2.10000000 9.90000000 4.64315650E+002
2.10000000 10.00000000 4.90188333E+002
2.10000000 10.10000000 5.17953457E+002
2.10000000 10.20000000 5.45718581E+002
2.10000000 10.30000000 5.74609538E+002
2.10000000 10.40000000 6.10255493E+002
2.10000000 10.50000000 6.45901447E+002
2.10000000 10.60000000 6.81547402E+002
2.10000000 10.70000000 7.22477613E+002
2.10000000 10.80000000 7.67371017E+002
2.10000000 10.90000000 8.12264421E+002
2.10000000 11.00000000 8.57157825E+002
2.20000000 1.00000000 8.36016243E+002
2.20000000 1.10000000 7.91122839E+002
2.20000000 1.20000000 7.46229436E+002
2.20000000 1.30000000 7.01336032E+002
2.20000000 1.40000000 6.60405820E+002
2.20000000 1.50000000 6.24759866E+002
2.20000000 1.60000000 5.89113911E+002
2.20000000 1.70000000 5.53467956E+002
2.20000000 1.80000000 5.24576999E+002
2.20000000 1.90000000 4.96811875E+002
2.20000000 2.00000000 4.69046751E+002
2.20000000 2.10000000 4.43174068E+002
2.20000000 2.20000000 4.22032486E+002
2.20000000 2.30000000 4.00890905E+002
2.20000000 2.40000000 3.79749323E+002
2.20000000 2.50000000 3.62518872E+002
2.20000000 2.60000000 3.46852874E+002
2.20000000 2.70000000 3.31186875E+002
2.20000000 2.80000000 3.16154727E+002
2.20000000 2.90000000 3.04925682E+002
2.20000000 3.00000000 2.93696637E+002
2.20000000 3.10000000 2.82467592E+002
2.20000000 3.20000000 2.73242920E+002
2.20000000 3.30000000 2.65521527E+002
2.20000000 3.40000000 2.57800135E+002
2.20000000 3.50000000 2.50078743E+002
2.20000000 3.60000000 2.45045033E+002
2.20000000 3.70000000 2.40011323E+002
2.20000000 3.80000000 2.34977613E+002
2.20000000 3.90000000 2.30791207E+002
2.20000000 4.00000000 2.27734538E+002
2.20000000 4.10000000 2.24677869E+002
2.20000000 4.20000000 2.21621200E+002
2.20000000 4.30000000 2.19743727E+002
2.20000000 4.40000000 2.18062786E+002
2.20000000 4.50000000 2.16381846E+002
2.20000000 4.60000000 2.14953405E+002
2.20000000 4.70000000 2.14156211E+002
2.20000000 4.80000000 2.13359017E+002
2.20000000 4.90000000 2.12561823E+002
2.20000000 5.00000000 2.12122553E+002
2.20000000 5.10000000 2.11826453E+002
2.20000000 5.20000000 2.11530352E+002
2.20000000 5.30000000 2.11266790E+002
2.20000000 5.40000000 2.11198459E+002
2.20000000 5.50000000 2.11130128E+002
2.20000000 5.60000000 2.11061797E+002
2.20000000 5.70000000 2.11029909E+002
2.20000000 5.80000000 2.11025354E+002
2.20000000 5.90000000 2.11020799E+002
2.20000000 6.00000000 2.11016243E+002
2.20000000 6.10000000 2.11020799E+002
2.20000000 6.20000000 2.11025354E+002
2.20000000 6.30000000 2.11029909E+002
2.20000000 6.40000000 2.11061797E+002
2.20000000 6.50000000 2.11130128E+002
2.20000000 6.60000000 2.11198459E+002
2.20000000 6.70000000 2.11266790E+002
2.20000000 6.80000000 2.11530352E+002
2.20000000 6.90000000 2.11826453E+002
2.20000000 7.00000000 2.12122553E+002
2.20000000 7.10000000 2.12561823E+002
2.20000000 7.20000000 2.13359017E+002
2.20000000 7.30000000 2.14156211E+002
2.20000000 7.40000000 2.14953405E+002
2.20000000 7.50000000 2.16381846E+002
2.20000000 7.60000000 2.18062786E+002
2.20000000 7.70000000 2.19743727E+002
2.20000000 7.80000000 2.21621200E+002
2.20000000 7.90000000 2.24677869E+002
2.20000000 8.00000000 2.27734538E+002
2.20000000 8.10000000 2.30791207E+002
2.20000000 8.20000000 2.34977613E+002
2.20000000 8.30000000 2.40011323E+002
2.20000000 8.40000000 2.45045033E+002
2.20000000 8.50000000 2.50078743E+002
2.20000000 8.60000000 2.57800135E+002
2.20000000 8.70000000 2.65521527E+002
2.20000000 8.80000000 2.73242920E+002
2.20000000 8.90000000 2.82467592E+002
2.20000000 9.00000000 2.93696637E+002
2.20000000 9.10000000 3.04925682E+002
2.20000000 9.20000000 3.16154727E+002
2.20000000 9.30000000 3.31186875E+002
2.20000000 9.40000000 3.46852874E+002
2.20000000 9.50000000 3.62518872E+002
2.20000000 9.60000000 3.79749323E+002
2.20000000 9.70000000 4.00890905E+002
2.20000000 9.80000000 4.22032486E+002
2.20000000 9.90000000 4.43174068E+002
2.20000000 10.00000000 4.69046751E+002
2.20000000 10.10000000 4.96811875E+002
2.20000000 10.20000000 5.24576999E+002
2.20000000 10.30000000 5.53467956E+002
2.20000000 10.40000000 5.89113911E+002
2.20000000 10.50000000 6.24759866E+002
2.20000000 10.60000000 6.60405820E+002
2.20000000 10.70000000 7.01336032E+002
2.20000000 10.80000000 7.46229436E+002
2.20000000 10.90000000 7.91122839E+002
2.20000000 11.00000000 8.36016243E+002
2.30000000 1.00000000 8.14874662E+002
2.30000000 1.10000000 7.69981258E+002
2.30000000 1.20000000 7.25087854E+002
2.30000000 1.30000000 6.80194450E+002
2.30000000 1.40000000 6.39264239E+002
2.30000000 1.50000000 6.03618284E+002
2.30000000 1.60000000 5.67972329E+002
2.30000000 1.70000000 5.32326374E+002
2.30000000 1.80000000 5.03435418E+002
2.30000000 1.90000000 4.75670294E+002
2.30000000 2.00000000 4.47905170E+002
2.30000000 2.10000000 4.22032486E+002
2.30000000 2.20000000 4.00890905E+002
2.30000000 2.30000000 3.79749323E+002
2.30000000 2.40000000 3.58607742E+002
2.30000000 2.50000000 3.41377291E+002
2.30000000 2.60000000 3.25711292E+002
2.30000000 2.70000000 3.10045294E+002
2.30000000 2.80000000 2.95013146E+002
2.30000000 2.90000000 2.83784100E+002
2.30000000 3.00000000 2.72555055E+002
2.30000000 3.10000000 2.61326010E+002
2.30000000 3.20000000 2.52101338E+002
2.30000000 3.30000000 2.44379946E+002
2.30000000 3.40000000 2.36658554E+002
2.30000000 3.50000000 2.28937162E+002
2.30000000 3.60000000 2.23903452E+002
2.30000000 3.70000000 2.18869742E+002
2.30000000 3.80000000 2.13836032E+002
2.30000000 3.90000000 2.09649625E+002
2.30000000 4.00000000 2.06592956E+002
2.30000000 4.10000000 2.03536287E+002
2.30000000 4.20000000 2.00479618E+002
2.30000000 4.30000000 1.98602145E+002
2.30000000 4.40000000 1.96921205E+002
2.30000000 4.50000000 1.95240264E+002
2.30000000 4.60000000 1.93811823E+002
2.30000000 4.70000000 1.93014629E+002
2.30000000 4.80000000 1.92217435E+002
2.30000000 4.90000000 1.91420242E+002
2.30000000 5.00000000 1.90980971E+002
2.30000000 5.10000000 1.90684871E+002
2.30000000 5.20000000 1.90388770E+002
2.30000000 5.30000000 1.90125208E+002
2.30000000 5.40000000 1.90056877E+002
2.30000000 5.50000000 1.89988546E+002
2.30000000 5.60000000 1.89920216E+002
2.30000000 5.70000000 1.89888328E+002
2.30000000 5.80000000 1.89883772E+002
2.30000000 5.90000000 1.89879217E+002
2.30000000 6.00000000 1.89874662E+002
2.30000000 6.10000000 1.89879217E+002
2.30000000 6.20000000 1.89883772E+002
2.30000000 6.30000000 1.89888328E+002
2.30000000 6.40000000 1.89920216E+002
2.30000000 6.50000000 1.89988546E+002
2.30000000 6.60000000 1.90056877E+002
2.30000000 6.70000000 1.90125208E+002
2.30000000 6.80000000 1.90388770E+002
2.30000000 6.90000000 1.90684871E+002
2.30000000 7.00000000 1.90980971E+002
2.30000000 7.10000000 1.91420242E+002
2.30000000 7.20000000 1.92217435E+002
2.30000000 7.30000000 1.93014629E+002
2.30000000 7.40000000 1.93811823E+002
2.30000000 7.50000000 1.95240264E+002
2.30000000 7.60000000 1.96921205E+002
2.30000000 7.70000000 1.98602145E+002
2.30000000 7.80000000 2.00479618E+002
2.30000000 7.90000000 2.03536287E+002
2.30000000 8.00000000 2.06592956E+002
2.30000000 8.10000000 2.09649625E+002
2.30000000 8.20000000 2.13836032E+002
2.30000000 8.30000000 2.18869742E+002
2.30000000 8.40000000 2.23903452E+002
2.30000000 8.50000000 2.28937162E+002
2.30000000 8.60000000 2.36658554E+002
2.30000000 8.70000000 2.44379946E+002
2.30000000 8.80000000 2.52101338E+002
2.30000000 8.90000000 2.61326010E+002
2.30000000 9.00000000 2.72555055E+002
2.30000000 9.10000000 2.83784100E+002
2.30000000 9.20000000 2.95013146E+002
2.30000000 9.30000000 3.10045294E+002
2.30000000 9.40000000 3.25711292E+002
2.30000000 9.50000000 3.41377291E+002
2.30000000 9.60000000 3.58607742E+002
2.30000000 9.70000000 3.79749323E+002
2.30000000 9.80000000 4.00890905E+002
2.30000000 9.90000000 4.22032486E+002
2.30000000 10.00000000 4.47905170E+002
2.30000000 10.10000000 4.75670294E+002
2.30000000 10.20000000 5.03435418E+002
2.30000000 10.30000000 5.32326374E+002
2.30000000 10.40000000 5.67972329E+002
2.30000000 10.50000000 6.03618284E+002
2.30000000 10.60000000 6.39264239E+002
2.30000000 10.70000000 6.80194450E+002
2.30000000 10.80000000 7.25087854E+002
2.30000000 10.90000000 7.69981258E+002
2.30000000 11.00000000 8.14874662E+002
2.40000000 1.00000000 7.93733080E+002
2.40000000 1.10000000 7.48839676E+002
2.40000000 1.20000000 7.03946272E+002
2.40000000 1.30000000 6.59052869E+002
2.40000000 1.40000000 6.18122657E+002
2.40000000 1.50000000 5.82476702E+002
2.40000000 1.60000000 5.46830748E+002
2.40000000 1.70000000 5.11184793E+002
2.40000000 1.80000000 4.82293836E+002
2.40000000 1.90000000 4.54528712E+002
2.40000000 2.00000000 4.26763588E+002
2.40000000 2.10000000 4.00890905E+002
2.40000000 2.20000000 3.79749323E+002
2.40000000 2.30000000 3.58607742E+002
2.40000000 2.40000000 3.37466160E+002
2.40000000 2.50000000 3.20235709E+002
2.40000000 2.60000000 3.04569711E+002
2.40000000 2.70000000 2.88903712E+002
2.40000000 2.80000000 2.73871564E+002
2.40000000 2.90000000 2.62642519E+002
2.40000000 3.00000000 2.51413474E+002
2.40000000 3.10000000 2.40184428E+002
2.40000000 3.20000000 2.30959756E+002
2.40000000 3.30000000 2.23238364E+002
2.40000000 3.40000000 2.15516972E+002
2.40000000 3.50000000 2.07795580E+002
2.40000000 3.60000000 2.02761870E+002
2.40000000 3.70000000 1.97728160E+002
2.40000000 3.80000000 1.92694450E+002
2.40000000 3.90000000 1.88508044E+002
2.40000000 4.00000000 1.85451374E+002
2.40000000 4.10000000 1.82394705E+002
2.40000000 4.20000000 1.79338036E+002
2.40000000 4.30000000 1.77460563E+002
2.40000000 4.40000000 1.75779623E+002
2.40000000 4.50000000 1.74098683E+002
2.40000000 4.60000000 1.72670242E+002
2.40000000 4.70000000 1.71873048E+002
2.40000000 4.80000000 1.71075854E+002
2.40000000 4.90000000 1.70278660E+002
2.40000000 5.00000000 1.69839390E+002
2.40000000 5.10000000 1.69543289E+002
2.40000000 5.20000000 1.69247189E+002
2.40000000 5.30000000 1.68983627E+002
2.40000000 5.40000000 1.68915296E+002
2.40000000 5.50000000 1.68846965E+002
2.40000000 5.60000000 1.68778634E+002
2.40000000 5.70000000 1.68746746E+002
2.40000000 5.80000000 1.68742191E+002
2.40000000 5.90000000 1.68737635E+002
2.40000000 6.00000000 1.68733080E+002
2.40000000 6.10000000 1.68737635E+002
2.40000000 6.20000000 1.68742191E+002
2.40000000 6.30000000 1.68746746E+002
2.40000000 6.40000000 1.68778634E+002
2.40000000 6.50000000 1.68846965E+002
2.40000000 6.60000000 1.68915296E+002
2.40000000 6.70000000 1.68983627E+002
2.40000000 6.80000000 1.69247189E+002
2.40000000 6.90000000 1.69543289E+002
2.40000000 7.00000000 1.69839390E+002
2.40000000 7.10000000 1.70278660E+002
2.40000000 7.20000000 1.71075854E+002
2.40000000 7.30000000 1.71873048E+002
2.40000000 7.40000000 1.72670242E+002
2.40000000 7.50000000 1.74098683E+002
2.40000000 7.60000000 1.75779623E+002
2.40000000 7.70000000 1.77460563E+002
2.40000000 7.80000000 1.79338036E+002
2.40000000 7.90000000 1.82394705E+002
2.40000000 8.00000000 1.85451374E+002
2.40000000 8.10000000 1.88508044E+002
2.40000000 8.20000000 1.92694450E+002
2.40000000 8.30000000 1.97728160E+002
2.40000000 8.40000000 2.02761870E+002
2.40000000 8.50000000 2.07795580E+002
2.40000000 8.60000000 2.15516972E+002
2.40000000 8.70000000 2.23238364E+002
2.40000000 8.80000000 2.30959756E+002
2.40000000 8.90000000 2.40184428E+002
2.40000000 9.00000000 2.51413474E+002
2.40000000 9.10000000 2.62642519E+002
2.40000000 9.20000000 2.73871564E+002
2.40000000 9.30000000 2.88903712E+002
2.40000000 9.40000000 3.04569711E+002
2.40000000 9.50000000 3.20235709E+002
2.40000000 9.60000000 3.37466160E+002
2.40000000 9.70000000 3.58607742E+002
2.40000000 9.80000000 3.79749323E+002
2.40000000 9.90000000 4.00890905E+002
2.40000000 10.00000000 4.26763588E+002
2.40000000 10.10000000 4.54528712E+002
2.40000000 10.20000000 4.82293836E+002
2.40000000 10.30000000 5.11184793E+002
2.40000000 10.40000000 5.46830748E+002
2.40000000 10.50000000 5.82476702E+002
2.40000000 10.60000000 6.18122657E+002
2.40000000 10.70000000 6.59052869E+002
2.40000000 10.80000000 7.03946272E+002
2.40000000 10.90000000 7.48839676E+002
2.40000000 11.00000000 7.93733080E+002
2.50000000 1.00000000 7.76502629E+002
2.50000000 1.10000000 7.31609225E+002
2.50000000 1.20000000 6.86715822E+002
2.50000000 1.30000000 6.41822418E+002
2.50000000 1.40000000 6.00892206E+002
2.50000000 1.50000000 5.65246252E+002
2.50000000 1.60000000 5.29600297E+002
2.50000000 1.70000000 4.93954342E+002
2.50000000 1.80000000 4.65063385E+002
2.50000000 1.90000000 4.37298261E+002
2.50000000 2.00000000 4.09533137E+002
2.50000000 2.10000000 3.83660454E+002
2.50000000 2.20000000 3.62518872E+002
2.50000000 2.30000000 3.41377291E+002
2.50000000 2.40000000 3.20235709E+002
2.50000000 2.50000000 3.03005258E+002
2.50000000 2.60000000 2.87339260E+002
2.50000000 2.70000000 2.71673261E+002
2.50000000 2.80000000 2.56641113E+002
2.50000000 2.90000000 2.45412068E+002
2.50000000 3.00000000 2.34183023E+002
2.50000000 3.10000000 2.22953978E+002
2.50000000 3.20000000 2.13729305E+002
2.50000000 3.30000000 2.06007913E+002
2.50000000 3.40000000 1.98286521E+002
2.50000000 3.50000000 1.90565129E+002
2.50000000 3.60000000 1.85531419E+002
2.50000000 3.70000000 1.80497709E+002
2.50000000 3.80000000 1.75463999E+002
2.50000000 3.90000000 1.71277593E+002
2.50000000 4.00000000 1.68220924E+002
2.50000000 4.10000000 1.65164254E+002
2.50000000 4.20000000 1.62107585E+002
2.50000000 4.30000000 1.60230112E+002
2.50000000 4.40000000 1.58549172E+002
2.50000000 4.50000000 1.56868232E+002
2.50000000 4.60000000 1.55439791E+002
2.50000000 4.70000000 1.54642597E+002
2.50000000 4.80000000 1.53845403E+002
2.50000000 4.90000000 1.53048209E+002
2.50000000 5.00000000 1.52608939E+002
2.50000000 5.10000000 1.52312838E+002
2.50000000 5.20000000 1.52016738E+002
2.50000000 5.30000000 1.51753176E+002
2.50000000 5.40000000 1.51684845E+002
2.50000000 5.50000000 1.51616514E+002
2.50000000 5.60000000 1.51548183E+002
2.50000000 5.70000000 1.51516295E+002
2.50000000 5.80000000 1.51511740E+002
2.50000000 5.90000000 1.51507185E+002
2.50000000 6.00000000 1.51502629E+002
2.50000000 6.10000000 1.51507185E+002
2.50000000 6.20000000 1.51511740E+002
2.50000000 6.30000000 1.51516295E+002
2.50000000 6.40000000 1.51548183E+002
2.50000000 6.50000000 1.51616514E+002
2.50000000 6.60000000 1.51684845E+002
2.50000000 6.70000000 1.51753176E+002
2.50000000 6.80000000 1.52016738E+002
2.50000000 6.90000000 1.52312838E+002
2.50000000 7.00000000 1.52608939E+002
2.50000000 7.10000000 1.53048209E+002
2.50000000 7.20000000 1.53845403E+002
2.50000000 7.30000000 1.54642597E+002
2.50000000 7.40000000 1.55439791E+002
2.50000000 7.50000000 1.56868232E+002
2.50000000 7.60000000 1.58549172E+002
2.50000000 7.70000000 1.60230112E+002
2.50000000 7.80000000 1.62107585E+002
2.50000000 7.90000000 1.65164254E+002
2.50000000 8.00000000 1.68220924E+002
2.50000000 8.10000000 1.71277593E+002
2.50000000 8.20000000 1.75463999E+002
2.50000000 8.30000000 1.80497709E+002
2.50000000 8.40000000 1.85531419E+002
2.50000000 8.50000000 1.90565129E+002
2.50000000 8.60000000 1.98286521E+002
2.50000000 8.70000000 2.06007913E+002
2.50000000 8.80000000 2.13729305E+002
2.50000000 8.90000000 2.22953978E+002
2.50000000 9.00000000 2.34183023E+002
2.50000000 9.10000000 2.45412068E+002
2.50000000 9.20000000 2.56641113E+002
2.50000000 9.30000000 2.71673261E+002
2.50000000 9.40000000 2.87339260E+002
2.50000000 9.50000000 3.03005258E+002
2.50000000 9.60000000 3.20235709E+002
2.50000000 9.70000000 3.41377291E+002
2.50000000 9.80000000 3.62518872E+002
2.50000000 9.90000000 3.83660454E+002
2.50000000 10.00000000 4.09533137E+002
2.50000000 10.10000000 4.37298261E+002
2.50000000 10.20000000 4.65063385E+002
2.50000000 10.30000000 4.93954342E+002
2.50000000 10.40000000 5.29600297E+002
2.50000000 10.50000000 5.65246252E+002
2.50000000 10.60000000 6.00892206E+002
2.50000000 10.70000000 6.41822418E+002
2.50000000 10.80000000 6.86715822E+002
2.50000000 10.90000000 7.31609225E+002
2.50000000 11.00000000 7.76502629E+002
2.60000000 1.00000000 7.60836631E+002
2.60000000 1.10000000 7.15943227E+002
2.60000000 1.20000000 6.71049823E+002
2.60000000 1.30000000 6.26156419E+002
2.60000000 1.40000000 5.85226208E+002
2.60000000 1.50000000 5.49580253E+002
2.60000000 1.60000000 5.13934298E+002
2.60000000 1.70000000 4.78288343E+002
2.60000000 1.80000000 4.49397387E+002
2.60000000 1.90000000 4.21632263E+002
2.60000000 2.00000000 3.93867139E+002
2.60000000 2.10000000 3.67994455E+002
2.60000000 2.20000000 3.46852874E+002
2.60000000 2.30000000 3.25711292E+002
2.60000000 2.40000000 3.04569711E+002
2.60000000 2.50000000 2.87339260E+002
2.60000000 2.60000000 2.71673261E+002
2.60000000 2.70000000 2.56007263E+002
2.60000000 2.80000000 2.40975115E+002
2.60000000 2.90000000 2.29746069E+002
2.60000000 3.00000000 2.18517024E+002
2.60000000 3.10000000 2.07287979E+002
2.60000000 3.20000000 1.98063307E+002
2.60000000 3.30000000 1.90341915E+002
2.60000000 3.40000000 1.82620523E+002
2.60000000 3.50000000 1.74899131E+002
2.60000000 3.60000000 1.69865421E+002
2.60000000 3.70000000 1.64831711E+002
2.60000000 3.80000000 1.59798001E+002
2.60000000 3.90000000 1.55611594E+002
2.60000000 4.00000000 1.52554925E+002
2.60000000 4.10000000 1.49498256E+002
2.60000000 4.20000000 1.46441587E+002
2.60000000 4.30000000 1.44564114E+002
2.60000000 4.40000000 1.42883174E+002
2.60000000 4.50000000 1.41202233E+002
2.60000000 4.60000000 1.39773792E+002
2.60000000 4.70000000 1.38976598E+002
2.60000000 4.80000000 1.38179404E+002
2.60000000 4.90000000 1.37382211E+002
2.60000000 5.00000000 1.36942940E+002
2.60000000 5.10000000 1.36646840E+002
2.60000000 5.20000000 1.36350739E+002
2.60000000 5.30000000 1.36087177E+002
2.60000000 5.40000000 1.36018846E+002
2.60000000 5.50000000 1.35950515E+002
2.60000000 5.60000000 1.35882185E+002
2.60000000 5.70000000 1.35850297E+002
2.60000000 5.80000000 1.35845741E+002
2.60000000 5.90000000 1.35841186E+002
2.60000000 6.00000000 1.35836631E+002
2.60000000 6.10000000 1.35841186E+002
2.60000000 6.20000000 1.35845741E+002
2.60000000 6.30000000 1.35850297E+002
2.60000000 6.40000000 1.35882185E+002
2.60000000 6.50000000 1.35950515E+002
2.60000000 6.60000000 1.36018846E+002
2.60000000 6.70000000 1.36087177E+002
2.60000000 6.80000000 1.36350739E+002
2.60000000 6.90000000 1.36646840E+002
2.60000000 7.00000000 1.36942940E+002
2.60000000 7.10000000 1.37382211E+002
2.60000000 7.20000000 1.38179404E+002
2.60000000 7.30000000 1.38976598E+002
2.60000000 7.40000000 1.39773792E+002
2.60000000 7.50000000 1.41202233E+002
2.60000000 7.60000000 1.42883174E+002
2.60000000 7.70000000 1.44564114E+002
2.60000000 7.80000000 1.46441587E+002
2.60000000 7.90000000 1.49498256E+002
2.60000000 8.00000000 1.52554925E+002
2.60000000 8.10000000 1.55611594E+002
2.60000000 8.20000000 1.59798001E+002
2.60000000 8.30000000 1.64831711E+002
2.60000000 8.40000000 1.69865421E+002
2.60000000 8.50000000 1.74899131E+002
2.60000000 8.60000000 1.82620523E+002
2.60000000 8.70000000 1.90341915E+002
2.60000000 8.80000000 1.98063307E+002
2.60000000 8.90000000 2.07287979E+002
2.60000000 9.00000000 2.18517024E+002
2.60000000 9.10000000 2.29746069E+002
2.60000000 9.20000000 2.40975115E+002
2.60000000 9.30000000 2.56007263E+002
2.60000000 9.40000000 2.71673261E+002
2.60000000 9.50000000 2.87339260E+002
2.60000000 9.60000000 3.04569711E+002
2.60000000 9.70000000 3.25711292E+002
2.60000000 9.80000000 3.46852874E+002
2.60000000 9.90000000 3.67994455E+002
2.60000000 10.00000000 3.93867139E+002
2.60000000 10.10000000 4.21632263E+002
2.60000000 10.20000000 4.49397387E+002
2.60000000 10.30000000 4.78288343E+002
2.60000000 10.40000000 5.13934298E+002
2.60000000 10.50000000 5.49580253E+002
2.60000000 10.60000000 5.85226208E+002
2.60000000 10.70000000 6.26156419E+002
2.60000000 10.80000000 6.71049823E+002
2.60000000 10.90000000 7.15943227E+002
2.60000000 11.00000000 7.60836631E+002
2.70000000 1.00000000 7.45170632E+002
2.70000000 1.10000000 7.00277228E+002
2.70000000 1.20000000 6.55383824E+002
2.70000000 1.30000000 6.10490421E+002
2.70000000 1.40000000 5.69560209E+002
2.70000000 1.50000000 5.33914254E+002
2.70000000 1.60000000 4.98268300E+002
2.70000000 1.70000000 4.62622345E+002
2.70000000 1.80000000 4.33731388E+002
2.70000000 1.90000000 4.05966264E+002
2.70000000 2.00000000 3.78201140E+002
2.70000000 2.10000000 3.52328457E+002
2.70000000 2.20000000 3.31186875E+002
2.70000000 2.30000000 3.10045294E+002
2.70000000 2.40000000 2.88903712E+002
2.70000000 2.50000000 2.71673261E+002
2.70000000 2.60000000 2.56007263E+002
2.70000000 2.70000000 2.40341264E+002
2.70000000 2.80000000 2.25309116E+002
2.70000000 2.90000000 2.14080071E+002
2.70000000 3.00000000 2.02851026E+002
2.70000000 3.10000000 1.91621980E+002
2.70000000 3.20000000 1.82397308E+002
2.70000000 3.30000000 1.74675916E+002
2.70000000 3.40000000 1.66954524E+002
2.70000000 3.50000000 1.59233132E+002
2.70000000 3.60000000 1.54199422E+002
2.70000000 3.70000000 1.49165712E+002
2.70000000 3.80000000 1.44132002E+002
2.70000000 3.90000000 1.39945596E+002
2.70000000 4.00000000 1.36888926E+002
2.70000000 4.10000000 1.33832257E+002
2.70000000 4.20000000 1.30775588E+002
2.70000000 4.30000000 1.28898115E+002
2.70000000 4.40000000 1.27217175E+002
2.70000000 4.50000000 1.25536235E+002
2.70000000 4.60000000 1.24107794E+002
2.70000000 4.70000000 1.23310600E+002
2.70000000 4.80000000 1.22513406E+002
2.70000000 4.90000000 1.21716212E+002
2.70000000 5.00000000 1.21276942E+002
2.70000000 5.10000000 1.20980841E+002
2.70000000 5.20000000 1.20684741E+002
2.70000000 5.30000000 1.20421179E+002
2.70000000 5.40000000 1.20352848E+002
2.70000000 5.50000000 1.20284517E+002
2.70000000 5.60000000 1.20216186E+002
2.70000000 5.70000000 1.20184298E+002
2.70000000 5.80000000 1.20179743E+002
2.70000000 5.90000000 1.20175187E+002
2.70000000 6.00000000 1.20170632E+002
2.70000000 6.10000000 1.20175187E+002
2.70000000 6.20000000 1.20179743E+002
2.70000000 6.30000000 1.20184298E+002
2.70000000 6.40000000 1.20216186E+002
2.70000000 6.50000000 1.20284517E+002
2.70000000 6.60000000 1.20352848E+002
2.70000000 6.70000000 1.20421179E+002
2.70000000 6.80000000 1.20684741E+002
2.70000000 6.90000000 1.20980841E+002
2.70000000 7.00000000 1.21276942E+002
2.70000000 7.10000000 1.21716212E+002
2.70000000 7.20000000 1.22513406E+002
2.70000000 7.30000000 1.23310600E+002
2.70000000 7.40000000 1.24107794E+002
2.70000000 7.50000000 1.25536235E+002
2.70000000 7.60000000 1.27217175E+002
2.70000000 7.70000000 1.28898115E+002
2.70000000 7.80000000 1.30775588E+002
2.70000000 7.90000000 1.33832257E+002
2.70000000 8.00000000 1.36888926E+002
2.70000000 8.10000000 1.39945596E+002
2.70000000 8.20000000 1.44132002E+002
2.70000000 8.30000000 1.49165712E+002
2.70000000 8.40000000 1.54199422E+002
2.70000000 8.50000000 1.59233132E+002
2.70000000 8.60000000 1.66954524E+002
2.70000000 8.70000000 1.74675916E+002
2.70000000 8.80000000 1.82397308E+002
2.70000000 8.90000000 1.91621980E+002
2.70000000 9.00000000 2.02851026E+002
2.70000000 9.10000000 2.14080071E+002
2.70000000 9.20000000 2.25309116E+002
2.70000000 9.30000000 2.40341264E+002
2.70000000 9.40000000 2.56007263E+002
2.70000000 9.50000000 2.71673261E+002
2.70000000 9.60000000 2.88903712E+002
2.70000000 9.70000000 3.10045294E+002
2.70000000 9.80000000 3.31186875E+002
2.70000000 9.90000000 3.52328457E+002
2.70000000 10.00000000 3.78201140E+002
2.70000000 10.10000000 4.05966264E+002
2.70000000 10.20000000 4.33731388E+002
2.70000000 10.30000000 4.62622345E+002
2.70000000 10.40000000 4.98268300E+002
2.70000000 10.50000000 5.33914254E+002
2.70000000 10.60000000 5.69560209E+002
2.70000000 10.70000000 6.10490421E+002
2.70000000 10.80000000 6.55383824E+002
2.70000000 10.90000000 7.00277228E+002
2.70000000 11.00000000 7.45170632E+002
2.80000000 1.00000000 7.30138484E+002
2.80000000 1.10000000 6.85245080E+002
2.80000000 1.20000000 6.40351676E+002
2.80000000 1.30000000 5.95458273E+002
2.80000000 1.40000000 5.54528061E+002
2.80000000 1.50000000 5.18882106E+002
2.80000000 1.60000000 4.83236152E+002
2.80000000 1.70000000 4.47590197E+002
2.80000000 1.80000000 4.18699240E+002
2.80000000 1.90000000 3.90934116E+002
2.80000000 2.00000000 3.63168992E+002
2.80000000 2.10000000 3.37296309E+002
2.80000000 2.20000000 3.16154727E+002
2.80000000 2.30000000 2.95013146E+002
2.80000000 2.40000000 2.73871564E+002
2.80000000 2.50000000 2.56641113E+002
2.80000000 2.60000000 2.40975115E+002
2.80000000 2.70000000 2.25309116E+002
2.80000000 2.80000000 2.10276968E+002
2.80000000 2.90000000 1.99047923E+002
2.80000000 3.00000000 1.87818878E+002
2.80000000 3.10000000 1.76589832E+002
2.80000000 3.20000000 1.67365160E+002
2.80000000 3.30000000 1.59643768E+002
2.80000000 3.40000000 1.51922376E+002
2.80000000 3.50000000 1.44200984E+002
2.80000000 3.60000000 1.39167274E+002
2.80000000 3.70000000 1.34133564E+002
2.80000000 3.80000000 1.29099854E+002
2.80000000 3.90000000 1.24913448E+002
2.80000000 4.00000000 1.21856778E+002
2.80000000 4.10000000 1.18800109E+002
2.80000000 4.20000000 1.15743440E+002
2.80000000 4.30000000 1.13865967E+002
2.80000000 4.40000000 1.12185027E+002
2.80000000 4.50000000 1.10504087E+002
2.80000000 4.60000000 1.09075646E+002
2.80000000 4.70000000 1.08278452E+002
2.80000000 4.80000000 1.07481258E+002
2.80000000 4.90000000 1.06684064E+002
2.80000000 5.00000000 1.06244794E+002
2.80000000 5.10000000 1.05948693E+002
2.80000000 5.20000000 1.05652593E+002
2.80000000 5.30000000 1.05389031E+002
2.80000000 5.40000000 1.05320700E+002
2.80000000 5.50000000 1.05252369E+002
2.80000000 5.60000000 1.05184038E+002
2.80000000 5.70000000 1.05152150E+002
2.80000000 5.80000000 1.05147595E+002
2.80000000 5.90000000 1.05143039E+002
2.80000000 6.00000000 1.05138484E+002
2.80000000 6.10000000 1.05143039E+002
2.80000000 6.20000000 1.05147595E+002
2.80000000 6.30000000 1.05152150E+002
2.80000000 6.40000000 1.05184038E+002
2.80000000 6.50000000 1.05252369E+002
2.80000000 6.60000000 1.05320700E+002
2.80000000 6.70000000 1.05389031E+002
2.80000000 6.80000000 1.05652593E+002
2.80000000 6.90000000 1.05948693E+002
2.80000000 7.00000000 1.06244794E+002
2.80000000 7.10000000 1.06684064E+002
2.80000000 7.20000000 1.07481258E+002
2.80000000 7.30000000 1.08278452E+002
2.80000000 7.40000000 1.09075646E+002
2.80000000 7.50000000 1.10504087E+002
2.80000000 7.60000000 1.12185027E+002
2.80000000 7.70000000 1.13865967E+002
2.80000000 7.80000000 1.15743440E+002
2.80000000 7.90000000 1.18800109E+002
2.80000000 8.00000000 1.21856778E+002
2.80000000 8.10000000 1.24913448E+002
2.80000000 8.20000000 1.29099854E+002
2.80000000 8.30000000 1.34133564E+002
2.80000000 8.40000000 1.39167274E+002
2.80000000 8.50000000 1.44200984E+002
2.80000000 8.60000000 1.51922376E+002
2.80000000 8.70000000 1.59643768E+002
2.80000000 8.80000000 1.67365160E+002
2.80000000 8.90000000 1.76589832E+002
2.80000000 9.00000000 1.87818878E+002
2.80000000 9.10000000 1.99047923E+002
2.80000000 9.20000000 2.10276968E+002
2.80000000 9.30000000 2.25309116E+002
2.80000000 9.40000000 2.40975115E+002
2.80000000 9.50000000 2.56641113E+002
2.80000000 9.60000000 2.73871564E+002
2.80000000 9.70000000 2.95013146E+002
2.80000000 9.80000000 3.16154727E+002
2.80000000 9.90000000 3.37296309E+002
2.80000000 10.00000000 3.63168992E+002
2.80000000 10.10000000 3.90934116E+002
2.80000000 10.20000000 4.18699240E+002
2.80000000 10.30000000 4.47590197E+002
2.80000000 10.40000000 4.83236152E+002
2.80000000 10.50000000 5.18882106E+002
2.80000000 10.60000000 5.54528061E+002
2.80000000 10.70000000 5.95458273E+002
2.80000000 10.80000000 6.40351676E+002
2.80000000 10.90000000 6.85245080E+002
2.80000000 11.00000000 7.30138484E+002
2.90000000 1.00000000 7.18909439E+002
2.90000000 1.10000000 6.74016035E+002
2.90000000 1.20000000 6.29122631E+002
2.90000000 1.30000000 5.84229227E+002
2.90000000 1.40000000 5.43299016E+002
2.90000000 1.50000000 5.07653061E+002
2.90000000 1.60000000 4.72007106E+002
2.90000000 1.70000000 4.36361152E+002
2.90000000 1.80000000 4.07470195E+002
2.90000000 1.90000000 3.79705071E+002
2.90000000 2.00000000 3.51939947E+002
2.90000000 2.10000000 3.26067264E+002
2.90000000 2.20000000 3.04925682E+002
2.90000000 2.30000000 2.83784100E+002
2.90000000 2.40000000 2.62642519E+002
2.90000000 2.50000000 2.45412068E+002
2.90000000 2.60000000 2.29746069E+002
2.90000000 2.70000000 2.14080071E+002
2.90000000 2.80000000 1.99047923E+002
2.90000000 2.90000000 1.87818878E+002
2.90000000 3.00000000 1.76589832E+002
2.90000000 3.10000000 1.65360787E+002
2.90000000 3.20000000 1.56136115E+002
2.90000000 3.30000000 1.48414723E+002
2.90000000 3.40000000 1.40693331E+002
2.90000000 3.50000000 1.32971939E+002
2.90000000 3.60000000 1.27938229E+002
2.90000000 3.70000000 1.22904519E+002
2.90000000 3.80000000 1.17870809E+002
2.90000000 3.90000000 1.13684402E+002
2.90000000 4.00000000 1.10627733E+002
2.90000000 4.10000000 1.07571064E+002
2.90000000 4.20000000 1.04514395E+002
2.90000000 4.30000000 1.02636922E+002
2.90000000 4.40000000 1.00955982E+002
2.90000000 4.50000000 9.92750416E+001
2.90000000 4.60000000 9.78466004E+001
2.90000000 4.70000000 9.70494065E+001
2.90000000 4.80000000 9.62522126E+001
2.90000000 4.90000000 9.54550187E+001
2.90000000 5.00000000 9.50157486E+001
2.90000000 5.10000000 9.47196481E+001
2.90000000 5.20000000 9.44235475E+001
2.90000000 5.30000000 9.41599854E+001
2.90000000 5.40000000 9.40916545E+001
2.90000000 5.50000000 9.40233236E+001
2.90000000 5.60000000 9.39549927E+001
2.90000000 5.70000000 9.39231050E+001
2.90000000 5.80000000 9.39185496E+001
2.90000000 5.90000000 9.39139942E+001
2.90000000 6.00000000 9.39094388E+001
2.90000000 6.10000000 9.39139942E+001
2.90000000 6.20000000 9.39185496E+001
2.90000000 6.30000000 9.39231050E+001
2.90000000 6.40000000 9.39549927E+001
2.90000000 6.50000000 9.40233236E+001
2.90000000 6.60000000 9.40916545E+001
2.90000000 6.70000000 9.41599854E+001
2.90000000 6.80000000 9.44235475E+001
2.90000000 6.90000000 9.47196481E+001
2.90000000 7.00000000 9.50157486E+001
2.90000000 7.10000000 9.54550187E+001
2.90000000 7.20000000 9.62522126E+001
2.90000000 7.30000000 9.70494065E+001
2.90000000 7.40000000 9.78466004E+001
2.90000000 7.50000000 9.92750416E+001
2.90000000 7.60000000 1.00955982E+002
2.90000000 7.70000000 1.02636922E+002
2.90000000 7.80000000 1.04514395E+002
2.90000000 7.90000000 1.07571064E+002
2.90000000 8.00000000 1.10627733E+002
2.90000000 8.10000000 1.13684402E+002
2.90000000 8.20000000 1.17870809E+002
2.90000000 8.30000000 1.22904519E+002
2.90000000 8.40000000 1.27938229E+002
2.90000000 8.50000000 1.32971939E+002
2.90000000 8.60000000 1.40693331E+002
2.90000000 8.70000000 1.48414723E+002
2.90000000 8.80000000 1.56136115E+002
2.90000000 8.90000000 1.65360787E+002
2.90000000 9.00000000 1.76589832E+002
2.90000000 9.10000000 1.87818878E+002
2.90000000 9.20000000 1.99047923E+002
2.90000000 9.30000000 2.14080071E+002
2.90000000 9.40000000 2.29746069E+002
2.90000000 9.50000000 2.45412068E+002
2.90000000 9.60000000 2.62642519E+002
2.90000000 9.70000000 2.83784100E+002
2.90000000 9.80000000 3.04925682E+002
2.90000000 9.90000000 3.26067264E+002
2.90000000 10.00000000 3.51939947E+002
2.90000000 10.10000000 3.79705071E+002
2.90000000 10.20000000 4.07470195E+002
2.90000000 10.30000000 4.36361152E+002
2.90000000 10.40000000 4.72007106E+002
2.90000000 10.50000000 5.07653061E+002
2.90000000 10.60000000 5.43299016E+002
2.90000000 10.70000000 5.84229227E+002
2.90000000 10.80000000 6.29122631E+002
2.90000000 10.90000000 6.74016035E+002
2.90000000 11.00000000 7.18909439E+002
3.00000000 1.00000000 7.07680394E+002
3.00000000 1.10000000 6.62786990E+002
3.00000000 1.20000000 6.17893586E+002
3.00000000 1.30000000 5.73000182E+002
3.00000000 1.40000000 5.32069971E+002
3.00000000 1.50000000 4.96424016E+002
3.00000000 1.60000000 4.60778061E+002
3.00000000 1.70000000 4.25132106E+002
3.00000000 1.80000000 3.96241150E+002
3.00000000 1.90000000 3.68476026E+002
3.00000000 2.00000000 3.40710902E+002
3.00000000 2.10000000 3.14838218E+002
3.00000000 2.20000000 2.93696637E+002
3.00000000 2.30000000 2.72555055E+002
3.00000000 2.40000000 2.51413474E+002
3.00000000 2.50000000 2.34183023E+002
3.00000000 2.60000000 2.18517024E+002
3.00000000 2.70000000 2.02851026E+002
3.00000000 2.80000000 1.87818878E+002
3.00000000 2.90000000 1.76589832E+002
3.00000000 3.00000000 1.65360787E+002
3.00000000 3.10000000 1.54131742E+002
3.00000000 3.20000000 1.44907070E+002
3.00000000 3.30000000 1.37185678E+002
3.00000000 3.40000000 1.29464286E+002
3.00000000 3.50000000 1.21742894E+002
3.00000000 3.60000000 1.16709184E+002
3.00000000 3.70000000 1.11675474E+002
3.00000000 3.80000000 1.06641764E+002
3.00000000 3.90000000 1.02455357E+002
3.00000000 4.00000000 9.93986880E+001
3.00000000 4.10000000 9.63420190E+001
3.00000000 4.20000000 9.32853499E+001
3.00000000 4.30000000 9.14078769E+001
3.00000000 4.40000000 8.97269367E+001
3.00000000 4.50000000 8.80459965E+001
3.00000000 4.60000000 8.66175552E+001
3.00000000 4.70000000 8.58203613E+001
3.00000000 4.80000000 8.50231674E+001
3.00000000 4.90000000 8.42259736E+001
3.00000000 5.00000000 8.37867035E+001
3.00000000 5.10000000 8.34906029E+001
3.00000000 5.20000000 8.31945023E+001
3.00000000 5.30000000 8.29309402E+001
3.00000000 5.40000000 8.28626093E+001
3.00000000 5.50000000 8.27942784E+001
3.00000000 5.60000000 8.27259475E+001
3.00000000 5.70000000 8.26940598E+001
3.00000000 5.80000000 8.26895044E+001
3.00000000 5.90000000 8.26849490E+001
3.00000000 6.00000000 8.26803936E+001
3.00000000 6.10000000 8.26849490E+001
3.00000000 6.20000000 8.26895044E+001
3.00000000 6.30000000 8.26940598E+001
3.00000000 6.40000000 8.27259475E+001
3.00000000 6.50000000 8.27942784E+001
3.00000000 6.60000000 8.28626093E+001
3.00000000 6.70000000 8.29309402E+001
3.00000000 6.80000000 8.31945023E+001
3.00000000 6.90000000 8.34906029E+001
3.00000000 7.00000000 8.37867035E+001
3.00000000 7.10000000 8.42259736E+001
3.00000000 7.20000000 8.50231674E+001
3.00000000 7.30000000 8.58203613E+001
3.00000000 7.40000000 8.66175552E+001
3.00000000 7.50000000 8.80459965E+001
3.00000000 7.60000000 8.97269367E+001
3.00000000 7.70000000 9.14078769E+001
3.00000000 7.80000000 9.32853499E+001
3.00000000 7.90000000 9.63420190E+001
3.00000000 8.00000000 9.93986880E+001
3.00000000 8.10000000 1.02455357E+002
3.00000000 8.20000000 1.06641764E+002
3.00000000 8.30000000 1.11675474E+002
3.00000000 8.40000000 1.16709184E+002
3.00000000 8.50000000 1.21742894E+002
3.00000000 8.60000000 1.29464286E+002
3.00000000 8.70000000 1.37185678E+002
3.00000000 8.80000000 1.44907070E+002
3.00000000 8.90000000 1.54131742E+002
3.00000000 9.00000000 1.65360787E+002
3.00000000 9.10000000 1.76589832E+002
3.00000000 9.20000000 1.87818878E+002
3.00000000 9.30000000 2.02851026E+002
3.00000000 9.40000000 2.18517024E+002
3.00000000 9.50000000 2.34183023E+002
3.00000000 9.60000000 2.51413474E+002
3.00000000 9.70000000 2.72555055E+002
3.00000000 9.80000000 2.93696637E+002
3.00000000 9.90000000 3.14838218E+002
3.00000000 10.00000000 3.40710902E+002
3.00000000 10.10000000 3.68476026E+002
3.00000000 10.20000000 3.96241150E+002
3.00000000 10.30000000 4.25132106E+002
3.00000000 10.40000000 4.60778061E+002
3.00000000 10.50000000 4.96424016E+002
3.00000000 10.60000000 5.32069971E+002
3.00000000 10.70000000 5.73000182E+002
3.00000000 10.80000000 6.17893586E+002
3.00000000 10.90000000 6.62786990E+002
3.00000000 11.00000000 7.07680394E+002
3.10000000 1.00000000 6.96451348E+002
3.10000000 1.10000000 6.51557945E+002
3.10000000 1.20000000 6.06664541E+002
3.10000000 1.30000000 5.61771137E+002
3.10000000 1.40000000 5.20840926E+002
3.10000000 1.50000000 4.85194971E+002
3.10000000 1.60000000 4.49549016E+002
3.10000000 1.70000000 4.13903061E+002
3.10000000 1.80000000 3.85012104E+002
3.10000000 1.90000000 3.57246980E+002
3.10000000 2.00000000 3.29481857E+002
3.10000000 2.10000000 3.03609173E+002
3.10000000 2.20000000 2.82467592E+002
3.10000000 2.30000000 2.61326010E+002
3.10000000 2.40000000 2.40184428E+002
3.10000000 2.50000000 2.22953978E+002
3.10000000 2.60000000 2.07287979E+002
3.10000000 2.70000000 1.91621980E+002
3.10000000 2.80000000 1.76589832E+002
3.10000000 2.90000000 1.65360787E+002
3.10000000 3.00000000 1.54131742E+002
3.10000000 3.10000000 1.42902697E+002
3.10000000 3.20000000 1.33678025E+002
3.10000000 3.30000000 1.25956633E+002
3.10000000 3.40000000 1.18235241E+002
3.10000000 3.50000000 1.10513848E+002
3.10000000 3.60000000 1.05480138E+002
3.10000000 3.70000000 1.00446429E+002
3.10000000 3.80000000 9.54127187E+001
3.10000000 3.90000000 9.12263120E+001
3.10000000 4.00000000 8.81696429E+001
3.10000000 4.10000000 8.51129738E+001
3.10000000 4.20000000 8.20563047E+001
3.10000000 4.30000000 8.01788317E+001
3.10000000 4.40000000 7.84978915E+001
3.10000000 4.50000000 7.68169513E+001
3.10000000 4.60000000 7.53885100E+001
3.10000000 4.70000000 7.45913161E+001
3.10000000 4.80000000 7.37941222E+001
3.10000000 4.90000000 7.29969284E+001
3.10000000 5.00000000 7.25576583E+001
3.10000000 5.10000000 7.22615577E+001
3.10000000 5.20000000 7.19654571E+001
3.10000000 5.30000000 7.17018950E+001
3.10000000 5.40000000 7.16335641E+001
3.10000000 5.50000000 7.15652332E+001
3.10000000 5.60000000 7.14969023E+001
3.10000000 5.70000000 7.14650146E+001
3.10000000 5.80000000 7.14604592E+001
3.10000000 5.90000000 7.14559038E+001
3.10000000 6.00000000 7.14513484E+001
3.10000000 6.10000000 7.14559038E+001
3.10000000 6.20000000 7.14604592E+001
3.10000000 6.30000000 7.14650146E+001
3.10000000 6.40000000 7.14969023E+001
3.10000000 6.50000000 7.15652332E+001
3.10000000 6.60000000 7.16335641E+001
3.10000000 6.70000000 7.17018950E+001
3.10000000 6.80000000 7.19654571E+001
3.10000000 6.90000000 7.22615577E+001
3.10000000 7.00000000 7.25576583E+001
3.10000000 7.10000000 7.29969284E+001
3.10000000 7.20000000 7.37941222E+001
3.10000000 7.30000000 7.45913161E+001
3.10000000 7.40000000 7.53885100E+001
3.10000000 7.50000000 7.68169513E+001
3.10000000 7.60000000 7.84978915E+001
3.10000000 7.70000000 8.01788317E+001
3.10000000 7.80000000 8.20563047E+001
3.10000000 7.90000000 8.51129738E+001
3.10000000 8.00000000 8.81696429E+001
3.10000000 8.10000000 9.12263120E+001
3.10000000 8.20000000 9.54127187E+001
3.10000000 8.30000000 1.00446429E+002
3.10000000 8.40000000 1.05480138E+002
3.10000000 8.50000000 1.10513848E+002
3.10000000 8.60000000 1.18235241E+002
3.10000000 8.70000000 1.25956633E+002
3.10000000 8.80000000 1.33678025E+002
3.10000000 8.90000000 1.42902697E+002
3.10000000 9.00000000 1.54131742E+002
3.10000000 9.10000000 1.65360787E+002
3.10000000 9.20000000 1.76589832E+002
3.10000000 9.30000000 1.91621980E+002
3.10000000 9.40000000 2.07287979E+002
3.10000000 9.50000000 2.22953978E+002
3.10000000 9.60000000 2.40184428E+002
3.10000000 9.70000000 2.61326010E+002
3.10000000 9.80000000 2.82467592E+002
3.10000000 9.90000000 3.03609173E+002
3.10000000 10.00000000 3.29481857E+002
3.10000000 10.10000000 3.57246980E+002
3.10000000 10.20000000 3.85012104E+002
3.10000000 10.30000000 4.13903061E+002
3.10000000 10.40000000 4.49549016E+002
3.10000000 10.50000000 4.85194971E+002
3.10000000 10.60000000 5.20840926E+002
3.10000000 10.70000000 5.61771137E+002
3.10000000 10.80000000 6.06664541E+002
3.10000000 10.90000000 6.51557945E+002
3.10000000 11.00000000 6.96451348E+002
3.20000000 1.00000000 6.87226676E+002
3.20000000 1.10000000 6.42333273E+002
3.20000000 1.20000000 5.97439869E+002
3.20000000 1.30000000 5.52546465E+002
3.20000000 1.40000000 5.11616254E+002
3.20000000 1.50000000 4.75970299E+002
3.20000000 1.60000000 4.40324344E+002
3.20000000 1.70000000 4.04678389E+002
3.20000000 1.80000000 3.75787432E+002
3.20000000 1.90000000 3.48022308E+002
3.20000000 2.00000000 3.20257185E+002
3.20000000 2.10000000 2.94384501E+002
3.20000000 2.20000000 2.73242920E+002
3.20000000 2.30000000 2.52101338E+002
3.20000000 2.40000000 2.30959756E+002
3.20000000 2.50000000 2.13729305E+002
3.20000000 2.60000000 1.98063307E+002
3.20000000 2.70000000 1.82397308E+002
3.20000000 2.80000000 1.67365160E+002
3.20000000 2.90000000 1.56136115E+002
3.20000000 3.00000000 1.44907070E+002
3.20000000 3.10000000 1.33678025E+002
3.20000000 3.20000000 1.24453353E+002
3.20000000 3.30000000 1.16731961E+002
3.20000000 3.40000000 1.09010569E+002
3.20000000 3.50000000 1.01289176E+002
3.20000000 3.60000000 9.62554665E+001
3.20000000 3.70000000 9.12217566E+001
3.20000000 3.80000000 8.61880466E+001
3.20000000 3.90000000 8.20016399E+001
3.20000000 4.00000000 7.89449708E+001
3.20000000 4.10000000 7.58883017E+001
3.20000000 4.20000000 7.28316327E+001
3.20000000 4.30000000 7.09541597E+001
3.20000000 4.40000000 6.92732195E+001
3.20000000 4.50000000 6.75922793E+001
3.20000000 4.60000000 6.61638380E+001
3.20000000 4.70000000 6.53666441E+001
3.20000000 4.80000000 6.45694502E+001
3.20000000 4.90000000 6.37722564E+001
3.20000000 5.00000000 6.33329863E+001
3.20000000 5.10000000 6.30368857E+001
3.20000000 5.20000000 6.27407851E+001
3.20000000 5.30000000 6.24772230E+001
3.20000000 5.40000000 6.24088921E+001
3.20000000 5.50000000 6.23405612E+001
3.20000000 5.60000000 6.22722303E+001
3.20000000 5.70000000 6.22403426E+001
3.20000000 5.80000000 6.22357872E+001
3.20000000 5.90000000 6.22312318E+001
3.20000000 6.00000000 6.22266764E+001
3.20000000 6.10000000 6.22312318E+001
3.20000000 6.20000000 6.22357872E+001
3.20000000 6.30000000 6.22403426E+001
3.20000000 6.40000000 6.22722303E+001
3.20000000 6.50000000 6.23405612E+001
3.20000000 6.60000000 6.24088921E+001
3.20000000 6.70000000 6.24772230E+001
3.20000000 6.80000000 6.27407851E+001
3.20000000 6.90000000 6.30368857E+001
3.20000000 7.00000000 6.33329863E+001
3.20000000 7.10000000 6.37722564E+001
3.20000000 7.20000000 6.45694502E+001
3.20000000 7.30000000 6.53666441E+001
3.20000000 7.40000000 6.61638380E+001
3.20000000 7.50000000 6.75922793E+001
3.20000000 7.60000000 6.92732195E+001
3.20000000 7.70000000 7.09541597E+001
3.20000000 7.80000000 7.28316327E+001
3.20000000 7.90000000 7.58883017E+001
3.20000000 8.00000000 7.89449708E+001
3.20000000 8.10000000 8.20016399E+001
3.20000000 8.20000000 8.61880466E+001
3.20000000 8.30000000 9.12217566E+001
3.20000000 8.40000000 9.62554665E+001
3.20000000 8.50000000 1.01289176E+002
3.20000000 8.60000000 1.09010569E+002
3.20000000 8.70000000 1.16731961E+002
3.20000000 8.80000000 1.24453353E+002
3.20000000 8.90000000 1.33678025E+002
3.20000000 9.00000000 1.44907070E+002
3.20000000 9.10000000 1.56136115E+002
3.20000000 9.20000000 1.67365160E+002
3.20000000 9.30000000 1.82397308E+002
3.20000000 9.40000000 1.98063307E+002
3.20000000 9.50000000 2.13729305E+002
3.20000000 9.60000000 2.30959756E+002
3.20000000 9.70000000 2.52101338E+002
3.20000000 9.80000000 2.73242920E+002
3.20000000 9.90000000 2.94384501E+002
3.20000000 10.00000000 3.20257185E+002
3.20000000 10.10000000 3.48022308E+002
3.20000000 10.20000000 3.75787432E+002
3.20000000 10.30000000 4.04678389E+002
3.20000000 10.40000000 4.40324344E+002
3.20000000 10.50000000 4.75970299E+002
3.20000000 10.60000000 5.11616254E+002
3.20000000 10.70000000 5.52546465E+002
3.20000000 10.80000000 5.97439869E+002
3.20000000 10.90000000 6.42333273E+002
3.20000000 11.00000000 6.87226676E+002
3.30000000 1.00000000 6.79505284E+002
3.30000000 1.10000000 6.34611880E+002
3.30000000 1.20000000 5.89718477E+002
3.30000000 1.30000000 5.44825073E+002
3.30000000 1.40000000 5.03894862E+002
3.30000000 1.50000000 4.68248907E+002
3.30000000 1.60000000 4.32602952E+002
3.30000000 1.70000000 3.96956997E+002
3.30000000 1.80000000 3.68066040E+002
3.30000000 1.90000000 3.40300916E+002
3.30000000 2.00000000 3.12535792E+002
3.30000000 2.10000000 2.86663109E+002
3.30000000 2.20000000 2.65521527E+002
3.30000000 2.30000000 2.44379946E+002
3.30000000 2.40000000 2.23238364E+002
3.30000000 2.50000000 2.06007913E+002
3.30000000 2.60000000 1.90341915E+002
3.30000000 2.70000000 1.74675916E+002
3.30000000 2.80000000 1.59643768E+002
3.30000000 2.90000000 1.48414723E+002
3.30000000 3.00000000 1.37185678E+002
3.30000000 3.10000000 1.25956633E+002
3.30000000 3.20000000 1.16731961E+002
3.30000000 3.30000000 1.09010569E+002
3.30000000 3.40000000 1.01289176E+002
3.30000000 3.50000000 9.35677843E+001
3.30000000 3.60000000 8.85340743E+001
3.30000000 3.70000000 8.35003644E+001
3.30000000 3.80000000 7.84666545E+001
3.30000000 3.90000000 7.42802478E+001
3.30000000 4.00000000 7.12235787E+001
3.30000000 4.10000000 6.81669096E+001
3.30000000 4.20000000 6.51102405E+001
3.30000000 4.30000000 6.32327676E+001
3.30000000 4.40000000 6.15518274E+001
3.30000000 4.50000000 5.98708871E+001
3.30000000 4.60000000 5.84424459E+001
3.30000000 4.70000000 5.76452520E+001
3.30000000 4.80000000 5.68480581E+001
3.30000000 4.90000000 5.60508642E+001
3.30000000 5.00000000 5.56115941E+001
3.30000000 5.10000000 5.53154935E+001
3.30000000 5.20000000 5.50193930E+001
3.30000000 5.30000000 5.47558309E+001
3.30000000 5.40000000 5.46875000E+001
3.30000000 5.50000000 5.46191691E+001
3.30000000 5.60000000 5.45508382E+001
3.30000000 5.70000000 5.45189504E+001
3.30000000 5.80000000 5.45143950E+001
3.30000000 5.90000000 5.45098397E+001
3.30000000 6.00000000 5.45052843E+001
3.30000000 6.10000000 5.45098397E+001
3.30000000 6.20000000 5.45143950E+001
3.30000000 6.30000000 5.45189504E+001
3.30000000 6.40000000 5.45508382E+001
3.30000000 6.50000000 5.46191691E+001
3.30000000 6.60000000 5.46875000E+001
3.30000000 6.70000000 5.47558309E+001
3.30000000 6.80000000 5.50193930E+001
3.30000000 6.90000000 5.53154935E+001
3.30000000 7.00000000 5.56115941E+001
3.30000000 7.10000000 5.60508642E+001
3.30000000 7.20000000 5.68480581E+001
3.30000000 7.30000000 5.76452520E+001
3.30000000 7.40000000 5.84424459E+001
3.30000000 7.50000000 5.98708871E+001
3.30000000 7.60000000 6.15518274E+001
3.30000000 7.70000000 6.32327676E+001
3.30000000 7.80000000 6.51102405E+001
3.30000000 7.90000000 6.81669096E+001
3.30000000 8.00000000 7.12235787E+001
3.30000000 8.10000000 7.42802478E+001
3.30000000 8.20000000 7.84666545E+001
3.30000000 8.30000000 8.35003644E+001
3.30000000 8.40000000 8.85340743E+001
3.30000000 8.50000000 9.35677843E+001
3.30000000 8.60000000 1.01289176E+002
3.30000000 8.70000000 1.09010569E+002
3.30000000 8.80000000 1.16731961E+002
3.30000000 8.90000000 1.25956633E+002
3.30000000 9.00000000 1.37185678E+002
3.30000000 9.10000000 1.48414723E+002
3.30000000 9.20000000 1.59643768E+002
3.30000000 9.30000000 1.74675916E+002
3.30000000 9.40000000 1.90341915E+002
3.30000000 9.50000000 2.06007913E+002
3.30000000 9.60000000 2.23238364E+002
3.30000000 9.70000000 2.44379946E+002
3.30000000 9.80000000 2.65521527E+002
3.30000000 9.90000000 2.86663109E+002
3.30000000 10.00000000 3.12535792E+002
3.30000000 10.10000000 3.40300916E+002
3.30000000 10.20000000 3.68066040E+002
3.30000000 10.30000000 3.96956997E+002
3.30000000 10.40000000 4.32602952E+002
3.30000000 10.50000000 4.68248907E+002
3.30000000 10.60000000 5.03894862E+002
3.30000000 10.70000000 5.44825073E+002
3.30000000 10.80000000 5.89718477E+002
3.30000000 10.90000000 6.34611880E+002
3.30000000 11.00000000 6.79505284E+002
3.40000000 1.00000000 6.71783892E+002
3.40000000 1.10000000 6.26890488E+002
3.40000000 1.20000000 5.81997085E+002
3.40000000 1.30000000 5.37103681E+002
3.40000000 1.40000000 4.96173469E+002
3.40000000 1.50000000 4.60527515E+002
3.40000000 1.60000000 4.24881560E+002
3.40000000 1.70000000 3.89235605E+002
3.40000000 1.80000000 3.60344648E+002
3.40000000 1.90000000 3.32579524E+002
3.40000000 2.00000000 3.04814400E+002
3.40000000 2.10000000 2.78941717E+002
3.40000000 2.20000000 2.57800135E+002
3.40000000 2.30000000 2.36658554E+002
3.40000000 2.40000000 2.15516972E+002
3.40000000 2.50000000 1.98286521E+002
3.40000000 2.60000000 1.82620523E+002
3.40000000 2.70000000 1.66954524E+002
3.40000000 2.80000000 1.51922376E+002
3.40000000 2.90000000 1.40693331E+002
3.40000000 3.00000000 1.29464286E+002
3.40000000 3.10000000 1.18235241E+002
3.40000000 3.20000000 1.09010569E+002
3.40000000 3.30000000 1.01289176E+002
3.40000000 3.40000000 9.35677843E+001
3.40000000 3.50000000 8.58463921E+001
3.40000000 3.60000000 8.08126822E+001
3.40000000 3.70000000 7.57789723E+001
3.40000000 3.80000000 7.07452624E+001
3.40000000 3.90000000 6.65588557E+001
3.40000000 4.00000000 6.35021866E+001
3.40000000 4.10000000 6.04455175E+001
3.40000000 4.20000000 5.73888484E+001
3.40000000 4.30000000 5.55113755E+001
3.40000000 4.40000000 5.38304352E+001
3.40000000 4.50000000 5.21494950E+001
3.40000000 4.60000000 5.07210537E+001
3.40000000 4.70000000 4.99238599E+001
3.40000000 4.80000000 4.91266660E+001
3.40000000 4.90000000 4.83294721E+001
3.40000000 5.00000000 4.78902020E+001
3.40000000 5.10000000 4.75941014E+001
3.40000000 5.20000000 4.72980008E+001
3.40000000 5.30000000 4.70344388E+001
3.40000000 5.40000000 4.69661079E+001
3.40000000 5.50000000 4.68977770E+001
3.40000000 5.60000000 4.68294461E+001
3.40000000 5.70000000 4.67975583E+001
3.40000000 5.80000000 4.67930029E+001
3.40000000 5.90000000 4.67884475E+001
3.40000000 6.00000000 4.67838921E+001
3.40000000 6.10000000 4.67884475E+001
3.40000000 6.20000000 4.67930029E+001
3.40000000 6.30000000 4.67975583E+001
3.40000000 6.40000000 4.68294461E+001
3.40000000 6.50000000 4.68977770E+001
3.40000000 6.60000000 4.69661079E+001
3.40000000 6.70000000 4.70344388E+001
3.40000000 6.80000000 4.72980008E+001
3.40000000 6.90000000 4.75941014E+001
3.40000000 7.00000000 4.78902020E+001
3.40000000 7.10000000 4.83294721E+001
3.40000000 7.20000000 4.91266660E+001
3.40000000 7.30000000 4.99238599E+001
3.40000000 7.40000000 5.07210537E+001
3.40000000 7.50000000 5.21494950E+001
3.40000000 7.60000000 5.38304352E+001
3.40000000 7.70000000 5.55113755E+001
3.40000000 7.80000000 5.73888484E+001
3.40000000 7.90000000 6.04455175E+001
3.40000000 8.00000000 6.35021866E+001
3.40000000 8.10000000 6.65588557E+001
3.40000000 8.20000000 7.07452624E+001
3.40000000 8.30000000 7.57789723E+001
3.40000000 8.40000000 8.08126822E+001
3.40000000 8.50000000 8.58463921E+001
3.40000000 8.60000000 9.35677843E+001
3.40000000 8.70000000 1.01289176E+002
3.40000000 8.80000000 1.09010569E+002
3.40000000 8.90000000 1.18235241E+002
3.40000000 9.00000000 1.29464286E+002
3.40000000 9.10000000 1.40693331E+002
3.40000000 9.20000000 1.51922376E+002
3.40000000 9.30000000 1.66954524E+002
3.40000000 9.40000000 1.82620523E+002
3.40000000 9.50000000 1.98286521E+002
3.40000000 9.60000000 2.15516972E+002
3.40000000 9.70000000 2.36658554E+002
3.40000000 9.80000000 2.57800135E+002
3.40000000 9.90000000 2.78941717E+002
3.40000000 10.00000000 3.04814400E+002
3.40000000 10.10000000 3.32579524E+002
3.40000000 10.20000000 3.60344648E+002
3.40000000 10.30000000 3.89235605E+002
3.40000000 10.40000000 4.24881560E+002
3.40000000 10.50000000 4.60527515E+002
3.40000000 10.60000000 4.96173469E+002
3.40000000 10.70000000 5.37103681E+002
3.40000000 10.80000000 5.81997085E+002
3.40000000 10.90000000 6.26890488E+002
3.40000000 11.00000000 6.71783892E+002
3.50000000 1.00000000 6.64062500E+002
3.50000000 1.10000000 6.19169096E+002
3.50000000 1.20000000 5.74275692E+002
3.50000000 1.30000000 5.29382289E+002
3.50000000 1.40000000 4.88452077E+002
3.50000000 1.50000000 4.52806122E+002
3.50000000 1.60000000 4.17160168E+002
3.50000000 1.70000000 3.81514213E+002
3.50000000 1.80000000 3.52623256E+002
3.50000000 1.90000000 3.24858132E+002
3.50000000 2.00000000 2.97093008E+002
3.50000000 2.10000000 2.71220325E+002
3.50000000 2.20000000 2.50078743E+002
3.50000000 2.30000000 2.28937162E+002
3.50000000 2.40000000 2.07795580E+002
3.50000000 2.50000000 1.90565129E+002
3.50000000 2.60000000 1.74899131E+002
3.50000000 2.70000000 1.59233132E+002
3.50000000 2.80000000 1.44200984E+002
3.50000000 2.90000000 1.32971939E+002
3.50000000 3.00000000 1.21742894E+002
3.50000000 3.10000000 1.10513848E+002
3.50000000 3.20000000 1.01289176E+002
3.50000000 3.30000000 9.35677843E+001
3.50000000 3.40000000 8.58463921E+001
3.50000000 3.50000000 7.81250000E+001
3.50000000 3.60000000 7.30912901E+001
3.50000000 3.70000000 6.80575802E+001
3.50000000 3.80000000 6.30238703E+001
3.50000000 3.90000000 5.88374636E+001
3.50000000 4.00000000 5.57807945E+001
3.50000000 4.10000000 5.27241254E+001
3.50000000 4.20000000 4.96674563E+001
3.50000000 4.30000000 4.77899833E+001
3.50000000 4.40000000 4.61090431E+001
3.50000000 4.50000000 4.44281029E+001
3.50000000 4.60000000 4.29996616E+001
3.50000000 4.70000000 4.22024677E+001
3.50000000 4.80000000 4.14052738E+001
3.50000000 4.90000000 4.06080800E+001
3.50000000 5.00000000 4.01688099E+001
3.50000000 5.10000000 3.98727093E+001
3.50000000 5.20000000 3.95766087E+001
3.50000000 5.30000000 3.93130466E+001
3.50000000 5.40000000 3.92447157E+001
3.50000000 5.50000000 3.91763848E+001
3.50000000 5.60000000 3.91080539E+001
3.50000000 5.70000000 3.90761662E+001
3.50000000 5.80000000 3.90716108E+001
3.50000000 5.90000000 3.90670554E+001
3.50000000 6.00000000 3.90625000E+001
3.50000000 6.10000000 3.90670554E+001
3.50000000 6.20000000 3.90716108E+001
3.50000000 6.30000000 3.90761662E+001
3.50000000 6.40000000 3.91080539E+001
3.50000000 6.50000000 3.91763848E+001
3.50000000 6.60000000 3.92447157E+001
3.50000000 6.70000000 3.93130466E+001
3.50000000 6.80000000 3.95766087E+001
3.50000000 6.90000000 3.98727093E+001
3.50000000 7.00000000 4.01688099E+001
3.50000000 7.10000000 4.06080800E+001
3.50000000 7.20000000 4.14052738E+001
3.50000000 7.30000000 4.22024677E+001
3.50000000 7.40000000 4.29996616E+001
3.50000000 7.50000000 4.44281029E+001
3.50000000 7.60000000 4.61090431E+001
3.50000000 7.70000000 4.77899833E+001
3.50000000 7.80000000 4.96674563E+001
3.50000000 7.90000000 5.27241254E+001
3.50000000 8.00000000 5.57807945E+001
3.50000000 8.10000000 5.88374636E+001
3.50000000 8.20000000 6.30238703E+001
3.50000000 8.30000000 6.80575802E+001
3.50000000 8.40000000 7.30912901E+001
3.50000000 8.50000000 7.81250000E+001
3.50000000 8.60000000 8.58463921E+001
3.50000000 8.70000000 9.35677843E+001
3.50000000 8.80000000 1.01289176E+002
3.50000000 8.90000000 1.10513848E+002
3.50000000 9.00000000 1.21742894E+002
3.50000000 9.10000000 1.32971939E+002
3.50000000 9.20000000 1.44200984E+002
3.50000000 9.30000000 1.59233132E+002
3.50000000 9.40000000 1.74899131E+002
3.50000000 9.50000000 1.90565129E+002
3.50000000 9.60000000 2.07795580E+002
3.50000000 9.70000000 2.28937162E+002
3.50000000 9.80000000 2.50078743E+002
3.50000000 9.90000000 2.71220325E+002
3.50000000 10.00000000 2.97093008E+002
3.50000000 10.10000000 3.24858132E+002
3.50000000 10.20000000 3.52623256E+002
3.50000000 10.30000000 3.81514213E+002
3.50000000 10.40000000 4.17160168E+002
3.50000000 10.50000000 4.52806122E+002
3.50000000 10.60000000 4.88452077E+002
3.50000000 10.70000000 5.29382289E+002
3.50000000 10.80000000 5.74275692E+002
3.50000000 10.90000000 6.19169096E+002
3.50000000 11.00000000 6.64062500E+002
3.60000000 1.00000000 6.59028790E+002
3.60000000 1.10000000 6.14135386E+002
3.60000000 1.20000000 5.69241983E+002
3.60000000 1.30000000 5.24348579E+002
3.60000000 1.40000000 4.83418367E+002
3.60000000 1.50000000 4.47772413E+002
3.60000000 1.60000000 4.12126458E+002
3.60000000 1.70000000 3.76480503E+002
3.60000000 1.80000000 3.47589546E+002
3.60000000 1.90000000 3.19824422E+002
3.60000000 2.00000000 2.92059298E+002
3.60000000 2.10000000 2.66186615E+002
3.60000000 2.20000000 2.45045033E+002
3.60000000 2.30000000 2.23903452E+002
3.60000000 2.40000000 2.02761870E+002
3.60000000 2.50000000 1.85531419E+002
3.60000000 2.60000000 1.69865421E+002
3.60000000 2.70000000 1.54199422E+002
3.60000000 2.80000000 1.39167274E+002
3.60000000 2.90000000 1.27938229E+002
3.60000000 3.00000000 1.16709184E+002
3.60000000 3.10000000 1.05480138E+002
3.60000000 3.20000000 9.62554665E+001
3.60000000 3.30000000 8.85340743E+001
3.60000000 3.40000000 8.08126822E+001
3.60000000 3.50000000 7.30912901E+001
3.60000000 3.60000000 6.80575802E+001
3.60000000 3.70000000 6.30238703E+001
3.60000000 3.80000000 5.79901603E+001
3.60000000 3.90000000 5.38037536E+001
3.60000000 4.00000000 5.07470845E+001
3.60000000 4.10000000 4.76904155E+001
3.60000000 4.20000000 4.46337464E+001
3.60000000 4.30000000 4.27562734E+001
3.60000000 4.40000000 4.10753332E+001
3.60000000 4.50000000 3.93943930E+001
3.60000000 4.60000000 3.79659517E+001
3.60000000 4.70000000 3.71687578E+001
3.60000000 4.80000000 3.63715639E+001
3.60000000 4.90000000 3.55743701E+001
3.60000000 5.00000000 3.51351000E+001
3.60000000 5.10000000 3.48389994E+001
3.60000000 5.20000000 3.45428988E+001
3.60000000 5.30000000 3.42793367E+001
3.60000000 5.40000000 3.42110058E+001
3.60000000 5.50000000 3.41426749E+001
3.60000000 5.60000000 3.40743440E+001
3.60000000 5.70000000 3.40424563E+001
3.60000000 5.80000000 3.40379009E+001
3.60000000 5.90000000 3.40333455E+001
3.60000000 6.00000000 3.40287901E+001
3.60000000 6.10000000 3.40333455E+001
3.60000000 6.20000000 3.40379009E+001
3.60000000 6.30000000 3.40424563E+001
3.60000000 6.40000000 3.40743440E+001
3.60000000 6.50000000 3.41426749E+001
3.60000000 6.60000000 3.42110058E+001
3.60000000 6.70000000 3.42793367E+001
3.60000000 6.80000000 3.45428988E+001
3.60000000 6.90000000 3.48389994E+001
3.60000000 7.00000000 3.51351000E+001
3.60000000 7.10000000 3.55743701E+001
3.60000000 7.20000000 3.63715639E+001
3.60000000 7.30000000 3.71687578E+001
3.60000000 7.40000000 3.79659517E+001
3.60000000 7.50000000 3.93943930E+001
3.60000000 7.60000000 4.10753332E+001
3.60000000 7.70000000 4.27562734E+001
3.60000000 7.80000000 4.46337464E+001
3.60000000 7.90000000 4.76904155E+001
3.60000000 8.00000000 5.07470845E+001
3.60000000 8.10000000 5.38037536E+001
3.60000000 8.20000000 5.79901603E+001
3.60000000 8.30000000 6.30238703E+001
3.60000000 8.40000000 6.80575802E+001
3.60000000 8.50000000 7.30912901E+001
3.60000000 8.60000000 8.08126822E+001
3.60000000 8.70000000 8.85340743E+001
3.60000000 8.80000000 9.62554665E+001
3.60000000 8.90000000 1.05480138E+002
3.60000000 9.00000000 1.16709184E+002
3.60000000 9.10000000 1.27938229E+002
3.60000000 9.20000000 1.39167274E+002
3.60000000 9.30000000 1.54199422E+002
3.60000000 9.40000000 1.69865421E+002
3.60000000 9.50000000 1.85531419E+002
3.60000000 9.60000000 2.02761870E+002
3.60000000 9.70000000 2.23903452E+002
3.60000000 9.80000000 2.45045033E+002
3.60000000 9.90000000 2.66186615E+002
3.60000000 10.00000000 2.92059298E+002
3.60000000 10.10000000 3.19824422E+002
3.60000000 10.20000000 3.47589546E+002
3.60000000 10.30000000 3.76480503E+002
3.60000000 10.40000000 4.12126458E+002
3.60000000 10.50000000 4.47772413E+002
3.60000000 10.60000000 4.83418367E+002
3.60000000 10.70000000 5.24348579E+002
3.60000000 10.80000000 5.69241983E+002
3.60000000 10.90000000 6.14135386E+002
3.60000000 11.00000000 6.59028790E+002
3.70000000 1.00000000 6.53995080E+002
3.70000000 1.10000000 6.09101676E+002
3.70000000 1.20000000 5.64208273E+002
3.70000000 1.30000000 5.19314869E+002
3.70000000 1.40000000 4.78384657E+002
3.70000000 1.50000000 4.42738703E+002
3.70000000 1.60000000 4.07092748E+002
3.70000000 1.70000000 3.71446793E+002
3.70000000 1.80000000 3.42555836E+002
3.70000000 1.90000000 3.14790712E+002
3.70000000 2.00000000 2.87025588E+002
3.70000000 2.10000000 2.61152905E+002
3.70000000 2.20000000 2.40011323E+002
3.70000000 2.30000000 2.18869742E+002
3.70000000 2.40000000 1.97728160E+002
3.70000000 2.50000000 1.80497709E+002
3.70000000 2.60000000 1.64831711E+002
3.70000000 2.70000000 1.49165712E+002
3.70000000 2.80000000 1.34133564E+002
3.70000000 2.90000000 1.22904519E+002
3.70000000 3.00000000 1.11675474E+002
3.70000000 3.10000000 1.00446429E+002
3.70000000 3.20000000 9.12217566E+001
3.70000000 3.30000000 8.35003644E+001
3.70000000 3.40000000 7.57789723E+001
3.70000000 3.50000000 6.80575802E+001
3.70000000 3.60000000 6.30238703E+001
3.70000000 3.70000000 5.79901603E+001
3.70000000 3.80000000 5.29564504E+001
3.70000000 3.90000000 4.87700437E+001
3.70000000 4.00000000 4.57133746E+001
3.70000000 4.10000000 4.26567055E+001
3.70000000 4.20000000 3.96000364E+001
3.70000000 4.30000000 3.77225635E+001
3.70000000 4.40000000 3.60416233E+001
3.70000000 4.50000000 3.43606830E+001
3.70000000 4.60000000 3.29322418E+001
3.70000000 4.70000000 3.21350479E+001
3.70000000 4.80000000 3.13378540E+001
3.70000000 4.90000000 3.05406601E+001
3.70000000 5.00000000 3.01013900E+001
3.70000000 5.10000000 2.98052895E+001
3.70000000 5.20000000 2.95091889E+001
3.70000000 5.30000000 2.92456268E+001
3.70000000 5.40000000 2.91772959E+001
3.70000000 5.50000000 2.91089650E+001
3.70000000 5.60000000 2.90406341E+001
3.70000000 5.70000000 2.90087464E+001
3.70000000 5.80000000 2.90041910E+001
3.70000000 5.90000000 2.89996356E+001
3.70000000 6.00000000 2.89950802E+001
3.70000000 6.10000000 2.89996356E+001
3.70000000 6.20000000 2.90041910E+001
3.70000000 6.30000000 2.90087464E+001
3.70000000 6.40000000 2.90406341E+001
3.70000000 6.50000000 2.91089650E+001
3.70000000 6.60000000 2.91772959E+001
3.70000000 6.70000000 2.92456268E+001
3.70000000 6.80000000 2.95091889E+001
3.70000000 6.90000000 2.98052895E+001
3.70000000 7.00000000 3.01013900E+001
3.70000000 7.10000000 3.05406601E+001
3.70000000 7.20000000 3.13378540E+001
3.70000000 7.30000000 3.21350479E+001
3.70000000 7.40000000 3.29322418E+001
3.70000000 7.50000000 3.43606830E+001
3.70000000 7.60000000 3.60416233E+001
3.70000000 7.70000000 3.77225635E+001
3.70000000 7.80000000 3.96000364E+001
3.70000000 7.90000000 4.26567055E+001
3.70000000 8.00000000 4.57133746E+001
3.70000000 8.10000000 4.87700437E+001
3.70000000 8.20000000 5.29564504E+001
3.70000000 8.30000000 5.79901603E+001
3.70000000 8.40000000 6.30238703E+001
3.70000000 8.50000000 6.80575802E+001
3.70000000 8.60000000 7.57789723E+001
3.70000000 8.70000000 8.35003644E+001
3.70000000 8.80000000 9.12217566E+001
3.70000000 8.90000000 1.00446429E+002
3.70000000 9.00000000 1.11675474E+002
3.70000000 9.10000000 1.22904519E+002
3.70000000 9.20000000 1.34133564E+002
3.70000000 9.30000000 1.49165712E+002
3.70000000 9.40000000 1.64831711E+002
3.70000000 9.50000000 1.80497709E+002
3.70000000 9.60000000 1.97728160E+002
3.70000000 9.70000000 2.18869742E+002
3.70000000 9.80000000 2.40011323E+002
3.70000000 9.90000000 2.61152905E+002
3.70000000 10.00000000 2.87025588E+002
3.70000000 10.10000000 3.14790712E+002
3.70000000 10.20000000 3.42555836E+002
3.70000000 10.30000000 3.71446793E+002
3.70000000 10.40000000 4.07092748E+002
3.70000000 10.50000000 4.42738703E+002
3.70000000 10.60000000 4.78384657E+002
3.70000000 10.70000000 5.19314869E+002
3.70000000 10.80000000 5.64208273E+002
3.70000000 10.90000000 6.09101676E+002
3.70000000 11.00000000 6.53995080E+002
3.80000000 1.00000000 6.48961370E+002
3.80000000 1.10000000 6.04067966E+002
3.80000000 1.20000000 5.59174563E+002
3.80000000 1.30000000 5.14281159E+002
3.80000000 1.40000000 4.73350948E+002
3.80000000 1.50000000 4.37704993E+002
3.80000000 1.60000000 4.02059038E+002
3.80000000 1.70000000 3.66413083E+002
3.80000000 1.80000000 3.37522126E+002
3.80000000 1.90000000 3.09757002E+002
3.80000000 2.00000000 2.81991878E+002
3.80000000 2.10000000 2.56119195E+002
3.80000000 2.20000000 2.34977613E+002
3.80000000 2.30000000 2.13836032E+002
3.80000000 2.40000000 1.92694450E+002
3.80000000 2.50000000 1.75463999E+002
3.80000000 2.60000000 1.59798001E+002
3.80000000 2.70000000 1.44132002E+002
3.80000000 2.80000000 1.29099854E+002
3.80000000 2.90000000 1.17870809E+002
3.80000000 3.00000000 1.06641764E+002
3.80000000 3.10000000 9.54127187E+001
3.80000000 3.20000000 8.61880466E+001
3.80000000 3.30000000 7.84666545E+001
3.80000000 3.40000000 7.07452624E+001
3.80000000 3.50000000 6.30238703E+001
3.80000000 3.60000000 5.79901603E+001
3.80000000 3.70000000 5.29564504E+001
3.80000000 3.80000000 4.79227405E+001
3.80000000 3.90000000 4.37363338E+001
3.80000000 4.00000000 4.06796647E+001
3.80000000 4.10000000 3.76229956E+001
3.80000000 4.20000000 3.45663265E+001
3.80000000 4.30000000 3.26888536E+001
3.80000000 4.40000000 3.10079134E+001
3.80000000 4.50000000 2.93269731E+001
3.80000000 4.60000000 2.78985319E+001
3.80000000 4.70000000 2.71013380E+001
3.80000000 4.80000000 2.63041441E+001
3.80000000 4.90000000 2.55069502E+001
3.80000000 5.00000000 2.50676801E+001
3.80000000 5.10000000 2.47715796E+001
3.80000000 5.20000000 2.44754790E+001
3.80000000 5.30000000 2.42119169E+001
3.80000000 5.40000000 2.41435860E+001
3.80000000 5.50000000 2.40752551E+001
3.80000000 5.60000000 2.40069242E+001
3.80000000 5.70000000 2.39750364E+001
3.80000000 5.80000000 2.39704810E+001
3.80000000 5.90000000 2.39659257E+001
3.80000000 6.00000000 2.39613703E+001
3.80000000 6.10000000 2.39659257E+001
3.80000000 6.20000000 2.39704810E+001
3.80000000 6.30000000 2.39750364E+001
3.80000000 6.40000000 2.40069242E+001
3.80000000 6.50000000 2.40752551E+001
3.80000000 6.60000000 2.41435860E+001
3.80000000 6.70000000 2.42119169E+001
3.80000000 6.80000000 2.44754790E+001
3.80000000 6.90000000 2.47715796E+001
3.80000000 7.00000000 2.50676801E+001
3.80000000 7.10000000 2.55069502E+001
3.80000000 7.20000000 2.63041441E+001
3.80000000 7.30000000 2.71013380E+001
3.80000000 7.40000000 2.78985319E+001
3.80000000 7.50000000 2.93269731E+001
3.80000000 7.60000000 3.10079134E+001
3.80000000 7.70000000 3.26888536E+001
3.80000000 7.80000000 3.45663265E+001
3.80000000 7.90000000 3.76229956E+001
3.80000000 8.00000000 4.06796647E+001
3.80000000 8.10000000 4.37363338E+001
3.80000000 8.20000000 4.79227405E+001
3.80000000 8.30000000 5.29564504E+001
3.80000000 8.40000000 5.79901603E+001
3.80000000 8.50000000 6.30238703E+001
3.80000000 8.60000000 7.07452624E+001
3.80000000 8.70000000 7.84666545E+001
3.80000000 8.80000000 8.61880466E+001
3.80000000 8.90000000 9.54127187E+001
3.80000000 9.00000000 1.06641764E+002
3.80000000 9.10000000 1.17870809E+002
3.80000000 9.20000000 1.29099854E+002
3.80000000 9.30000000 1.44132002E+002
3.80000000 9.40000000 1.59798001E+002
3.80000000 9.50000000 1.75463999E+002
3.80000000 9.60000000 1.92694450E+002
3.80000000 9.70000000 2.13836032E+002
3.80000000 9.80000000 2.34977613E+002
3.80000000 9.90000000 2.56119195E+002
3.80000000 10.00000000 2.81991878E+002
3.80000000 10.10000000 3.09757002E+002
3.80000000 10.20000000 3.37522126E+002
3.80000000 10.30000000 3.66413083E+002
3.80000000 10.40000000 4.02059038E+002
3.80000000 10.50000000 4.37704993E+002
3.80000000 10.60000000 4.73350948E+002
3.80000000 10.70000000 5.14281159E+002
3.80000000 10.80000000 5.59174563E+002
3.80000000 10.90000000 6.04067966E+002
3.80000000 11.00000000 6.48961370E+002
3.90000000 1.00000000 6.44774964E+002
3.90000000 1.10000000 5.99881560E+002
3.90000000 1.20000000 5.54988156E+002
3.90000000 1.30000000 5.10094752E+002
3.90000000 1.40000000 4.69164541E+002
3.90000000 1.50000000 4.33518586E+002
3.90000000 1.60000000 3.97872631E+002
3.90000000 1.70000000 3.62226676E+002
3.90000000 1.80000000 3.33335719E+002
3.90000000 1.90000000 3.05570596E+002
3.90000000 2.00000000 2.77805472E+002
3.90000000 2.10000000 2.51932788E+002
3.90000000 2.20000000 2.30791207E+002
3.90000000 2.30000000 2.09649625E+002
3.90000000 2.40000000 1.88508044E+002
3.90000000 2.50000000 1.71277593E+002
3.90000000 2.60000000 1.55611594E+002
3.90000000 2.70000000 1.39945596E+002
3.90000000 2.80000000 1.24913448E+002
3.90000000 2.90000000 1.13684402E+002
3.90000000 3.00000000 1.02455357E+002
3.90000000 3.10000000 9.12263120E+001
3.90000000 3.20000000 8.20016399E+001
3.90000000 3.30000000 7.42802478E+001
3.90000000 3.40000000 6.65588557E+001
3.90000000 3.50000000 5.88374636E+001
3.90000000 3.60000000 5.38037536E+001
3.90000000 3.70000000 4.87700437E+001
3.90000000 3.80000000 4.37363338E+001
3.90000000 3.90000000 3.95499271E+001
3.90000000 4.00000000 3.64932580E+001
3.90000000 4.10000000 3.34365889E+001
3.90000000 4.20000000 3.03799198E+001
3.90000000 4.30000000 2.85024469E+001
3.90000000 4.40000000 2.68215067E+001
3.90000000 4.50000000 2.51405664E+001
3.90000000 4.60000000 2.37121252E+001
3.90000000 4.70000000 2.29149313E+001
3.90000000 4.80000000 2.21177374E+001
3.90000000 4.90000000 2.13205435E+001
3.90000000 5.00000000 2.08812734E+001
3.90000000 5.10000000 2.05851728E+001
3.90000000 5.20000000 2.02890723E+001
3.90000000 5.30000000 2.00255102E+001
3.90000000 5.40000000 1.99571793E+001
3.90000000 5.50000000 1.98888484E+001
3.90000000 5.60000000 1.98205175E+001
3.90000000 5.70000000 1.97886297E+001
3.90000000 5.80000000 1.97840743E+001
3.90000000 5.90000000 1.97795190E+001
3.90000000 6.00000000 1.97749636E+001
3.90000000 6.10000000 1.97795190E+001
3.90000000 6.20000000 1.97840743E+001
3.90000000 6.30000000 1.97886297E+001
3.90000000 6.40000000 1.98205175E+001
3.90000000 6.50000000 1.98888484E+001
3.90000000 6.60000000 1.99571793E+001
3.90000000 6.70000000 2.00255102E+001
3.90000000 6.80000000 2.02890723E+001
3.90000000 6.90000000 2.05851728E+001
3.90000000 7.00000000 2.08812734E+001
3.90000000 7.10000000 2.13205435E+001
3.90000000 7.20000000 2.21177374E+001
3.90000000 7.30000000 2.29149313E+001
3.90000000 7.40000000 2.37121252E+001
3.90000000 7.50000000 2.51405664E+001
3.90000000 7.60000000 2.68215067E+001
3.90000000 7.70000000 2.85024469E+001
3.90000000 7.80000000 3.03799198E+001
3.90000000 7.90000000 3.34365889E+001
3.90000000 8.00000000 3.64932580E+001
3.90000000 8.10000000 3.95499271E+001
3.90000000 8.20000000 4.37363338E+001
3.90000000 8.30000000 4.87700437E+001
3.90000000 8.40000000 5.38037536E+001
3.90000000 8.50000000 5.88374636E+001
3.90000000 8.60000000 6.65588557E+001
3.90000000 8.70000000 7.42802478E+001
3.90000000 8.80000000 8.20016399E+001
3.90000000 8.90000000 9.12263120E+001
3.90000000 9.00000000 1.02455357E+002
3.90000000 9.10000000 1.13684402E+002
3.90000000 9.20000000 1.24913448E+002
3.90000000 9.30000000 1.39945596E+002
3.90000000 9.40000000 1.55611594E+002
3.90000000 9.50000000 1.71277593E+002
3.90000000 9.60000000 1.88508044E+002
3.90000000 9.70000000 2.09649625E+002
3.90000000 9.80000000 2.30791207E+002
3.90000000 9.90000000 2.51932788E+002
3.90000000 10.00000000 2.77805472E+002
3.90000000 10.10000000 3.05570596E+002
3.90000000 10.20000000 3.33335719E+002
3.90000000 10.30000000 3.62226676E+002
3.90000000 10.40000000 3.97872631E+002
3.90000000 10.50000000 4.33518586E+002
3.90000000 10.60000000 4.69164541E+002
3.90000000 10.70000000 5.10094752E+002
3.90000000 10.80000000 5.54988156E+002
3.90000000 10.90000000 5.99881560E+002
3.90000000 11.00000000 6.44774964E+002
4.00000000 1.00000000 6.41718294E+002
4.00000000 1.10000000 5.96824891E+002
4.00000000 1.20000000 5.51931487E+002
4.00000000 1.30000000 5.07038083E+002
4.00000000 1.40000000 4.66107872E+002
4.00000000 1.50000000 4.30461917E+002
4.00000000 1.60000000 3.94815962E+002
4.00000000 1.70000000 3.59170007E+002
4.00000000 1.80000000 3.30279050E+002
4.00000000 1.90000000 3.02513926E+002
4.00000000 2.00000000 2.74748803E+002
4.00000000 2.10000000 2.48876119E+002
4.00000000 2.20000000 2.27734538E+002
4.00000000 2.30000000 2.06592956E+002
4.00000000 2.40000000 1.85451374E+002
4.00000000 2.50000000 1.68220924E+002
4.00000000 2.60000000 1.52554925E+002
4.00000000 2.70000000 1.36888926E+002
4.00000000 2.80000000 1.21856778E+002
4.00000000 2.90000000 1.10627733E+002
4.00000000 3.00000000 9.93986880E+001
4.00000000 3.10000000 8.81696429E+001
4.00000000 3.20000000 7.89449708E+001
4.00000000 3.30000000 7.12235787E+001
4.00000000 3.40000000 6.35021866E+001
4.00000000 3.50000000 5.57807945E+001
4.00000000 3.60000000 5.07470845E+001
4.00000000 3.70000000 4.57133746E+001
4.00000000 3.80000000 4.06796647E+001
4.00000000 3.90000000 3.64932580E+001
4.00000000 4.00000000 3.34365889E+001
4.00000000 4.10000000 3.03799198E+001
4.00000000 4.20000000 2.73232507E+001
4.00000000 4.30000000 2.54457778E+001
4.00000000 4.40000000 2.37648376E+001
4.00000000 4.50000000 2.20838973E+001
4.00000000 4.60000000 2.06554561E+001
4.00000000 4.70000000 1.98582622E+001
4.00000000 4.80000000 1.90610683E+001
4.00000000 4.90000000 1.82638744E+001
4.00000000 5.00000000 1.78246043E+001
4.00000000 5.10000000 1.75285037E+001
4.00000000 5.20000000 1.72324032E+001
4.00000000 5.30000000 1.69688411E+001
4.00000000 5.40000000 1.69005102E+001
4.00000000 5.50000000 1.68321793E+001
4.00000000 5.60000000 1.67638484E+001
4.00000000 5.70000000 1.67319606E+001
4.00000000 5.80000000 1.67274052E+001
4.00000000 5.90000000 1.67228499E+001
4.00000000 6.00000000 1.67182945E+001
4.00000000 6.10000000 1.67228499E+001
4.00000000 6.20000000 1.67274052E+001
4.00000000 6.30000000 1.67319606E+001
4.00000000 6.40000000 1.67638484E+001
4.00000000 6.50000000 1.68321793E+001
4.00000000 6.60000000 1.69005102E+001
4.00000000 6.70000000 1.69688411E+001
4.00000000 6.80000000 1.72324032E+001
4.00000000 6.90000000 1.75285037E+001
4.00000000 7.00000000 1.78246043E+001
4.00000000 7.10000000 1.82638744E+001
4.00000000 7.20000000 1.90610683E+001
4.00000000 7.30000000 1.98582622E+001
4.00000000 7.40000000 2.06554561E+001
4.00000000 7.50000000 2.20838973E+001
4.00000000 7.60000000 2.37648376E+001
4.00000000 7.70000000 2.54457778E+001
4.00000000 7.80000000 2.73232507E+001
4.00000000 7.90000000 3.03799198E+001
4.00000000 8.00000000 3.34365889E+001
4.00000000 8.10000000 3.64932580E+001
4.00000000 8.20000000 4.06796647E+001
4.00000000 8.30000000 4.57133746E+001
4.00000000 8.40000000 5.07470845E+001
4.00000000 8.50000000 5.57807945E+001
4.00000000 8.60000000 6.35021866E+001
4.00000000 8.70000000 7.12235787E+001
4.00000000 8.80000000 7.89449708E+001
4.00000000 8.90000000 8.81696429E+001
4.00000000 9.00000000 9.93986880E+001
4.00000000 9.10000000 1.10627733E+002
4.00000000 9.20000000 1.21856778E+002
4.00000000 9.30000000 1.36888926E+002
4.00000000 9.40000000 1.52554925E+002
4.00000000 9.50000000 1.68220924E+002
4.00000000 9.60000000 1.85451374E+002
4.00000000 9.70000000 2.06592956E+002
4.00000000 9.80000000 2.27734538E+002
4.00000000 9.90000000 2.48876119E+002
4.00000000 10.00000000 2.74748803E+002
4.00000000 10.10000000 3.02513926E+002
4.00000000 10.20000000 3.30279050E+002
4.00000000 10.30000000 3.59170007E+002
4.00000000 10.40000000 3.94815962E+002
4.00000000 10.50000000 4.30461917E+002
4.00000000 10.60000000 4.66107872E+002
4.00000000 10.70000000 5.07038083E+002
4.00000000 10.80000000 5.51931487E+002
4.00000000 10.90000000 5.96824891E+002
4.00000000 11.00000000 6.41718294E+002
4.10000000 1.00000000 6.38661625E+002
4.10000000 1.10000000 5.93768222E+002
4.10000000 1.20000000 5.48874818E+002
4.10000000 1.30000000 5.03981414E+002
4.10000000 1.40000000 4.63051203E+002
4.10000000 1.50000000 4.27405248E+002
4.10000000 1.60000000 3.91759293E+002
4.10000000 1.70000000 3.56113338E+002
4.10000000 1.80000000 3.27222381E+002
4.10000000 1.90000000 2.99457257E+002
4.10000000 2.00000000 2.71692133E+002
4.10000000 2.10000000 2.45819450E+002
4.10000000 2.20000000 2.24677869E+002
4.10000000 2.30000000 2.03536287E+002
4.10000000 2.40000000 1.82394705E+002
4.10000000 2.50000000 1.65164254E+002
4.10000000 2.60000000 1.49498256E+002
4.10000000 2.70000000 1.33832257E+002
4.10000000 2.80000000 1.18800109E+002
4.10000000 2.90000000 1.07571064E+002
4.10000000 3.00000000 9.63420190E+001
4.10000000 3.10000000 8.51129738E+001
4.10000000 3.20000000 7.58883017E+001
4.10000000 3.30000000 6.81669096E+001
4.10000000 3.40000000 6.04455175E+001
4.10000000 3.50000000 5.27241254E+001
4.10000000 3.60000000 4.76904155E+001
4.10000000 3.70000000 4.26567055E+001
4.10000000 3.80000000 3.76229956E+001
4.10000000 3.90000000 3.34365889E+001
4.10000000 4.00000000 3.03799198E+001
4.10000000 4.10000000 2.73232507E+001
4.10000000 4.20000000 2.42665816E+001
4.10000000 4.30000000 2.23891087E+001
4.10000000 4.40000000 2.07081685E+001
4.10000000 4.50000000 1.90272282E+001
4.10000000 4.60000000 1.75987870E+001
4.10000000 4.70000000 1.68015931E+001
4.10000000 4.80000000 1.60043992E+001
4.10000000 4.90000000 1.52072053E+001
4.10000000 5.00000000 1.47679352E+001
4.10000000 5.10000000 1.44718347E+001
4.10000000 5.20000000 1.41757341E+001
4.10000000 5.30000000 1.39121720E+001
4.10000000 5.40000000 1.38438411E+001
4.10000000 5.50000000 1.37755102E+001
4.10000000 5.60000000 1.37071793E+001
4.10000000 5.70000000 1.36752915E+001
4.10000000 5.80000000 1.36707362E+001
4.10000000 5.90000000 1.36661808E+001
4.10000000 6.00000000 1.36616254E+001
4.10000000 6.10000000 1.36661808E+001
4.10000000 6.20000000 1.36707362E+001
4.10000000 6.30000000 1.36752915E+001
4.10000000 6.40000000 1.37071793E+001
4.10000000 6.50000000 1.37755102E+001
4.10000000 6.60000000 1.38438411E+001
4.10000000 6.70000000 1.39121720E+001
4.10000000 6.80000000 1.41757341E+001
4.10000000 6.90000000 1.44718347E+001
4.10000000 7.00000000 1.47679352E+001
4.10000000 7.10000000 1.52072053E+001
4.10000000 7.20000000 1.60043992E+001
4.10000000 7.30000000 1.68015931E+001
4.10000000 7.40000000 1.75987870E+001
4.10000000 7.50000000 1.90272282E+001
4.10000000 7.60000000 2.07081685E+001
4.10000000 7.70000000 2.23891087E+001
4.10000000 7.80000000 2.42665816E+001
4.10000000 7.90000000 2.73232507E+001
4.10000000 8.00000000 3.03799198E+001
4.10000000 8.10000000 3.34365889E+001
4.10000000 8.20000000 3.76229956E+001
4.10000000 8.30000000 4.26567055E+001
4.10000000 8.40000000 4.76904155E+001
4.10000000 8.50000000 5.27241254E+001
4.10000000 8.60000000 6.04455175E+001
4.10000000 8.70000000 6.81669096E+001
4.10000000 8.80000000 7.58883017E+001
4.10000000 8.90000000 8.51129738E+001
4.10000000 9.00000000 9.63420190E+001
4.10000000 9.10000000 1.07571064E+002
4.10000000 9.20000000 1.18800109E+002
4.10000000 9.30000000 1.33832257E+002
4.10000000 9.40000000 1.49498256E+002
4.10000000 9.50000000 1.65164254E+002
4.10000000 9.60000000 1.82394705E+002
4.10000000 9.70000000 2.03536287E+002
4.10000000 9.80000000 2.24677869E+002
4.10000000 9.90000000 2.45819450E+002
4.10000000 10.00000000 2.71692133E+002
4.10000000 10.10000000 2.99457257E+002
4.10000000 10.20000000 3.27222381E+002
4.10000000 10.30000000 3.56113338E+002
4.10000000 10.40000000 3.91759293E+002
4.10000000 10.50000000 4.27405248E+002
4.10000000 10.60000000 4.63051203E+002
4.10000000 10.70000000 5.03981414E+002
4.10000000 10.80000000 5.48874818E+002
4.10000000 10.90000000 5.93768222E+002
4.10000000 11.00000000 6.38661625E+002
4.20000000 1.00000000 6.35604956E+002
4.20000000 1.10000000 5.90711552E+002
4.20000000 1.20000000 5.45818149E+002
4.20000000 1.30000000 5.00924745E+002
4.20000000 1.40000000 4.59994534E+002
4.20000000 1.50000000 4.24348579E+002
4.20000000 1.60000000 3.88702624E+002
4.20000000 1.70000000 3.53056669E+002
4.20000000 1.80000000 3.24165712E+002
4.20000000 1.90000000 2.96400588E+002
4.20000000 2.00000000 2.68635464E+002
4.20000000 2.10000000 2.42762781E+002
4.20000000 2.20000000 2.21621200E+002
4.20000000 2.30000000 2.00479618E+002
4.20000000 2.40000000 1.79338036E+002
4.20000000 2.50000000 1.62107585E+002
4.20000000 2.60000000 1.46441587E+002
4.20000000 2.70000000 1.30775588E+002
4.20000000 2.80000000 1.15743440E+002
4.20000000 2.90000000 1.04514395E+002
4.20000000 3.00000000 9.32853499E+001
4.20000000 3.10000000 8.20563047E+001
4.20000000 3.20000000 7.28316327E+001
4.20000000 3.30000000 6.51102405E+001
4.20000000 3.40000000 5.73888484E+001
4.20000000 3.50000000 4.96674563E+001
4.20000000 3.60000000 4.46337464E+001
4.20000000 3.70000000 3.96000364E+001
4.20000000 3.80000000 3.45663265E+001
4.20000000 3.90000000 3.03799198E+001
4.20000000 4.00000000 2.73232507E+001
4.20000000 4.10000000 2.42665816E+001
4.20000000 4.20000000 2.12099125E+001
4.20000000 4.30000000 1.93324396E+001
4.20000000 4.40000000 1.76514994E+001
4.20000000 4.50000000 1.59705591E+001
4.20000000 4.60000000 1.45421179E+001
4.20000000 4.70000000 1.37449240E+001
4.20000000 4.80000000 1.29477301E+001
4.20000000 4.90000000 1.21505362E+001
4.20000000 5.00000000 1.17112661E+001
4.20000000 5.10000000 1.14151656E+001
4.20000000 5.20000000 1.11190650E+001
4.20000000 5.30000000 1.08555029E+001
4.20000000 5.40000000 1.07871720E+001
4.20000000 5.50000000 1.07188411E+001
4.20000000 5.60000000 1.06505102E+001
4.20000000 5.70000000 1.06186224E+001
4.20000000 5.80000000 1.06140671E+001
4.20000000 5.90000000 1.06095117E+001
4.20000000 6.00000000 1.06049563E+001
4.20000000 6.10000000 1.06095117E+001
4.20000000 6.20000000 1.06140671E+001
4.20000000 6.30000000 1.06186224E+001
4.20000000 6.40000000 1.06505102E+001
4.20000000 6.50000000 1.07188411E+001
4.20000000 6.60000000 1.07871720E+001
4.20000000 6.70000000 1.08555029E+001
4.20000000 6.80000000 1.11190650E+001
4.20000000 6.90000000 1.14151656E+001
4.20000000 7.00000000 1.17112661E+001
4.20000000 7.10000000 1.21505362E+001
4.20000000 7.20000000 1.29477301E+001
4.20000000 7.30000000 1.37449240E+001
4.20000000 7.40000000 1.45421179E+001
4.20000000 7.50000000 1.59705591E+001
4.20000000 7.60000000 1.76514994E+001
4.20000000 7.70000000 1.93324396E+001
4.20000000 7.80000000 2.12099125E+001
4.20000000 7.90000000 2.42665816E+001
4.20000000 8.00000000 2.73232507E+001
4.20000000 8.10000000 3.03799198E+001
4.20000000 8.20000000 3.45663265E+001
4.20000000 8.30000000 3.96000364E+001
4.20000000 8.40000000 4.46337464E+001
4.20000000 8.50000000 4.96674563E+001
4.20000000 8.60000000 5.73888484E+001
4.20000000 8.70000000 6.51102405E+001
4.20000000 8.80000000 7.28316327E+001
4.20000000 8.90000000 8.20563047E+001
4.20000000 9.00000000 9.32853499E+001
4.20000000 9.10000000 1.04514395E+002
4.20000000 9.20000000 1.15743440E+002
4.20000000 9.30000000 1.30775588E+002
4.20000000 9.40000000 1.46441587E+002
4.20000000 9.50000000 1.62107585E+002
4.20000000 9.60000000 1.79338036E+002
4.20000000 9.70000000 2.00479618E+002
4.20000000 9.80000000 2.21621200E+002
4.20000000 9.90000000 2.42762781E+002
4.20000000 10.00000000 2.68635464E+002
4.20000000 10.10000000 2.96400588E+002
4.20000000 10.20000000 3.24165712E+002
4.20000000 10.30000000 3.53056669E+002
4.20000000 10.40000000 3.88702624E+002
4.20000000 10.50000000 4.24348579E+002
4.20000000 10.60000000 4.59994534E+002
4.20000000 10.70000000 5.00924745E+002
4.20000000 10.80000000 5.45818149E+002
4.20000000 10.90000000 5.90711552E+002
4.20000000 11.00000000 6.35604956E+002
4.30000000 1.00000000 6.33727483E+002
4.30000000 1.10000000 5.88834080E+002
4.30000000 1.20000000 5.43940676E+002
4.30000000 1.30000000 4.99047272E+002
4.30000000 1.40000000 4.58117061E+002
4.30000000 1.50000000 4.22471106E+002
4.30000000 1.60000000 3.86825151E+002
4.30000000 1.70000000 3.51179196E+002
4.30000000 1.80000000 3.22288239E+002
4.30000000 1.90000000 2.94523115E+002
4.30000000 2.00000000 2.66757991E+002
4.30000000 2.10000000 2.40885308E+002
4.30000000 2.20000000 2.19743727E+002
4.30000000 2.30000000 1.98602145E+002
4.30000000 2.40000000 1.77460563E+002
4.30000000 2.50000000 1.60230112E+002
4.30000000 2.60000000 1.44564114E+002
4.30000000 2.70000000 1.28898115E+002
4.30000000 2.80000000 1.13865967E+002
4.30000000 2.90000000 1.02636922E+002
4.30000000 3.00000000 9.14078769E+001
4.30000000 3.10000000 8.01788317E+001
4.30000000 3.20000000 7.09541597E+001
4.30000000 3.30000000 6.32327676E+001
4.30000000 3.40000000 5.55113755E+001
4.30000000 3.50000000 4.77899833E+001
4.30000000 3.60000000 4.27562734E+001
4.30000000 3.70000000 3.77225635E+001
4.30000000 3.80000000 3.26888536E+001
4.30000000 3.90000000 2.85024469E+001
4.30000000 4.00000000 2.54457778E+001
4.30000000 4.10000000 2.23891087E+001
4.30000000 4.20000000 1.93324396E+001
4.30000000 4.30000000 1.74549667E+001
4.30000000 4.40000000 1.57740264E+001
4.30000000 4.50000000 1.40930862E+001
4.30000000 4.60000000 1.26646449E+001
4.30000000 4.70000000 1.18674511E+001
4.30000000 4.80000000 1.10702572E+001
4.30000000 4.90000000 1.02730633E+001
4.30000000 5.00000000 9.83379321E+000
4.30000000 5.10000000 9.53769263E+000
4.30000000 5.20000000 9.24159204E+000
4.30000000 5.30000000 8.97802999E+000
4.30000000 5.40000000 8.90969908E+000
4.30000000 5.50000000 8.84136818E+000
4.30000000 5.60000000 8.77303728E+000
4.30000000 5.70000000 8.74114952E+000
4.30000000 5.80000000 8.73659413E+000
4.30000000 5.90000000 8.73203873E+000
4.30000000 6.00000000 8.72748334E+000
4.30000000 6.10000000 8.73203873E+000
4.30000000 6.20000000 8.73659413E+000
4.30000000 6.30000000 8.74114952E+000
4.30000000 6.40000000 8.77303728E+000
4.30000000 6.50000000 8.84136818E+000
4.30000000 6.60000000 8.90969908E+000
4.30000000 6.70000000 8.97802999E+000
4.30000000 6.80000000 9.24159204E+000
4.30000000 6.90000000 9.53769263E+000
4.30000000 7.00000000 9.83379321E+000
4.30000000 7.10000000 1.02730633E+001
4.30000000 7.20000000 1.10702572E+001
4.30000000 7.30000000 1.18674511E+001
4.30000000 7.40000000 1.26646449E+001
4.30000000 7.50000000 1.40930862E+001
4.30000000 7.60000000 1.57740264E+001
4.30000000 7.70000000 1.74549667E+001
4.30000000 7.80000000 1.93324396E+001
4.30000000 7.90000000 2.23891087E+001
4.30000000 8.00000000 2.54457778E+001
4.30000000 8.10000000 2.85024469E+001
4.30000000 8.20000000 3.26888536E+001
4.30000000 8.30000000 3.77225635E+001
4.30000000 8.40000000 4.27562734E+001
4.30000000 8.50000000 4.77899833E+001
4.30000000 8.60000000 5.55113755E+001
4.30000000 8.70000000 6.32327676E+001
4.30000000 8.80000000 7.09541597E+001
4.30000000 8.90000000 8.01788317E+001
4.30000000 9.00000000 9.14078769E+001
4.30000000 9.10000000 1.02636922E+002
4.30000000 9.20000000 1.13865967E+002
4.30000000 9.30000000 1.28898115E+002
4.30000000 9.40000000 1.44564114E+002
4.30000000 9.50000000 1.60230112E+002
4.30000000 9.60000000 1.77460563E+002
4.30000000 9.70000000 1.98602145E+002
4.30000000 9.80000000 2.19743727E+002
4.30000000 9.90000000 2.40885308E+002
4.30000000 10.00000000 2.66757991E+002
4.30000000 10.10000000 2.94523115E+002
4.30000000 10.20000000 3.22288239E+002
4.30000000 10.30000000 3.51179196E+002
4.30000000 10.40000000 3.86825151E+002
4.30000000 10.50000000 4.22471106E+002
4.30000000 10.60000000 4.58117061E+002
4.30000000 10.70000000 4.99047272E+002
4.30000000 10.80000000 5.43940676E+002
4.30000000 10.90000000 5.88834080E+002
4.30000000 11.00000000 6.33727483E+002
4.40000000 1.00000000 6.32046543E+002
4.40000000 1.10000000 5.87153139E+002
4.40000000 1.20000000 5.42259736E+002
4.40000000 1.30000000 4.97366332E+002
4.40000000 1.40000000 4.56436120E+002
4.40000000 1.50000000 4.20790166E+002
4.40000000 1.60000000 3.85144211E+002
4.40000000 1.70000000 3.49498256E+002
4.40000000 1.80000000 3.20607299E+002
4.40000000 1.90000000 2.92842175E+002
4.40000000 2.00000000 2.65077051E+002
4.40000000 2.10000000 2.39204368E+002
4.40000000 2.20000000 2.18062786E+002
4.40000000 2.30000000 1.96921205E+002
4.40000000 2.40000000 1.75779623E+002
4.40000000 2.50000000 1.58549172E+002
4.40000000 2.60000000 1.42883174E+002
4.40000000 2.70000000 1.27217175E+002
4.40000000 2.80000000 1.12185027E+002
4.40000000 2.90000000 1.00955982E+002
4.40000000 3.00000000 8.97269367E+001
4.40000000 3.10000000 7.84978915E+001
4.40000000 3.20000000 6.92732195E+001
4.40000000 3.30000000 6.15518274E+001
4.40000000 3.40000000 5.38304352E+001
4.40000000 3.50000000 4.61090431E+001
4.40000000 3.60000000 4.10753332E+001
4.40000000 3.70000000 3.60416233E+001
4.40000000 3.80000000 3.10079134E+001
4.40000000 3.90000000 2.68215067E+001
4.40000000 4.00000000 2.37648376E+001
4.40000000 4.10000000 2.07081685E+001
4.40000000 4.20000000 1.76514994E+001
4.40000000 4.30000000 1.57740264E+001
4.40000000 4.40000000 1.40930862E+001
4.40000000 4.50000000 1.24121460E+001
4.40000000 4.60000000 1.09837047E+001
4.40000000 4.70000000 1.01865108E+001
4.40000000 4.80000000 9.38931695E+000
4.40000000 4.90000000 8.59212307E+000
4.40000000 5.00000000 8.15285298E+000
4.40000000 5.10000000 7.85675239E+000
4.40000000 5.20000000 7.56065181E+000
4.40000000 5.30000000 7.29708975E+000
4.40000000 5.40000000 7.22875885E+000
4.40000000 5.50000000 7.16042795E+000
4.40000000 5.60000000 7.09209704E+000
4.40000000 5.70000000 7.06020929E+000
4.40000000 5.80000000 7.05565389E+000
4.40000000 5.90000000 7.05109850E+000
4.40000000 6.00000000 7.04654311E+000
4.40000000 6.10000000 7.05109850E+000
4.40000000 6.20000000 7.05565389E+000
4.40000000 6.30000000 7.06020929E+000
4.40000000 6.40000000 7.09209704E+000
4.40000000 6.50000000 7.16042795E+000
4.40000000 6.60000000 7.22875885E+000
4.40000000 6.70000000 7.29708975E+000
4.40000000 6.80000000 7.56065181E+000
4.40000000 6.90000000 7.85675239E+000
4.40000000 7.00000000 8.15285298E+000
4.40000000 7.10000000 8.59212307E+000
4.40000000 7.20000000 9.38931695E+000
4.40000000 7.30000000 1.01865108E+001
4.40000000 7.40000000 1.09837047E+001
4.40000000 7.50000000 1.24121460E+001
4.40000000 7.60000000 1.40930862E+001
4.40000000 7.70000000 1.57740264E+001
4.40000000 7.80000000 1.76514994E+001
4.40000000 7.90000000 2.07081685E+001
4.40000000 8.00000000 2.37648376E+001
4.40000000 8.10000000 2.68215067E+001
4.40000000 8.20000000 3.10079134E+001
4.40000000 8.30000000 3.60416233E+001
4.40000000 8.40000000 4.10753332E+001
4.40000000 8.50000000 4.61090431E+001
4.40000000 8.60000000 5.38304352E+001
4.40000000 8.70000000 6.15518274E+001
4.40000000 8.80000000 6.92732195E+001
4.40000000 8.90000000 7.84978915E+001
4.40000000 9.00000000 8.97269367E+001
4.40000000 9.10000000 1.00955982E+002
4.40000000 9.20000000 1.12185027E+002
4.40000000 9.30000000 1.27217175E+002
4.40000000 9.40000000 1.42883174E+002
4.40000000 9.50000000 1.58549172E+002
4.40000000 9.60000000 1.75779623E+002
4.40000000 9.70000000 1.96921205E+002
4.40000000 9.80000000 2.18062786E+002
4.40000000 9.90000000 2.39204368E+002
4.40000000 10.00000000 2.65077051E+002
4.40000000 10.10000000 2.92842175E+002
4.40000000 10.20000000 3.20607299E+002
4.40000000 10.30000000 3.49498256E+002
4.40000000 10.40000000 3.85144211E+002
4.40000000 10.50000000 4.20790166E+002
4.40000000 10.60000000 4.56436120E+002
4.40000000 10.70000000 4.97366332E+002
4.40000000 10.80000000 5.42259736E+002
4.40000000 10.90000000 5.87153139E+002
4.40000000 11.00000000 6.32046543E+002
4.50000000 1.00000000 6.30365603E+002
4.50000000 1.10000000 5.85472199E+002
4.50000000 1.20000000 5.40578795E+002
4.50000000 1.30000000 4.95685392E+002
4.50000000 1.40000000 4.54755180E+002
4.50000000 1.50000000 4.19109225E+002
4.50000000 1.60000000 3.83463271E+002
4.50000000 1.70000000 3.47817316E+002
4.50000000 1.80000000 3.18926359E+002
4.50000000 1.90000000 2.91161235E+002
4.50000000 2.00000000 2.63396111E+002
4.50000000 2.10000000 2.37523428E+002
4.50000000 2.20000000 2.16381846E+002
4.50000000 2.30000000 1.95240264E+002
4.50000000 2.40000000 1.74098683E+002
4.50000000 2.50000000 1.56868232E+002
4.50000000 2.60000000 1.41202233E+002
4.50000000 2.70000000 1.25536235E+002
4.50000000 2.80000000 1.10504087E+002
4.50000000 2.90000000 9.92750416E+001
4.50000000 3.00000000 8.80459965E+001
4.50000000 3.10000000 7.68169513E+001
4.50000000 3.20000000 6.75922793E+001
4.50000000 3.30000000 5.98708871E+001
4.50000000 3.40000000 5.21494950E+001
4.50000000 3.50000000 4.44281029E+001
4.50000000 3.60000000 3.93943930E+001
4.50000000 3.70000000 3.43606830E+001
4.50000000 3.80000000 2.93269731E+001
4.50000000 3.90000000 2.51405664E+001
4.50000000 4.00000000 2.20838973E+001
4.50000000 4.10000000 1.90272282E+001
4.50000000 4.20000000 1.59705591E+001
4.50000000 4.30000000 1.40930862E+001
4.50000000 4.40000000 1.24121460E+001
4.50000000 4.50000000 1.07312057E+001
4.50000000 4.60000000 9.30276447E+000
4.50000000 4.70000000 8.50557060E+000
4.50000000 4.80000000 7.70837672E+000
4.50000000 4.90000000 6.91118284E+000
4.50000000 5.00000000 6.47191274E+000
4.50000000 5.10000000 6.17581216E+000
4.50000000 5.20000000 5.87971158E+000
4.50000000 5.30000000 5.61614952E+000
4.50000000 5.40000000 5.54781862E+000
4.50000000 5.50000000 5.47948771E+000
4.50000000 5.60000000 5.41115681E+000
4.50000000 5.70000000 5.37926905E+000
4.50000000 5.80000000 5.37471366E+000
4.50000000 5.90000000 5.37015827E+000
4.50000000 6.00000000 5.36560287E+000
4.50000000 6.10000000 5.37015827E+000
4.50000000 6.20000000 5.37471366E+000
4.50000000 6.30000000 5.37926905E+000
4.50000000 6.40000000 5.41115681E+000
4.50000000 6.50000000 5.47948771E+000
4.50000000 6.60000000 5.54781862E+000
4.50000000 6.70000000 5.61614952E+000
4.50000000 6.80000000 5.87971158E+000
4.50000000 6.90000000 6.17581216E+000
4.50000000 7.00000000 6.47191274E+000
4.50000000 7.10000000 6.91118284E+000
4.50000000 7.20000000 7.70837672E+000
4.50000000 7.30000000 8.50557060E+000
4.50000000 7.40000000 9.30276447E+000
4.50000000 7.50000000 1.07312057E+001
4.50000000 7.60000000 1.24121460E+001
4.50000000 7.70000000 1.40930862E+001
4.50000000 7.80000000 1.59705591E+001
4.50000000 7.90000000 1.90272282E+001
4.50000000 8.00000000 2.20838973E+001
4.50000000 8.10000000 2.51405664E+001
4.50000000 8.20000000 2.93269731E+001
4.50000000 8.30000000 3.43606830E+001
4.50000000 8.40000000 3.93943930E+001
4.50000000 8.50000000 4.44281029E+001
4.50000000 8.60000000 5.21494950E+001
4.50000000 8.70000000 5.98708871E+001
4.50000000 8.80000000 6.75922793E+001
4.50000000 8.90000000 7.68169513E+001
4.50000000 9.00000000 8.80459965E+001
4.50000000 9.10000000 9.92750416E+001
4.50000000 9.20000000 1.10504087E+002
4.50000000 9.30000000 1.25536235E+002
4.50000000 9.40000000 1.41202233E+002
4.50000000 9.50000000 1.56868232E+002
4.50000000 9.60000000 1.74098683E+002
4.50000000 9.70000000 1.95240264E+002
4.50000000 9.80000000 2.16381846E+002
4.50000000 9.90000000 2.37523428E+002
4.50000000 10.00000000 2.63396111E+002
4.50000000 10.10000000 2.91161235E+002
4.50000000 10.20000000 3.18926359E+002
4.50000000 10.30000000 3.47817316E+002
4.50000000 10.40000000 3.83463271E+002
4.50000000 10.50000000 4.19109225E+002
4.50000000 10.60000000 4.54755180E+002
4.50000000 10.70000000 4.95685392E+002
4.50000000 10.80000000 5.40578795E+002
4.50000000 10.90000000 5.85472199E+002
4.50000000 11.00000000 6.30365603E+002
4.60000000 1.00000000 6.28937162E+002
4.60000000 1.10000000 5.84043758E+002
4.60000000 1.20000000 5.39150354E+002
4.60000000 1.30000000 4.94256950E+002
4.60000000 1.40000000 4.53326739E+002
4.60000000 1.50000000 4.17680784E+002
4.60000000 1.60000000 3.82034829E+002
4.60000000 1.70000000 3.46388874E+002
4.60000000 1.80000000 3.17497918E+002
4.60000000 1.90000000 2.89732794E+002
4.60000000 2.00000000 2.61967670E+002
4.60000000 2.10000000 2.36094986E+002
4.60000000 2.20000000 2.14953405E+002
4.60000000 2.30000000 1.93811823E+002
4.60000000 2.40000000 1.72670242E+002
4.60000000 2.50000000 1.55439791E+002
4.60000000 2.60000000 1.39773792E+002
4.60000000 2.70000000 1.24107794E+002
4.60000000 2.80000000 1.09075646E+002
4.60000000 2.90000000 9.78466004E+001
4.60000000 3.00000000 8.66175552E+001
4.60000000 3.10000000 7.53885100E+001
4.60000000 3.20000000 6.61638380E+001
4.60000000 3.30000000 5.84424459E+001
4.60000000 3.40000000 5.07210537E+001
4.60000000 3.50000000 4.29996616E+001
4.60000000 3.60000000 3.79659517E+001
4.60000000 3.70000000 3.29322418E+001
4.60000000 3.80000000 2.78985319E+001
4.60000000 3.90000000 2.37121252E+001
4.60000000 4.00000000 2.06554561E+001
4.60000000 4.10000000 1.75987870E+001
4.60000000 4.20000000 1.45421179E+001
4.60000000 4.30000000 1.26646449E+001
4.60000000 4.40000000 1.09837047E+001
4.60000000 4.50000000 9.30276447E+000
4.60000000 4.60000000 7.87432320E+000
4.60000000 4.70000000 7.07712932E+000
4.60000000 4.80000000 6.27993544E+000
4.60000000 4.90000000 5.48274157E+000
4.60000000 5.00000000 5.04347147E+000
4.60000000 5.10000000 4.74737089E+000
4.60000000 5.20000000 4.45127030E+000
4.60000000 5.30000000 4.18770825E+000
4.60000000 5.40000000 4.11937734E+000
4.60000000 5.50000000 4.05104644E+000
4.60000000 5.60000000 3.98271554E+000
4.60000000 5.70000000 3.95082778E+000
4.60000000 5.80000000 3.94627239E+000
4.60000000 5.90000000 3.94171699E+000
4.60000000 6.00000000 3.93716160E+000
4.60000000 6.10000000 3.94171699E+000
4.60000000 6.20000000 3.94627239E+000
4.60000000 6.30000000 3.95082778E+000
4.60000000 6.40000000 3.98271554E+000
4.60000000 6.50000000 4.05104644E+000
4.60000000 6.60000000 4.11937734E+000
4.60000000 6.70000000 4.18770825E+000
4.60000000 6.80000000 4.45127030E+000
4.60000000 6.90000000 4.74737089E+000
4.60000000 7.00000000 5.04347147E+000
4.60000000 7.10000000 5.48274157E+000
4.60000000 7.20000000 6.27993544E+000
4.60000000 7.30000000 7.07712932E+000
4.60000000 7.40000000 7.87432320E+000
4.60000000 7.50000000 9.30276447E+000
4.60000000 7.60000000 1.09837047E+001
4.60000000 7.70000000 1.26646449E+001
4.60000000 7.80000000 1.45421179E+001
4.60000000 7.90000000 1.75987870E+001
4.60000000 8.00000000 2.06554561E+001
4.60000000 8.10000000 2.37121252E+001
4.60000000 8.20000000 2.78985319E+001
4.60000000 8.30000000 3.29322418E+001
4.60000000 8.40000000 3.79659517E+001
4.60000000 8.50000000 4.29996616E+001
4.60000000 8.60000000 5.07210537E+001
4.60000000 8.70000000 5.84424459E+001
4.60000000 8.80000000 6.61638380E+001
4.60000000 8.90000000 7.53885100E+001
4.60000000 9.00000000 8.66175552E+001
4.60000000 9.10000000 9.78466004E+001
4.60000000 9.20000000 1.09075646E+002
4.60000000 9.30000000 1.24107794E+002
4.60000000 9.40000000 1.39773792E+002
4.60000000 9.50000000 1.55439791E+002
4.60000000 9.60000000 1.72670242E+002
4.60000000 9.70000000 1.93811823E+002
4.60000000 9.80000000 2.14953405E+002
4.60000000 9.90000000 2.36094986E+002
4.60000000 10.00000000 2.61967670E+002
4.60000000 10.10000000 2.89732794E+002
4.60000000 10.20000000 3.17497918E+002
4.60000000 10.30000000 3.46388874E+002
4.60000000 10.40000000 3.82034829E+002
4.60000000 10.50000000 4.17680784E+002
4.60000000 10.60000000 4.53326739E+002
4.60000000 10.70000000 4.94256950E+002
4.60000000 10.80000000 5.39150354E+002
4.60000000 10.90000000 5.84043758E+002
4.60000000 11.00000000 6.28937162E+002
4.70000000 1.00000000 6.28139968E+002
4.70000000 1.10000000 5.83246564E+002
4.70000000 1.20000000 5.38353160E+002
4.70000000 1.30000000 4.93459756E+002
4.70000000 1.40000000 4.52529545E+002
4.70000000 1.50000000 4.16883590E+002
4.70000000 1.60000000 3.81237635E+002
4.70000000 1.70000000 3.45591681E+002
4.70000000 1.80000000 3.16700724E+002
4.70000000 1.90000000 2.88935600E+002
4.70000000 2.00000000 2.61170476E+002
4.70000000 2.10000000 2.35297793E+002
4.70000000 2.20000000 2.14156211E+002
4.70000000 2.30000000 1.93014629E+002
4.70000000 2.40000000 1.71873048E+002
4.70000000 2.50000000 1.54642597E+002
4.70000000 2.60000000 1.38976598E+002
4.70000000 2.70000000 1.23310600E+002
4.70000000 2.80000000 1.08278452E+002
4.70000000 2.90000000 9.70494065E+001
4.70000000 3.00000000 8.58203613E+001
4.70000000 3.10000000 7.45913161E+001
4.70000000 3.20000000 6.53666441E+001
4.70000000 3.30000000 5.76452520E+001
4.70000000 3.40000000 4.99238599E+001
4.70000000 3.50000000 4.22024677E+001
4.70000000 3.60000000 3.71687578E+001
4.70000000 3.70000000 3.21350479E+001
4.70000000 3.80000000 2.71013380E+001
4.70000000 3.90000000 2.29149313E+001
4.70000000 4.00000000 1.98582622E+001
4.70000000 4.10000000 1.68015931E+001
4.70000000 4.20000000 1.37449240E+001
4.70000000 4.30000000 1.18674511E+001
4.70000000 4.40000000 1.01865108E+001
4.70000000 4.50000000 8.50557060E+000
4.70000000 4.60000000 7.07712932E+000
4.70000000 4.70000000 6.27993544E+000
4.70000000 4.80000000 5.48274157E+000
4.70000000 4.90000000 4.68554769E+000
4.70000000 5.00000000 4.24627759E+000
4.70000000 5.10000000 3.95017701E+000
4.70000000 5.20000000 3.65407643E+000
4.70000000 5.30000000 3.39051437E+000
4.70000000 5.40000000 3.32218347E+000
4.70000000 5.50000000 3.25385256E+000
4.70000000 5.60000000 3.18552166E+000
4.70000000 5.70000000 3.15363390E+000
4.70000000 5.80000000 3.14907851E+000
4.70000000 5.90000000 3.14452312E+000
4.70000000 6.00000000 3.13996772E+000
4.70000000 6.10000000 3.14452312E+000
4.70000000 6.20000000 3.14907851E+000
4.70000000 6.30000000 3.15363390E+000
4.70000000 6.40000000 3.18552166E+000
4.70000000 6.50000000 3.25385256E+000
4.70000000 6.60000000 3.32218347E+000
4.70000000 6.70000000 3.39051437E+000
4.70000000 6.80000000 3.65407643E+000
4.70000000 6.90000000 3.95017701E+000
4.70000000 7.00000000 4.24627759E+000
4.70000000 7.10000000 4.68554769E+000
4.70000000 7.20000000 5.48274157E+000
4.70000000 7.30000000 6.27993544E+000
4.70000000 7.40000000 7.07712932E+000
4.70000000 7.50000000 8.50557060E+000
4.70000000 7.60000000 1.01865108E+001
4.70000000 7.70000000 1.18674511E+001
4.70000000 7.80000000 1.37449240E+001
4.70000000 7.90000000 1.68015931E+001
4.70000000 8.00000000 1.98582622E+001
4.70000000 8.10000000 2.29149313E+001
4.70000000 8.20000000 2.71013380E+001
4.70000000 8.30000000 3.21350479E+001
4.70000000 8.40000000 3.71687578E+001
4.70000000 8.50000000 4.22024677E+001
4.70000000 8.60000000 4.99238599E+001
4.70000000 8.70000000 5.76452520E+001
4.70000000 8.80000000 6.53666441E+001
4.70000000 8.90000000 7.45913161E+001
4.70000000 9.00000000 8.58203613E+001
4.70000000 9.10000000 9.70494065E+001
4.70000000 9.20000000 1.08278452E+002
4.70000000 9.30000000 1.23310600E+002
4.70000000 9.40000000 1.38976598E+002
4.70000000 9.50000000 1.54642597E+002
4.70000000 9.60000000 1.71873048E+002
4.70000000 9.70000000 1.93014629E+002
4.70000000 9.80000000 2.14156211E+002
4.70000000 9.90000000 2.35297793E+002
4.70000000 10.00000000 2.61170476E+002
4.70000000 10.10000000 2.88935600E+002
4.70000000 10.20000000 3.16700724E+002
4.70000000 10.30000000 3.45591681E+002
4.70000000 10.40000000 3.81237635E+002
4.70000000 10.50000000 4.16883590E+002
4.70000000 10.60000000 4.52529545E+002
4.70000000 10.70000000 4.93459756E+002
4.70000000 10.80000000 5.38353160E+002
4.70000000 10.90000000 5.83246564E+002
4.70000000 11.00000000 6.28139968E+002
4.80000000 1.00000000 6.27342774E+002
4.80000000 1.10000000 5.82449370E+002
4.80000000 1.20000000 5.37555966E+002
4.80000000 1.30000000 4.92662562E+002
4.80000000 1.40000000 4.51732351E+002
4.80000000 1.50000000 4.16086396E+002
4.80000000 1.60000000 3.80440441E+002
4.80000000 1.70000000 3.44794487E+002
4.80000000 1.80000000 3.15903530E+002
4.80000000 1.90000000 2.88138406E+002
4.80000000 2.00000000 2.60373282E+002
4.80000000 2.10000000 2.34500599E+002
4.80000000 2.20000000 2.13359017E+002
4.80000000 2.30000000 1.92217435E+002
4.80000000 2.40000000 1.71075854E+002
4.80000000 2.50000000 1.53845403E+002
4.80000000 2.60000000 1.38179404E+002
4.80000000 2.70000000 1.22513406E+002
4.80000000 2.80000000 1.07481258E+002
4.80000000 2.90000000 9.62522126E+001
4.80000000 3.00000000 8.50231674E+001
4.80000000 3.10000000 7.37941222E+001
4.80000000 3.20000000 6.45694502E+001
4.80000000 3.30000000 5.68480581E+001
4.80000000 3.40000000 4.91266660E+001
4.80000000 3.50000000 4.14052738E+001
4.80000000 3.60000000 3.63715639E+001
4.80000000 3.70000000 3.13378540E+001
4.80000000 3.80000000 2.63041441E+001
4.80000000 3.90000000 2.21177374E+001
4.80000000 4.00000000 1.90610683E+001
4.80000000 4.10000000 1.60043992E+001
4.80000000 4.20000000 1.29477301E+001
4.80000000 4.30000000 1.10702572E+001
4.80000000 4.40000000 9.38931695E+000
4.80000000 4.50000000 7.70837672E+000
4.80000000 4.60000000 6.27993544E+000
4.80000000 4.70000000 5.48274157E+000
4.80000000 4.80000000 4.68554769E+000
4.80000000 4.90000000 3.88835381E+000
4.80000000 5.00000000 3.44908372E+000
4.80000000 5.10000000 3.15298313E+000
4.80000000 5.20000000 2.85688255E+000
4.80000000 5.30000000 2.59332049E+000
4.80000000 5.40000000 2.52498959E+000
4.80000000 5.50000000 2.45665868E+000
4.80000000 5.60000000 2.38832778E+000
4.80000000 5.70000000 2.35644002E+000
4.80000000 5.80000000 2.35188463E+000
4.80000000 5.90000000 2.34732924E+000
4.80000000 6.00000000 2.34277384E+000
4.80000000 6.10000000 2.34732924E+000
4.80000000 6.20000000 2.35188463E+000
4.80000000 6.30000000 2.35644002E+000
4.80000000 6.40000000 2.38832778E+000
4.80000000 6.50000000 2.45665868E+000
4.80000000 6.60000000 2.52498959E+000
4.80000000 6.70000000 2.59332049E+000
4.80000000 6.80000000 2.85688255E+000
4.80000000 6.90000000 3.15298313E+000
4.80000000 7.00000000 3.44908372E+000
4.80000000 7.10000000 3.88835381E+000
4.80000000 7.20000000 4.68554769E+000
4.80000000 7.30000000 5.48274157E+000
4.80000000 7.40000000 6.27993544E+000
4.80000000 7.50000000 7.70837672E+000
4.80000000 7.60000000 9.38931695E+000
4.80000000 7.70000000 1.10702572E+001
4.80000000 7.80000000 1.29477301E+001
4.80000000 7.90000000 1.60043992E+001
4.80000000 8.00000000 1.90610683E+001
4.80000000 8.10000000 2.21177374E+001
4.80000000 8.20000000 2.63041441E+001
4.80000000 8.30000000 3.13378540E+001
4.80000000 8.40000000 3.63715639E+001
4.80000000 8.50000000 4.14052738E+001
4.80000000 8.60000000 4.91266660E+001
4.80000000 8.70000000 5.68480581E+001
4.80000000 8.80000000 6.45694502E+001
4.80000000 8.90000000 7.37941222E+001
4.80000000 9.00000000 8.50231674E+001
4.80000000 9.10000000 9.62522126E+001
4.80000000 9.20000000 1.07481258E+002
4.80000000 9.30000000 1.22513406E+002
4.80000000 9.40000000 1.38179404E+002
4.80000000 9.50000000 1.53845403E+002
4.80000000 9.60000000 1.71075854E+002
4.80000000 9.70000000 1.92217435E+002
4.80000000 9.80000000 2.13359017E+002
4.80000000 9.90000000 2.34500599E+002
4.80000000 10.00000000 2.60373282E+002
4.80000000 10.10000000 2.88138406E+002
4.80000000 10.20000000 3.15903530E+002
4.80000000 10.30000000 3.44794487E+002
4.80000000 10.40000000 3.80440441E+002
4.80000000 10.50000000 4.16086396E+002
4.80000000 10.60000000 4.51732351E+002
4.80000000 10.70000000 4.92662562E+002
4.80000000 10.80000000 5.37555966E+002
4.80000000 10.90000000 5.82449370E+002
4.80000000 11.00000000 6.27342774E+002
4.90000000 1.00000000 6.26545580E+002
4.90000000 1.10000000 5.81652176E+002
4.90000000 1.20000000 5.36758772E+002
4.90000000 1.30000000 4.91865369E+002
4.90000000 1.40000000 4.50935157E+002
4.90000000 1.50000000 4.15289202E+002
4.90000000 1.60000000 3.79643248E+002
4.90000000 1.70000000 3.43997293E+002
4.90000000 1.80000000 3.15106336E+002
4.90000000 1.90000000 2.87341212E+002
4.90000000 2.00000000 2.59576088E+002
4.90000000 2.10000000 2.33703405E+002
4.90000000 2.20000000 2.12561823E+002
4.90000000 2.30000000 1.91420242E+002
4.90000000 2.40000000 1.70278660E+002
4.90000000 2.50000000 1.53048209E+002
4.90000000 2.60000000 1.37382211E+002
4.90000000 2.70000000 1.21716212E+002
4.90000000 2.80000000 1.06684064E+002
4.90000000 2.90000000 9.54550187E+001
4.90000000 3.00000000 8.42259736E+001
4.90000000 3.10000000 7.29969284E+001
4.90000000 3.20000000 6.37722564E+001
4.90000000 3.30000000 5.60508642E+001
4.90000000 3.40000000 4.83294721E+001
4.90000000 3.50000000 4.06080800E+001
4.90000000 3.60000000 3.55743701E+001
4.90000000 3.70000000 3.05406601E+001
4.90000000 3.80000000 2.55069502E+001
4.90000000 3.90000000 2.13205435E+001
4.90000000 4.00000000 1.82638744E+001
4.90000000 4.10000000 1.52072053E+001
4.90000000 4.20000000 1.21505362E+001
4.90000000 4.30000000 1.02730633E+001
4.90000000 4.40000000 8.59212307E+000
4.90000000 4.50000000 6.91118284E+000
4.90000000 4.60000000 5.48274157E+000
4.90000000 4.70000000 4.68554769E+000
4.90000000 4.80000000 3.88835381E+000
4.90000000 4.90000000 3.09115993E+000
4.90000000 5.00000000 2.65188984E+000
4.90000000 5.10000000 2.35578925E+000
4.90000000 5.20000000 2.05968867E+000
4.90000000 5.30000000 1.79612661E+000
4.90000000 5.40000000 1.72779571E+000
4.90000000 5.50000000 1.65946481E+000
4.90000000 5.60000000 1.59113390E+000
4.90000000 5.70000000 1.55924615E+000
4.90000000 5.80000000 1.55469075E+000
4.90000000 5.90000000 1.55013536E+000
4.90000000 6.00000000 1.54557997E+000
4.90000000 6.10000000 1.55013536E+000
4.90000000 6.20000000 1.55469075E+000
4.90000000 6.30000000 1.55924615E+000
4.90000000 6.40000000 1.59113390E+000
4.90000000 6.50000000 1.65946481E+000
4.90000000 6.60000000 1.72779571E+000
4.90000000 6.70000000 1.79612661E+000
4.90000000 6.80000000 2.05968867E+000
4.90000000 6.90000000 2.35578925E+000
4.90000000 7.00000000 2.65188984E+000
4.90000000 7.10000000 3.09115993E+000
4.90000000 7.20000000 3.88835381E+000
4.90000000 7.30000000 4.68554769E+000
4.90000000 7.40000000 5.48274157E+000
4.90000000 7.50000000 6.91118284E+000
4.90000000 7.60000000 8.59212307E+000
4.90000000 7.70000000 1.02730633E+001
4.90000000 7.80000000 1.21505362E+001
4.90000000 7.90000000 1.52072053E+001
4.90000000 8.00000000 1.82638744E+001
4.90000000 8.10000000 2.13205435E+001
4.90000000 8.20000000 2.55069502E+001
4.90000000 8.30000000 3.05406601E+001
4.90000000 8.40000000 3.55743701E+001
4.90000000 8.50000000 4.06080800E+001
4.90000000 8.60000000 4.83294721E+001
4.90000000 8.70000000 5.60508642E+001
4.90000000 8.80000000 6.37722564E+001
4.90000000 8.90000000 7.29969284E+001
4.90000000 9.00000000 8.42259736E+001
4.90000000 9.10000000 9.54550187E+001
4.90000000 9.20000000 1.06684064E+002
4.90000000 9.30000000 1.21716212E+002
4.90000000 9.40000000 1.37382211E+002
4.90000000 9.50000000 1.53048209E+002
4.90000000 9.60000000 1.70278660E+002
4.90000000 9.70000000 1.91420242E+002
4.90000000 9.80000000 2.12561823E+002
4.90000000 9.90000000 2.33703405E+002
4.90000000 10.00000000 2.59576088E+002
4.90000000 10.10000000 2.87341212E+002
4.90000000 10.20000000 3.15106336E+002
4.90000000 10.30000000 3.43997293E+002
4.90000000 10.40000000 3.79643248E+002
4.90000000 10.50000000 4.15289202E+002
4.90000000 10.60000000 4.50935157E+002
4.90000000 10.70000000 4.91865369E+002
4.90000000 10.80000000 5.36758772E+002
4.90000000 10.90000000 5.81652176E+002
4.90000000 11.00000000 6.26545580E+002
5.00000000 1.00000000 6.26106310E+002
5.00000000 1.10000000 5.81212906E+002
5.00000000 1.20000000 5.36319502E+002
5.00000000 1.30000000 4.91426099E+002
5.00000000 1.40000000 4.50495887E+002
5.00000000 1.50000000 4.14849932E+002
5.00000000 1.60000000 3.79203978E+002
5.00000000 1.70000000 3.43558023E+002
5.00000000 1.80000000 3.14667066E+002
5.00000000 1.90000000 2.86901942E+002
5.00000000 2.00000000 2.59136818E+002
5.00000000 2.10000000 2.33264135E+002
5.00000000 2.20000000 2.12122553E+002
5.00000000 2.30000000 1.90980971E+002
5.00000000 2.40000000 1.69839390E+002
5.00000000 2.50000000 1.52608939E+002
5.00000000 2.60000000 1.36942940E+002
5.00000000 2.70000000 1.21276942E+002
5.00000000 2.80000000 1.06244794E+002
5.00000000 2.90000000 9.50157486E+001
5.00000000 3.00000000 8.37867035E+001
5.00000000 3.10000000 7.25576583E+001
5.00000000 3.20000000 6.33329863E+001
5.00000000 3.30000000 5.56115941E+001
5.00000000 3.40000000 4.78902020E+001
5.00000000 3.50000000 4.01688099E+001
5.00000000 3.60000000 3.51351000E+001
5.00000000 3.70000000 3.01013900E+001
5.00000000 3.80000000 2.50676801E+001
5.00000000 3.90000000 2.08812734E+001
5.00000000 4.00000000 1.78246043E+001
5.00000000 4.10000000 1.47679352E+001
5.00000000 4.20000000 1.17112661E+001
5.00000000 4.30000000 9.83379321E+000
5.00000000 4.40000000 8.15285298E+000
5.00000000 4.50000000 6.47191274E+000
5.00000000 4.60000000 5.04347147E+000
5.00000000 4.70000000 4.24627759E+000
5.00000000 4.80000000 3.44908372E+000
5.00000000 4.90000000 2.65188984E+000
5.00000000 5.00000000 2.21261974E+000
5.00000000 5.10000000 1.91651916E+000
5.00000000 5.20000000 1.62041858E+000
5.00000000 5.30000000 1.35685652E+000
5.00000000 5.40000000 1.28852561E+000
5.00000000 5.50000000 1.22019471E+000
5.00000000 5.60000000 1.15186381E+000
5.00000000 5.70000000 1.11997605E+000
5.00000000 5.80000000 1.11542066E+000
5.00000000 5.90000000 1.11086526E+000
5.00000000 6.00000000 1.10630987E+000
5.00000000 6.10000000 1.11086526E+000
5.00000000 6.20000000 1.11542066E+000
5.00000000 6.30000000 1.11997605E+000
5.00000000 6.40000000 1.15186381E+000
5.00000000 6.50000000 1.22019471E+000
5.00000000 6.60000000 1.28852561E+000
5.00000000 6.70000000 1.35685652E+000
5.00000000 6.80000000 1.62041858E+000
5.00000000 6.90000000 1.91651916E+000
5.00000000 7.00000000 2.21261974E+000
5.00000000 7.10000000 2.65188984E+000
5.00000000 7.20000000 3.44908372E+000
5.00000000 7.30000000 4.24627759E+000
5.00000000 7.40000000 5.04347147E+000
5.00000000 7.50000000 6.47191274E+000
5.00000000 7.60000000 8.15285298E+000
5.00000000 7.70000000 9.83379321E+000
5.00000000 7.80000000 1.17112661E+001
5.00000000 7.90000000 1.47679352E+001
5.00000000 8.00000000 1.78246043E+001
5.00000000 8.10000000 2.08812734E+001
5.00000000 8.20000000 2.50676801E+001
5.00000000 8.30000000 3.01013900E+001
5.00000000 8.40000000 3.51351000E+001
5.00000000 8.50000000 4.01688099E+001
5.00000000 8.60000000 4.78902020E+001
5.00000000 8.70000000 5.56115941E+001
5.00000000 8.80000000 6.33329863E+001
5.00000000 8.90000000 7.25576583E+001
5.00000000 9.00000000 8.37867035E+001
5.00000000 9.10000000 9.50157486E+001
5.00000000 9.20000000 1.06244794E+002
5.00000000 9.30000000 1.21276942E+002
5.00000000 9.40000000 1.36942940E+002
5.00000000 9.50000000 1.52608939E+002
5.00000000 9.60000000 1.69839390E+002
5.00000000 9.70000000 1.90980971E+002
5.00000000 9.80000000 2.12122553E+002
5.00000000 9.90000000 2.33264135E+002
5.00000000 10.00000000 2.59136818E+002
5.00000000 10.10000000 2.86901942E+002
5.00000000 10.20000000 3.14667066E+002
5.00000000 10.30000000 3.43558023E+002
5.00000000 10.40000000 3.79203978E+002
5.00000000 10.50000000 4.14849932E+002
5.00000000 10.60000000 4.50495887E+002
5.00000000 10.70000000 4.91426099E+002
5.00000000 10.80000000 5.36319502E+002
5.00000000 10.90000000 5.81212906E+002
5.00000000 11.00000000 6.26106310E+002
5.10000000 1.00000000 6.25810209E+002
5.10000000 1.10000000 5.80916805E+002
5.10000000 1.20000000 5.36023402E+002
5.10000000 1.30000000 4.91129998E+002
5.10000000 1.40000000 4.50199787E+002
5.10000000 1.50000000 4.14553832E+002
5.10000000 1.60000000 3.78907877E+002
5.10000000 1.70000000 3.43261922E+002
5.10000000 1.80000000 3.14370965E+002
5.10000000 1.90000000 2.86605841E+002
5.10000000 2.00000000 2.58840717E+002
5.10000000 2.10000000 2.32968034E+002
5.10000000 2.20000000 2.11826453E+002
5.10000000 2.30000000 1.90684871E+002
5.10000000 2.40000000 1.69543289E+002
5.10000000 2.50000000 1.52312838E+002
5.10000000 2.60000000 1.36646840E+002
5.10000000 2.70000000 1.20980841E+002
5.10000000 2.80000000 1.05948693E+002
5.10000000 2.90000000 9.47196481E+001
5.10000000 3.00000000 8.34906029E+001
5.10000000 3.10000000 7.22615577E+001
5.10000000 3.20000000 6.30368857E+001
5.10000000 3.30000000 5.53154935E+001
5.10000000 3.40000000 4.75941014E+001
5.10000000 3.50000000 3.98727093E+001
5.10000000 3.60000000 3.48389994E+001
5.10000000 3.70000000 2.98052895E+001
5.10000000 3.80000000 2.47715796E+001
5.10000000 3.90000000 2.05851728E+001
5.10000000 4.00000000 1.75285037E+001
5.10000000 4.10000000 1.44718347E+001
5.10000000 4.20000000 1.14151656E+001
5.10000000 4.30000000 9.53769263E+000
5.10000000 4.40000000 7.85675239E+000
5.10000000 4.50000000 6.17581216E+000
5.10000000 4.60000000 4.74737089E+000
5.10000000 4.70000000 3.95017701E+000
5.10000000 4.80000000 3.15298313E+000
5.10000000 4.90000000 2.35578925E+000
5.10000000 5.00000000 1.91651916E+000
5.10000000 5.10000000 1.62041858E+000
5.10000000 5.20000000 1.32431799E+000
5.10000000 5.30000000 1.06075594E+000
5.10000000 5.40000000 9.92425031E-001
5.10000000 5.50000000 9.24094127E-001
5.10000000 5.60000000 8.55763224E-001
5.10000000 5.70000000 8.23875469E-001
5.10000000 5.80000000 8.19320075E-001
5.10000000 5.90000000 8.14764681E-001
5.10000000 6.00000000 8.10209288E-001
5.10000000 6.10000000 8.14764681E-001
5.10000000 6.20000000 8.19320075E-001
5.10000000 6.30000000 8.23875469E-001
5.10000000 6.40000000 8.55763224E-001
5.10000000 6.50000000 9.24094127E-001
5.10000000 6.60000000 9.92425031E-001
5.10000000 6.70000000 1.06075594E+000
5.10000000 6.80000000 1.32431799E+000
5.10000000 6.90000000 1.62041858E+000
5.10000000 7.00000000 1.91651916E+000
5.10000000 7.10000000 2.35578925E+000
5.10000000 7.20000000 3.15298313E+000
5.10000000 7.30000000 3.95017701E+000
5.10000000 7.40000000 4.74737089E+000
5.10000000 7.50000000 6.17581216E+000
5.10000000 7.60000000 7.85675239E+000
5.10000000 7.70000000 9.53769263E+000
5.10000000 7.80000000 1.14151656E+001
5.10000000 7.90000000 1.44718347E+001
5.10000000 8.00000000 1.75285037E+001
5.10000000 8.10000000 2.05851728E+001
5.10000000 8.20000000 2.47715796E+001
5.10000000 8.30000000 2.98052895E+001
5.10000000 8.40000000 3.48389994E+001
5.10000000 8.50000000 3.98727093E+001
5.10000000 8.60000000 4.75941014E+001
5.10000000 8.70000000 5.53154935E+001
5.10000000 8.80000000 6.30368857E+001
5.10000000 8.90000000 7.22615577E+001
5.10000000 9.00000000 8.34906029E+001
5.10000000 9.10000000 9.47196481E+001
5.10000000 9.20000000 1.05948693E+002
5.10000000 9.30000000 1.20980841E+002
5.10000000 9.40000000 1.36646840E+002
5.10000000 9.50000000 1.52312838E+002
5.10000000 9.60000000 1.69543289E+002
5.10000000 9.70000000 1.90684871E+002
5.10000000 9.80000000 2.11826453E+002
5.10000000 9.90000000 2.32968034E+002
5.10000000 10.00000000 2.58840717E+002
5.10000000 10.10000000 2.86605841E+002
5.10000000 10.20000000 3.14370965E+002
5.10000000 10.30000000 3.43261922E+002
5.10000000 10.40000000 3.78907877E+002
5.10000000 10.50000000 4.14553832E+002
5.10000000 10.60000000 4.50199787E+002
5.10000000 10.70000000 4.91129998E+002
5.10000000 10.80000000 5.36023402E+002
5.10000000 10.90000000 5.80916805E+002
5.10000000 11.00000000 6.25810209E+002
5.20000000 1.00000000 6.25514109E+002
5.20000000 1.10000000 5.80620705E+002
5.20000000 1.20000000 5.35727301E+002
5.20000000 1.30000000 4.90833897E+002
5.20000000 1.40000000 4.49903686E+002
5.20000000 1.50000000 4.14257731E+002
5.20000000 1.60000000 3.78611776E+002
5.20000000 1.70000000 3.42965822E+002
5.20000000 1.80000000 3.14074865E+002
5.20000000 1.90000000 2.86309741E+002
5.20000000 2.00000000 2.58544617E+002
5.20000000 2.10000000 2.32671934E+002
5.20000000 2.20000000 2.11530352E+002
5.20000000 2.30000000 1.90388770E+002
5.20000000 2.40000000 1.69247189E+002
5.20000000 2.50000000 1.52016738E+002
5.20000000 2.60000000 1.36350739E+002
5.20000000 2.70000000 1.20684741E+002
5.20000000 2.80000000 1.05652593E+002
5.20000000 2.90000000 9.44235475E+001
5.20000000 3.00000000 8.31945023E+001
5.20000000 3.10000000 7.19654571E+001
5.20000000 3.20000000 6.27407851E+001
5.20000000 3.30000000 5.50193930E+001
5.20000000 3.40000000 4.72980008E+001
5.20000000 3.50000000 3.95766087E+001
5.20000000 3.60000000 3.45428988E+001
5.20000000 3.70000000 2.95091889E+001
5.20000000 3.80000000 2.44754790E+001
5.20000000 3.90000000 2.02890723E+001
5.20000000 4.00000000 1.72324032E+001
5.20000000 4.10000000 1.41757341E+001
5.20000000 4.20000000 1.11190650E+001
5.20000000 4.30000000 9.24159204E+000
5.20000000 4.40000000 7.56065181E+000
5.20000000 4.50000000 5.87971158E+000
5.20000000 4.60000000 4.45127030E+000
5.20000000 4.70000000 3.65407643E+000
5.20000000 4.80000000 2.85688255E+000
5.20000000 4.90000000 2.05968867E+000
5.20000000 5.00000000 1.62041858E+000
5.20000000 5.10000000 1.32431799E+000
5.20000000 5.20000000 1.02821741E+000
5.20000000 5.30000000 7.64655352E-001
5.20000000 5.40000000 6.96324448E-001
5.20000000 5.50000000 6.27993544E-001
5.20000000 5.60000000 5.59662641E-001
5.20000000 5.70000000 5.27774885E-001
5.20000000 5.80000000 5.23219492E-001
5.20000000 5.90000000 5.18664098E-001
5.20000000 6.00000000 5.14108705E-001
5.20000000 6.10000000 5.18664098E-001
5.20000000 6.20000000 5.23219492E-001
5.20000000 6.30000000 5.27774885E-001
5.20000000 6.40000000 5.59662641E-001
5.20000000 6.50000000 6.27993544E-001
5.20000000 6.60000000 6.96324448E-001
5.20000000 6.70000000 7.64655352E-001
5.20000000 6.80000000 1.02821741E+000
5.20000000 6.90000000 1.32431799E+000
5.20000000 7.00000000 1.62041858E+000
5.20000000 7.10000000 2.05968867E+000
5.20000000 7.20000000 2.85688255E+000
5.20000000 7.30000000 3.65407643E+000
5.20000000 7.40000000 4.45127030E+000
5.20000000 7.50000000 5.87971158E+000
5.20000000 7.60000000 7.56065181E+000
5.20000000 7.70000000 9.24159204E+000
5.20000000 7.80000000 1.11190650E+001
5.20000000 7.90000000 1.41757341E+001
5.20000000 8.00000000 1.72324032E+001
5.20000000 8.10000000 2.02890723E+001
5.20000000 8.20000000 2.44754790E+001
5.20000000 8.30000000 2.95091889E+001
5.20000000 8.40000000 3.45428988E+001
5.20000000 8.50000000 3.95766087E+001
5.20000000 8.60000000 4.72980008E+001
5.20000000 8.70000000 5.50193930E+001
5.20000000 8.80000000 6.27407851E+001
5.20000000 8.90000000 7.19654571E+001
5.20000000 9.00000000 8.31945023E+001
5.20000000 9.10000000 9.44235475E+001
5.20000000 9.20000000 1.05652593E+002
5.20000000 9.30000000 1.20684741E+002
5.20000000 9.40000000 1.36350739E+002
5.20000000 9.50000000 1.52016738E+002
5.20000000 9.60000000 1.69247189E+002
5.20000000 9.70000000 1.90388770E+002
5.20000000 9.80000000 2.11530352E+002
5.20000000 9.90000000 2.32671934E+002
5.20000000 10.00000000 2.58544617E+002
5.20000000 10.10000000 2.86309741E+002
5.20000000 10.20000000 3.14074865E+002
5.20000000 10.30000000 3.42965822E+002
5.20000000 10.40000000 3.78611776E+002
5.20000000 10.50000000 4.14257731E+002
5.20000000 10.60000000 4.49903686E+002
5.20000000 10.70000000 4.90833897E+002
5.20000000 10.80000000 5.35727301E+002
5.20000000 10.90000000 5.80620705E+002
5.20000000 11.00000000 6.25514109E+002
5.30000000 1.00000000 6.25250547E+002
5.30000000 1.10000000 5.80357143E+002
5.30000000 1.20000000 5.35463739E+002
5.30000000 1.30000000 4.90570335E+002
5.30000000 1.40000000 4.49640124E+002
5.30000000 1.50000000 4.13994169E+002
5.30000000 1.60000000 3.78348214E+002
5.30000000 1.70000000 3.42702259E+002
5.30000000 1.80000000 3.13811303E+002
5.30000000 1.90000000 2.86046179E+002
5.30000000 2.00000000 2.58281055E+002
5.30000000 2.10000000 2.32408372E+002
5.30000000 2.20000000 2.11266790E+002
5.30000000 2.30000000 1.90125208E+002
5.30000000 2.40000000 1.68983627E+002
5.30000000 2.50000000 1.51753176E+002
5.30000000 2.60000000 1.36087177E+002
5.30000000 2.70000000 1.20421179E+002
5.30000000 2.80000000 1.05389031E+002
5.30000000 2.90000000 9.41599854E+001
5.30000000 3.00000000 8.29309402E+001
5.30000000 3.10000000 7.17018950E+001
5.30000000 3.20000000 6.24772230E+001
5.30000000 3.30000000 5.47558309E+001
5.30000000 3.40000000 4.70344388E+001
5.30000000 3.50000000 3.93130466E+001
5.30000000 3.60000000 3.42793367E+001
5.30000000 3.70000000 2.92456268E+001
5.30000000 3.80000000 2.42119169E+001
5.30000000 3.90000000 2.00255102E+001
5.30000000 4.00000000 1.69688411E+001
5.30000000 4.10000000 1.39121720E+001
5.30000000 4.20000000 1.08555029E+001
5.30000000 4.30000000 8.97802999E+000
5.30000000 4.40000000 7.29708975E+000
5.30000000 4.50000000 5.61614952E+000
5.30000000 4.60000000 4.18770825E+000
5.30000000 4.70000000 3.39051437E+000
5.30000000 4.80000000 2.59332049E+000
5.30000000 4.90000000 1.79612661E+000
5.30000000 5.00000000 1.35685652E+000
5.30000000 5.10000000 1.06075594E+000
5.30000000 5.20000000 7.64655352E-001
5.30000000 5.30000000 5.01093294E-001
5.30000000 5.40000000 4.32762391E-001
5.30000000 5.50000000 3.64431487E-001
5.30000000 5.60000000 2.96100583E-001
5.30000000 5.70000000 2.64212828E-001
5.30000000 5.80000000 2.59657434E-001
5.30000000 5.90000000 2.55102041E-001
5.30000000 6.00000000 2.50546647E-001
5.30000000 6.10000000 2.55102041E-001
5.30000000 6.20000000 2.59657434E-001
5.30000000 6.30000000 2.64212828E-001
5.30000000 6.40000000 2.96100583E-001
5.30000000 6.50000000 3.64431487E-001
5.30000000 6.60000000 4.32762391E-001
5.30000000 6.70000000 5.01093294E-001
5.30000000 6.80000000 7.64655352E-001
5.30000000 6.90000000 1.06075594E+000
5.30000000 7.00000000 1.35685652E+000
5.30000000 7.10000000 1.79612661E+000
5.30000000 7.20000000 2.59332049E+000
5.30000000 7.30000000 3.39051437E+000
5.30000000 7.40000000 4.18770825E+000
5.30000000 7.50000000 5.61614952E+000
5.30000000 7.60000000 7.29708975E+000
5.30000000 7.70000000 8.97802999E+000
5.30000000 7.80000000 1.08555029E+001
5.30000000 7.90000000 1.39121720E+001
5.30000000 8.00000000 1.69688411E+001
5.30000000 8.10000000 2.00255102E+001
5.30000000 8.20000000 2.42119169E+001
5.30000000 8.30000000 2.92456268E+001
5.30000000 8.40000000 3.42793367E+001
5.30000000 8.50000000 3.93130466E+001
5.30000000 8.60000000 4.70344388E+001
5.30000000 8.70000000 5.47558309E+001
5.30000000 8.80000000 6.24772230E+001
5.30000000 8.90000000 7.17018950E+001
5.30000000 9.00000000 8.29309402E+001
5.30000000 9.10000000 9.41599854E+001
5.30000000 9.20000000 1.05389031E+002
5.30000000 9.30000000 1.20421179E+002
5.30000000 9.40000000 1.36087177E+002
5.30000000 9.50000000 1.51753176E+002
5.30000000 9.60000000 1.68983627E+002
5.30000000 9.70000000 1.90125208E+002
5.30000000 9.80000000 2.11266790E+002
5.30000000 9.90000000 2.32408372E+002
5.30000000 10.00000000 2.58281055E+002
5.30000000 10.10000000 2.86046179E+002
5.30000000 10.20000000 3.13811303E+002
5.30000000 10.30000000 3.42702259E+002
5.30000000 10.40000000 3.78348214E+002
5.30000000 10.50000000 4.13994169E+002
5.30000000 10.60000000 4.49640124E+002
5.30000000 10.70000000 4.90570335E+002
5.30000000 10.80000000 5.35463739E+002
5.30000000 10.90000000 5.80357143E+002
5.30000000 11.00000000 6.25250547E+002
5.40000000 1.00000000 6.25182216E+002
5.40000000 1.10000000 5.80288812E+002
5.40000000 1.20000000 5.35395408E+002
5.40000000 1.30000000 4.90502004E+002
5.40000000 1.40000000 4.49571793E+002
5.40000000 1.50000000 4.13925838E+002
5.40000000 1.60000000 3.78279883E+002
5.40000000 1.70000000 3.42633929E+002
5.40000000 1.80000000 3.13742972E+002
5.40000000 1.90000000 2.85977848E+002
5.40000000 2.00000000 2.58212724E+002
5.40000000 2.10000000 2.32340041E+002
5.40000000 2.20000000 2.11198459E+002
5.40000000 2.30000000 1.90056877E+002
5.40000000 2.40000000 1.68915296E+002
5.40000000 2.50000000 1.51684845E+002
5.40000000 2.60000000 1.36018846E+002
5.40000000 2.70000000 1.20352848E+002
5.40000000 2.80000000 1.05320700E+002
5.40000000 2.90000000 9.40916545E+001
5.40000000 3.00000000 8.28626093E+001
5.40000000 3.10000000 7.16335641E+001
5.40000000 3.20000000 6.24088921E+001
5.40000000 3.30000000 5.46875000E+001
5.40000000 3.40000000 4.69661079E+001
5.40000000 3.50000000 3.92447157E+001
5.40000000 3.60000000 3.42110058E+001
5.40000000 3.70000000 2.91772959E+001
5.40000000 3.80000000 2.41435860E+001
5.40000000 3.90000000 1.99571793E+001
5.40000000 4.00000000 1.69005102E+001
5.40000000 4.10000000 1.38438411E+001
5.40000000 4.20000000 1.07871720E+001
5.40000000 4.30000000 8.90969908E+000
5.40000000 4.40000000 7.22875885E+000
5.40000000 4.50000000 5.54781862E+000
5.40000000 4.60000000 4.11937734E+000
5.40000000 4.70000000 3.32218347E+000
5.40000000 4.80000000 2.52498959E+000
5.40000000 4.90000000 1.72779571E+000
5.40000000 5.00000000 1.28852561E+000
5.40000000 5.10000000 9.92425031E-001
5.40000000 5.20000000 6.96324448E-001
5.40000000 5.30000000 4.32762391E-001
5.40000000 5.40000000 3.64431487E-001
5.40000000 5.50000000 2.96100583E-001
5.40000000 5.60000000 2.27769679E-001
5.40000000 5.70000000 1.95881924E-001
5.40000000 5.80000000 1.91326531E-001
5.40000000 5.90000000 1.86771137E-001
5.40000000 6.00000000 1.82215743E-001
5.40000000 6.10000000 1.86771137E-001
5.40000000 6.20000000 1.91326531E-001
5.40000000 6.30000000 1.95881924E-001
5.40000000 6.40000000 2.27769679E-001
5.40000000 6.50000000 2.96100583E-001
5.40000000 6.60000000 3.64431487E-001
5.40000000 6.70000000 4.32762391E-001
5.40000000 6.80000000 6.96324448E-001
5.40000000 6.90000000 9.92425031E-001
5.40000000 7.00000000 1.28852561E+000
5.40000000 7.10000000 1.72779571E+000
5.40000000 7.20000000 2.52498959E+000
5.40000000 7.30000000 3.32218347E+000
5.40000000 7.40000000 4.11937734E+000
5.40000000 7.50000000 5.54781862E+000
5.40000000 7.60000000 7.22875885E+000
5.40000000 7.70000000 8.90969908E+000
5.40000000 7.80000000 1.07871720E+001
5.40000000 7.90000000 1.38438411E+001
5.40000000 8.00000000 1.69005102E+001
5.40000000 8.10000000 1.99571793E+001
5.40000000 8.20000000 2.41435860E+001
5.40000000 8.30000000 2.91772959E+001
5.40000000 8.40000000 3.42110058E+001
5.40000000 8.50000000 3.92447157E+001
5.40000000 8.60000000 4.69661079E+001
5.40000000 8.70000000 5.46875000E+001
5.40000000 8.80000000 6.24088921E+001
5.40000000 8.90000000 7.16335641E+001
5.40000000 9.00000000 8.28626093E+001
5.40000000 9.10000000 9.40916545E+001
5.40000000 9.20000000 1.05320700E+002
5.40000000 9.30000000 1.20352848E+002
5.40000000 9.40000000 1.36018846E+002
5.40000000 9.50000000 1.51684845E+002
5.40000000 9.60000000 1.68915296E+002
5.40000000 9.70000000 1.90056877E+002
5.40000000 9.80000000 2.11198459E+002
5.40000000 9.90000000 2.32340041E+002
5.40000000 10.00000000 2.58212724E+002
5.40000000 10.10000000 2.85977848E+002
5.40000000 10.20000000 3.13742972E+002
5.40000000 10.30000000 3.42633929E+002
5.40000000 10.40000000 3.78279883E+002
5.40000000 10.50000000 4.13925838E+002
5.40000000 10.60000000 4.49571793E+002
5.40000000 10.70000000 4.90502004E+002
5.40000000 10.80000000 5.35395408E+002
5.40000000 10.90000000 5.80288812E+002
5.40000000 11.00000000 6.25182216E+002
5.50000000 1.00000000 6.25113885E+002
5.50000000 1.10000000 5.80220481E+002
5.50000000 1.20000000 5.35327077E+002
5.50000000 1.30000000 4.90433673E+002
5.50000000 1.40000000 4.49503462E+002
5.50000000 1.50000000 4.13857507E+002
5.50000000 1.60000000 3.78211552E+002
5.50000000 1.70000000 3.42565598E+002
5.50000000 1.80000000 3.13674641E+002
5.50000000 1.90000000 2.85909517E+002
5.50000000 2.00000000 2.58144393E+002
5.50000000 2.10000000 2.32271710E+002
5.50000000 2.20000000 2.11130128E+002
5.50000000 2.30000000 1.89988546E+002
5.50000000 2.40000000 1.68846965E+002
5.50000000 2.50000000 1.51616514E+002
5.50000000 2.60000000 1.35950515E+002
5.50000000 2.70000000 1.20284517E+002
5.50000000 2.80000000 1.05252369E+002
5.50000000 2.90000000 9.40233236E+001
5.50000000 3.00000000 8.27942784E+001
5.50000000 3.10000000 7.15652332E+001
5.50000000 3.20000000 6.23405612E+001
5.50000000 3.30000000 5.46191691E+001
5.50000000 3.40000000 4.68977770E+001
5.50000000 3.50000000 3.91763848E+001
5.50000000 3.60000000 3.41426749E+001
5.50000000 3.70000000 2.91089650E+001
5.50000000 3.80000000 2.40752551E+001
5.50000000 3.90000000 1.98888484E+001
5.50000000 4.00000000 1.68321793E+001
5.50000000 4.10000000 1.37755102E+001
5.50000000 4.20000000 1.07188411E+001
5.50000000 4.30000000 8.84136818E+000
5.50000000 4.40000000 7.16042795E+000
5.50000000 4.50000000 5.47948771E+000
5.50000000 4.60000000 4.05104644E+000
5.50000000 4.70000000 3.25385256E+000
5.50000000 4.80000000 2.45665868E+000
5.50000000 4.90000000 1.65946481E+000
5.50000000 5.00000000 1.22019471E+000
5.50000000 5.10000000 9.24094127E-001
5.50000000 5.20000000 6.27993544E-001
5.50000000 5.30000000 3.64431487E-001
5.50000000 5.40000000 2.96100583E-001
5.50000000 5.50000000 2.27769679E-001
5.50000000 5.60000000 1.59438776E-001
5.50000000 5.70000000 1.27551020E-001
5.50000000 5.80000000 1.22995627E-001
5.50000000 5.90000000 1.18440233E-001
5.50000000 6.00000000 1.13884840E-001
5.50000000 6.10000000 1.18440233E-001
5.50000000 6.20000000 1.22995627E-001
5.50000000 6.30000000 1.27551020E-001
5.50000000 6.40000000 1.59438776E-001
5.50000000 6.50000000 2.27769679E-001
5.50000000 6.60000000 2.96100583E-001
5.50000000 6.70000000 3.64431487E-001
5.50000000 6.80000000 6.27993544E-001
5.50000000 6.90000000 9.24094127E-001
5.50000000 7.00000000 1.22019471E+000
5.50000000 7.10000000 1.65946481E+000
5.50000000 7.20000000 2.45665868E+000
5.50000000 7.30000000 3.25385256E+000
5.50000000 7.40000000 4.05104644E+000
5.50000000 7.50000000 5.47948771E+000
5.50000000 7.60000000 7.16042795E+000
5.50000000 7.70000000 8.84136818E+000
5.50000000 7.80000000 1.07188411E+001
5.50000000 7.90000000 1.37755102E+001
5.50000000 8.00000000 1.68321793E+001
5.50000000 8.10000000 1.98888484E+001
5.50000000 8.20000000 2.40752551E+001
5.50000000 8.30000000 2.91089650E+001
5.50000000 8.40000000 3.41426749E+001
5.50000000 8.50000000 3.91763848E+001
5.50000000 8.60000000 4.68977770E+001
5.50000000 8.70000000 5.46191691E+001
5.50000000 8.80000000 6.23405612E+001
5.50000000 8.90000000 7.15652332E+001
5.50000000 9.00000000 8.27942784E+001
5.50000000 9.10000000 9.40233236E+001
5.50000000 9.20000000 1.05252369E+002
5.50000000 9.30000000 1.20284517E+002
5.50000000 9.40000000 1.35950515E+002
5.50000000 9.50000000 1.51616514E+002
5.50000000 9.60000000 1.68846965E+002
5.50000000 9.70000000 1.89988546E+002
5.50000000 9.80000000 2.11130128E+002
5.50000000 9.90000000 2.32271710E+002
5.50000000 10.00000000 2.58144393E+002
5.50000000 10.10000000 2.85909517E+002
5.50000000 10.20000000 3.13674641E+002
5.50000000 10.30000000 3.42565598E+002
5.50000000 10.40000000 3.78211552E+002
5.50000000 10.50000000 4.13857507E+002
5.50000000 10.60000000 4.49503462E+002
5.50000000 10.70000000 4.90433673E+002
5.50000000 10.80000000 5.35327077E+002
5.50000000 10.90000000 5.80220481E+002
5.50000000 11.00000000 6.25113885E+002
5.60000000 1.00000000 6.25045554E+002
5.60000000 1.10000000 5.80152150E+002
5.60000000 1.20000000 5.35258746E+002
5.60000000 1.30000000 4.90365343E+002
5.60000000 1.40000000 4.49435131E+002
5.60000000 1.50000000 4.13789176E+002
5.60000000 1.60000000 3.78143222E+002
5.60000000 1.70000000 3.42497267E+002
5.60000000 1.80000000 3.13606310E+002
5.60000000 1.90000000 2.85841186E+002
5.60000000 2.00000000 2.58076062E+002
5.60000000 2.10000000 2.32203379E+002
5.60000000 2.20000000 2.11061797E+002
5.60000000 2.30000000 1.89920216E+002
5.60000000 2.40000000 1.68778634E+002
5.60000000 2.50000000 1.51548183E+002
5.60000000 2.60000000 1.35882185E+002
5.60000000 2.70000000 1.20216186E+002
5.60000000 2.80000000 1.05184038E+002
5.60000000 2.90000000 9.39549927E+001
5.60000000 3.00000000 8.27259475E+001
5.60000000 3.10000000 7.14969023E+001
5.60000000 3.20000000 6.22722303E+001
5.60000000 3.30000000 5.45508382E+001
5.60000000 3.40000000 4.68294461E+001
5.60000000 3.50000000 3.91080539E+001
5.60000000 3.60000000 3.40743440E+001
5.60000000 3.70000000 2.90406341E+001
5.60000000 3.80000000 2.40069242E+001
5.60000000 3.90000000 1.98205175E+001
5.60000000 4.00000000 1.67638484E+001
5.60000000 4.10000000 1.37071793E+001
5.60000000 4.20000000 1.06505102E+001
5.60000000 4.30000000 8.77303728E+000
5.60000000 4.40000000 7.09209704E+000
5.60000000 4.50000000 5.41115681E+000
5.60000000 4.60000000 3.98271554E+000
5.60000000 4.70000000 3.18552166E+000
5.60000000 4.80000000 2.38832778E+000
5.60000000 4.90000000 1.59113390E+000
5.60000000 5.00000000 1.15186381E+000
5.60000000 5.10000000 8.55763224E-001
5.60000000 5.20000000 5.59662641E-001
5.60000000 5.30000000 2.96100583E-001
5.60000000 5.40000000 2.27769679E-001
5.60000000 5.50000000 1.59438776E-001
5.60000000 5.60000000 9.11078717E-002
5.60000000 5.70000000 5.92201166E-002
5.60000000 5.80000000 5.46647230E-002
5.60000000 5.90000000 5.01093294E-002
5.60000000 6.00000000 4.55539359E-002
5.60000000 6.10000000 5.01093294E-002
5.60000000 6.20000000 5.46647230E-002
5.60000000 6.30000000 5.92201166E-002
5.60000000 6.40000000 9.11078717E-002
5.60000000 6.50000000 1.59438776E-001
5.60000000 6.60000000 2.27769679E-001
5.60000000 6.70000000 2.96100583E-001
5.60000000 6.80000000 5.59662641E-001
5.60000000 6.90000000 8.55763224E-001
5.60000000 7.00000000 1.15186381E+000
5.60000000 7.10000000 1.59113390E+000
5.60000000 7.20000000 2.38832778E+000
5.60000000 7.30000000 3.18552166E+000
5.60000000 7.40000000 3.98271554E+000
5.60000000 7.50000000 5.41115681E+000
5.60000000 7.60000000 7.09209704E+000
5.60000000 7.70000000 8.77303728E+000
5.60000000 7.80000000 1.06505102E+001
5.60000000 7.90000000 1.37071793E+001
5.60000000 8.00000000 1.67638484E+001
5.60000000 8.10000000 1.98205175E+001
5.60000000 8.20000000 2.40069242E+001
5.60000000 8.30000000 2.90406341E+001
5.60000000 8.40000000 3.40743440E+001
5.60000000 8.50000000 3.91080539E+001
5.60000000 8.60000000 4.68294461E+001
5.60000000 8.70000000 5.45508382E+001
5.60000000 8.80000000 6.22722303E+001
5.60000000 8.90000000 7.14969023E+001
5.60000000 9.00000000 8.27259475E+001
5.60000000 9.10000000 9.39549927E+001
5.60000000 9.20000000 1.05184038E+002
5.60000000 9.30000000 1.20216186E+002
5.60000000 9.40000000 1.35882185E+002
5.60000000 9.50000000 1.51548183E+002
5.60000000 9.60000000 1.68778634E+002
5.60000000 9.70000000 1.89920216E+002
5.60000000 9.80000000 2.11061797E+002
5.60000000 9.90000000 2.32203379E+002
5.60000000 10.00000000 2.58076062E+002
5.60000000 10.10000000 2.85841186E+002
5.60000000 10.20000000 3.13606310E+002
5.60000000 10.30000000 3.42497267E+002
5.60000000 10.40000000 3.78143222E+002
5.60000000 10.50000000 4.13789176E+002
5.60000000 10.60000000 4.49435131E+002
5.60000000 10.70000000 4.90365343E+002
5.60000000 10.80000000 5.35258746E+002
5.60000000 10.90000000 5.80152150E+002
5.60000000 11.00000000 6.25045554E+002
5.70000000 1.00000000 6.25013666E+002
5.70000000 1.10000000 5.80120262E+002
5.70000000 1.20000000 5.35226859E+002
5.70000000 1.30000000 4.90333455E+002
5.70000000 1.40000000 4.49403243E+002
5.70000000 1.50000000 4.13757289E+002
5.70000000 1.60000000 3.78111334E+002
5.70000000 1.70000000 3.42465379E+002
5.70000000 1.80000000 3.13574422E+002
5.70000000 1.90000000 2.85809298E+002
5.70000000 2.00000000 2.58044174E+002
5.70000000 2.10000000 2.32171491E+002
5.70000000 2.20000000 2.11029909E+002
5.70000000 2.30000000 1.89888328E+002
5.70000000 2.40000000 1.68746746E+002
5.70000000 2.50000000 1.51516295E+002
5.70000000 2.60000000 1.35850297E+002
5.70000000 2.70000000 1.20184298E+002
5.70000000 2.80000000 1.05152150E+002
5.70000000 2.90000000 9.39231050E+001
5.70000000 3.00000000 8.26940598E+001
5.70000000 3.10000000 7.14650146E+001
5.70000000 3.20000000 6.22403426E+001
5.70000000 3.30000000 5.45189504E+001
5.70000000 3.40000000 4.67975583E+001
5.70000000 3.50000000 3.90761662E+001
5.70000000 3.60000000 3.40424563E+001
5.70000000 3.70000000 2.90087464E+001
5.70000000 3.80000000 2.39750364E+001
5.70000000 3.90000000 1.97886297E+001
5.70000000 4.00000000 1.67319606E+001
5.70000000 4.10000000 1.36752915E+001
5.70000000 4.20000000 1.06186224E+001
5.70000000 4.30000000 8.74114952E+000
5.70000000 4.40000000 7.06020929E+000
5.70000000 4.50000000 5.37926905E+000
5.70000000 4.60000000 3.95082778E+000
5.70000000 4.70000000 3.15363390E+000
5.70000000 4.80000000 2.35644002E+000
5.70000000 4.90000000 1.55924615E+000
5.70000000 5.00000000 1.11997605E+000
5.70000000 5.10000000 8.23875469E-001
5.70000000 5.20000000 5.27774885E-001
5.70000000 5.30000000 2.64212828E-001
5.70000000 5.40000000 1.95881924E-001
5.70000000 5.50000000 1.27551020E-001
5.70000000 5.60000000 5.92201166E-002
5.70000000 5.70000000 2.73323615E-002
5.70000000 5.80000000 2.27769679E-002
5.70000000 5.90000000 1.82215743E-002
5.70000000 6.00000000 1.36661808E-002
5.70000000 6.10000000 1.82215743E-002
5.70000000 6.20000000 2.27769679E-002
5.70000000 6.30000000 2.73323615E-002
5.70000000 6.40000000 5.92201166E-002
5.70000000 6.50000000 1.27551020E-001
5.70000000 6.60000000 1.95881924E-001
5.70000000 6.70000000 2.64212828E-001
5.70000000 6.80000000 5.27774885E-001
5.70000000 6.90000000 8.23875469E-001
5.70000000 7.00000000 1.11997605E+000
5.70000000 7.10000000 1.55924615E+000
5.70000000 7.20000000 2.35644002E+000
5.70000000 7.30000000 3.15363390E+000
5.70000000 7.40000000 3.95082778E+000
5.70000000 7.50000000 5.37926905E+000
5.70000000 7.60000000 7.06020929E+000
5.70000000 7.70000000 8.74114952E+000
5.70000000 7.80000000 1.06186224E+001
5.70000000 7.90000000 1.36752915E+001
5.70000000 8.00000000 1.67319606E+001
5.70000000 8.10000000 1.97886297E+001
5.70000000 8.20000000 2.39750364E+001
5.70000000 8.30000000 2.90087464E+001
5.70000000 8.40000000 3.40424563E+001
5.70000000 8.50000000 3.90761662E+001
5.70000000 8.60000000 4.67975583E+001
5.70000000 8.70000000 5.45189504E+001
5.70000000 8.80000000 6.22403426E+001
5.70000000 8.90000000 7.14650146E+001
5.70000000 9.00000000 8.26940598E+001
5.70000000 9.10000000 9.39231050E+001
5.70000000 9.20000000 1.05152150E+002
5.70000000 9.30000000 1.20184298E+002
5.70000000 9.40000000 1.35850297E+002
5.70000000 9.50000000 1.51516295E+002
5.70000000 9.60000000 1.68746746E+002
5.70000000 9.70000000 1.89888328E+002
5.70000000 9.80000000 2.11029909E+002
5.70000000 9.90000000 2.32171491E+002
5.70000000 10.00000000 2.58044174E+002
5.70000000 10.10000000 2.85809298E+002
5.70000000 10.20000000 3.13574422E+002
5.70000000 10.30000000 3.42465379E+002
5.70000000 10.40000000 3.78111334E+002
5.70000000 10.50000000 4.13757289E+002
5.70000000 10.60000000 4.49403243E+002
5.70000000 10.70000000 4.90333455E+002
5.70000000 10.80000000 5.35226859E+002
5.70000000 10.90000000 5.80120262E+002
5.70000000 11.00000000 6.25013666E+002
5.80000000 1.00000000 6.25009111E+002
5.80000000 1.10000000 5.80115707E+002
5.80000000 1.20000000 5.35222303E+002
5.80000000 1.30000000 4.90328899E+002
5.80000000 1.40000000 4.49398688E+002
5.80000000 1.50000000 4.13752733E+002
5.80000000 1.60000000 3.78106778E+002
5.80000000 1.70000000 3.42460824E+002
5.80000000 1.80000000 3.13569867E+002
5.80000000 1.90000000 2.85804743E+002
5.80000000 2.00000000 2.58039619E+002
5.80000000 2.10000000 2.32166936E+002
5.80000000 2.20000000 2.11025354E+002
5.80000000 2.30000000 1.89883772E+002
5.80000000 2.40000000 1.68742191E+002
5.80000000 2.50000000 1.51511740E+002
5.80000000 2.60000000 1.35845741E+002
5.80000000 2.70000000 1.20179743E+002
5.80000000 2.80000000 1.05147595E+002
5.80000000 2.90000000 9.39185496E+001
5.80000000 3.00000000 8.26895044E+001
5.80000000 3.10000000 7.14604592E+001
5.80000000 3.20000000 6.22357872E+001
5.80000000 3.30000000 5.45143950E+001
5.80000000 3.40000000 4.67930029E+001
5.80000000 3.50000000 3.90716108E+001
5.80000000 3.60000000 3.40379009E+001
5.80000000 3.70000000 2.90041910E+001
5.80000000 3.80000000 2.39704810E+001
5.80000000 3.90000000 1.97840743E+001
5.80000000 4.00000000 1.67274052E+001
5.80000000 4.10000000 1.36707362E+001
5.80000000 4.20000000 1.06140671E+001
5.80000000 4.30000000 8.73659413E+000
5.80000000 4.40000000 7.05565389E+000
5.80000000 4.50000000 5.37471366E+000
5.80000000 4.60000000 3.94627239E+000
5.80000000 4.70000000 3.14907851E+000
5.80000000 4.80000000 2.35188463E+000
5.80000000 4.90000000 1.55469075E+000
5.80000000 5.00000000 1.11542066E+000
5.80000000 5.10000000 8.19320075E-001
5.80000000 5.20000000 5.23219492E-001
5.80000000 5.30000000 2.59657434E-001
5.80000000 5.40000000 1.91326531E-001
5.80000000 5.50000000 1.22995627E-001
5.80000000 5.60000000 5.46647230E-002
5.80000000 5.70000000 2.27769679E-002
5.80000000 5.80000000 1.82215743E-002
5.80000000 5.90000000 1.36661808E-002
5.80000000 6.00000000 9.11078717E-003
5.80000000 6.10000000 1.36661808E-002
5.80000000 6.20000000 1.82215743E-002
5.80000000 6.30000000 2.27769679E-002
5.80000000 6.40000000 5.46647230E-002
5.80000000 6.50000000 1.22995627E-001
5.80000000 6.60000000 1.91326531E-001
5.80000000 6.70000000 2.59657434E-001
5.80000000 6.80000000 5.23219492E-001
5.80000000 6.90000000 8.19320075E-001
5.80000000 7.00000000 1.11542066E+000
5.80000000 7.10000000 1.55469075E+000
5.80000000 7.20000000 2.35188463E+000
5.80000000 7.30000000 3.14907851E+000
5.80000000 7.40000000 3.94627239E+000
5.80000000 7.50000000 5.37471366E+000
5.80000000 7.60000000 7.05565389E+000
5.80000000 7.70000000 8.73659413E+000
5.80000000 7.80000000 1.06140671E+001
5.80000000 7.90000000 1.36707362E+001
5.80000000 8.00000000 1.67274052E+001
5.80000000 8.10000000 1.97840743E+001
5.80000000 8.20000000 2.39704810E+001
5.80000000 8.30000000 2.90041910E+001
5.80000000 8.40000000 3.40379009E+001
5.80000000 8.50000000 3.90716108E+001
5.80000000 8.60000000 4.67930029E+001
5.80000000 8.70000000 5.45143950E+001
5.80000000 8.80000000 6.22357872E+001
5.80000000 8.90000000 7.14604592E+001
5.80000000 9.00000000 8.26895044E+001
5.80000000 9.10000000 9.39185496E+001
5.80000000 9.20000000 1.05147595E+002
5.80000000 9.30000000 1.20179743E+002
5.80000000 9.40000000 1.35845741E+002
5.80000000 9.50000000 1.51511740E+002
5.80000000 9.60000000 1.68742191E+002
5.80000000 9.70000000 1.89883772E+002
5.80000000 9.80000000 2.11025354E+002
5.80000000 9.90000000 2.32166936E+002
5.80000000 10.00000000 2.58039619E+002
5.80000000 10.10000000 2.85804743E+002
5.80000000 10.20000000 3.13569867E+002
5.80000000 10.30000000 3.42460824E+002
5.80000000 10.40000000 3.78106778E+002
5.80000000 10.50000000 4.13752733E+002
5.80000000 10.60000000 4.49398688E+002
5.80000000 10.70000000 4.90328899E+002
5.80000000 10.80000000 5.35222303E+002
5.80000000 10.90000000 5.80115707E+002
5.80000000 11.00000000 6.25009111E+002
5.90000000 1.00000000 6.25004555E+002
5.90000000 1.10000000 5.80111152E+002
5.90000000 1.20000000 5.35217748E+002
5.90000000 1.30000000 4.90324344E+002
5.90000000 1.40000000 4.49394133E+002
5.90000000 1.50000000 4.13748178E+002
5.90000000 1.60000000 3.78102223E+002
5.90000000 1.70000000 3.42456268E+002
5.90000000 1.80000000 3.13565311E+002
5.90000000 1.90000000 2.85800187E+002
5.90000000 2.00000000 2.58035064E+002
5.90000000 2.10000000 2.32162380E+002
5.90000000 2.20000000 2.11020799E+002
5.90000000 2.30000000 1.89879217E+002
5.90000000 2.40000000 1.68737635E+002
5.90000000 2.50000000 1.51507185E+002
5.90000000 2.60000000 1.35841186E+002
5.90000000 2.70000000 1.20175187E+002
5.90000000 2.80000000 1.05143039E+002
5.90000000 2.90000000 9.39139942E+001
5.90000000 3.00000000 8.26849490E+001
5.90000000 3.10000000 7.14559038E+001
5.90000000 3.20000000 6.22312318E+001
5.90000000 3.30000000 5.45098397E+001
5.90000000 3.40000000 4.67884475E+001
5.90000000 3.50000000 3.90670554E+001
5.90000000 3.60000000 3.40333455E+001
5.90000000 3.70000000 2.89996356E+001
5.90000000 3.80000000 2.39659257E+001
5.90000000 3.90000000 1.97795190E+001
5.90000000 4.00000000 1.67228499E+001
5.90000000 4.10000000 1.36661808E+001
5.90000000 4.20000000 1.06095117E+001
5.90000000 4.30000000 8.73203873E+000
5.90000000 4.40000000 7.05109850E+000
5.90000000 4.50000000 5.37015827E+000
5.90000000 4.60000000 3.94171699E+000
5.90000000 4.70000000 3.14452312E+000
5.90000000 4.80000000 2.34732924E+000
5.90000000 4.90000000 1.55013536E+000
5.90000000 5.00000000 1.11086526E+000
5.90000000 5.10000000 8.14764681E-001
5.90000000 5.20000000 5.18664098E-001
5.90000000 5.30000000 2.55102041E-001
5.90000000 5.40000000 1.86771137E-001
5.90000000 5.50000000 1.18440233E-001
5.90000000 5.60000000 5.01093294E-002
5.90000000 5.70000000 1.82215743E-002
5.90000000 5.80000000 1.36661808E-002
5.90000000 5.90000000 9.11078717E-003
5.90000000 6.00000000 4.55539359E-003
5.90000000 6.10000000 9.11078717E-003
5.90000000 6.20000000 1.36661808E-002
5.90000000 6.30000000 1.82215743E-002
5.90000000 6.40000000 5.01093294E-002
5.90000000 6.50000000 1.18440233E-001
5.90000000 6.60000000 1.86771137E-001
5.90000000 6.70000000 2.55102041E-001
5.90000000 6.80000000 5.18664098E-001
5.90000000 6.90000000 8.14764681E-001
5.90000000 7.00000000 1.11086526E+000
5.90000000 7.10000000 1.55013536E+000
5.90000000 7.20000000 2.34732924E+000
5.90000000 7.30000000 3.14452312E+000
5.90000000 7.40000000 3.94171699E+000
5.90000000 7.50000000 5.37015827E+000
5.90000000 7.60000000 7.05109850E+000
5.90000000 7.70000000 8.73203873E+000
5.90000000 7.80000000 1.06095117E+001
5.90000000 7.90000000 1.36661808E+001
5.90000000 8.00000000 1.67228499E+001
5.90000000 8.10000000 1.97795190E+001
5.90000000 8.20000000 2.39659257E+001
5.90000000 8.30000000 2.89996356E+001
5.90000000 8.40000000 3.40333455E+001
5.90000000 8.50000000 3.90670554E+001
5.90000000 8.60000000 4.67884475E+001
5.90000000 8.70000000 5.45098397E+001
5.90000000 8.80000000 6.22312318E+001
5.90000000 8.90000000 7.14559038E+001
5.90000000 9.00000000 8.26849490E+001
5.90000000 9.10000000 9.39139942E+001
5.90000000 9.20000000 1.05143039E+002
5.90000000 9.30000000 1.20175187E+002
5.90000000 9.40000000 1.35841186E+002
5.90000000 9.50000000 1.51507185E+002
5.90000000 9.60000000 1.68737635E+002
5.90000000 9.70000000 1.89879217E+002
5.90000000 9.80000000 2.11020799E+002
5.90000000 9.90000000 2.32162380E+002
5.90000000 10.00000000 2.58035064E+002
5.90000000 10.10000000 2.85800187E+002
5.90000000 10.20000000 3.13565311E+002
5.90000000 10.30000000 3.42456268E+002
5.90000000 10.40000000 3.78102223E+002
5.90000000 10.50000000 4.13748178E+002
5.90000000 10.60000000 4.49394133E+002
5.90000000 10.70000000 4.90324344E+002
5.90000000 10.80000000 5.35217748E+002
5.90000000 10.90000000 5.80111152E+002
5.90000000 11.00000000 6.25004555E+002
6.00000000 1.00000000 6.25000000E+002
6.00000000 1.10000000 5.80106596E+002
6.00000000 1.20000000 5.35213192E+002
6.00000000 1.30000000 4.90319789E+002
6.00000000 1.40000000 4.49389577E+002
6.00000000 1.50000000 4.13743622E+002
6.00000000 1.60000000 3.78097668E+002
6.00000000 1.70000000 3.42451713E+002
6.00000000 1.80000000 3.13560756E+002
6.00000000 1.90000000 2.85795632E+002
6.00000000 2.00000000 2.58030508E+002
6.00000000 2.10000000 2.32157825E+002
6.00000000 2.20000000 2.11016243E+002
6.00000000 2.30000000 1.89874662E+002
6.00000000 2.40000000 1.68733080E+002
6.00000000 2.50000000 1.51502629E+002
6.00000000 2.60000000 1.35836631E+002
6.00000000 2.70000000 1.20170632E+002
6.00000000 2.80000000 1.05138484E+002
6.00000000 2.90000000 9.39094388E+001
6.00000000 3.00000000 8.26803936E+001
6.00000000 3.10000000 7.14513484E+001
6.00000000 3.20000000 6.22266764E+001
6.00000000 3.30000000 5.45052843E+001
6.00000000 3.40000000 4.67838921E+001
6.00000000 3.50000000 3.90625000E+001
6.00000000 3.60000000 3.40287901E+001
6.00000000 3.70000000 2.89950802E+001
6.00000000 3.80000000 2.39613703E+001
6.00000000 3.90000000 1.97749636E+001
6.00000000 4.00000000 1.67182945E+001
6.00000000 4.10000000 1.36616254E+001
6.00000000 4.20000000 1.06049563E+001
6.00000000 4.30000000 8.72748334E+000
6.00000000 4.40000000 7.04654311E+000
6.00000000 4.50000000 5.36560287E+000
6.00000000 4.60000000 3.93716160E+000
6.00000000 4.70000000 3.13996772E+000
6.00000000 4.80000000 2.34277384E+000
6.00000000 4.90000000 1.54557997E+000
6.00000000 5.00000000 1.10630987E+000
6.00000000 5.10000000 8.10209288E-001
6.00000000 5.20000000 5.14108705E-001
6.00000000 5.30000000 2.50546647E-001
6.00000000 5.40000000 1.82215743E-001
6.00000000 5.50000000 1.13884840E-001
6.00000000 5.60000000 4.55539359E-002
6.00000000 5.70000000 1.36661808E-002
6.00000000 5.80000000 9.11078717E-003
6.00000000 5.90000000 4.55539359E-003
6.00000000 6.00000000 0.00000000E+000
6.00000000 6.10000000 4.55539359E-003
6.00000000 6.20000000 9.11078717E-003
6.00000000 6.30000000 1.36661808E-002
6.00000000 6.40000000 4.55539359E-002
6.00000000 6.50000000 1.13884840E-001
6.00000000 6.60000000 1.82215743E-001
6.00000000 6.70000000 2.50546647E-001
6.00000000 6.80000000 5.14108705E-001
6.00000000 6.90000000 8.10209288E-001
6.00000000 7.00000000 1.10630987E+000
6.00000000 7.10000000 1.54557997E+000
6.00000000 7.20000000 2.34277384E+000
6.00000000 7.30000000 3.13996772E+000
6.00000000 7.40000000 3.93716160E+000
6.00000000 7.50000000 5.36560287E+000
6.00000000 7.60000000 7.04654311E+000
6.00000000 7.70000000 8.72748334E+000
6.00000000 7.80000000 1.06049563E+001
6.00000000 7.90000000 1.36616254E+001
6.00000000 8.00000000 1.67182945E+001
6.00000000 8.10000000 1.97749636E+001
6.00000000 8.20000000 2.39613703E+001
6.00000000 8.30000000 2.89950802E+001
6.00000000 8.40000000 3.40287901E+001
6.00000000 8.50000000 3.90625000E+001
6.00000000 8.60000000 4.67838921E+001
6.00000000 8.70000000 5.45052843E+001
6.00000000 8.80000000 6.22266764E+001
6.00000000 8.90000000 7.14513484E+001
6.00000000 9.00000000 8.26803936E+001
6.00000000 9.10000000 9.39094388E+001
6.00000000 9.20000000 1.05138484E+002
6.00000000 9.30000000 1.20170632E+002
6.00000000 9.40000000 1.35836631E+002
6.00000000 9.50000000 1.51502629E+002
6.00000000 9.60000000 1.68733080E+002
6.00000000 9.70000000 1.89874662E+002
6.00000000 9.80000000 2.11016243E+002
6.00000000 9.90000000 2.32157825E+002
6.00000000 10.00000000 2.58030508E+002
6.00000000 10.10000000 2.85795632E+002
6.00000000 10.20000000 3.13560756E+002
6.00000000 10.30000000 3.42451713E+002
6.00000000 10.40000000 3.78097668E+002
6.00000000 10.50000000 4.13743622E+002
6.00000000 10.60000000 4.49389577E+002
6.00000000 10.70000000 4.90319789E+002
6.00000000 10.80000000 5.35213192E+002
6.00000000 10.90000000 5.80106596E+002
6.00000000 11.00000000 6.25000000E+002
6.10000000 1.00000000 6.25004555E+002
6.10000000 1.10000000 5.80111152E+002
6.10000000 1.20000000 5.35217748E+002
6.10000000 1.30000000 4.90324344E+002
6.10000000 1.40000000 4.49394133E+002
6.10000000 1.50000000 4.13748178E+002
6.10000000 1.60000000 3.78102223E+002
6.10000000 1.70000000 3.42456268E+002
6.10000000 1.80000000 3.13565311E+002
6.10000000 1.90000000 2.85800187E+002
6.10000000 2.00000000 2.58035064E+002
6.10000000 2.10000000 2.32162380E+002
6.10000000 2.20000000 2.11020799E+002
6.10000000 2.30000000 1.89879217E+002
6.10000000 2.40000000 1.68737635E+002
6.10000000 2.50000000 1.51507185E+002
6.10000000 2.60000000 1.35841186E+002
6.10000000 2.70000000 1.20175187E+002
6.10000000 2.80000000 1.05143039E+002
6.10000000 2.90000000 9.39139942E+001
6.10000000 3.00000000 8.26849490E+001
6.10000000 3.10000000 7.14559038E+001
6.10000000 3.20000000 6.22312318E+001
6.10000000 3.30000000 5.45098397E+001
6.10000000 3.40000000 4.67884475E+001
6.10000000 3.50000000 3.90670554E+001
6.10000000 3.60000000 3.40333455E+001
6.10000000 3.70000000 2.89996356E+001
6.10000000 3.80000000 2.39659257E+001
6.10000000 3.90000000 1.97795190E+001
6.10000000 4.00000000 1.67228499E+001
6.10000000 4.10000000 1.36661808E+001
6.10000000 4.20000000 1.06095117E+001
6.10000000 4.30000000 8.73203873E+000
6.10000000 4.40000000 7.05109850E+000
6.10000000 4.50000000 5.37015827E+000
6.10000000 4.60000000 3.94171699E+000
6.10000000 4.70000000 3.14452312E+000
6.10000000 4.80000000 2.34732924E+000
6.10000000 4.90000000 1.55013536E+000
6.10000000 5.00000000 1.11086526E+000
6.10000000 5.10000000 8.14764681E-001
6.10000000 5.20000000 5.18664098E-001
6.10000000 5.30000000 2.55102041E-001
6.10000000 5.40000000 1.86771137E-001
6.10000000 5.50000000 1.18440233E-001
6.10000000 5.60000000 5.01093294E-002
6.10000000 5.70000000 1.82215743E-002
6.10000000 5.80000000 1.36661808E-002
6.10000000 5.90000000 9.11078717E-003
6.10000000 6.00000000 4.55539359E-003
6.10000000 6.10000000 9.11078717E-003
6.10000000 6.20000000 1.36661808E-002
6.10000000 6.30000000 1.82215743E-002
6.10000000 6.40000000 5.01093294E-002
6.10000000 6.50000000 1.18440233E-001
6.10000000 6.60000000 1.86771137E-001
6.10000000 6.70000000 2.55102041E-001
6.10000000 6.80000000 5.18664098E-001
6.10000000 6.90000000 8.14764681E-001
6.10000000 7.00000000 1.11086526E+000
6.10000000 7.10000000 1.55013536E+000
6.10000000 7.20000000 2.34732924E+000
6.10000000 7.30000000 3.14452312E+000
6.10000000 7.40000000 3.94171699E+000
6.10000000 7.50000000 5.37015827E+000
6.10000000 7.60000000 7.05109850E+000
6.10000000 7.70000000 8.73203873E+000
6.10000000 7.80000000 1.06095117E+001
6.10000000 7.90000000 1.36661808E+001
6.10000000 8.00000000 1.67228499E+001
6.10000000 8.10000000 1.97795190E+001
6.10000000 8.20000000 2.39659257E+001
6.10000000 8.30000000 2.89996356E+001
6.10000000 8.40000000 3.40333455E+001
6.10000000 8.50000000 3.90670554E+001
6.10000000 8.60000000 4.67884475E+001
6.10000000 8.70000000 5.45098397E+001
6.10000000 8.80000000 6.22312318E+001
6.10000000 8.90000000 7.14559038E+001
6.10000000 9.00000000 8.26849490E+001
6.10000000 9.10000000 9.39139942E+001
6.10000000 9.20000000 1.05143039E+002
6.10000000 9.30000000 1.20175187E+002
6.10000000 9.40000000 1.35841186E+002
6.10000000 9.50000000 1.51507185E+002
6.10000000 9.60000000 1.68737635E+002
6.10000000 9.70000000 1.89879217E+002
6.10000000 9.80000000 2.11020799E+002
6.10000000 9.90000000 2.32162380E+002
6.10000000 10.00000000 2.58035064E+002
6.10000000 10.10000000 2.85800187E+002
6.10000000 10.20000000 3.13565311E+002
6.10000000 10.30000000 3.42456268E+002
6.10000000 10.40000000 3.78102223E+002
6.10000000 10.50000000 4.13748178E+002
6.10000000 10.60000000 4.49394133E+002
6.10000000 10.70000000 4.90324344E+002
6.10000000 10.80000000 5.35217748E+002
6.10000000 10.90000000 5.80111152E+002
6.10000000 11.00000000 6.25004555E+002
6.20000000 1.00000000 6.25009111E+002
6.20000000 1.10000000 5.80115707E+002
6.20000000 1.20000000 5.35222303E+002
6.20000000 1.30000000 4.90328899E+002
6.20000000 1.40000000 4.49398688E+002
6.20000000 1.50000000 4.13752733E+002
6.20000000 1.60000000 3.78106778E+002
6.20000000 1.70000000 3.42460824E+002
6.20000000 1.80000000 3.13569867E+002
6.20000000 1.90000000 2.85804743E+002
6.20000000 2.00000000 2.58039619E+002
6.20000000 2.10000000 2.32166936E+002
6.20000000 2.20000000 2.11025354E+002
6.20000000 2.30000000 1.89883772E+002
6.20000000 2.40000000 1.68742191E+002
6.20000000 2.50000000 1.51511740E+002
6.20000000 2.60000000 1.35845741E+002
6.20000000 2.70000000 1.20179743E+002
6.20000000 2.80000000 1.05147595E+002
6.20000000 2.90000000 9.39185496E+001
6.20000000 3.00000000 8.26895044E+001
6.20000000 3.10000000 7.14604592E+001
6.20000000 3.20000000 6.22357872E+001
6.20000000 3.30000000 5.45143950E+001
6.20000000 3.40000000 4.67930029E+001
6.20000000 3.50000000 3.90716108E+001
6.20000000 3.60000000 3.40379009E+001
6.20000000 3.70000000 2.90041910E+001
6.20000000 3.80000000 2.39704810E+001
6.20000000 3.90000000 1.97840743E+001
6.20000000 4.00000000 1.67274052E+001
6.20000000 4.10000000 1.36707362E+001
6.20000000 4.20000000 1.06140671E+001
6.20000000 4.30000000 8.73659413E+000
6.20000000 4.40000000 7.05565389E+000
6.20000000 4.50000000 5.37471366E+000
6.20000000 4.60000000 3.94627239E+000
6.20000000 4.70000000 3.14907851E+000
6.20000000 4.80000000 2.35188463E+000
6.20000000 4.90000000 1.55469075E+000
6.20000000 5.00000000 1.11542066E+000
6.20000000 5.10000000 8.19320075E-001
6.20000000 5.20000000 5.23219492E-001
6.20000000 5.30000000 2.59657434E-001
6.20000000 5.40000000 1.91326531E-001
6.20000000 5.50000000 1.22995627E-001
6.20000000 5.60000000 5.46647230E-002
6.20000000 5.70000000 2.27769679E-002
6.20000000 5.80000000 1.82215743E-002
6.20000000 5.90000000 1.36661808E-002
6.20000000 6.00000000 9.11078717E-003
6.20000000 6.10000000 1.36661808E-002
6.20000000 6.20000000 1.82215743E-002
6.20000000 6.30000000 2.27769679E-002
6.20000000 6.40000000 5.46647230E-002
6.20000000 6.50000000 1.22995627E-001
6.20000000 6.60000000 1.91326531E-001
6.20000000 6.70000000 2.59657434E-001
6.20000000 6.80000000 5.23219492E-001
6.20000000 6.90000000 8.19320075E-001
6.20000000 7.00000000 1.11542066E+000
6.20000000 7.10000000 1.55469075E+000
6.20000000 7.20000000 2.35188463E+000
6.20000000 7.30000000 3.14907851E+000
6.20000000 7.40000000 3.94627239E+000
6.20000000 7.50000000 5.37471366E+000
6.20000000 7.60000000 7.05565389E+000
6.20000000 7.70000000 8.73659413E+000
6.20000000 7.80000000 1.06140671E+001
6.20000000 7.90000000 1.36707362E+001
6.20000000 8.00000000 1.67274052E+001
6.20000000 8.10000000 1.97840743E+001
6.20000000 8.20000000 2.39704810E+001
6.20000000 8.30000000 2.90041910E+001
6.20000000 8.40000000 3.40379009E+001
6.20000000 8.50000000 3.90716108E+001
6.20000000 8.60000000 4.67930029E+001
6.20000000 8.70000000 5.45143950E+001
6.20000000 8.80000000 6.22357872E+001
6.20000000 8.90000000 7.14604592E+001
6.20000000 9.00000000 8.26895044E+001
6.20000000 9.10000000 9.39185496E+001
6.20000000 9.20000000 1.05147595E+002
6.20000000 9.30000000 1.20179743E+002
6.20000000 9.40000000 1.35845741E+002
6.20000000 9.50000000 1.51511740E+002
6.20000000 9.60000000 1.68742191E+002
6.20000000 9.70000000 1.89883772E+002
6.20000000 9.80000000 2.11025354E+002
6.20000000 9.90000000 2.32166936E+002
6.20000000 10.00000000 2.58039619E+002
6.20000000 10.10000000 2.85804743E+002
6.20000000 10.20000000 3.13569867E+002
6.20000000 10.30000000 3.42460824E+002
6.20000000 10.40000000 3.78106778E+002
6.20000000 10.50000000 4.13752733E+002
6.20000000 10.60000000 4.49398688E+002
6.20000000 10.70000000 4.90328899E+002
6.20000000 10.80000000 5.35222303E+002
6.20000000 10.90000000 5.80115707E+002
6.20000000 11.00000000 6.25009111E+002
6.30000000 1.00000000 6.25013666E+002
6.30000000 1.10000000 5.80120262E+002
6.30000000 1.20000000 5.35226859E+002
6.30000000 1.30000000 4.90333455E+002
6.30000000 1.40000000 4.49403243E+002
6.30000000 1.50000000 4.13757289E+002
6.30000000 1.60000000 3.78111334E+002
6.30000000 1.70000000 3.42465379E+002
6.30000000 1.80000000 3.13574422E+002
6.30000000 1.90000000 2.85809298E+002
6.30000000 2.00000000 2.58044174E+002
6.30000000 2.10000000 2.32171491E+002
6.30000000 2.20000000 2.11029909E+002
6.30000000 2.30000000 1.89888328E+002
6.30000000 2.40000000 1.68746746E+002
6.30000000 2.50000000 1.51516295E+002
6.30000000 2.60000000 1.35850297E+002
6.30000000 2.70000000 1.20184298E+002
6.30000000 2.80000000 1.05152150E+002
6.30000000 2.90000000 9.39231050E+001
6.30000000 3.00000000 8.26940598E+001
6.30000000 3.10000000 7.14650146E+001
6.30000000 3.20000000 6.22403426E+001
6.30000000 3.30000000 5.45189504E+001
6.30000000 3.40000000 4.67975583E+001
6.30000000 3.50000000 3.90761662E+001
6.30000000 3.60000000 3.40424563E+001
6.30000000 3.70000000 2.90087464E+001
6.30000000 3.80000000 2.39750364E+001
6.30000000 3.90000000 1.97886297E+001
6.30000000 4.00000000 1.67319606E+001
6.30000000 4.10000000 1.36752915E+001
6.30000000 4.20000000 1.06186224E+001
6.30000000 4.30000000 8.74114952E+000
6.30000000 4.40000000 7.06020929E+000
6.30000000 4.50000000 5.37926905E+000
6.30000000 4.60000000 3.95082778E+000
6.30000000 4.70000000 3.15363390E+000
6.30000000 4.80000000 2.35644002E+000
6.30000000 4.90000000 1.55924615E+000
6.30000000 5.00000000 1.11997605E+000
6.30000000 5.10000000 8.23875469E-001
6.30000000 5.20000000 5.27774885E-001
6.30000000 5.30000000 2.64212828E-001
6.30000000 5.40000000 1.95881924E-001
6.30000000 5.50000000 1.27551020E-001
6.30000000 5.60000000 5.92201166E-002
6.30000000 5.70000000 2.73323615E-002
6.30000000 5.80000000 2.27769679E-002
6.30000000 5.90000000 1.82215743E-002
6.30000000 6.00000000 1.36661808E-002
6.30000000 6.10000000 1.82215743E-002
6.30000000 6.20000000 2.27769679E-002
6.30000000 6.30000000 2.73323615E-002
6.30000000 6.40000000 5.92201166E-002
6.30000000 6.50000000 1.27551020E-001
6.30000000 6.60000000 1.95881924E-001
6.30000000 6.70000000 2.64212828E-001
6.30000000 6.80000000 5.27774885E-001
6.30000000 6.90000000 8.23875469E-001
6.30000000 7.00000000 1.11997605E+000
6.30000000 7.10000000 1.55924615E+000
6.30000000 7.20000000 2.35644002E+000
6.30000000 7.30000000 3.15363390E+000
6.30000000 7.40000000 3.95082778E+000
6.30000000 7.50000000 5.37926905E+000
6.30000000 7.60000000 7.06020929E+000
6.30000000 7.70000000 8.74114952E+000
6.30000000 7.80000000 1.06186224E+001
6.30000000 7.90000000 1.36752915E+001
6.30000000 8.00000000 1.67319606E+001
6.30000000 8.10000000 1.97886297E+001
6.30000000 8.20000000 2.39750364E+001
6.30000000 8.30000000 2.90087464E+001
6.30000000 8.40000000 3.40424563E+001
6.30000000 8.50000000 3.90761662E+001
6.30000000 8.60000000 4.67975583E+001
6.30000000 8.70000000 5.45189504E+001
6.30000000 8.80000000 6.22403426E+001
6.30000000 8.90000000 7.14650146E+001
6.30000000 9.00000000 8.26940598E+001
6.30000000 9.10000000 9.39231050E+001
6.30000000 9.20000000 1.05152150E+002
6.30000000 9.30000000 1.20184298E+002
6.30000000 9.40000000 1.35850297E+002
6.30000000 9.50000000 1.51516295E+002
6.30000000 9.60000000 1.68746746E+002
6.30000000 9.70000000 1.89888328E+002
6.30000000 9.80000000 2.11029909E+002
6.30000000 9.90000000 2.32171491E+002
6.30000000 10.00000000 2.58044174E+002
6.30000000 10.10000000 2.85809298E+002
6.30000000 10.20000000 3.13574422E+002
6.30000000 10.30000000 3.42465379E+002
6.30000000 10.40000000 3.78111334E+002
6.30000000 10.50000000 4.13757289E+002
6.30000000 10.60000000 4.49403243E+002
6.30000000 10.70000000 4.90333455E+002
6.30000000 10.80000000 5.35226859E+002
6.30000000 10.90000000 5.80120262E+002
6.30000000 11.00000000 6.25013666E+002
6.40000000 1.00000000 6.25045554E+002
6.40000000 1.10000000 5.80152150E+002
6.40000000 1.20000000 5.35258746E+002
6.40000000 1.30000000 4.90365343E+002
6.40000000 1.40000000 4.49435131E+002
6.40000000 1.50000000 4.13789176E+002
6.40000000 1.60000000 3.78143222E+002
6.40000000 1.70000000 3.42497267E+002
6.40000000 1.80000000 3.13606310E+002
6.40000000 1.90000000 2.85841186E+002
6.40000000 2.00000000 2.58076062E+002
6.40000000 2.10000000 2.32203379E+002
6.40000000 2.20000000 2.11061797E+002
6.40000000 2.30000000 1.89920216E+002
6.40000000 2.40000000 1.68778634E+002
6.40000000 2.50000000 1.51548183E+002
6.40000000 2.60000000 1.35882185E+002
6.40000000 2.70000000 1.20216186E+002
6.40000000 2.80000000 1.05184038E+002
6.40000000 2.90000000 9.39549927E+001
6.40000000 3.00000000 8.27259475E+001
6.40000000 3.10000000 7.14969023E+001
6.40000000 3.20000000 6.22722303E+001
6.40000000 3.30000000 5.45508382E+001
6.40000000 3.40000000 4.68294461E+001
6.40000000 3.50000000 3.91080539E+001
6.40000000 3.60000000 3.40743440E+001
6.40000000 3.70000000 2.90406341E+001
6.40000000 3.80000000 2.40069242E+001
6.40000000 3.90000000 1.98205175E+001
6.40000000 4.00000000 1.67638484E+001
6.40000000 4.10000000 1.37071793E+001
6.40000000 4.20000000 1.06505102E+001
6.40000000 4.30000000 8.77303728E+000
6.40000000 4.40000000 7.09209704E+000
6.40000000 4.50000000 5.41115681E+000
6.40000000 4.60000000 3.98271554E+000
6.40000000 4.70000000 3.18552166E+000
6.40000000 4.80000000 2.38832778E+000
6.40000000 4.90000000 1.59113390E+000
6.40000000 5.00000000 1.15186381E+000
6.40000000 5.10000000 8.55763224E-001
6.40000000 5.20000000 5.59662641E-001
6.40000000 5.30000000 2.96100583E-001
6.40000000 5.40000000 2.27769679E-001
6.40000000 5.50000000 1.59438776E-001
6.40000000 5.60000000 9.11078717E-002
6.40000000 5.70000000 5.92201166E-002
6.40000000 5.80000000 5.46647230E-002
6.40000000 5.90000000 5.01093294E-002
6.40000000 6.00000000 4.55539359E-002
6.40000000 6.10000000 5.01093294E-002
6.40000000 6.20000000 5.46647230E-002
6.40000000 6.30000000 5.92201166E-002
6.40000000 6.40000000 9.11078717E-002
6.40000000 6.50000000 1.59438776E-001
6.40000000 6.60000000 2.27769679E-001
6.40000000 6.70000000 2.96100583E-001
6.40000000 6.80000000 5.59662641E-001
6.40000000 6.90000000 8.55763224E-001
6.40000000 7.00000000 1.15186381E+000
6.40000000 7.10000000 1.59113390E+000
6.40000000 7.20000000 2.38832778E+000
6.40000000 7.30000000 3.18552166E+000
6.40000000 7.40000000 3.98271554E+000
6.40000000 7.50000000 5.41115681E+000
6.40000000 7.60000000 7.09209704E+000
6.40000000 7.70000000 8.77303728E+000
6.40000000 7.80000000 1.06505102E+001
6.40000000 7.90000000 1.37071793E+001
6.40000000 8.00000000 1.67638484E+001
6.40000000 8.10000000 1.98205175E+001
6.40000000 8.20000000 2.40069242E+001
6.40000000 8.30000000 2.90406341E+001
6.40000000 8.40000000 3.40743440E+001
6.40000000 8.50000000 3.91080539E+001
6.40000000 8.60000000 4.68294461E+001
6.40000000 8.70000000 5.45508382E+001
6.40000000 8.80000000 6.22722303E+001
6.40000000 8.90000000 7.14969023E+001
6.40000000 9.00000000 8.27259475E+001
6.40000000 9.10000000 9.39549927E+001
6.40000000 9.20000000 1.05184038E+002
6.40000000 9.30000000 1.20216186E+002
6.40000000 9.40000000 1.35882185E+002
6.40000000 9.50000000 1.51548183E+002
6.40000000 9.60000000 1.68778634E+002
6.40000000 9.70000000 1.89920216E+002
6.40000000 9.80000000 2.11061797E+002
6.40000000 9.90000000 2.32203379E+002
6.40000000 10.00000000 2.58076062E+002
6.40000000 10.10000000 2.85841186E+002
6.40000000 10.20000000 3.13606310E+002
6.40000000 10.30000000 3.42497267E+002
6.40000000 10.40000000 3.78143222E+002
6.40000000 10.50000000 4.13789176E+002
6.40000000 10.60000000 4.49435131E+002
6.40000000 10.70000000 4.90365343E+002
6.40000000 10.80000000 5.35258746E+002
6.40000000 10.90000000 5.80152150E+002
6.40000000 11.00000000 6.25045554E+002
6.50000000 1.00000000 6.25113885E+002
6.50000000 1.10000000 5.80220481E+002
6.50000000 1.20000000 5.35327077E+002
6.50000000 1.30000000 4.90433673E+002
6.50000000 1.40000000 4.49503462E+002
6.50000000 1.50000000 4.13857507E+002
6.50000000 1.60000000 3.78211552E+002
6.50000000 1.70000000 3.42565598E+002
6.50000000 1.80000000 3.13674641E+002
6.50000000 1.90000000 2.85909517E+002
6.50000000 2.00000000 2.58144393E+002
6.50000000 2.10000000 2.32271710E+002
6.50000000 2.20000000 2.11130128E+002
6.50000000 2.30000000 1.89988546E+002
6.50000000 2.40000000 1.68846965E+002
6.50000000 2.50000000 1.51616514E+002
6.50000000 2.60000000 1.35950515E+002
6.50000000 2.70000000 1.20284517E+002
6.50000000 2.80000000 1.05252369E+002
6.50000000 2.90000000 9.40233236E+001
6.50000000 3.00000000 8.27942784E+001
6.50000000 3.10000000 7.15652332E+001
6.50000000 3.20000000 6.23405612E+001
6.50000000 3.30000000 5.46191691E+001
6.50000000 3.40000000 4.68977770E+001
6.50000000 3.50000000 3.91763848E+001
6.50000000 3.60000000 3.41426749E+001
6.50000000 3.70000000 2.91089650E+001
6.50000000 3.80000000 2.40752551E+001
6.50000000 3.90000000 1.98888484E+001
6.50000000 4.00000000 1.68321793E+001
6.50000000 4.10000000 1.37755102E+001
6.50000000 4.20000000 1.07188411E+001
6.50000000 4.30000000 8.84136818E+000
6.50000000 4.40000000 7.16042795E+000
6.50000000 4.50000000 5.47948771E+000
6.50000000 4.60000000 4.05104644E+000
6.50000000 4.70000000 3.25385256E+000
6.50000000 4.80000000 2.45665868E+000
6.50000000 4.90000000 1.65946481E+000
6.50000000 5.00000000 1.22019471E+000
6.50000000 5.10000000 9.24094127E-001
6.50000000 5.20000000 6.27993544E-001
6.50000000 5.30000000 3.64431487E-001
6.50000000 5.40000000 2.96100583E-001
6.50000000 5.50000000 2.27769679E-001
6.50000000 5.60000000 1.59438776E-001
6.50000000 5.70000000 1.27551020E-001
6.50000000 5.80000000 1.22995627E-001
6.50000000 5.90000000 1.18440233E-001
6.50000000 6.00000000 1.13884840E-001
6.50000000 6.10000000 1.18440233E-001
6.50000000 6.20000000 1.22995627E-001
6.50000000 6.30000000 1.27551020E-001
6.50000000 6.40000000 1.59438776E-001
6.50000000 6.50000000 2.27769679E-001
6.50000000 6.60000000 2.96100583E-001
6.50000000 6.70000000 3.64431487E-001
6.50000000 6.80000000 6.27993544E-001
6.50000000 6.90000000 9.24094127E-001
6.50000000 7.00000000 1.22019471E+000
6.50000000 7.10000000 1.65946481E+000
6.50000000 7.20000000 2.45665868E+000
6.50000000 7.30000000 3.25385256E+000
6.50000000 7.40000000 4.05104644E+000
6.50000000 7.50000000 5.47948771E+000
6.50000000 7.60000000 7.16042795E+000
6.50000000 7.70000000 8.84136818E+000
6.50000000 7.80000000 1.07188411E+001
6.50000000 7.90000000 1.37755102E+001
6.50000000 8.00000000 1.68321793E+001
6.50000000 8.10000000 1.98888484E+001
6.50000000 8.20000000 2.40752551E+001
6.50000000 8.30000000 2.91089650E+001
6.50000000 8.40000000 3.41426749E+001
6.50000000 8.50000000 3.91763848E+001
6.50000000 8.60000000 4.68977770E+001
6.50000000 8.70000000 5.46191691E+001
6.50000000 8.80000000 6.23405612E+001
6.50000000 8.90000000 7.15652332E+001
6.50000000 9.00000000 8.27942784E+001
6.50000000 9.10000000 9.40233236E+001
6.50000000 9.20000000 1.05252369E+002
6.50000000 9.30000000 1.20284517E+002
6.50000000 9.40000000 1.35950515E+002
6.50000000 9.50000000 1.51616514E+002
6.50000000 9.60000000 1.68846965E+002
6.50000000 9.70000000 1.89988546E+002
6.50000000 9.80000000 2.11130128E+002
6.50000000 9.90000000 2.32271710E+002
6.50000000 10.00000000 2.58144393E+002
6.50000000 10.10000000 2.85909517E+002
6.50000000 10.20000000 3.13674641E+002
6.50000000 10.30000000 3.42565598E+002
6.50000000 10.40000000 3.78211552E+002
6.50000000 10.50000000 4.13857507E+002
6.50000000 10.60000000 4.49503462E+002
6.50000000 10.70000000 4.90433673E+002
6.50000000 10.80000000 5.35327077E+002
6.50000000 10.90000000 5.80220481E+002
6.50000000 11.00000000 6.25113885E+002
6.60000000 1.00000000 6.25182216E+002
6.60000000 1.10000000 5.80288812E+002
6.60000000 1.20000000 5.35395408E+002
6.60000000 1.30000000 4.90502004E+002
6.60000000 1.40000000 4.49571793E+002
6.60000000 1.50000000 4.13925838E+002
6.60000000 1.60000000 3.78279883E+002
6.60000000 1.70000000 3.42633929E+002
6.60000000 1.80000000 3.13742972E+002
6.60000000 1.90000000 2.85977848E+002
6.60000000 2.00000000 2.58212724E+002
6.60000000 2.10000000 2.32340041E+002
6.60000000 2.20000000 2.11198459E+002
6.60000000 2.30000000 1.90056877E+002
6.60000000 2.40000000 1.68915296E+002
6.60000000 2.50000000 1.51684845E+002
6.60000000 2.60000000 1.36018846E+002
6.60000000 2.70000000 1.20352848E+002
6.60000000 2.80000000 1.05320700E+002
6.60000000 2.90000000 9.40916545E+001
6.60000000 3.00000000 8.28626093E+001
6.60000000 3.10000000 7.16335641E+001
6.60000000 3.20000000 6.24088921E+001
6.60000000 3.30000000 5.46875000E+001
6.60000000 3.40000000 4.69661079E+001
6.60000000 3.50000000 3.92447157E+001
6.60000000 3.60000000 3.42110058E+001
6.60000000 3.70000000 2.91772959E+001
6.60000000 3.80000000 2.41435860E+001
6.60000000 3.90000000 1.99571793E+001
6.60000000 4.00000000 1.69005102E+001
6.60000000 4.10000000 1.38438411E+001
6.60000000 4.20000000 1.07871720E+001
6.60000000 4.30000000 8.90969908E+000
6.60000000 4.40000000 7.22875885E+000
6.60000000 4.50000000 5.54781862E+000
6.60000000 4.60000000 4.11937734E+000
6.60000000 4.70000000 3.32218347E+000
6.60000000 4.80000000 2.52498959E+000
6.60000000 4.90000000 1.72779571E+000
6.60000000 5.00000000 1.28852561E+000
6.60000000 5.10000000 9.92425031E-001
6.60000000 5.20000000 6.96324448E-001
6.60000000 5.30000000 4.32762391E-001
6.60000000 5.40000000 3.64431487E-001
6.60000000 5.50000000 2.96100583E-001
6.60000000 5.60000000 2.27769679E-001
6.60000000 5.70000000 1.95881924E-001
6.60000000 5.80000000 1.91326531E-001
6.60000000 5.90000000 1.86771137E-001
6.60000000 6.00000000 1.82215743E-001
6.60000000 6.10000000 1.86771137E-001
6.60000000 6.20000000 1.91326531E-001
6.60000000 6.30000000 1.95881924E-001
6.60000000 6.40000000 2.27769679E-001
6.60000000 6.50000000 2.96100583E-001
6.60000000 6.60000000 3.64431487E-001
6.60000000 6.70000000 4.32762391E-001
6.60000000 6.80000000 6.96324448E-001
6.60000000 6.90000000 9.92425031E-001
6.60000000 7.00000000 1.28852561E+000
6.60000000 7.10000000 1.72779571E+000
6.60000000 7.20000000 2.52498959E+000
6.60000000 7.30000000 3.32218347E+000
6.60000000 7.40000000 4.11937734E+000
6.60000000 7.50000000 5.54781862E+000
6.60000000 7.60000000 7.22875885E+000
6.60000000 7.70000000 8.90969908E+000
6.60000000 7.80000000 1.07871720E+001
6.60000000 7.90000000 1.38438411E+001
6.60000000 8.00000000 1.69005102E+001
6.60000000 8.10000000 1.99571793E+001
6.60000000 8.20000000 2.41435860E+001
6.60000000 8.30000000 2.91772959E+001
6.60000000 8.40000000 3.42110058E+001
6.60000000 8.50000000 3.92447157E+001
6.60000000 8.60000000 4.69661079E+001
6.60000000 8.70000000 5.46875000E+001
6.60000000 8.80000000 6.24088921E+001
6.60000000 8.90000000 7.16335641E+001
6.60000000 9.00000000 8.28626093E+001
6.60000000 9.10000000 9.40916545E+001
6.60000000 9.20000000 1.05320700E+002
6.60000000 9.30000000 1.20352848E+002
6.60000000 9.40000000 1.36018846E+002
6.60000000 9.50000000 1.51684845E+002
6.60000000 9.60000000 1.68915296E+002
6.60000000 9.70000000 1.90056877E+002
6.60000000 9.80000000 2.11198459E+002
6.60000000 9.90000000 2.32340041E+002
6.60000000 10.00000000 2.58212724E+002
6.60000000 10.10000000 2.85977848E+002
6.60000000 10.20000000 3.13742972E+002
6.60000000 10.30000000 3.42633929E+002
6.60000000 10.40000000 3.78279883E+002
6.60000000 10.50000000 4.13925838E+002
6.60000000 10.60000000 4.49571793E+002
6.60000000 10.70000000 4.90502004E+002
6.60000000 10.80000000 5.35395408E+002
6.60000000 10.90000000 5.80288812E+002
6.60000000 11.00000000 6.25182216E+002
6.70000000 1.00000000 6.25250547E+002
6.70000000 1.10000000 5.80357143E+002
6.70000000 1.20000000 5.35463739E+002
6.70000000 1.30000000 4.90570335E+002
6.70000000 1.40000000 4.49640124E+002
6.70000000 1.50000000 4.13994169E+002
6.70000000 1.60000000 3.78348214E+002
6.70000000 1.70000000 3.42702259E+002
6.70000000 1.80000000 3.13811303E+002
6.70000000 1.90000000 2.86046179E+002
6.70000000 2.00000000 2.58281055E+002
6.70000000 2.10000000 2.32408372E+002
6.70000000 2.20000000 2.11266790E+002
6.70000000 2.30000000 1.90125208E+002
6.70000000 2.40000000 1.68983627E+002
6.70000000 2.50000000 1.51753176E+002
6.70000000 2.60000000 1.36087177E+002
6.70000000 2.70000000 1.20421179E+002
6.70000000 2.80000000 1.05389031E+002
6.70000000 2.90000000 9.41599854E+001
6.70000000 3.00000000 8.29309402E+001
6.70000000 3.10000000 7.17018950E+001
6.70000000 3.20000000 6.24772230E+001
6.70000000 3.30000000 5.47558309E+001
6.70000000 3.40000000 4.70344388E+001
6.70000000 3.50000000 3.93130466E+001
6.70000000 3.60000000 3.42793367E+001
6.70000000 3.70000000 2.92456268E+001
6.70000000 3.80000000 2.42119169E+001
6.70000000 3.90000000 2.00255102E+001
6.70000000 4.00000000 1.69688411E+001
6.70000000 4.10000000 1.39121720E+001
6.70000000 4.20000000 1.08555029E+001
6.70000000 4.30000000 8.97802999E+000
6.70000000 4.40000000 7.29708975E+000
6.70000000 4.50000000 5.61614952E+000
6.70000000 4.60000000 4.18770825E+000
6.70000000 4.70000000 3.39051437E+000
6.70000000 4.80000000 2.59332049E+000
6.70000000 4.90000000 1.79612661E+000
6.70000000 5.00000000 1.35685652E+000
6.70000000 5.10000000 1.06075594E+000
6.70000000 5.20000000 7.64655352E-001
6.70000000 5.30000000 5.01093294E-001
6.70000000 5.40000000 4.32762391E-001
6.70000000 5.50000000 3.64431487E-001
6.70000000 5.60000000 2.96100583E-001
6.70000000 5.70000000 2.64212828E-001
6.70000000 5.80000000 2.59657434E-001
6.70000000 5.90000000 2.55102041E-001
6.70000000 6.00000000 2.50546647E-001
6.70000000 6.10000000 2.55102041E-001
6.70000000 6.20000000 2.59657434E-001
6.70000000 6.30000000 2.64212828E-001
6.70000000 6.40000000 2.96100583E-001
6.70000000 6.50000000 3.64431487E-001
6.70000000 6.60000000 4.32762391E-001
6.70000000 6.70000000 5.01093294E-001
6.70000000 6.80000000 7.64655352E-001
6.70000000 6.90000000 1.06075594E+000
6.70000000 7.00000000 1.35685652E+000
6.70000000 7.10000000 1.79612661E+000
6.70000000 7.20000000 2.59332049E+000
6.70000000 7.30000000 3.39051437E+000
6.70000000 7.40000000 4.18770825E+000
6.70000000 7.50000000 5.61614952E+000
6.70000000 7.60000000 7.29708975E+000
6.70000000 7.70000000 8.97802999E+000
6.70000000 7.80000000 1.08555029E+001
6.70000000 7.90000000 1.39121720E+001
6.70000000 8.00000000 1.69688411E+001
6.70000000 8.10000000 2.00255102E+001
6.70000000 8.20000000 2.42119169E+001
6.70000000 8.30000000 2.92456268E+001
6.70000000 8.40000000 3.42793367E+001
6.70000000 8.50000000 3.93130466E+001
6.70000000 8.60000000 4.70344388E+001
6.70000000 8.70000000 5.47558309E+001
6.70000000 8.80000000 6.24772230E+001
6.70000000 8.90000000 7.17018950E+001
6.70000000 9.00000000 8.29309402E+001
6.70000000 9.10000000 9.41599854E+001
6.70000000 9.20000000 1.05389031E+002
6.70000000 9.30000000 1.20421179E+002
6.70000000 9.40000000 1.36087177E+002
6.70000000 9.50000000 1.51753176E+002
6.70000000 9.60000000 1.68983627E+002
6.70000000 9.70000000 1.90125208E+002
6.70000000 9.80000000 2.11266790E+002
6.70000000 9.90000000 2.32408372E+002
6.70000000 10.00000000 2.58281055E+002
6.70000000 10.10000000 2.86046179E+002
6.70000000 10.20000000 3.13811303E+002
6.70000000 10.30000000 3.42702259E+002
6.70000000 10.40000000 3.78348214E+002
6.70000000 10.50000000 4.13994169E+002
6.70000000 10.60000000 4.49640124E+002
6.70000000 10.70000000 4.90570335E+002
6.70000000 10.80000000 5.35463739E+002
6.70000000 10.90000000 5.80357143E+002
6.70000000 11.00000000 6.25250547E+002
6.80000000 1.00000000 6.25514109E+002
6.80000000 1.10000000 5.80620705E+002
6.80000000 1.20000000 5.35727301E+002
6.80000000 1.30000000 4.90833897E+002
6.80000000 1.40000000 4.49903686E+002
6.80000000 1.50000000 4.14257731E+002
6.80000000 1.60000000 3.78611776E+002
6.80000000 1.70000000 3.42965822E+002
6.80000000 1.80000000 3.14074865E+002
6.80000000 1.90000000 2.86309741E+002
6.80000000 2.00000000 2.58544617E+002
6.80000000 2.10000000 2.32671934E+002
6.80000000 2.20000000 2.11530352E+002
6.80000000 2.30000000 1.90388770E+002
6.80000000 2.40000000 1.69247189E+002
6.80000000 2.50000000 1.52016738E+002
6.80000000 2.60000000 1.36350739E+002
6.80000000 2.70000000 1.20684741E+002
6.80000000 2.80000000 1.05652593E+002
6.80000000 2.90000000 9.44235475E+001
6.80000000 3.00000000 8.31945023E+001
6.80000000 3.10000000 7.19654571E+001
6.80000000 3.20000000 6.27407851E+001
6.80000000 3.30000000 5.50193930E+001
6.80000000 3.40000000 4.72980008E+001
6.80000000 3.50000000 3.95766087E+001
6.80000000 3.60000000 3.45428988E+001
6.80000000 3.70000000 2.95091889E+001
6.80000000 3.80000000 2.44754790E+001
6.80000000 3.90000000 2.02890723E+001
6.80000000 4.00000000 1.72324032E+001
6.80000000 4.10000000 1.41757341E+001
6.80000000 4.20000000 1.11190650E+001
6.80000000 4.30000000 9.24159204E+000
6.80000000 4.40000000 7.56065181E+000
6.80000000 4.50000000 5.87971158E+000
6.80000000 4.60000000 4.45127030E+000
6.80000000 4.70000000 3.65407643E+000
6.80000000 4.80000000 2.85688255E+000
6.80000000 4.90000000 2.05968867E+000
6.80000000 5.00000000 1.62041858E+000
6.80000000 5.10000000 1.32431799E+000
6.80000000 5.20000000 1.02821741E+000
6.80000000 5.30000000 7.64655352E-001
6.80000000 5.40000000 6.96324448E-001
6.80000000 5.50000000 6.27993544E-001
6.80000000 5.60000000 5.59662641E-001
6.80000000 5.70000000 5.27774885E-001
6.80000000 5.80000000 5.23219492E-001
6.80000000 5.90000000 5.18664098E-001
6.80000000 6.00000000 5.14108705E-001
6.80000000 6.10000000 5.18664098E-001
6.80000000 6.20000000 5.23219492E-001
6.80000000 6.30000000 5.27774885E-001
6.80000000 6.40000000 5.59662641E-001
6.80000000 6.50000000 6.27993544E-001
6.80000000 6.60000000 6.96324448E-001
6.80000000 6.70000000 7.64655352E-001
6.80000000 6.80000000 1.02821741E+000
6.80000000 6.90000000 1.32431799E+000
6.80000000 7.00000000 1.62041858E+000
6.80000000 7.10000000 2.05968867E+000
6.80000000 7.20000000 2.85688255E+000
6.80000000 7.30000000 3.65407643E+000
6.80000000 7.40000000 4.45127030E+000
6.80000000 7.50000000 5.87971158E+000
6.80000000 7.60000000 7.56065181E+000
6.80000000 7.70000000 9.24159204E+000
6.80000000 7.80000000 1.11190650E+001
6.80000000 7.90000000 1.41757341E+001
6.80000000 8.00000000 1.72324032E+001
6.80000000 8.10000000 2.02890723E+001
6.80000000 8.20000000 2.44754790E+001
6.80000000 8.30000000 2.95091889E+001
6.80000000 8.40000000 3.45428988E+001
6.80000000 8.50000000 3.95766087E+001
6.80000000 8.60000000 4.72980008E+001
6.80000000 8.70000000 5.50193930E+001
6.80000000 8.80000000 6.27407851E+001
6.80000000 8.90000000 7.19654571E+001
6.80000000 9.00000000 8.31945023E+001
6.80000000 9.10000000 9.44235475E+001
6.80000000 9.20000000 1.05652593E+002
6.80000000 9.30000000 1.20684741E+002
6.80000000 9.40000000 1.36350739E+002
6.80000000 9.50000000 1.52016738E+002
6.80000000 9.60000000 1.69247189E+002
6.80000000 9.70000000 1.90388770E+002
6.80000000 9.80000000 2.11530352E+002
6.80000000 9.90000000 2.32671934E+002
6.80000000 10.00000000 2.58544617E+002
6.80000000 10.10000000 2.86309741E+002
6.80000000 10.20000000 3.14074865E+002
6.80000000 10.30000000 3.42965822E+002
6.80000000 10.40000000 3.78611776E+002
6.80000000 10.50000000 4.14257731E+002
6.80000000 10.60000000 4.49903686E+002
6.80000000 10.70000000 4.90833897E+002
6.80000000 10.80000000 5.35727301E+002
6.80000000 10.90000000 5.80620705E+002
6.80000000 11.00000000 6.25514109E+002
6.90000000 1.00000000 6.25810209E+002
6.90000000 1.10000000 5.80916805E+002
6.90000000 1.20000000 5.36023402E+002
6.90000000 1.30000000 4.91129998E+002
6.90000000 1.40000000 4.50199787E+002
6.90000000 1.50000000 4.14553832E+002
6.90000000 1.60000000 3.78907877E+002
6.90000000 1.70000000 3.43261922E+002
6.90000000 1.80000000 3.14370965E+002
6.90000000 1.90000000 2.86605841E+002
6.90000000 2.00000000 2.58840717E+002
6.90000000 2.10000000 2.32968034E+002
6.90000000 2.20000000 2.11826453E+002
6.90000000 2.30000000 1.90684871E+002
6.90000000 2.40000000 1.69543289E+002
6.90000000 2.50000000 1.52312838E+002
6.90000000 2.60000000 1.36646840E+002
6.90000000 2.70000000 1.20980841E+002
6.90000000 2.80000000 1.05948693E+002
6.90000000 2.90000000 9.47196481E+001
6.90000000 3.00000000 8.34906029E+001
6.90000000 3.10000000 7.22615577E+001
6.90000000 3.20000000 6.30368857E+001
6.90000000 3.30000000 5.53154935E+001
6.90000000 3.40000000 4.75941014E+001
6.90000000 3.50000000 3.98727093E+001
6.90000000 3.60000000 3.48389994E+001
6.90000000 3.70000000 2.98052895E+001
6.90000000 3.80000000 2.47715796E+001
6.90000000 3.90000000 2.05851728E+001
6.90000000 4.00000000 1.75285037E+001
6.90000000 4.10000000 1.44718347E+001
6.90000000 4.20000000 1.14151656E+001
6.90000000 4.30000000 9.53769263E+000
6.90000000 4.40000000 7.85675239E+000
6.90000000 4.50000000 6.17581216E+000
6.90000000 4.60000000 4.74737089E+000
6.90000000 4.70000000 3.95017701E+000
6.90000000 4.80000000 3.15298313E+000
6.90000000 4.90000000 2.35578925E+000
6.90000000 5.00000000 1.91651916E+000
6.90000000 5.10000000 1.62041858E+000
6.90000000 5.20000000 1.32431799E+000
6.90000000 5.30000000 1.06075594E+000
6.90000000 5.40000000 9.92425031E-001
6.90000000 5.50000000 9.24094127E-001
6.90000000 5.60000000 8.55763224E-001
6.90000000 5.70000000 8.23875469E-001
6.90000000 5.80000000 8.19320075E-001
6.90000000 5.90000000 8.14764681E-001
6.90000000 6.00000000 8.10209288E-001
6.90000000 6.10000000 8.14764681E-001
6.90000000 6.20000000 8.19320075E-001
6.90000000 6.30000000 8.23875469E-001
6.90000000 6.40000000 8.55763224E-001
6.90000000 6.50000000 9.24094127E-001
6.90000000 6.60000000 9.92425031E-001
6.90000000 6.70000000 1.06075594E+000
6.90000000 6.80000000 1.32431799E+000
6.90000000 6.90000000 1.62041858E+000
6.90000000 7.00000000 1.91651916E+000
6.90000000 7.10000000 2.35578925E+000
6.90000000 7.20000000 3.15298313E+000
6.90000000 7.30000000 3.95017701E+000
6.90000000 7.40000000 4.74737089E+000
6.90000000 7.50000000 6.17581216E+000
6.90000000 7.60000000 7.85675239E+000
6.90000000 7.70000000 9.53769263E+000
6.90000000 7.80000000 1.14151656E+001
6.90000000 7.90000000 1.44718347E+001
6.90000000 8.00000000 1.75285037E+001
6.90000000 8.10000000 2.05851728E+001
6.90000000 8.20000000 2.47715796E+001
6.90000000 8.30000000 2.98052895E+001
6.90000000 8.40000000 3.48389994E+001
6.90000000 8.50000000 3.98727093E+001
6.90000000 8.60000000 4.75941014E+001
6.90000000 8.70000000 5.53154935E+001
6.90000000 8.80000000 6.30368857E+001
6.90000000 8.90000000 7.22615577E+001
6.90000000 9.00000000 8.34906029E+001
6.90000000 9.10000000 9.47196481E+001
6.90000000 9.20000000 1.05948693E+002
6.90000000 9.30000000 1.20980841E+002
6.90000000 9.40000000 1.36646840E+002
6.90000000 9.50000000 1.52312838E+002
6.90000000 9.60000000 1.69543289E+002
6.90000000 9.70000000 1.90684871E+002
6.90000000 9.80000000 2.11826453E+002
6.90000000 9.90000000 2.32968034E+002
6.90000000 10.00000000 2.58840717E+002
6.90000000 10.10000000 2.86605841E+002
6.90000000 10.20000000 3.14370965E+002
6.90000000 10.30000000 3.43261922E+002
6.90000000 10.40000000 3.78907877E+002
6.90000000 10.50000000 4.14553832E+002
6.90000000 10.60000000 4.50199787E+002
6.90000000 10.70000000 4.91129998E+002
6.90000000 10.80000000 5.36023402E+002
6.90000000 10.90000000 5.80916805E+002
6.90000000 11.00000000 6.25810209E+002
7.00000000 1.00000000 6.26106310E+002
7.00000000 1.10000000 5.81212906E+002
7.00000000 1.20000000 5.36319502E+002
7.00000000 1.30000000 4.91426099E+002
7.00000000 1.40000000 4.50495887E+002
7.00000000 1.50000000 4.14849932E+002
7.00000000 1.60000000 3.79203978E+002
7.00000000 1.70000000 3.43558023E+002
7.00000000 1.80000000 3.14667066E+002
7.00000000 1.90000000 2.86901942E+002
7.00000000 2.00000000 2.59136818E+002
7.00000000 2.10000000 2.33264135E+002
7.00000000 2.20000000 2.12122553E+002
7.00000000 2.30000000 1.90980971E+002
7.00000000 2.40000000 1.69839390E+002
7.00000000 2.50000000 1.52608939E+002
7.00000000 2.60000000 1.36942940E+002
7.00000000 2.70000000 1.21276942E+002
7.00000000 2.80000000 1.06244794E+002
7.00000000 2.90000000 9.50157486E+001
7.00000000 3.00000000 8.37867035E+001
7.00000000 3.10000000 7.25576583E+001
7.00000000 3.20000000 6.33329863E+001
7.00000000 3.30000000 5.56115941E+001
7.00000000 3.40000000 4.78902020E+001
7.00000000 3.50000000 4.01688099E+001
7.00000000 3.60000000 3.51351000E+001
7.00000000 3.70000000 3.01013900E+001
7.00000000 3.80000000 2.50676801E+001
7.00000000 3.90000000 2.08812734E+001
7.00000000 4.00000000 1.78246043E+001
7.00000000 4.10000000 1.47679352E+001
7.00000000 4.20000000 1.17112661E+001
7.00000000 4.30000000 9.83379321E+000
7.00000000 4.40000000 8.15285298E+000
7.00000000 4.50000000 6.47191274E+000
7.00000000 4.60000000 5.04347147E+000
7.00000000 4.70000000 4.24627759E+000
7.00000000 4.80000000 3.44908372E+000
7.00000000 4.90000000 2.65188984E+000
7.00000000 5.00000000 2.21261974E+000
7.00000000 5.10000000 1.91651916E+000
7.00000000 5.20000000 1.62041858E+000
7.00000000 5.30000000 1.35685652E+000
7.00000000 5.40000000 1.28852561E+000
7.00000000 5.50000000 1.22019471E+000
7.00000000 5.60000000 1.15186381E+000
7.00000000 5.70000000 1.11997605E+000
7.00000000 5.80000000 1.11542066E+000
7.00000000 5.90000000 1.11086526E+000
7.00000000 6.00000000 1.10630987E+000
7.00000000 6.10000000 1.11086526E+000
7.00000000 6.20000000 1.11542066E+000
7.00000000 6.30000000 1.11997605E+000
7.00000000 6.40000000 1.15186381E+000
7.00000000 6.50000000 1.22019471E+000
7.00000000 6.60000000 1.28852561E+000
7.00000000 6.70000000 1.35685652E+000
7.00000000 6.80000000 1.62041858E+000
7.00000000 6.90000000 1.91651916E+000
7.00000000 7.00000000 2.21261974E+000
7.00000000 7.10000000 2.65188984E+000
7.00000000 7.20000000 3.44908372E+000
7.00000000 7.30000000 4.24627759E+000
7.00000000 7.40000000 5.04347147E+000
7.00000000 7.50000000 6.47191274E+000
7.00000000 7.60000000 8.15285298E+000
7.00000000 7.70000000 9.83379321E+000
7.00000000 7.80000000 1.17112661E+001
7.00000000 7.90000000 1.47679352E+001
7.00000000 8.00000000 1.78246043E+001
7.00000000 8.10000000 2.08812734E+001
7.00000000 8.20000000 2.50676801E+001
7.00000000 8.30000000 3.01013900E+001
7.00000000 8.40000000 3.51351000E+001
7.00000000 8.50000000 4.01688099E+001
7.00000000 8.60000000 4.78902020E+001
7.00000000 8.70000000 5.56115941E+001
7.00000000 8.80000000 6.33329863E+001
7.00000000 8.90000000 7.25576583E+001
7.00000000 9.00000000 8.37867035E+001
7.00000000 9.10000000 9.50157486E+001
7.00000000 9.20000000 1.06244794E+002
7.00000000 9.30000000 1.21276942E+002
7.00000000 9.40000000 1.36942940E+002
7.00000000 9.50000000 1.52608939E+002
7.00000000 9.60000000 1.69839390E+002
7.00000000 9.70000000 1.90980971E+002
7.00000000 9.80000000 2.12122553E+002
7.00000000 9.90000000 2.33264135E+002
7.00000000 10.00000000 2.59136818E+002
7.00000000 10.10000000 2.86901942E+002
7.00000000 10.20000000 3.14667066E+002
7.00000000 10.30000000 3.43558023E+002
7.00000000 10.40000000 3.79203978E+002
7.00000000 10.50000000 4.14849932E+002
7.00000000 10.60000000 4.50495887E+002
7.00000000 10.70000000 4.91426099E+002
7.00000000 10.80000000 5.36319502E+002
7.00000000 10.90000000 5.81212906E+002
7.00000000 11.00000000 6.26106310E+002
7.10000000 1.00000000 6.26545580E+002
7.10000000 1.10000000 5.81652176E+002
7.10000000 1.20000000 5.36758772E+002
7.10000000 1.30000000 4.91865369E+002
7.10000000 1.40000000 4.50935157E+002
7.10000000 1.50000000 4.15289202E+002
7.10000000 1.60000000 3.79643248E+002
7.10000000 1.70000000 3.43997293E+002
7.10000000 1.80000000 3.15106336E+002
7.10000000 1.90000000 2.87341212E+002
7.10000000 2.00000000 2.59576088E+002
7.10000000 2.10000000 2.33703405E+002
7.10000000 2.20000000 2.12561823E+002
7.10000000 2.30000000 1.91420242E+002
7.10000000 2.40000000 1.70278660E+002
7.10000000 2.50000000 1.53048209E+002
7.10000000 2.60000000 1.37382211E+002
7.10000000 2.70000000 1.21716212E+002
7.10000000 2.80000000 1.06684064E+002
7.10000000 2.90000000 9.54550187E+001
7.10000000 3.00000000 8.42259736E+001
7.10000000 3.10000000 7.29969284E+001
7.10000000 3.20000000 6.37722564E+001
7.10000000 3.30000000 5.60508642E+001
7.10000000 3.40000000 4.83294721E+001
7.10000000 3.50000000 4.06080800E+001
7.10000000 3.60000000 3.55743701E+001
7.10000000 3.70000000 3.05406601E+001
7.10000000 3.80000000 2.55069502E+001
7.10000000 3.90000000 2.13205435E+001
7.10000000 4.00000000 1.82638744E+001
7.10000000 4.10000000 1.52072053E+001
7.10000000 4.20000000 1.21505362E+001
7.10000000 4.30000000 1.02730633E+001
7.10000000 4.40000000 8.59212307E+000
7.10000000 4.50000000 6.91118284E+000
7.10000000 4.60000000 5.48274157E+000
7.10000000 4.70000000 4.68554769E+000
7.10000000 4.80000000 3.88835381E+000
7.10000000 4.90000000 3.09115993E+000
7.10000000 5.00000000 2.65188984E+000
7.10000000 5.10000000 2.35578925E+000
7.10000000 5.20000000 2.05968867E+000
7.10000000 5.30000000 1.79612661E+000
7.10000000 5.40000000 1.72779571E+000
7.10000000 5.50000000 1.65946481E+000
7.10000000 5.60000000 1.59113390E+000
7.10000000 5.70000000 1.55924615E+000
7.10000000 5.80000000 1.55469075E+000
7.10000000 5.90000000 1.55013536E+000
7.10000000 6.00000000 1.54557997E+000
7.10000000 6.10000000 1.55013536E+000
7.10000000 6.20000000 1.55469075E+000
7.10000000 6.30000000 1.55924615E+000
7.10000000 6.40000000 1.59113390E+000
7.10000000 6.50000000 1.65946481E+000
7.10000000 6.60000000 1.72779571E+000
7.10000000 6.70000000 1.79612661E+000
7.10000000 6.80000000 2.05968867E+000
7.10000000 6.90000000 2.35578925E+000
7.10000000 7.00000000 2.65188984E+000
7.10000000 7.10000000 3.09115993E+000
7.10000000 7.20000000 3.88835381E+000
7.10000000 7.30000000 4.68554769E+000
7.10000000 7.40000000 5.48274157E+000
7.10000000 7.50000000 6.91118284E+000
7.10000000 7.60000000 8.59212307E+000
7.10000000 7.70000000 1.02730633E+001
7.10000000 7.80000000 1.21505362E+001
7.10000000 7.90000000 1.52072053E+001
7.10000000 8.00000000 1.82638744E+001
7.10000000 8.10000000 2.13205435E+001
7.10000000 8.20000000 2.55069502E+001
7.10000000 8.30000000 3.05406601E+001
7.10000000 8.40000000 3.55743701E+001
7.10000000 8.50000000 4.06080800E+001
7.10000000 8.60000000 4.83294721E+001
7.10000000 8.70000000 5.60508642E+001
7.10000000 8.80000000 6.37722564E+001
7.10000000 8.90000000 7.29969284E+001
7.10000000 9.00000000 8.42259736E+001
7.10000000 9.10000000 9.54550187E+001
7.10000000 9.20000000 1.06684064E+002
7.10000000 9.30000000 1.21716212E+002
7.10000000 9.40000000 1.37382211E+002
7.10000000 9.50000000 1.53048209E+002
7.10000000 9.60000000 1.70278660E+002
7.10000000 9.70000000 1.91420242E+002
7.10000000 9.80000000 2.12561823E+002
7.10000000 9.90000000 2.33703405E+002
7.10000000 10.00000000 2.59576088E+002
7.10000000 10.10000000 2.87341212E+002
7.10000000 10.20000000 3.15106336E+002
7.10000000 10.30000000 3.43997293E+002
7.10000000 10.40000000 3.79643248E+002
7.10000000 10.50000000 4.15289202E+002
7.10000000 10.60000000 4.50935157E+002
7.10000000 10.70000000 4.91865369E+002
7.10000000 10.80000000 5.36758772E+002
7.10000000 10.90000000 5.81652176E+002
7.10000000 11.00000000 6.26545580E+002
7.20000000 1.00000000 6.27342774E+002
7.20000000 1.10000000 5.82449370E+002
7.20000000 1.20000000 5.37555966E+002
7.20000000 1.30000000 4.92662562E+002
7.20000000 1.40000000 4.51732351E+002
7.20000000 1.50000000 4.16086396E+002
7.20000000 1.60000000 3.80440441E+002
7.20000000 1.70000000 3.44794487E+002
7.20000000 1.80000000 3.15903530E+002
7.20000000 1.90000000 2.88138406E+002
7.20000000 2.00000000 2.60373282E+002
7.20000000 2.10000000 2.34500599E+002
7.20000000 2.20000000 2.13359017E+002
7.20000000 2.30000000 1.92217435E+002
7.20000000 2.40000000 1.71075854E+002
7.20000000 2.50000000 1.53845403E+002
7.20000000 2.60000000 1.38179404E+002
7.20000000 2.70000000 1.22513406E+002
7.20000000 2.80000000 1.07481258E+002
7.20000000 2.90000000 9.62522126E+001
7.20000000 3.00000000 8.50231674E+001
7.20000000 3.10000000 7.37941222E+001
7.20000000 3.20000000 6.45694502E+001
7.20000000 3.30000000 5.68480581E+001
7.20000000 3.40000000 4.91266660E+001
7.20000000 3.50000000 4.14052738E+001
7.20000000 3.60000000 3.63715639E+001
7.20000000 3.70000000 3.13378540E+001
7.20000000 3.80000000 2.63041441E+001
7.20000000 3.90000000 2.21177374E+001
7.20000000 4.00000000 1.90610683E+001
7.20000000 4.10000000 1.60043992E+001
7.20000000 4.20000000 1.29477301E+001
7.20000000 4.30000000 1.10702572E+001
7.20000000 4.40000000 9.38931695E+000
7.20000000 4.50000000 7.70837672E+000
7.20000000 4.60000000 6.27993544E+000
7.20000000 4.70000000 5.48274157E+000
7.20000000 4.80000000 4.68554769E+000
7.20000000 4.90000000 3.88835381E+000
7.20000000 5.00000000 3.44908372E+000
7.20000000 5.10000000 3.15298313E+000
7.20000000 5.20000000 2.85688255E+000
7.20000000 5.30000000 2.59332049E+000
7.20000000 5.40000000 2.52498959E+000
7.20000000 5.50000000 2.45665868E+000
7.20000000 5.60000000 2.38832778E+000
7.20000000 5.70000000 2.35644002E+000
7.20000000 5.80000000 2.35188463E+000
7.20000000 5.90000000 2.34732924E+000
7.20000000 6.00000000 2.34277384E+000
7.20000000 6.10000000 2.34732924E+000
7.20000000 6.20000000 2.35188463E+000
7.20000000 6.30000000 2.35644002E+000
7.20000000 6.40000000 2.38832778E+000
7.20000000 6.50000000 2.45665868E+000
7.20000000 6.60000000 2.52498959E+000
7.20000000 6.70000000 2.59332049E+000
7.20000000 6.80000000 2.85688255E+000
7.20000000 6.90000000 3.15298313E+000
7.20000000 7.00000000 3.44908372E+000
7.20000000 7.10000000 3.88835381E+000
7.20000000 7.20000000 4.68554769E+000
7.20000000 7.30000000 5.48274157E+000
7.20000000 7.40000000 6.27993544E+000
7.20000000 7.50000000 7.70837672E+000
7.20000000 7.60000000 9.38931695E+000
7.20000000 7.70000000 1.10702572E+001
7.20000000 7.80000000 1.29477301E+001
7.20000000 7.90000000 1.60043992E+001
7.20000000 8.00000000 1.90610683E+001
7.20000000 8.10000000 2.21177374E+001
7.20000000 8.20000000 2.63041441E+001
7.20000000 8.30000000 3.13378540E+001
7.20000000 8.40000000 3.63715639E+001
7.20000000 8.50000000 4.14052738E+001
7.20000000 8.60000000 4.91266660E+001
7.20000000 8.70000000 5.68480581E+001
7.20000000 8.80000000 6.45694502E+001
7.20000000 8.90000000 7.37941222E+001
7.20000000 9.00000000 8.50231674E+001
7.20000000 9.10000000 9.62522126E+001
7.20000000 9.20000000 1.07481258E+002
7.20000000 9.30000000 1.22513406E+002
7.20000000 9.40000000 1.38179404E+002
7.20000000 9.50000000 1.53845403E+002
7.20000000 9.60000000 1.71075854E+002
7.20000000 9.70000000 1.92217435E+002
7.20000000 9.80000000 2.13359017E+002
7.20000000 9.90000000 2.34500599E+002
7.20000000 10.00000000 2.60373282E+002
7.20000000 10.10000000 2.88138406E+002
7.20000000 10.20000000 3.15903530E+002
7.20000000 10.30000000 3.44794487E+002
7.20000000 10.40000000 3.80440441E+002
7.20000000 10.50000000 4.16086396E+002
7.20000000 10.60000000 4.51732351E+002
7.20000000 10.70000000 4.92662562E+002
7.20000000 10.80000000 5.37555966E+002
7.20000000 10.90000000 5.82449370E+002
7.20000000 11.00000000 6.27342774E+002
7.30000000 1.00000000 6.28139968E+002
7.30000000 1.10000000 5.83246564E+002
7.30000000 1.20000000 5.38353160E+002
7.30000000 1.30000000 4.93459756E+002
7.30000000 1.40000000 4.52529545E+002
7.30000000 1.50000000 4.16883590E+002
7.30000000 1.60000000 3.81237635E+002
7.30000000 1.70000000 3.45591681E+002
7.30000000 1.80000000 3.16700724E+002
7.30000000 1.90000000 2.88935600E+002
7.30000000 2.00000000 2.61170476E+002
7.30000000 2.10000000 2.35297793E+002
7.30000000 2.20000000 2.14156211E+002
7.30000000 2.30000000 1.93014629E+002
7.30000000 2.40000000 1.71873048E+002
7.30000000 2.50000000 1.54642597E+002
7.30000000 2.60000000 1.38976598E+002
7.30000000 2.70000000 1.23310600E+002
7.30000000 2.80000000 1.08278452E+002
7.30000000 2.90000000 9.70494065E+001
7.30000000 3.00000000 8.58203613E+001
7.30000000 3.10000000 7.45913161E+001
7.30000000 3.20000000 6.53666441E+001
7.30000000 3.30000000 5.76452520E+001
7.30000000 3.40000000 4.99238599E+001
7.30000000 3.50000000 4.22024677E+001
7.30000000 3.60000000 3.71687578E+001
7.30000000 3.70000000 3.21350479E+001
7.30000000 3.80000000 2.71013380E+001
7.30000000 3.90000000 2.29149313E+001
7.30000000 4.00000000 1.98582622E+001
7.30000000 4.10000000 1.68015931E+001
7.30000000 4.20000000 1.37449240E+001
7.30000000 4.30000000 1.18674511E+001
7.30000000 4.40000000 1.01865108E+001
7.30000000 4.50000000 8.50557060E+000
7.30000000 4.60000000 7.07712932E+000
7.30000000 4.70000000 6.27993544E+000
7.30000000 4.80000000 5.48274157E+000
7.30000000 4.90000000 4.68554769E+000
7.30000000 5.00000000 4.24627759E+000
7.30000000 5.10000000 3.95017701E+000
7.30000000 5.20000000 3.65407643E+000
7.30000000 5.30000000 3.39051437E+000
7.30000000 5.40000000 3.32218347E+000
7.30000000 5.50000000 3.25385256E+000
7.30000000 5.60000000 3.18552166E+000
7.30000000 5.70000000 3.15363390E+000
7.30000000 5.80000000 3.14907851E+000
7.30000000 5.90000000 3.14452312E+000
7.30000000 6.00000000 3.13996772E+000
7.30000000 6.10000000 3.14452312E+000
7.30000000 6.20000000 3.14907851E+000
7.30000000 6.30000000 3.15363390E+000
7.30000000 6.40000000 3.18552166E+000
7.30000000 6.50000000 3.25385256E+000
7.30000000 6.60000000 3.32218347E+000
7.30000000 6.70000000 3.39051437E+000
7.30000000 6.80000000 3.65407643E+000
7.30000000 6.90000000 3.95017701E+000
7.30000000 7.00000000 4.24627759E+000
7.30000000 7.10000000 4.68554769E+000
7.30000000 7.20000000 5.48274157E+000
7.30000000 7.30000000 6.27993544E+000
7.30000000 7.40000000 7.07712932E+000
7.30000000 7.50000000 8.50557060E+000
7.30000000 7.60000000 1.01865108E+001
7.30000000 7.70000000 1.18674511E+001
7.30000000 7.80000000 1.37449240E+001
7.30000000 7.90000000 1.68015931E+001
7.30000000 8.00000000 1.98582622E+001
7.30000000 8.10000000 2.29149313E+001
7.30000000 8.20000000 2.71013380E+001
7.30000000 8.30000000 3.21350479E+001
7.30000000 8.40000000 3.71687578E+001
7.30000000 8.50000000 4.22024677E+001
7.30000000 8.60000000 4.99238599E+001
7.30000000 8.70000000 5.76452520E+001
7.30000000 8.80000000 6.53666441E+001
7.30000000 8.90000000 7.45913161E+001
7.30000000 9.00000000 8.58203613E+001
7.30000000 9.10000000 9.70494065E+001
7.30000000 9.20000000 1.08278452E+002
7.30000000 9.30000000 1.23310600E+002
7.30000000 9.40000000 1.38976598E+002
7.30000000 9.50000000 1.54642597E+002
7.30000000 9.60000000 1.71873048E+002
7.30000000 9.70000000 1.93014629E+002
7.30000000 9.80000000 2.14156211E+002
7.30000000 9.90000000 2.35297793E+002
7.30000000 10.00000000 2.61170476E+002
7.30000000 10.10000000 2.88935600E+002
7.30000000 10.20000000 3.16700724E+002
7.30000000 10.30000000 3.45591681E+002
7.30000000 10.40000000 3.81237635E+002
7.30000000 10.50000000 4.16883590E+002
7.30000000 10.60000000 4.52529545E+002
7.30000000 10.70000000 4.93459756E+002
7.30000000 10.80000000 5.38353160E+002
7.30000000 10.90000000 5.83246564E+002
7.30000000 11.00000000 6.28139968E+002
7.40000000 1.00000000 6.28937162E+002
7.40000000 1.10000000 5.84043758E+002
7.40000000 1.20000000 5.39150354E+002
7.40000000 1.30000000 4.94256950E+002
7.40000000 1.40000000 4.53326739E+002
7.40000000 1.50000000 4.17680784E+002
7.40000000 1.60000000 3.82034829E+002
7.40000000 1.70000000 3.46388874E+002
7.40000000 1.80000000 3.17497918E+002
7.40000000 1.90000000 2.89732794E+002
7.40000000 2.00000000 2.61967670E+002
7.40000000 2.10000000 2.36094986E+002
7.40000000 2.20000000 2.14953405E+002
7.40000000 2.30000000 1.93811823E+002
7.40000000 2.40000000 1.72670242E+002
7.40000000 2.50000000 1.55439791E+002
7.40000000 2.60000000 1.39773792E+002
7.40000000 2.70000000 1.24107794E+002
7.40000000 2.80000000 1.09075646E+002
7.40000000 2.90000000 9.78466004E+001
7.40000000 3.00000000 8.66175552E+001
7.40000000 3.10000000 7.53885100E+001
7.40000000 3.20000000 6.61638380E+001
7.40000000 3.30000000 5.84424459E+001
7.40000000 3.40000000 5.07210537E+001
7.40000000 3.50000000 4.29996616E+001
7.40000000 3.60000000 3.79659517E+001
7.40000000 3.70000000 3.29322418E+001
7.40000000 3.80000000 2.78985319E+001
7.40000000 3.90000000 2.37121252E+001
7.40000000 4.00000000 2.06554561E+001
7.40000000 4.10000000 1.75987870E+001
7.40000000 4.20000000 1.45421179E+001
7.40000000 4.30000000 1.26646449E+001
7.40000000 4.40000000 1.09837047E+001
7.40000000 4.50000000 9.30276447E+000
7.40000000 4.60000000 7.87432320E+000
7.40000000 4.70000000 7.07712932E+000
7.40000000 4.80000000 6.27993544E+000
7.40000000 4.90000000 5.48274157E+000
7.40000000 5.00000000 5.04347147E+000
7.40000000 5.10000000 4.74737089E+000
7.40000000 5.20000000 4.45127030E+000
7.40000000 5.30000000 4.18770825E+000
7.40000000 5.40000000 4.11937734E+000
7.40000000 5.50000000 4.05104644E+000
7.40000000 5.60000000 3.98271554E+000
7.40000000 5.70000000 3.95082778E+000
7.40000000 5.80000000 3.94627239E+000
7.40000000 5.90000000 3.94171699E+000
7.40000000 6.00000000 3.93716160E+000
7.40000000 6.10000000 3.94171699E+000
7.40000000 6.20000000 3.94627239E+000
7.40000000 6.30000000 3.95082778E+000
7.40000000 6.40000000 3.98271554E+000
7.40000000 6.50000000 4.05104644E+000
7.40000000 6.60000000 4.11937734E+000
7.40000000 6.70000000 4.18770825E+000
7.40000000 6.80000000 4.45127030E+000
7.40000000 6.90000000 4.74737089E+000
7.40000000 7.00000000 5.04347147E+000
7.40000000 7.10000000 5.48274157E+000
7.40000000 7.20000000 6.27993544E+000
7.40000000 7.30000000 7.07712932E+000
7.40000000 7.40000000 7.87432320E+000
7.40000000 7.50000000 9.30276447E+000
7.40000000 7.60000000 1.09837047E+001
7.40000000 7.70000000 1.26646449E+001
7.40000000 7.80000000 1.45421179E+001
7.40000000 7.90000000 1.75987870E+001
7.40000000 8.00000000 2.06554561E+001
7.40000000 8.10000000 2.37121252E+001
7.40000000 8.20000000 2.78985319E+001
7.40000000 8.30000000 3.29322418E+001
7.40000000 8.40000000 3.79659517E+001
7.40000000 8.50000000 4.29996616E+001
7.40000000 8.60000000 5.07210537E+001
7.40000000 8.70000000 5.84424459E+001
7.40000000 8.80000000 6.61638380E+001
7.40000000 8.90000000 7.53885100E+001
7.40000000 9.00000000 8.66175552E+001
7.40000000 9.10000000 9.78466004E+001
7.40000000 9.20000000 1.09075646E+002
7.40000000 9.30000000 1.24107794E+002
7.40000000 9.40000000 1.39773792E+002
7.40000000 9.50000000 1.55439791E+002
7.40000000 9.60000000 1.72670242E+002
7.40000000 9.70000000 1.93811823E+002
7.40000000 9.80000000 2.14953405E+002
7.40000000 9.90000000 2.36094986E+002
7.40000000 10.00000000 2.61967670E+002
7.40000000 10.10000000 2.89732794E+002
7.40000000 10.20000000 3.17497918E+002
7.40000000 10.30000000 3.46388874E+002
7.40000000 10.40000000 3.82034829E+002
7.40000000 10.50000000 4.17680784E+002
7.40000000 10.60000000 4.53326739E+002
7.40000000 10.70000000 4.94256950E+002
7.40000000 10.80000000 5.39150354E+002
7.40000000 10.90000000 5.84043758E+002
7.40000000 11.00000000 6.28937162E+002
7.50000000 1.00000000 6.30365603E+002
7.50000000 1.10000000 5.85472199E+002
7.50000000 1.20000000 5.40578795E+002
7.50000000 1.30000000 4.95685392E+002
7.50000000 1.40000000 4.54755180E+002
7.50000000 1.50000000 4.19109225E+002
7.50000000 1.60000000 3.83463271E+002
7.50000000 1.70000000 3.47817316E+002
7.50000000 1.80000000 3.18926359E+002
7.50000000 1.90000000 2.91161235E+002
7.50000000 2.00000000 2.63396111E+002
7.50000000 2.10000000 2.37523428E+002
7.50000000 2.20000000 2.16381846E+002
7.50000000 2.30000000 1.95240264E+002
7.50000000 2.40000000 1.74098683E+002
7.50000000 2.50000000 1.56868232E+002
7.50000000 2.60000000 1.41202233E+002
7.50000000 2.70000000 1.25536235E+002
7.50000000 2.80000000 1.10504087E+002
7.50000000 2.90000000 9.92750416E+001
7.50000000 3.00000000 8.80459965E+001
7.50000000 3.10000000 7.68169513E+001
7.50000000 3.20000000 6.75922793E+001
7.50000000 3.30000000 5.98708871E+001
7.50000000 3.40000000 5.21494950E+001
7.50000000 3.50000000 4.44281029E+001
7.50000000 3.60000000 3.93943930E+001
7.50000000 3.70000000 3.43606830E+001
7.50000000 3.80000000 2.93269731E+001
7.50000000 3.90000000 2.51405664E+001
7.50000000 4.00000000 2.20838973E+001
7.50000000 4.10000000 1.90272282E+001
7.50000000 4.20000000 1.59705591E+001
7.50000000 4.30000000 1.40930862E+001
7.50000000 4.40000000 1.24121460E+001
7.50000000 4.50000000 1.07312057E+001
7.50000000 4.60000000 9.30276447E+000
7.50000000 4.70000000 8.50557060E+000
7.50000000 4.80000000 7.70837672E+000
7.50000000 4.90000000 6.91118284E+000
7.50000000 5.00000000 6.47191274E+000
7.50000000 5.10000000 6.17581216E+000
7.50000000 5.20000000 5.87971158E+000
7.50000000 5.30000000 5.61614952E+000
7.50000000 5.40000000 5.54781862E+000
7.50000000 5.50000000 5.47948771E+000
7.50000000 5.60000000 5.41115681E+000
7.50000000 5.70000000 5.37926905E+000
7.50000000 5.80000000 5.37471366E+000
7.50000000 5.90000000 5.37015827E+000
7.50000000 6.00000000 5.36560287E+000
7.50000000 6.10000000 5.37015827E+000
7.50000000 6.20000000 5.37471366E+000
7.50000000 6.30000000 5.37926905E+000
7.50000000 6.40000000 5.41115681E+000
7.50000000 6.50000000 5.47948771E+000
7.50000000 6.60000000 5.54781862E+000
7.50000000 6.70000000 5.61614952E+000
7.50000000 6.80000000 5.87971158E+000
7.50000000 6.90000000 6.17581216E+000
7.50000000 7.00000000 6.47191274E+000
7.50000000 7.10000000 6.91118284E+000
7.50000000 7.20000000 7.70837672E+000
7.50000000 7.30000000 8.50557060E+000
7.50000000 7.40000000 9.30276447E+000
7.50000000 7.50000000 1.07312057E+001
7.50000000 7.60000000 1.24121460E+001
7.50000000 7.70000000 1.40930862E+001
7.50000000 7.80000000 1.59705591E+001
7.50000000 7.90000000 1.90272282E+001
7.50000000 8.00000000 2.20838973E+001
7.50000000 8.10000000 2.51405664E+001
7.50000000 8.20000000 2.93269731E+001
7.50000000 8.30000000 3.43606830E+001
7.50000000 8.40000000 3.93943930E+001
7.50000000 8.50000000 4.44281029E+001
7.50000000 8.60000000 5.21494950E+001
7.50000000 8.70000000 5.98708871E+001
7.50000000 8.80000000 6.75922793E+001
7.50000000 8.90000000 7.68169513E+001
7.50000000 9.00000000 8.80459965E+001
7.50000000 9.10000000 9.92750416E+001
7.50000000 9.20000000 1.10504087E+002
7.50000000 9.30000000 1.25536235E+002
7.50000000 9.40000000 1.41202233E+002
7.50000000 9.50000000 1.56868232E+002
7.50000000 9.60000000 1.74098683E+002
7.50000000 9.70000000 1.95240264E+002
7.50000000 9.80000000 2.16381846E+002
7.50000000 9.90000000 2.37523428E+002
7.50000000 10.00000000 2.63396111E+002
7.50000000 10.10000000 2.91161235E+002
7.50000000 10.20000000 3.18926359E+002
7.50000000 10.30000000 3.47817316E+002
7.50000000 10.40000000 3.83463271E+002
7.50000000 10.50000000 4.19109225E+002
7.50000000 10.60000000 4.54755180E+002
7.50000000 10.70000000 4.95685392E+002
7.50000000 10.80000000 5.40578795E+002
7.50000000 10.90000000 5.85472199E+002
7.50000000 11.00000000 6.30365603E+002
7.60000000 1.00000000 6.32046543E+002
7.60000000 1.10000000 5.87153139E+002
7.60000000 1.20000000 5.42259736E+002
7.60000000 1.30000000 4.97366332E+002
7.60000000 1.40000000 4.56436120E+002
7.60000000 1.50000000 4.20790166E+002
7.60000000 1.60000000 3.85144211E+002
7.60000000 1.70000000 3.49498256E+002
7.60000000 1.80000000 3.20607299E+002
7.60000000 1.90000000 2.92842175E+002
7.60000000 2.00000000 2.65077051E+002
7.60000000 2.10000000 2.39204368E+002
7.60000000 2.20000000 2.18062786E+002
7.60000000 2.30000000 1.96921205E+002
7.60000000 2.40000000 1.75779623E+002
7.60000000 2.50000000 1.58549172E+002
7.60000000 2.60000000 1.42883174E+002
7.60000000 2.70000000 1.27217175E+002
7.60000000 2.80000000 1.12185027E+002
7.60000000 2.90000000 1.00955982E+002
7.60000000 3.00000000 8.97269367E+001
7.60000000 3.10000000 7.84978915E+001
7.60000000 3.20000000 6.92732195E+001
7.60000000 3.30000000 6.15518274E+001
7.60000000 3.40000000 5.38304352E+001
7.60000000 3.50000000 4.61090431E+001
7.60000000 3.60000000 4.10753332E+001
7.60000000 3.70000000 3.60416233E+001
7.60000000 3.80000000 3.10079134E+001
7.60000000 3.90000000 2.68215067E+001
7.60000000 4.00000000 2.37648376E+001
7.60000000 4.10000000 2.07081685E+001
7.60000000 4.20000000 1.76514994E+001
7.60000000 4.30000000 1.57740264E+001
7.60000000 4.40000000 1.40930862E+001
7.60000000 4.50000000 1.24121460E+001
7.60000000 4.60000000 1.09837047E+001
7.60000000 4.70000000 1.01865108E+001
7.60000000 4.80000000 9.38931695E+000
7.60000000 4.90000000 8.59212307E+000
7.60000000 5.00000000 8.15285298E+000
7.60000000 5.10000000 7.85675239E+000
7.60000000 5.20000000 7.56065181E+000
7.60000000 5.30000000 7.29708975E+000
7.60000000 5.40000000 7.22875885E+000
7.60000000 5.50000000 7.16042795E+000
7.60000000 5.60000000 7.09209704E+000
7.60000000 5.70000000 7.06020929E+000
7.60000000 5.80000000 7.05565389E+000
7.60000000 5.90000000 7.05109850E+000
7.60000000 6.00000000 7.04654311E+000
7.60000000 6.10000000 7.05109850E+000
7.60000000 6.20000000 7.05565389E+000
7.60000000 6.30000000 7.06020929E+000
7.60000000 6.40000000 7.09209704E+000
7.60000000 6.50000000 7.16042795E+000
7.60000000 6.60000000 7.22875885E+000
7.60000000 6.70000000 7.29708975E+000
7.60000000 6.80000000 7.56065181E+000
7.60000000 6.90000000 7.85675239E+000
7.60000000 7.00000000 8.15285298E+000
7.60000000 7.10000000 8.59212307E+000
7.60000000 7.20000000 9.38931695E+000
7.60000000 7.30000000 1.01865108E+001
7.60000000 7.40000000 1.09837047E+001
7.60000000 7.50000000 1.24121460E+001
7.60000000 7.60000000 1.40930862E+001
7.60000000 7.70000000 1.57740264E+001
7.60000000 7.80000000 1.76514994E+001
7.60000000 7.90000000 2.07081685E+001
7.60000000 8.00000000 2.37648376E+001
7.60000000 8.10000000 2.68215067E+001
7.60000000 8.20000000 3.10079134E+001
7.60000000 8.30000000 3.60416233E+001
7.60000000 8.40000000 4.10753332E+001
7.60000000 8.50000000 4.61090431E+001
7.60000000 8.60000000 5.38304352E+001
7.60000000 8.70000000 6.15518274E+001
7.60000000 8.80000000 6.92732195E+001
7.60000000 8.90000000 7.84978915E+001
7.60000000 9.00000000 8.97269367E+001
7.60000000 9.10000000 1.00955982E+002
7.60000000 9.20000000 1.12185027E+002
7.60000000 9.30000000 1.27217175E+002
7.60000000 9.40000000 1.42883174E+002
7.60000000 9.50000000 1.58549172E+002
7.60000000 9.60000000 1.75779623E+002
7.60000000 9.70000000 1.96921205E+002
7.60000000 9.80000000 2.18062786E+002
7.60000000 9.90000000 2.39204368E+002
7.60000000 10.00000000 2.65077051E+002
7.60000000 10.10000000 2.92842175E+002
7.60000000 10.20000000 3.20607299E+002
7.60000000 10.30000000 3.49498256E+002
7.60000000 10.40000000 3.85144211E+002
7.60000000 10.50000000 4.20790166E+002
7.60000000 10.60000000 4.56436120E+002
7.60000000 10.70000000 4.97366332E+002
7.60000000 10.80000000 5.42259736E+002
7.60000000 10.90000000 5.87153139E+002
7.60000000 11.00000000 6.32046543E+002
7.70000000 1.00000000 6.33727483E+002
7.70000000 1.10000000 5.88834080E+002
7.70000000 1.20000000 5.43940676E+002
7.70000000 1.30000000 4.99047272E+002
7.70000000 1.40000000 4.58117061E+002
7.70000000 1.50000000 4.22471106E+002
7.70000000 1.60000000 3.86825151E+002
7.70000000 1.70000000 3.51179196E+002
7.70000000 1.80000000 3.22288239E+002
7.70000000 1.90000000 2.94523115E+002
7.70000000 2.00000000 2.66757991E+002
7.70000000 2.10000000 2.40885308E+002
7.70000000 2.20000000 2.19743727E+002
7.70000000 2.30000000 1.98602145E+002
7.70000000 2.40000000 1.77460563E+002
7.70000000 2.50000000 1.60230112E+002
7.70000000 2.60000000 1.44564114E+002
7.70000000 2.70000000 1.28898115E+002
7.70000000 2.80000000 1.13865967E+002
7.70000000 2.90000000 1.02636922E+002
7.70000000 3.00000000 9.14078769E+001
7.70000000 3.10000000 8.01788317E+001
7.70000000 3.20000000 7.09541597E+001
7.70000000 3.30000000 6.32327676E+001
7.70000000 3.40000000 5.55113755E+001
7.70000000 3.50000000 4.77899833E+001
7.70000000 3.60000000 4.27562734E+001
7.70000000 3.70000000 3.77225635E+001
7.70000000 3.80000000 3.26888536E+001
7.70000000 3.90000000 2.85024469E+001
7.70000000 4.00000000 2.54457778E+001
7.70000000 4.10000000 2.23891087E+001
7.70000000 4.20000000 1.93324396E+001
7.70000000 4.30000000 1.74549667E+001
7.70000000 4.40000000 1.57740264E+001
7.70000000 4.50000000 1.40930862E+001
7.70000000 4.60000000 1.26646449E+001
7.70000000 4.70000000 1.18674511E+001
7.70000000 4.80000000 1.10702572E+001
7.70000000 4.90000000 1.02730633E+001
7.70000000 5.00000000 9.83379321E+000
7.70000000 5.10000000 9.53769263E+000
7.70000000 5.20000000 9.24159204E+000
7.70000000 5.30000000 8.97802999E+000
7.70000000 5.40000000 8.90969908E+000
7.70000000 5.50000000 8.84136818E+000
7.70000000 5.60000000 8.77303728E+000
7.70000000 5.70000000 8.74114952E+000
7.70000000 5.80000000 8.73659413E+000
7.70000000 5.90000000 8.73203873E+000
7.70000000 6.00000000 8.72748334E+000
7.70000000 6.10000000 8.73203873E+000
7.70000000 6.20000000 8.73659413E+000
7.70000000 6.30000000 8.74114952E+000
7.70000000 6.40000000 8.77303728E+000
7.70000000 6.50000000 8.84136818E+000
7.70000000 6.60000000 8.90969908E+000
7.70000000 6.70000000 8.97802999E+000
7.70000000 6.80000000 9.24159204E+000
7.70000000 6.90000000 9.53769263E+000
7.70000000 7.00000000 9.83379321E+000
7.70000000 7.10000000 1.02730633E+001
7.70000000 7.20000000 1.10702572E+001
7.70000000 7.30000000 1.18674511E+001
7.70000000 7.40000000 1.26646449E+001
7.70000000 7.50000000 1.40930862E+001
7.70000000 7.60000000 1.57740264E+001
7.70000000 7.70000000 1.74549667E+001
7.70000000 7.80000000 1.93324396E+001
7.70000000 7.90000000 2.23891087E+001
7.70000000 8.00000000 2.54457778E+001
7.70000000 8.10000000 2.85024469E+001
7.70000000 8.20000000 3.26888536E+001
7.70000000 8.30000000 3.77225635E+001
7.70000000 8.40000000 4.27562734E+001
7.70000000 8.50000000 4.77899833E+001
7.70000000 8.60000000 5.55113755E+001
7.70000000 8.70000000 6.32327676E+001
7.70000000 8.80000000 7.09541597E+001
7.70000000 8.90000000 8.01788317E+001
7.70000000 9.00000000 9.14078769E+001
7.70000000 9.10000000 1.02636922E+002
7.70000000 9.20000000 1.13865967E+002
7.70000000 9.30000000 1.28898115E+002
7.70000000 9.40000000 1.44564114E+002
7.70000000 9.50000000 1.60230112E+002
7.70000000 9.60000000 1.77460563E+002
7.70000000 9.70000000 1.98602145E+002
7.70000000 9.80000000 2.19743727E+002
7.70000000 9.90000000 2.40885308E+002
7.70000000 10.00000000 2.66757991E+002
7.70000000 10.10000000 2.94523115E+002
7.70000000 10.20000000 3.22288239E+002
7.70000000 10.30000000 3.51179196E+002
7.70000000 10.40000000 3.86825151E+002
7.70000000 10.50000000 4.22471106E+002
7.70000000 10.60000000 4.58117061E+002
7.70000000 10.70000000 4.99047272E+002
7.70000000 10.80000000 5.43940676E+002
7.70000000 10.90000000 5.88834080E+002
7.70000000 11.00000000 6.33727483E+002
7.80000000 1.00000000 6.35604956E+002
7.80000000 1.10000000 5.90711552E+002
7.80000000 1.20000000 5.45818149E+002
7.80000000 1.30000000 5.00924745E+002
7.80000000 1.40000000 4.59994534E+002
7.80000000 1.50000000 4.24348579E+002
7.80000000 1.60000000 3.88702624E+002
7.80000000 1.70000000 3.53056669E+002
7.80000000 1.80000000 3.24165712E+002
7.80000000 1.90000000 2.96400588E+002
7.80000000 2.00000000 2.68635464E+002
7.80000000 2.10000000 2.42762781E+002
7.80000000 2.20000000 2.21621200E+002
7.80000000 2.30000000 2.00479618E+002
7.80000000 2.40000000 1.79338036E+002
7.80000000 2.50000000 1.62107585E+002
7.80000000 2.60000000 1.46441587E+002
7.80000000 2.70000000 1.30775588E+002
7.80000000 2.80000000 1.15743440E+002
7.80000000 2.90000000 1.04514395E+002
7.80000000 3.00000000 9.32853499E+001
7.80000000 3.10000000 8.20563047E+001
7.80000000 3.20000000 7.28316327E+001
7.80000000 3.30000000 6.51102405E+001
7.80000000 3.40000000 5.73888484E+001
7.80000000 3.50000000 4.96674563E+001
7.80000000 3.60000000 4.46337464E+001
7.80000000 3.70000000 3.96000364E+001
7.80000000 3.80000000 3.45663265E+001
7.80000000 3.90000000 3.03799198E+001
7.80000000 4.00000000 2.73232507E+001
7.80000000 4.10000000 2.42665816E+001
7.80000000 4.20000000 2.12099125E+001
7.80000000 4.30000000 1.93324396E+001
7.80000000 4.40000000 1.76514994E+001
7.80000000 4.50000000 1.59705591E+001
7.80000000 4.60000000 1.45421179E+001
7.80000000 4.70000000 1.37449240E+001
7.80000000 4.80000000 1.29477301E+001
7.80000000 4.90000000 1.21505362E+001
7.80000000 5.00000000 1.17112661E+001
7.80000000 5.10000000 1.14151656E+001
7.80000000 5.20000000 1.11190650E+001
7.80000000 5.30000000 1.08555029E+001
7.80000000 5.40000000 1.07871720E+001
7.80000000 5.50000000 1.07188411E+001
7.80000000 5.60000000 1.06505102E+001
7.80000000 5.70000000 1.06186224E+001
7.80000000 5.80000000 1.06140671E+001
7.80000000 5.90000000 1.06095117E+001
7.80000000 6.00000000 1.06049563E+001
7.80000000 6.10000000 1.06095117E+001
7.80000000 6.20000000 1.06140671E+001
7.80000000 6.30000000 1.06186224E+001
7.80000000 6.40000000 1.06505102E+001
7.80000000 6.50000000 1.07188411E+001
7.80000000 6.60000000 1.07871720E+001
7.80000000 6.70000000 1.08555029E+001
7.80000000 6.80000000 1.11190650E+001
7.80000000 6.90000000 1.14151656E+001
7.80000000 7.00000000 1.17112661E+001
7.80000000 7.10000000 1.21505362E+001
7.80000000 7.20000000 1.29477301E+001
7.80000000 7.30000000 1.37449240E+001
7.80000000 7.40000000 1.45421179E+001
7.80000000 7.50000000 1.59705591E+001
7.80000000 7.60000000 1.76514994E+001
7.80000000 7.70000000 1.93324396E+001
7.80000000 7.80000000 2.12099125E+001
7.80000000 7.90000000 2.42665816E+001
7.80000000 8.00000000 2.73232507E+001
7.80000000 8.10000000 3.03799198E+001
7.80000000 8.20000000 3.45663265E+001
7.80000000 8.30000000 3.96000364E+001
7.80000000 8.40000000 4.46337464E+001
7.80000000 8.50000000 4.96674563E+001
7.80000000 8.60000000 5.73888484E+001
7.80000000 8.70000000 6.51102405E+001
7.80000000 8.80000000 7.28316327E+001
7.80000000 8.90000000 8.20563047E+001
7.80000000 9.00000000 9.32853499E+001
7.80000000 9.10000000 1.04514395E+002
7.80000000 9.20000000 1.15743440E+002
7.80000000 9.30000000 1.30775588E+002
7.80000000 9.40000000 1.46441587E+002
7.80000000 9.50000000 1.62107585E+002
7.80000000 9.60000000 1.79338036E+002
7.80000000 9.70000000 2.00479618E+002
7.80000000 9.80000000 2.21621200E+002
7.80000000 9.90000000 2.42762781E+002
7.80000000 10.00000000 2.68635464E+002
7.80000000 10.10000000 2.96400588E+002
7.80000000 10.20000000 3.24165712E+002
7.80000000 10.30000000 3.53056669E+002
7.80000000 10.40000000 3.88702624E+002
7.80000000 10.50000000 4.24348579E+002
7.80000000 10.60000000 4.59994534E+002
7.80000000 10.70000000 5.00924745E+002
7.80000000 10.80000000 5.45818149E+002
7.80000000 10.90000000 5.90711552E+002
7.80000000 11.00000000 6.35604956E+002
7.90000000 1.00000000 6.38661625E+002
7.90000000 1.10000000 5.93768222E+002
7.90000000 1.20000000 5.48874818E+002
7.90000000 1.30000000 5.03981414E+002
7.90000000 1.40000000 4.63051203E+002
7.90000000 1.50000000 4.27405248E+002
7.90000000 1.60000000 3.91759293E+002
7.90000000 1.70000000 3.56113338E+002
7.90000000 1.80000000 3.27222381E+002
7.90000000 1.90000000 2.99457257E+002
7.90000000 2.00000000 2.71692133E+002
7.90000000 2.10000000 2.45819450E+002
7.90000000 2.20000000 2.24677869E+002
7.90000000 2.30000000 2.03536287E+002
7.90000000 2.40000000 1.82394705E+002
7.90000000 2.50000000 1.65164254E+002
7.90000000 2.60000000 1.49498256E+002
7.90000000 2.70000000 1.33832257E+002
7.90000000 2.80000000 1.18800109E+002
7.90000000 2.90000000 1.07571064E+002
7.90000000 3.00000000 9.63420190E+001
7.90000000 3.10000000 8.51129738E+001
7.90000000 3.20000000 7.58883017E+001
7.90000000 3.30000000 6.81669096E+001
7.90000000 3.40000000 6.04455175E+001
7.90000000 3.50000000 5.27241254E+001
7.90000000 3.60000000 4.76904155E+001
7.90000000 3.70000000 4.26567055E+001
7.90000000 3.80000000 3.76229956E+001
7.90000000 3.90000000 3.34365889E+001
7.90000000 4.00000000 3.03799198E+001
7.90000000 4.10000000 2.73232507E+001
7.90000000 4.20000000 2.42665816E+001
7.90000000 4.30000000 2.23891087E+001
7.90000000 4.40000000 2.07081685E+001
7.90000000 4.50000000 1.90272282E+001
7.90000000 4.60000000 1.75987870E+001
7.90000000 4.70000000 1.68015931E+001
7.90000000 4.80000000 1.60043992E+001
7.90000000 4.90000000 1.52072053E+001
7.90000000 5.00000000 1.47679352E+001
7.90000000 5.10000000 1.44718347E+001
7.90000000 5.20000000 1.41757341E+001
7.90000000 5.30000000 1.39121720E+001
7.90000000 5.40000000 1.38438411E+001
7.90000000 5.50000000 1.37755102E+001
7.90000000 5.60000000 1.37071793E+001
7.90000000 5.70000000 1.36752915E+001
7.90000000 5.80000000 1.36707362E+001
7.90000000 5.90000000 1.36661808E+001
7.90000000 6.00000000 1.36616254E+001
7.90000000 6.10000000 1.36661808E+001
7.90000000 6.20000000 1.36707362E+001
7.90000000 6.30000000 1.36752915E+001
7.90000000 6.40000000 1.37071793E+001
7.90000000 6.50000000 1.37755102E+001
7.90000000 6.60000000 1.38438411E+001
7.90000000 6.70000000 1.39121720E+001
7.90000000 6.80000000 1.41757341E+001
7.90000000 6.90000000 1.44718347E+001
7.90000000 7.00000000 1.47679352E+001
7.90000000 7.10000000 1.52072053E+001
7.90000000 7.20000000 1.60043992E+001
7.90000000 7.30000000 1.68015931E+001
7.90000000 7.40000000 1.75987870E+001
7.90000000 7.50000000 1.90272282E+001
7.90000000 7.60000000 2.07081685E+001
7.90000000 7.70000000 2.23891087E+001
7.90000000 7.80000000 2.42665816E+001
7.90000000 7.90000000 2.73232507E+001
7.90000000 8.00000000 3.03799198E+001
7.90000000 8.10000000 3.34365889E+001
7.90000000 8.20000000 3.76229956E+001
7.90000000 8.30000000 4.26567055E+001
7.90000000 8.40000000 4.76904155E+001
7.90000000 8.50000000 5.27241254E+001
7.90000000 8.60000000 6.04455175E+001
7.90000000 8.70000000 6.81669096E+001
7.90000000 8.80000000 7.58883017E+001
7.90000000 8.90000000 8.51129738E+001
7.90000000 9.00000000 9.63420190E+001
7.90000000 9.10000000 1.07571064E+002
7.90000000 9.20000000 1.18800109E+002
7.90000000 9.30000000 1.33832257E+002
7.90000000 9.40000000 1.49498256E+002
7.90000000 9.50000000 1.65164254E+002
7.90000000 9.60000000 1.82394705E+002
7.90000000 9.70000000 2.03536287E+002
7.90000000 9.80000000 2.24677869E+002
7.90000000 9.90000000 2.45819450E+002
7.90000000 10.00000000 2.71692133E+002
7.90000000 10.10000000 2.99457257E+002
7.90000000 10.20000000 3.27222381E+002
7.90000000 10.30000000 3.56113338E+002
7.90000000 10.40000000 3.91759293E+002
7.90000000 10.50000000 4.27405248E+002
7.90000000 10.60000000 4.63051203E+002
7.90000000 10.70000000 5.03981414E+002
7.90000000 10.80000000 5.48874818E+002
7.90000000 10.90000000 5.93768222E+002
7.90000000 11.00000000 6.38661625E+002
8.00000000 1.00000000 6.41718294E+002
8.00000000 1.10000000 5.96824891E+002
8.00000000 1.20000000 5.51931487E+002
8.00000000 1.30000000 5.07038083E+002
8.00000000 1.40000000 4.66107872E+002
8.00000000 1.50000000 4.30461917E+002
8.00000000 1.60000000 3.94815962E+002
8.00000000 1.70000000 3.59170007E+002
8.00000000 1.80000000 3.30279050E+002
8.00000000 1.90000000 3.02513926E+002
8.00000000 2.00000000 2.74748803E+002
8.00000000 2.10000000 2.48876119E+002
8.00000000 2.20000000 2.27734538E+002
8.00000000 2.30000000 2.06592956E+002
8.00000000 2.40000000 1.85451374E+002
8.00000000 2.50000000 1.68220924E+002
8.00000000 2.60000000 1.52554925E+002
8.00000000 2.70000000 1.36888926E+002
8.00000000 2.80000000 1.21856778E+002
8.00000000 2.90000000 1.10627733E+002
8.00000000 3.00000000 9.93986880E+001
8.00000000 3.10000000 8.81696429E+001
8.00000000 3.20000000 7.89449708E+001
8.00000000 3.30000000 7.12235787E+001
8.00000000 3.40000000 6.35021866E+001
8.00000000 3.50000000 5.57807945E+001
8.00000000 3.60000000 5.07470845E+001
8.00000000 3.70000000 4.57133746E+001
8.00000000 3.80000000 4.06796647E+001
8.00000000 3.90000000 3.64932580E+001
8.00000000 4.00000000 3.34365889E+001
8.00000000 4.10000000 3.03799198E+001
8.00000000 4.20000000 2.73232507E+001
8.00000000 4.30000000 2.54457778E+001
8.00000000 4.40000000 2.37648376E+001
8.00000000 4.50000000 2.20838973E+001
8.00000000 4.60000000 2.06554561E+001
8.00000000 4.70000000 1.98582622E+001
8.00000000 4.80000000 1.90610683E+001
8.00000000 4.90000000 1.82638744E+001
8.00000000 5.00000000 1.78246043E+001
8.00000000 5.10000000 1.75285037E+001
8.00000000 5.20000000 1.72324032E+001
8.00000000 5.30000000 1.69688411E+001
8.00000000 5.40000000 1.69005102E+001
8.00000000 5.50000000 1.68321793E+001
8.00000000 5.60000000 1.67638484E+001
8.00000000 5.70000000 1.67319606E+001
8.00000000 5.80000000 1.67274052E+001
8.00000000 5.90000000 1.67228499E+001
8.00000000 6.00000000 1.67182945E+001
8.00000000 6.10000000 1.67228499E+001
8.00000000 6.20000000 1.67274052E+001
8.00000000 6.30000000 1.67319606E+001
8.00000000 6.40000000 1.67638484E+001
8.00000000 6.50000000 1.68321793E+001
8.00000000 6.60000000 1.69005102E+001
8.00000000 6.70000000 1.69688411E+001
8.00000000 6.80000000 1.72324032E+001
8.00000000 6.90000000 1.75285037E+001
8.00000000 7.00000000 1.78246043E+001
8.00000000 7.10000000 1.82638744E+001
8.00000000 7.20000000 1.90610683E+001
8.00000000 7.30000000 1.98582622E+001
8.00000000 7.40000000 2.06554561E+001
8.00000000 7.50000000 2.20838973E+001
8.00000000 7.60000000 2.37648376E+001
8.00000000 7.70000000 2.54457778E+001
8.00000000 7.80000000 2.73232507E+001
8.00000000 7.90000000 3.03799198E+001
8.00000000 8.00000000 3.34365889E+001
8.00000000 8.10000000 3.64932580E+001
8.00000000 8.20000000 4.06796647E+001
8.00000000 8.30000000 4.57133746E+001
8.00000000 8.40000000 5.07470845E+001
8.00000000 8.50000000 5.57807945E+001
8.00000000 8.60000000 6.35021866E+001
8.00000000 8.70000000 7.12235787E+001
8.00000000 8.80000000 7.89449708E+001
8.00000000 8.90000000 8.81696429E+001
8.00000000 9.00000000 9.93986880E+001
8.00000000 9.10000000 1.10627733E+002
8.00000000 9.20000000 1.21856778E+002
8.00000000 9.30000000 1.36888926E+002
8.00000000 9.40000000 1.52554925E+002
8.00000000 9.50000000 1.68220924E+002
8.00000000 9.60000000 1.85451374E+002
8.00000000 9.70000000 2.06592956E+002
8.00000000 9.80000000 2.27734538E+002
8.00000000 9.90000000 2.48876119E+002
8.00000000 10.00000000 2.74748803E+002
8.00000000 10.10000000 3.02513926E+002
8.00000000 10.20000000 3.30279050E+002
8.00000000 10.30000000 3.59170007E+002
8.00000000 10.40000000 3.94815962E+002
8.00000000 10.50000000 4.30461917E+002
8.00000000 10.60000000 4.66107872E+002
8.00000000 10.70000000 5.07038083E+002
8.00000000 10.80000000 5.51931487E+002
8.00000000 10.90000000 5.96824891E+002
8.00000000 11.00000000 6.41718294E+002
8.10000000 1.00000000 6.44774964E+002
8.10000000 1.10000000 5.99881560E+002
8.10000000 1.20000000 5.54988156E+002
8.10000000 1.30000000 5.10094752E+002
8.10000000 1.40000000 4.69164541E+002
8.10000000 1.50000000 4.33518586E+002
8.10000000 1.60000000 3.97872631E+002
8.10000000 1.70000000 3.62226676E+002
8.10000000 1.80000000 3.33335719E+002
8.10000000 1.90000000 3.05570596E+002
8.10000000 2.00000000 2.77805472E+002
8.10000000 2.10000000 2.51932788E+002
8.10000000 2.20000000 2.30791207E+002
8.10000000 2.30000000 2.09649625E+002
8.10000000 2.40000000 1.88508044E+002
8.10000000 2.50000000 1.71277593E+002
8.10000000 2.60000000 1.55611594E+002
8.10000000 2.70000000 1.39945596E+002
8.10000000 2.80000000 1.24913448E+002
8.10000000 2.90000000 1.13684402E+002
8.10000000 3.00000000 1.02455357E+002
8.10000000 3.10000000 9.12263120E+001
8.10000000 3.20000000 8.20016399E+001
8.10000000 3.30000000 7.42802478E+001
8.10000000 3.40000000 6.65588557E+001
8.10000000 3.50000000 5.88374636E+001
8.10000000 3.60000000 5.38037536E+001
8.10000000 3.70000000 4.87700437E+001
8.10000000 3.80000000 4.37363338E+001
8.10000000 3.90000000 3.95499271E+001
8.10000000 4.00000000 3.64932580E+001
8.10000000 4.10000000 3.34365889E+001
8.10000000 4.20000000 3.03799198E+001
8.10000000 4.30000000 2.85024469E+001
8.10000000 4.40000000 2.68215067E+001
8.10000000 4.50000000 2.51405664E+001
8.10000000 4.60000000 2.37121252E+001
8.10000000 4.70000000 2.29149313E+001
8.10000000 4.80000000 2.21177374E+001
8.10000000 4.90000000 2.13205435E+001
8.10000000 5.00000000 2.08812734E+001
8.10000000 5.10000000 2.05851728E+001
8.10000000 5.20000000 2.02890723E+001
8.10000000 5.30000000 2.00255102E+001
8.10000000 5.40000000 1.99571793E+001
8.10000000 5.50000000 1.98888484E+001
8.10000000 5.60000000 1.98205175E+001
8.10000000 5.70000000 1.97886297E+001
8.10000000 5.80000000 1.97840743E+001
8.10000000 5.90000000 1.97795190E+001
8.10000000 6.00000000 1.97749636E+001
8.10000000 6.10000000 1.97795190E+001
8.10000000 6.20000000 1.97840743E+001
8.10000000 6.30000000 1.97886297E+001
8.10000000 6.40000000 1.98205175E+001
8.10000000 6.50000000 1.98888484E+001
8.10000000 6.60000000 1.99571793E+001
8.10000000 6.70000000 2.00255102E+001
8.10000000 6.80000000 2.02890723E+001
8.10000000 6.90000000 2.05851728E+001
8.10000000 7.00000000 2.08812734E+001
8.10000000 7.10000000 2.13205435E+001
8.10000000 7.20000000 2.21177374E+001
8.10000000 7.30000000 2.29149313E+001
8.10000000 7.40000000 2.37121252E+001
8.10000000 7.50000000 2.51405664E+001
8.10000000 7.60000000 2.68215067E+001
8.10000000 7.70000000 2.85024469E+001
8.10000000 7.80000000 3.03799198E+001
8.10000000 7.90000000 3.34365889E+001
8.10000000 8.00000000 3.64932580E+001
8.10000000 8.10000000 3.95499271E+001
8.10000000 8.20000000 4.37363338E+001
8.10000000 8.30000000 4.87700437E+001
8.10000000 8.40000000 5.38037536E+001
8.10000000 8.50000000 5.88374636E+001
8.10000000 8.60000000 6.65588557E+001
8.10000000 8.70000000 7.42802478E+001
8.10000000 8.80000000 8.20016399E+001
8.10000000 8.90000000 9.12263120E+001
8.10000000 9.00000000 1.02455357E+002
8.10000000 9.10000000 1.13684402E+002
8.10000000 9.20000000 1.24913448E+002
8.10000000 9.30000000 1.39945596E+002
8.10000000 9.40000000 1.55611594E+002
8.10000000 9.50000000 1.71277593E+002
8.10000000 9.60000000 1.88508044E+002
8.10000000 9.70000000 2.09649625E+002
8.10000000 9.80000000 2.30791207E+002
8.10000000 9.90000000 2.51932788E+002
8.10000000 10.00000000 2.77805472E+002
8.10000000 10.10000000 3.05570596E+002
8.10000000 10.20000000 3.33335719E+002
8.10000000 10.30000000 3.62226676E+002
8.10000000 10.40000000 3.97872631E+002
8.10000000 10.50000000 4.33518586E+002
8.10000000 10.60000000 4.69164541E+002
8.10000000 10.70000000 5.10094752E+002
8.10000000 10.80000000 5.54988156E+002
8.10000000 10.90000000 5.99881560E+002
8.10000000 11.00000000 6.44774964E+002
8.20000000 1.00000000 6.48961370E+002
8.20000000 1.10000000 6.04067966E+002
8.20000000 1.20000000 5.59174563E+002
8.20000000 1.30000000 5.14281159E+002
8.20000000 1.40000000 4.73350948E+002
8.20000000 1.50000000 4.37704993E+002
8.20000000 1.60000000 4.02059038E+002
8.20000000 1.70000000 3.66413083E+002
8.20000000 1.80000000 3.37522126E+002
8.20000000 1.90000000 3.09757002E+002
8.20000000 2.00000000 2.81991878E+002
8.20000000 2.10000000 2.56119195E+002
8.20000000 2.20000000 2.34977613E+002
8.20000000 2.30000000 2.13836032E+002
8.20000000 2.40000000 1.92694450E+002
8.20000000 2.50000000 1.75463999E+002
8.20000000 2.60000000 1.59798001E+002
8.20000000 2.70000000 1.44132002E+002
8.20000000 2.80000000 1.29099854E+002
8.20000000 2.90000000 1.17870809E+002
8.20000000 3.00000000 1.06641764E+002
8.20000000 3.10000000 9.54127187E+001
8.20000000 3.20000000 8.61880466E+001
8.20000000 3.30000000 7.84666545E+001
8.20000000 3.40000000 7.07452624E+001
8.20000000 3.50000000 6.30238703E+001
8.20000000 3.60000000 5.79901603E+001
8.20000000 3.70000000 5.29564504E+001
8.20000000 3.80000000 4.79227405E+001
8.20000000 3.90000000 4.37363338E+001
8.20000000 4.00000000 4.06796647E+001
8.20000000 4.10000000 3.76229956E+001
8.20000000 4.20000000 3.45663265E+001
8.20000000 4.30000000 3.26888536E+001
8.20000000 4.40000000 3.10079134E+001
8.20000000 4.50000000 2.93269731E+001
8.20000000 4.60000000 2.78985319E+001
8.20000000 4.70000000 2.71013380E+001
8.20000000 4.80000000 2.63041441E+001
8.20000000 4.90000000 2.55069502E+001
8.20000000 5.00000000 2.50676801E+001
8.20000000 5.10000000 2.47715796E+001
8.20000000 5.20000000 2.44754790E+001
8.20000000 5.30000000 2.42119169E+001
8.20000000 5.40000000 2.41435860E+001
8.20000000 5.50000000 2.40752551E+001
8.20000000 5.60000000 2.40069242E+001
8.20000000 5.70000000 2.39750364E+001
8.20000000 5.80000000 2.39704810E+001
8.20000000 5.90000000 2.39659257E+001
8.20000000 6.00000000 2.39613703E+001
8.20000000 6.10000000 2.39659257E+001
8.20000000 6.20000000 2.39704810E+001
8.20000000 6.30000000 2.39750364E+001
8.20000000 6.40000000 2.40069242E+001
8.20000000 6.50000000 2.40752551E+001
8.20000000 6.60000000 2.41435860E+001
8.20000000 6.70000000 2.42119169E+001
8.20000000 6.80000000 2.44754790E+001
8.20000000 6.90000000 2.47715796E+001
8.20000000 7.00000000 2.50676801E+001
8.20000000 7.10000000 2.55069502E+001
8.20000000 7.20000000 2.63041441E+001
8.20000000 7.30000000 2.71013380E+001
8.20000000 7.40000000 2.78985319E+001
8.20000000 7.50000000 2.93269731E+001
8.20000000 7.60000000 3.10079134E+001
8.20000000 7.70000000 3.26888536E+001
8.20000000 7.80000000 3.45663265E+001
8.20000000 7.90000000 3.76229956E+001
8.20000000 8.00000000 4.06796647E+001
8.20000000 8.10000000 4.37363338E+001
8.20000000 8.20000000 4.79227405E+001
8.20000000 8.30000000 5.29564504E+001
8.20000000 8.40000000 5.79901603E+001
8.20000000 8.50000000 6.30238703E+001
8.20000000 8.60000000 7.07452624E+001
8.20000000 8.70000000 7.84666545E+001
8.20000000 8.80000000 8.61880466E+001
8.20000000 8.90000000 9.54127187E+001
8.20000000 9.00000000 1.06641764E+002
8.20000000 9.10000000 1.17870809E+002
8.20000000 9.20000000 1.29099854E+002
8.20000000 9.30000000 1.44132002E+002
8.20000000 9.40000000 1.59798001E+002
8.20000000 9.50000000 1.75463999E+002
8.20000000 9.60000000 1.92694450E+002
8.20000000 9.70000000 2.13836032E+002
8.20000000 9.80000000 2.34977613E+002
8.20000000 9.90000000 2.56119195E+002
8.20000000 10.00000000 2.81991878E+002
8.20000000 10.10000000 3.09757002E+002
8.20000000 10.20000000 3.37522126E+002
8.20000000 10.30000000 3.66413083E+002
8.20000000 10.40000000 4.02059038E+002
8.20000000 10.50000000 4.37704993E+002
8.20000000 10.60000000 4.73350948E+002
8.20000000 10.70000000 5.14281159E+002
8.20000000 10.80000000 5.59174563E+002
8.20000000 10.90000000 6.04067966E+002
8.20000000 11.00000000 6.48961370E+002
8.30000000 1.00000000 6.53995080E+002
8.30000000 1.10000000 6.09101676E+002
8.30000000 1.20000000 5.64208273E+002
8.30000000 1.30000000 5.19314869E+002
8.30000000 1.40000000 4.78384657E+002
8.30000000 1.50000000 4.42738703E+002
8.30000000 1.60000000 4.07092748E+002
8.30000000 1.70000000 3.71446793E+002
8.30000000 1.80000000 3.42555836E+002
8.30000000 1.90000000 3.14790712E+002
8.30000000 2.00000000 2.87025588E+002
8.30000000 2.10000000 2.61152905E+002
8.30000000 2.20000000 2.40011323E+002
8.30000000 2.30000000 2.18869742E+002
8.30000000 2.40000000 1.97728160E+002
8.30000000 2.50000000 1.80497709E+002
8.30000000 2.60000000 1.64831711E+002
8.30000000 2.70000000 1.49165712E+002
8.30000000 2.80000000 1.34133564E+002
8.30000000 2.90000000 1.22904519E+002
8.30000000 3.00000000 1.11675474E+002
8.30000000 3.10000000 1.00446429E+002
8.30000000 3.20000000 9.12217566E+001
8.30000000 3.30000000 8.35003644E+001
8.30000000 3.40000000 7.57789723E+001
8.30000000 3.50000000 6.80575802E+001
8.30000000 3.60000000 6.30238703E+001
8.30000000 3.70000000 5.79901603E+001
8.30000000 3.80000000 5.29564504E+001
8.30000000 3.90000000 4.87700437E+001
8.30000000 4.00000000 4.57133746E+001
8.30000000 4.10000000 4.26567055E+001
8.30000000 4.20000000 3.96000364E+001
8.30000000 4.30000000 3.77225635E+001
8.30000000 4.40000000 3.60416233E+001
8.30000000 4.50000000 3.43606830E+001
8.30000000 4.60000000 3.29322418E+001
8.30000000 4.70000000 3.21350479E+001
8.30000000 4.80000000 3.13378540E+001
8.30000000 4.90000000 3.05406601E+001
8.30000000 5.00000000 3.01013900E+001
8.30000000 5.10000000 2.98052895E+001
8.30000000 5.20000000 2.95091889E+001
8.30000000 5.30000000 2.92456268E+001
8.30000000 5.40000000 2.91772959E+001
8.30000000 5.50000000 2.91089650E+001
8.30000000 5.60000000 2.90406341E+001
8.30000000 5.70000000 2.90087464E+001
8.30000000 5.80000000 2.90041910E+001
8.30000000 5.90000000 2.89996356E+001
8.30000000 6.00000000 2.89950802E+001
8.30000000 6.10000000 2.89996356E+001
8.30000000 6.20000000 2.90041910E+001
8.30000000 6.30000000 2.90087464E+001
8.30000000 6.40000000 2.90406341E+001
8.30000000 6.50000000 2.91089650E+001
8.30000000 6.60000000 2.91772959E+001
8.30000000 6.70000000 2.92456268E+001
8.30000000 6.80000000 2.95091889E+001
8.30000000 6.90000000 2.98052895E+001
8.30000000 7.00000000 3.01013900E+001
8.30000000 7.10000000 3.05406601E+001
8.30000000 7.20000000 3.13378540E+001
8.30000000 7.30000000 3.21350479E+001
8.30000000 7.40000000 3.29322418E+001
8.30000000 7.50000000 3.43606830E+001
8.30000000 7.60000000 3.60416233E+001
8.30000000 7.70000000 3.77225635E+001
8.30000000 7.80000000 3.96000364E+001
8.30000000 7.90000000 4.26567055E+001
8.30000000 8.00000000 4.57133746E+001
8.30000000 8.10000000 4.87700437E+001
8.30000000 8.20000000 5.29564504E+001
8.30000000 8.30000000 5.79901603E+001
8.30000000 8.40000000 6.30238703E+001
8.30000000 8.50000000 6.80575802E+001
8.30000000 8.60000000 7.57789723E+001
8.30000000 8.70000000 8.35003644E+001
8.30000000 8.80000000 9.12217566E+001
8.30000000 8.90000000 1.00446429E+002
8.30000000 9.00000000 1.11675474E+002
8.30000000 9.10000000 1.22904519E+002
8.30000000 9.20000000 1.34133564E+002
8.30000000 9.30000000 1.49165712E+002
8.30000000 9.40000000 1.64831711E+002
8.30000000 9.50000000 1.80497709E+002
8.30000000 9.60000000 1.97728160E+002
8.30000000 9.70000000 2.18869742E+002
8.30000000 9.80000000 2.40011323E+002
8.30000000 9.90000000 2.61152905E+002
8.30000000 10.00000000 2.87025588E+002
8.30000000 10.10000000 3.14790712E+002
8.30000000 10.20000000 3.42555836E+002
8.30000000 10.30000000 3.71446793E+002
8.30000000 10.40000000 4.07092748E+002
8.30000000 10.50000000 4.42738703E+002
8.30000000 10.60000000 4.78384657E+002
8.30000000 10.70000000 5.19314869E+002
8.30000000 10.80000000 5.64208273E+002
8.30000000 10.90000000 6.09101676E+002
8.30000000 11.00000000 6.53995080E+002
8.40000000 1.00000000 6.59028790E+002
8.40000000 1.10000000 6.14135386E+002
8.40000000 1.20000000 5.69241983E+002
8.40000000 1.30000000 5.24348579E+002
8.40000000 1.40000000 4.83418367E+002
8.40000000 1.50000000 4.47772413E+002
8.40000000 1.60000000 4.12126458E+002
8.40000000 1.70000000 3.76480503E+002
8.40000000 1.80000000 3.47589546E+002
8.40000000 1.90000000 3.19824422E+002
8.40000000 2.00000000 2.92059298E+002
8.40000000 2.10000000 2.66186615E+002
8.40000000 2.20000000 2.45045033E+002
8.40000000 2.30000000 2.23903452E+002
8.40000000 2.40000000 2.02761870E+002
8.40000000 2.50000000 1.85531419E+002
8.40000000 2.60000000 1.69865421E+002
8.40000000 2.70000000 1.54199422E+002
8.40000000 2.80000000 1.39167274E+002
8.40000000 2.90000000 1.27938229E+002
8.40000000 3.00000000 1.16709184E+002
8.40000000 3.10000000 1.05480138E+002
8.40000000 3.20000000 9.62554665E+001
8.40000000 3.30000000 8.85340743E+001
8.40000000 3.40000000 8.08126822E+001
8.40000000 3.50000000 7.30912901E+001
8.40000000 3.60000000 6.80575802E+001
8.40000000 3.70000000 6.30238703E+001
8.40000000 3.80000000 5.79901603E+001
8.40000000 3.90000000 5.38037536E+001
8.40000000 4.00000000 5.07470845E+001
8.40000000 4.10000000 4.76904155E+001
8.40000000 4.20000000 4.46337464E+001
8.40000000 4.30000000 4.27562734E+001
8.40000000 4.40000000 4.10753332E+001
8.40000000 4.50000000 3.93943930E+001
8.40000000 4.60000000 3.79659517E+001
8.40000000 4.70000000 3.71687578E+001
8.40000000 4.80000000 3.63715639E+001
8.40000000 4.90000000 3.55743701E+001
8.40000000 5.00000000 3.51351000E+001
8.40000000 5.10000000 3.48389994E+001
8.40000000 5.20000000 3.45428988E+001
8.40000000 5.30000000 3.42793367E+001
8.40000000 5.40000000 3.42110058E+001
8.40000000 5.50000000 3.41426749E+001
8.40000000 5.60000000 3.40743440E+001
8.40000000 5.70000000 3.40424563E+001
8.40000000 5.80000000 3.40379009E+001
8.40000000 5.90000000 3.40333455E+001
8.40000000 6.00000000 3.40287901E+001
8.40000000 6.10000000 3.40333455E+001
8.40000000 6.20000000 3.40379009E+001
8.40000000 6.30000000 3.40424563E+001
8.40000000 6.40000000 3.40743440E+001
8.40000000 6.50000000 3.41426749E+001
8.40000000 6.60000000 3.42110058E+001
8.40000000 6.70000000 3.42793367E+001
8.40000000 6.80000000 3.45428988E+001
8.40000000 6.90000000 3.48389994E+001
8.40000000 7.00000000 3.51351000E+001
8.40000000 7.10000000 3.55743701E+001
8.40000000 7.20000000 3.63715639E+001
8.40000000 7.30000000 3.71687578E+001
8.40000000 7.40000000 3.79659517E+001
8.40000000 7.50000000 3.93943930E+001
8.40000000 7.60000000 4.10753332E+001
8.40000000 7.70000000 4.27562734E+001
8.40000000 7.80000000 4.46337464E+001
8.40000000 7.90000000 4.76904155E+001
8.40000000 8.00000000 5.07470845E+001
8.40000000 8.10000000 5.38037536E+001
8.40000000 8.20000000 5.79901603E+001
8.40000000 8.30000000 6.30238703E+001
8.40000000 8.40000000 6.80575802E+001
8.40000000 8.50000000 7.30912901E+001
8.40000000 8.60000000 8.08126822E+001
8.40000000 8.70000000 8.85340743E+001
8.40000000 8.80000000 9.62554665E+001
8.40000000 8.90000000 1.05480138E+002
8.40000000 9.00000000 1.16709184E+002
8.40000000 9.10000000 1.27938229E+002
8.40000000 9.20000000 1.39167274E+002
8.40000000 9.30000000 1.54199422E+002
8.40000000 9.40000000 1.69865421E+002
8.40000000 9.50000000 1.85531419E+002
8.40000000 9.60000000 2.02761870E+002
8.40000000 9.70000000 2.23903452E+002
8.40000000 9.80000000 2.45045033E+002
8.40000000 9.90000000 2.66186615E+002
8.40000000 10.00000000 2.92059298E+002
8.40000000 10.10000000 3.19824422E+002
8.40000000 10.20000000 3.47589546E+002
8.40000000 10.30000000 3.76480503E+002
8.40000000 10.40000000 4.12126458E+002
8.40000000 10.50000000 4.47772413E+002
8.40000000 10.60000000 4.83418367E+002
8.40000000 10.70000000 5.24348579E+002
8.40000000 10.80000000 5.69241983E+002
8.40000000 10.90000000 6.14135386E+002
8.40000000 11.00000000 6.59028790E+002
8.50000000 1.00000000 6.64062500E+002
8.50000000 1.10000000 6.19169096E+002
8.50000000 1.20000000 5.74275692E+002
8.50000000 1.30000000 5.29382289E+002
8.50000000 1.40000000 4.88452077E+002
8.50000000 1.50000000 4.52806122E+002
8.50000000 1.60000000 4.17160168E+002
8.50000000 1.70000000 3.81514213E+002
8.50000000 1.80000000 3.52623256E+002
8.50000000 1.90000000 3.24858132E+002
8.50000000 2.00000000 2.97093008E+002
8.50000000 2.10000000 2.71220325E+002
8.50000000 2.20000000 2.50078743E+002
8.50000000 2.30000000 2.28937162E+002
8.50000000 2.40000000 2.07795580E+002
8.50000000 2.50000000 1.90565129E+002
8.50000000 2.60000000 1.74899131E+002
8.50000000 2.70000000 1.59233132E+002
8.50000000 2.80000000 1.44200984E+002
8.50000000 2.90000000 1.32971939E+002
8.50000000 3.00000000 1.21742894E+002
8.50000000 3.10000000 1.10513848E+002
8.50000000 3.20000000 1.01289176E+002
8.50000000 3.30000000 9.35677843E+001
8.50000000 3.40000000 8.58463921E+001
8.50000000 3.50000000 7.81250000E+001
8.50000000 3.60000000 7.30912901E+001
8.50000000 3.70000000 6.80575802E+001
8.50000000 3.80000000 6.30238703E+001
8.50000000 3.90000000 5.88374636E+001
8.50000000 4.00000000 5.57807945E+001
8.50000000 4.10000000 5.27241254E+001
8.50000000 4.20000000 4.96674563E+001
8.50000000 4.30000000 4.77899833E+001
8.50000000 4.40000000 4.61090431E+001
8.50000000 4.50000000 4.44281029E+001
8.50000000 4.60000000 4.29996616E+001
8.50000000 4.70000000 4.22024677E+001
8.50000000 4.80000000 4.14052738E+001
8.50000000 4.90000000 4.06080800E+001
8.50000000 5.00000000 4.01688099E+001
8.50000000 5.10000000 3.98727093E+001
8.50000000 5.20000000 3.95766087E+001
8.50000000 5.30000000 3.93130466E+001
8.50000000 5.40000000 3.92447157E+001
8.50000000 5.50000000 3.91763848E+001
8.50000000 5.60000000 3.91080539E+001
8.50000000 5.70000000 3.90761662E+001
8.50000000 5.80000000 3.90716108E+001
8.50000000 5.90000000 3.90670554E+001
8.50000000 6.00000000 3.90625000E+001
8.50000000 6.10000000 3.90670554E+001
8.50000000 6.20000000 3.90716108E+001
8.50000000 6.30000000 3.90761662E+001
8.50000000 6.40000000 3.91080539E+001
8.50000000 6.50000000 3.91763848E+001
8.50000000 6.60000000 3.92447157E+001
8.50000000 6.70000000 3.93130466E+001
8.50000000 6.80000000 3.95766087E+001
8.50000000 6.90000000 3.98727093E+001
8.50000000 7.00000000 4.01688099E+001
8.50000000 7.10000000 4.06080800E+001
8.50000000 7.20000000 4.14052738E+001
8.50000000 7.30000000 4.22024677E+001
8.50000000 7.40000000 4.29996616E+001
8.50000000 7.50000000 4.44281029E+001
8.50000000 7.60000000 4.61090431E+001
8.50000000 7.70000000 4.77899833E+001
8.50000000 7.80000000 4.96674563E+001
8.50000000 7.90000000 5.27241254E+001
8.50000000 8.00000000 5.57807945E+001
8.50000000 8.10000000 5.88374636E+001
8.50000000 8.20000000 6.30238703E+001
8.50000000 8.30000000 6.80575802E+001
8.50000000 8.40000000 7.30912901E+001
8.50000000 8.50000000 7.81250000E+001
8.50000000 8.60000000 8.58463921E+001
8.50000000 8.70000000 9.35677843E+001
8.50000000 8.80000000 1.01289176E+002
8.50000000 8.90000000 1.10513848E+002
8.50000000 9.00000000 1.21742894E+002
8.50000000 9.10000000 1.32971939E+002
8.50000000 9.20000000 1.44200984E+002
8.50000000 9.30000000 1.59233132E+002
8.50000000 9.40000000 1.74899131E+002
8.50000000 9.50000000 1.90565129E+002
8.50000000 9.60000000 2.07795580E+002
8.50000000 9.70000000 2.28937162E+002
8.50000000 9.80000000 2.50078743E+002
8.50000000 9.90000000 2.71220325E+002
8.50000000 10.00000000 2.97093008E+002
8.50000000 10.10000000 3.24858132E+002
8.50000000 10.20000000 3.52623256E+002
8.50000000 10.30000000 3.81514213E+002
8.50000000 10.40000000 4.17160168E+002
8.50000000 10.50000000 4.52806122E+002
8.50000000 10.60000000 4.88452077E+002
8.50000000 10.70000000 5.29382289E+002
8.50000000 10.80000000 5.74275692E+002
8.50000000 10.90000000 6.19169096E+002
8.50000000 11.00000000 6.64062500E+002
8.60000000 1.00000000 6.71783892E+002
8.60000000 1.10000000 6.26890488E+002
8.60000000 1.20000000 5.81997085E+002
8.60000000 1.30000000 5.37103681E+002
8.60000000 1.40000000 4.96173469E+002
8.60000000 1.50000000 4.60527515E+002
8.60000000 1.60000000 4.24881560E+002
8.60000000 1.70000000 3.89235605E+002
8.60000000 1.80000000 3.60344648E+002
8.60000000 1.90000000 3.32579524E+002
8.60000000 2.00000000 3.04814400E+002
8.60000000 2.10000000 2.78941717E+002
8.60000000 2.20000000 2.57800135E+002
8.60000000 2.30000000 2.36658554E+002
8.60000000 2.40000000 2.15516972E+002
8.60000000 2.50000000 1.98286521E+002
8.60000000 2.60000000 1.82620523E+002
8.60000000 2.70000000 1.66954524E+002
8.60000000 2.80000000 1.51922376E+002
8.60000000 2.90000000 1.40693331E+002
8.60000000 3.00000000 1.29464286E+002
8.60000000 3.10000000 1.18235241E+002
8.60000000 3.20000000 1.09010569E+002
8.60000000 3.30000000 1.01289176E+002
8.60000000 3.40000000 9.35677843E+001
8.60000000 3.50000000 8.58463921E+001
8.60000000 3.60000000 8.08126822E+001
8.60000000 3.70000000 7.57789723E+001
8.60000000 3.80000000 7.07452624E+001
8.60000000 3.90000000 6.65588557E+001
8.60000000 4.00000000 6.35021866E+001
8.60000000 4.10000000 6.04455175E+001
8.60000000 4.20000000 5.73888484E+001
8.60000000 4.30000000 5.55113755E+001
8.60000000 4.40000000 5.38304352E+001
8.60000000 4.50000000 5.21494950E+001
8.60000000 4.60000000 5.07210537E+001
8.60000000 4.70000000 4.99238599E+001
8.60000000 4.80000000 4.91266660E+001
8.60000000 4.90000000 4.83294721E+001
8.60000000 5.00000000 4.78902020E+001
8.60000000 5.10000000 4.75941014E+001
8.60000000 5.20000000 4.72980008E+001
8.60000000 5.30000000 4.70344388E+001
8.60000000 5.40000000 4.69661079E+001
8.60000000 5.50000000 4.68977770E+001
8.60000000 5.60000000 4.68294461E+001
8.60000000 5.70000000 4.67975583E+001
8.60000000 5.80000000 4.67930029E+001
8.60000000 5.90000000 4.67884475E+001
8.60000000 6.00000000 4.67838921E+001
8.60000000 6.10000000 4.67884475E+001
8.60000000 6.20000000 4.67930029E+001
8.60000000 6.30000000 4.67975583E+001
8.60000000 6.40000000 4.68294461E+001
8.60000000 6.50000000 4.68977770E+001
8.60000000 6.60000000 4.69661079E+001
8.60000000 6.70000000 4.70344388E+001
8.60000000 6.80000000 4.72980008E+001
8.60000000 6.90000000 4.75941014E+001
8.60000000 7.00000000 4.78902020E+001
8.60000000 7.10000000 4.83294721E+001
8.60000000 7.20000000 4.91266660E+001
8.60000000 7.30000000 4.99238599E+001
8.60000000 7.40000000 5.07210537E+001
8.60000000 7.50000000 5.21494950E+001
8.60000000 7.60000000 5.38304352E+001
8.60000000 7.70000000 5.55113755E+001
8.60000000 7.80000000 5.73888484E+001
8.60000000 7.90000000 6.04455175E+001
8.60000000 8.00000000 6.35021866E+001
8.60000000 8.10000000 6.65588557E+001
8.60000000 8.20000000 7.07452624E+001
8.60000000 8.30000000 7.57789723E+001
8.60000000 8.40000000 8.08126822E+001
8.60000000 8.50000000 8.58463921E+001
8.60000000 8.60000000 9.35677843E+001
8.60000000 8.70000000 1.01289176E+002
8.60000000 8.80000000 1.09010569E+002
8.60000000 8.90000000 1.18235241E+002
8.60000000 9.00000000 1.29464286E+002
8.60000000 9.10000000 1.40693331E+002
8.60000000 9.20000000 1.51922376E+002
8.60000000 9.30000000 1.66954524E+002
8.60000000 9.40000000 1.82620523E+002
8.60000000 9.50000000 1.98286521E+002
8.60000000 9.60000000 2.15516972E+002
8.60000000 9.70000000 2.36658554E+002
8.60000000 9.80000000 2.57800135E+002
8.60000000 9.90000000 2.78941717E+002
8.60000000 10.00000000 3.04814400E+002
8.60000000 10.10000000 3.32579524E+002
8.60000000 10.20000000 3.60344648E+002
8.60000000 10.30000000 3.89235605E+002
8.60000000 10.40000000 4.24881560E+002
8.60000000 10.50000000 4.60527515E+002
8.60000000 10.60000000 4.96173469E+002
8.60000000 10.70000000 5.37103681E+002
8.60000000 10.80000000 5.81997085E+002
8.60000000 10.90000000 6.26890488E+002
8.60000000 11.00000000 6.71783892E+002
8.70000000 1.00000000 6.79505284E+002
8.70000000 1.10000000 6.34611880E+002
8.70000000 1.20000000 5.89718477E+002
8.70000000 1.30000000 5.44825073E+002
8.70000000 1.40000000 5.03894862E+002
8.70000000 1.50000000 4.68248907E+002
8.70000000 1.60000000 4.32602952E+002
8.70000000 1.70000000 3.96956997E+002
8.70000000 1.80000000 3.68066040E+002
8.70000000 1.90000000 3.40300916E+002
8.70000000 2.00000000 3.12535792E+002
8.70000000 2.10000000 2.86663109E+002
8.70000000 2.20000000 2.65521527E+002
8.70000000 2.30000000 2.44379946E+002
8.70000000 2.40000000 2.23238364E+002
8.70000000 2.50000000 2.06007913E+002
8.70000000 2.60000000 1.90341915E+002
8.70000000 2.70000000 1.74675916E+002
8.70000000 2.80000000 1.59643768E+002
8.70000000 2.90000000 1.48414723E+002
8.70000000 3.00000000 1.37185678E+002
8.70000000 3.10000000 1.25956633E+002
8.70000000 3.20000000 1.16731961E+002
8.70000000 3.30000000 1.09010569E+002
8.70000000 3.40000000 1.01289176E+002
8.70000000 3.50000000 9.35677843E+001
8.70000000 3.60000000 8.85340743E+001
8.70000000 3.70000000 8.35003644E+001
8.70000000 3.80000000 7.84666545E+001
8.70000000 3.90000000 7.42802478E+001
8.70000000 4.00000000 7.12235787E+001
8.70000000 4.10000000 6.81669096E+001
8.70000000 4.20000000 6.51102405E+001
8.70000000 4.30000000 6.32327676E+001
8.70000000 4.40000000 6.15518274E+001
8.70000000 4.50000000 5.98708871E+001
8.70000000 4.60000000 5.84424459E+001
8.70000000 4.70000000 5.76452520E+001
8.70000000 4.80000000 5.68480581E+001
8.70000000 4.90000000 5.60508642E+001
8.70000000 5.00000000 5.56115941E+001
8.70000000 5.10000000 5.53154935E+001
8.70000000 5.20000000 5.50193930E+001
8.70000000 5.30000000 5.47558309E+001
8.70000000 5.40000000 5.46875000E+001
8.70000000 5.50000000 5.46191691E+001
8.70000000 5.60000000 5.45508382E+001
8.70000000 5.70000000 5.45189504E+001
8.70000000 5.80000000 5.45143950E+001
8.70000000 5.90000000 5.45098397E+001
8.70000000 6.00000000 5.45052843E+001
8.70000000 6.10000000 5.45098397E+001
8.70000000 6.20000000 5.45143950E+001
8.70000000 6.30000000 5.45189504E+001
8.70000000 6.40000000 5.45508382E+001
8.70000000 6.50000000 5.46191691E+001
8.70000000 6.60000000 5.46875000E+001
8.70000000 6.70000000 5.47558309E+001
8.70000000 6.80000000 5.50193930E+001
8.70000000 6.90000000 5.53154935E+001
8.70000000 7.00000000 5.56115941E+001
8.70000000 7.10000000 5.60508642E+001
8.70000000 7.20000000 5.68480581E+001
8.70000000 7.30000000 5.76452520E+001
8.70000000 7.40000000 5.84424459E+001
8.70000000 7.50000000 5.98708871E+001
8.70000000 7.60000000 6.15518274E+001
8.70000000 7.70000000 6.32327676E+001
8.70000000 7.80000000 6.51102405E+001
8.70000000 7.90000000 6.81669096E+001
8.70000000 8.00000000 7.12235787E+001
8.70000000 8.10000000 7.42802478E+001
8.70000000 8.20000000 7.84666545E+001
8.70000000 8.30000000 8.35003644E+001
8.70000000 8.40000000 8.85340743E+001
8.70000000 8.50000000 9.35677843E+001
8.70000000 8.60000000 1.01289176E+002
8.70000000 8.70000000 1.09010569E+002
8.70000000 8.80000000 1.16731961E+002
8.70000000 8.90000000 1.25956633E+002
8.70000000 9.00000000 1.37185678E+002
8.70000000 9.10000000 1.48414723E+002
8.70000000 9.20000000 1.59643768E+002
8.70000000 9.30000000 1.74675916E+002
8.70000000 9.40000000 1.90341915E+002
8.70000000 9.50000000 2.06007913E+002
8.70000000 9.60000000 2.23238364E+002
8.70000000 9.70000000 2.44379946E+002
8.70000000 9.80000000 2.65521527E+002
8.70000000 9.90000000 2.86663109E+002
8.70000000 10.00000000 3.12535792E+002
8.70000000 10.10000000 3.40300916E+002
8.70000000 10.20000000 3.68066040E+002
8.70000000 10.30000000 3.96956997E+002
8.70000000 10.40000000 4.32602952E+002
8.70000000 10.50000000 4.68248907E+002
8.70000000 10.60000000 5.03894862E+002
8.70000000 10.70000000 5.44825073E+002
8.70000000 10.80000000 5.89718477E+002
8.70000000 10.90000000 6.34611880E+002
8.70000000 11.00000000 6.79505284E+002
8.80000000 1.00000000 6.87226676E+002
8.80000000 1.10000000 6.42333273E+002
8.80000000 1.20000000 5.97439869E+002
8.80000000 1.30000000 5.52546465E+002
8.80000000 1.40000000 5.11616254E+002
8.80000000 1.50000000 4.75970299E+002
8.80000000 1.60000000 4.40324344E+002
8.80000000 1.70000000 4.04678389E+002
8.80000000 1.80000000 3.75787432E+002
8.80000000 1.90000000 3.48022308E+002
8.80000000 2.00000000 3.20257185E+002
8.80000000 2.10000000 2.94384501E+002
8.80000000 2.20000000 2.73242920E+002
8.80000000 2.30000000 2.52101338E+002
8.80000000 2.40000000 2.30959756E+002
8.80000000 2.50000000 2.13729305E+002
8.80000000 2.60000000 1.98063307E+002
8.80000000 2.70000000 1.82397308E+002
8.80000000 2.80000000 1.67365160E+002
8.80000000 2.90000000 1.56136115E+002
8.80000000 3.00000000 1.44907070E+002
8.80000000 3.10000000 1.33678025E+002
8.80000000 3.20000000 1.24453353E+002
8.80000000 3.30000000 1.16731961E+002
8.80000000 3.40000000 1.09010569E+002
8.80000000 3.50000000 1.01289176E+002
8.80000000 3.60000000 9.62554665E+001
8.80000000 3.70000000 9.12217566E+001
8.80000000 3.80000000 8.61880466E+001
8.80000000 3.90000000 8.20016399E+001
8.80000000 4.00000000 7.89449708E+001
8.80000000 4.10000000 7.58883017E+001
8.80000000 4.20000000 7.28316327E+001
8.80000000 4.30000000 7.09541597E+001
8.80000000 4.40000000 6.92732195E+001
8.80000000 4.50000000 6.75922793E+001
8.80000000 4.60000000 6.61638380E+001
8.80000000 4.70000000 6.53666441E+001
8.80000000 4.80000000 6.45694502E+001
8.80000000 4.90000000 6.37722564E+001
8.80000000 5.00000000 6.33329863E+001
8.80000000 5.10000000 6.30368857E+001
8.80000000 5.20000000 6.27407851E+001
8.80000000 5.30000000 6.24772230E+001
8.80000000 5.40000000 6.24088921E+001
8.80000000 5.50000000 6.23405612E+001
8.80000000 5.60000000 6.22722303E+001
8.80000000 5.70000000 6.22403426E+001
8.80000000 5.80000000 6.22357872E+001
8.80000000 5.90000000 6.22312318E+001
8.80000000 6.00000000 6.22266764E+001
8.80000000 6.10000000 6.22312318E+001
8.80000000 6.20000000 6.22357872E+001
8.80000000 6.30000000 6.22403426E+001
8.80000000 6.40000000 6.22722303E+001
8.80000000 6.50000000 6.23405612E+001
8.80000000 6.60000000 6.24088921E+001
8.80000000 6.70000000 6.24772230E+001
8.80000000 6.80000000 6.27407851E+001
8.80000000 6.90000000 6.30368857E+001
8.80000000 7.00000000 6.33329863E+001
8.80000000 7.10000000 6.37722564E+001
8.80000000 7.20000000 6.45694502E+001
8.80000000 7.30000000 6.53666441E+001
8.80000000 7.40000000 6.61638380E+001
8.80000000 7.50000000 6.75922793E+001
8.80000000 7.60000000 6.92732195E+001
8.80000000 7.70000000 7.09541597E+001
8.80000000 7.80000000 7.28316327E+001
8.80000000 7.90000000 7.58883017E+001
8.80000000 8.00000000 7.89449708E+001
8.80000000 8.10000000 8.20016399E+001
8.80000000 8.20000000 8.61880466E+001
8.80000000 8.30000000 9.12217566E+001
8.80000000 8.40000000 9.62554665E+001
8.80000000 8.50000000 1.01289176E+002
8.80000000 8.60000000 1.09010569E+002
8.80000000 8.70000000 1.16731961E+002
8.80000000 8.80000000 1.24453353E+002
8.80000000 8.90000000 1.33678025E+002
8.80000000 9.00000000 1.44907070E+002
8.80000000 9.10000000 1.56136115E+002
8.80000000 9.20000000 1.67365160E+002
8.80000000 9.30000000 1.82397308E+002
8.80000000 9.40000000 1.98063307E+002
8.80000000 9.50000000 2.13729305E+002
8.80000000 9.60000000 2.30959756E+002
8.80000000 9.70000000 2.52101338E+002
8.80000000 9.80000000 2.73242920E+002
8.80000000 9.90000000 2.94384501E+002
8.80000000 10.00000000 3.20257185E+002
8.80000000 10.10000000 3.48022308E+002
8.80000000 10.20000000 3.75787432E+002
8.80000000 10.30000000 4.04678389E+002
8.80000000 10.40000000 4.40324344E+002
8.80000000 10.50000000 4.75970299E+002
8.80000000 10.60000000 5.11616254E+002
8.80000000 10.70000000 5.52546465E+002
8.80000000 10.80000000 5.97439869E+002
8.80000000 10.90000000 6.42333273E+002
8.80000000 11.00000000 6.87226676E+002
8.90000000 1.00000000 6.96451348E+002
8.90000000 1.10000000 6.51557945E+002
8.90000000 1.20000000 6.06664541E+002
8.90000000 1.30000000 5.61771137E+002
8.90000000 1.40000000 5.20840926E+002
8.90000000 1.50000000 4.85194971E+002
8.90000000 1.60000000 4.49549016E+002
8.90000000 1.70000000 4.13903061E+002
8.90000000 1.80000000 3.85012104E+002
8.90000000 1.90000000 3.57246980E+002
8.90000000 2.00000000 3.29481857E+002
8.90000000 2.10000000 3.03609173E+002
8.90000000 2.20000000 2.82467592E+002
8.90000000 2.30000000 2.61326010E+002
8.90000000 2.40000000 2.40184428E+002
8.90000000 2.50000000 2.22953978E+002
8.90000000 2.60000000 2.07287979E+002
8.90000000 2.70000000 1.91621980E+002
8.90000000 2.80000000 1.76589832E+002
8.90000000 2.90000000 1.65360787E+002
8.90000000 3.00000000 1.54131742E+002
8.90000000 3.10000000 1.42902697E+002
8.90000000 3.20000000 1.33678025E+002
8.90000000 3.30000000 1.25956633E+002
8.90000000 3.40000000 1.18235241E+002
8.90000000 3.50000000 1.10513848E+002
8.90000000 3.60000000 1.05480138E+002
8.90000000 3.70000000 1.00446429E+002
8.90000000 3.80000000 9.54127187E+001
8.90000000 3.90000000 9.12263120E+001
8.90000000 4.00000000 8.81696429E+001
8.90000000 4.10000000 8.51129738E+001
8.90000000 4.20000000 8.20563047E+001
8.90000000 4.30000000 8.01788317E+001
8.90000000 4.40000000 7.84978915E+001
8.90000000 4.50000000 7.68169513E+001
8.90000000 4.60000000 7.53885100E+001
8.90000000 4.70000000 7.45913161E+001
8.90000000 4.80000000 7.37941222E+001
8.90000000 4.90000000 7.29969284E+001
8.90000000 5.00000000 7.25576583E+001
8.90000000 5.10000000 7.22615577E+001
8.90000000 5.20000000 7.19654571E+001
8.90000000 5.30000000 7.17018950E+001
8.90000000 5.40000000 7.16335641E+001
8.90000000 5.50000000 7.15652332E+001
8.90000000 5.60000000 7.14969023E+001
8.90000000 5.70000000 7.14650146E+001
8.90000000 5.80000000 7.14604592E+001
8.90000000 5.90000000 7.14559038E+001
8.90000000 6.00000000 7.14513484E+001
8.90000000 6.10000000 7.14559038E+001
8.90000000 6.20000000 7.14604592E+001
8.90000000 6.30000000 7.14650146E+001
8.90000000 6.40000000 7.14969023E+001
8.90000000 6.50000000 7.15652332E+001
8.90000000 6.60000000 7.16335641E+001
8.90000000 6.70000000 7.17018950E+001
8.90000000 6.80000000 7.19654571E+001
8.90000000 6.90000000 7.22615577E+001
8.90000000 7.00000000 7.25576583E+001
8.90000000 7.10000000 7.29969284E+001
8.90000000 7.20000000 7.37941222E+001
8.90000000 7.30000000 7.45913161E+001
8.90000000 7.40000000 7.53885100E+001
8.90000000 7.50000000 7.68169513E+001
8.90000000 7.60000000 7.84978915E+001
8.90000000 7.70000000 8.01788317E+001
8.90000000 7.80000000 8.20563047E+001
8.90000000 7.90000000 8.51129738E+001
8.90000000 8.00000000 8.81696429E+001
8.90000000 8.10000000 9.12263120E+001
8.90000000 8.20000000 9.54127187E+001
8.90000000 8.30000000 1.00446429E+002
8.90000000 8.40000000 1.05480138E+002
8.90000000 8.50000000 1.10513848E+002
8.90000000 8.60000000 1.18235241E+002
8.90000000 8.70000000 1.25956633E+002
8.90000000 8.80000000 1.33678025E+002
8.90000000 8.90000000 1.42902697E+002
8.90000000 9.00000000 1.54131742E+002
8.90000000 9.10000000 1.65360787E+002
8.90000000 9.20000000 1.76589832E+002
8.90000000 9.30000000 1.91621980E+002
8.90000000 9.40000000 2.07287979E+002
8.90000000 9.50000000 2.22953978E+002
8.90000000 9.60000000 2.40184428E+002
8.90000000 9.70000000 2.61326010E+002
8.90000000 9.80000000 2.82467592E+002
8.90000000 9.90000000 3.03609173E+002
8.90000000 10.00000000 3.29481857E+002
8.90000000 10.10000000 3.57246980E+002
8.90000000 10.20000000 3.85012104E+002
8.90000000 10.30000000 4.13903061E+002
8.90000000 10.40000000 4.49549016E+002
8.90000000 10.50000000 4.85194971E+002
8.90000000 10.60000000 5.20840926E+002
8.90000000 10.70000000 5.61771137E+002
8.90000000 10.80000000 6.06664541E+002
8.90000000 10.90000000 6.51557945E+002
8.90000000 11.00000000 6.96451348E+002
9.00000000 1.00000000 7.07680394E+002
9.00000000 1.10000000 6.62786990E+002
9.00000000 1.20000000 6.17893586E+002
9.00000000 1.30000000 5.73000182E+002
9.00000000 1.40000000 5.32069971E+002
9.00000000 1.50000000 4.96424016E+002
9.00000000 1.60000000 4.60778061E+002
9.00000000 1.70000000 4.25132106E+002
9.00000000 1.80000000 3.96241150E+002
9.00000000 1.90000000 3.68476026E+002
9.00000000 2.00000000 3.40710902E+002
9.00000000 2.10000000 3.14838218E+002
9.00000000 2.20000000 2.93696637E+002
9.00000000 2.30000000 2.72555055E+002
9.00000000 2.40000000 2.51413474E+002
9.00000000 2.50000000 2.34183023E+002
9.00000000 2.60000000 2.18517024E+002
9.00000000 2.70000000 2.02851026E+002
9.00000000 2.80000000 1.87818878E+002
9.00000000 2.90000000 1.76589832E+002
9.00000000 3.00000000 1.65360787E+002
9.00000000 3.10000000 1.54131742E+002
9.00000000 3.20000000 1.44907070E+002
9.00000000 3.30000000 1.37185678E+002
9.00000000 3.40000000 1.29464286E+002
9.00000000 3.50000000 1.21742894E+002
9.00000000 3.60000000 1.16709184E+002
9.00000000 3.70000000 1.11675474E+002
9.00000000 3.80000000 1.06641764E+002
9.00000000 3.90000000 1.02455357E+002
9.00000000 4.00000000 9.93986880E+001
9.00000000 4.10000000 9.63420190E+001
9.00000000 4.20000000 9.32853499E+001
9.00000000 4.30000000 9.14078769E+001
9.00000000 4.40000000 8.97269367E+001
9.00000000 4.50000000 8.80459965E+001
9.00000000 4.60000000 8.66175552E+001
9.00000000 4.70000000 8.58203613E+001
9.00000000 4.80000000 8.50231674E+001
9.00000000 4.90000000 8.42259736E+001
9.00000000 5.00000000 8.37867035E+001
9.00000000 5.10000000 8.34906029E+001
9.00000000 5.20000000 8.31945023E+001
9.00000000 5.30000000 8.29309402E+001
9.00000000 5.40000000 8.28626093E+001
9.00000000 5.50000000 8.27942784E+001
9.00000000 5.60000000 8.27259475E+001
9.00000000 5.70000000 8.26940598E+001
9.00000000 5.80000000 8.26895044E+001
9.00000000 5.90000000 8.26849490E+001
9.00000000 6.00000000 8.26803936E+001
9.00000000 6.10000000 8.26849490E+001
9.00000000 6.20000000 8.26895044E+001
9.00000000 6.30000000 8.26940598E+001
9.00000000 6.40000000 8.27259475E+001
9.00000000 6.50000000 8.27942784E+001
9.00000000 6.60000000 8.28626093E+001
9.00000000 6.70000000 8.29309402E+001
9.00000000 6.80000000 8.31945023E+001
9.00000000 6.90000000 8.34906029E+001
9.00000000 7.00000000 8.37867035E+001
9.00000000 7.10000000 8.42259736E+001
9.00000000 7.20000000 8.50231674E+001
9.00000000 7.30000000 8.58203613E+001
9.00000000 7.40000000 8.66175552E+001
9.00000000 7.50000000 8.80459965E+001
9.00000000 7.60000000 8.97269367E+001
9.00000000 7.70000000 9.14078769E+001
9.00000000 7.80000000 9.32853499E+001
9.00000000 7.90000000 9.63420190E+001
9.00000000 8.00000000 9.93986880E+001
9.00000000 8.10000000 1.02455357E+002
9.00000000 8.20000000 1.06641764E+002
9.00000000 8.30000000 1.11675474E+002
9.00000000 8.40000000 1.16709184E+002
9.00000000 8.50000000 1.21742894E+002
9.00000000 8.60000000 1.29464286E+002
9.00000000 8.70000000 1.37185678E+002
9.00000000 8.80000000 1.44907070E+002
9.00000000 8.90000000 1.54131742E+002
9.00000000 9.00000000 1.65360787E+002
9.00000000 9.10000000 1.76589832E+002
9.00000000 9.20000000 1.87818878E+002
9.00000000 9.30000000 2.02851026E+002
9.00000000 9.40000000 2.18517024E+002
9.00000000 9.50000000 2.34183023E+002
9.00000000 9.60000000 2.51413474E+002
9.00000000 9.70000000 2.72555055E+002
9.00000000 9.80000000 2.93696637E+002
9.00000000 9.90000000 3.14838218E+002
9.00000000 10.00000000 3.40710902E+002
9.00000000 10.10000000 3.68476026E+002
9.00000000 10.20000000 3.96241150E+002
9.00000000 10.30000000 4.25132106E+002
9.00000000 10.40000000 4.60778061E+002
9.00000000 10.50000000 4.96424016E+002
9.00000000 10.60000000 5.32069971E+002
9.00000000 10.70000000 5.73000182E+002
9.00000000 10.80000000 6.17893586E+002
9.00000000 10.90000000 6.62786990E+002
9.00000000 11.00000000 7.07680394E+002
9.10000000 1.00000000 7.18909439E+002
9.10000000 1.10000000 6.74016035E+002
9.10000000 1.20000000 6.29122631E+002
9.10000000 1.30000000 5.84229227E+002
9.10000000 1.40000000 5.43299016E+002
9.10000000 1.50000000 5.07653061E+002
9.10000000 1.60000000 4.72007106E+002
9.10000000 1.70000000 4.36361152E+002
9.10000000 1.80000000 4.07470195E+002
9.10000000 1.90000000 3.79705071E+002
9.10000000 2.00000000 3.51939947E+002
9.10000000 2.10000000 3.26067264E+002
9.10000000 2.20000000 3.04925682E+002
9.10000000 2.30000000 2.83784100E+002
9.10000000 2.40000000 2.62642519E+002
9.10000000 2.50000000 2.45412068E+002
9.10000000 2.60000000 2.29746069E+002
9.10000000 2.70000000 2.14080071E+002
9.10000000 2.80000000 1.99047923E+002
9.10000000 2.90000000 1.87818878E+002
9.10000000 3.00000000 1.76589832E+002
9.10000000 3.10000000 1.65360787E+002
9.10000000 3.20000000 1.56136115E+002
9.10000000 3.30000000 1.48414723E+002
9.10000000 3.40000000 1.40693331E+002
9.10000000 3.50000000 1.32971939E+002
9.10000000 3.60000000 1.27938229E+002
9.10000000 3.70000000 1.22904519E+002
9.10000000 3.80000000 1.17870809E+002
9.10000000 3.90000000 1.13684402E+002
9.10000000 4.00000000 1.10627733E+002
9.10000000 4.10000000 1.07571064E+002
9.10000000 4.20000000 1.04514395E+002
9.10000000 4.30000000 1.02636922E+002
9.10000000 4.40000000 1.00955982E+002
9.10000000 4.50000000 9.92750416E+001
9.10000000 4.60000000 9.78466004E+001
9.10000000 4.70000000 9.70494065E+001
9.10000000 4.80000000 9.62522126E+001
9.10000000 4.90000000 9.54550187E+001
9.10000000 5.00000000 9.50157486E+001
9.10000000 5.10000000 9.47196481E+001
9.10000000 5.20000000 9.44235475E+001
9.10000000 5.30000000 9.41599854E+001
9.10000000 5.40000000 9.40916545E+001
9.10000000 5.50000000 9.40233236E+001
9.10000000 5.60000000 9.39549927E+001
9.10000000 5.70000000 9.39231050E+001
9.10000000 5.80000000 9.39185496E+001
9.10000000 5.90000000 9.39139942E+001
9.10000000 6.00000000 9.39094388E+001
9.10000000 6.10000000 9.39139942E+001
9.10000000 6.20000000 9.39185496E+001
9.10000000 6.30000000 9.39231050E+001
9.10000000 6.40000000 9.39549927E+001
9.10000000 6.50000000 9.40233236E+001
9.10000000 6.60000000 9.40916545E+001
9.10000000 6.70000000 9.41599854E+001
9.10000000 6.80000000 9.44235475E+001
9.10000000 6.90000000 9.47196481E+001
9.10000000 7.00000000 9.50157486E+001
9.10000000 7.10000000 9.54550187E+001
9.10000000 7.20000000 9.62522126E+001
9.10000000 7.30000000 9.70494065E+001
9.10000000 7.40000000 9.78466004E+001
9.10000000 7.50000000 9.92750416E+001
9.10000000 7.60000000 1.00955982E+002
9.10000000 7.70000000 1.02636922E+002
9.10000000 7.80000000 1.04514395E+002
9.10000000 7.90000000 1.07571064E+002
9.10000000 8.00000000 1.10627733E+002
9.10000000 8.10000000 1.13684402E+002
9.10000000 8.20000000 1.17870809E+002
9.10000000 8.30000000 1.22904519E+002
9.10000000 8.40000000 1.27938229E+002
9.10000000 8.50000000 1.32971939E+002
9.10000000 8.60000000 1.40693331E+002
9.10000000 8.70000000 1.48414723E+002
9.10000000 8.80000000 1.56136115E+002
9.10000000 8.90000000 1.65360787E+002
9.10000000 9.00000000 1.76589832E+002
9.10000000 9.10000000 1.87818878E+002
9.10000000 9.20000000 1.99047923E+002
9.10000000 9.30000000 2.14080071E+002
9.10000000 9.40000000 2.29746069E+002
9.10000000 9.50000000 2.45412068E+002
9.10000000 9.60000000 2.62642519E+002
9.10000000 9.70000000 2.83784100E+002
9.10000000 9.80000000 3.04925682E+002
9.10000000 9.90000000 3.26067264E+002
9.10000000 10.00000000 3.51939947E+002
9.10000000 10.10000000 3.79705071E+002
9.10000000 10.20000000 4.07470195E+002
9.10000000 10.30000000 4.36361152E+002
9.10000000 10.40000000 4.72007106E+002
9.10000000 10.50000000 5.07653061E+002
9.10000000 10.60000000 5.43299016E+002
9.10000000 10.70000000 5.84229227E+002
9.10000000 10.80000000 6.29122631E+002
9.10000000 10.90000000 6.74016035E+002
9.10000000 11.00000000 7.18909439E+002
9.20000000 1.00000000 7.30138484E+002
9.20000000 1.10000000 6.85245080E+002
9.20000000 1.20000000 6.40351676E+002
9.20000000 1.30000000 5.95458273E+002
9.20000000 1.40000000 5.54528061E+002
9.20000000 1.50000000 5.18882106E+002
9.20000000 1.60000000 4.83236152E+002
9.20000000 1.70000000 4.47590197E+002
9.20000000 1.80000000 4.18699240E+002
9.20000000 1.90000000 3.90934116E+002
9.20000000 2.00000000 3.63168992E+002
9.20000000 2.10000000 3.37296309E+002
9.20000000 2.20000000 3.16154727E+002
9.20000000 2.30000000 2.95013146E+002
9.20000000 2.40000000 2.73871564E+002
9.20000000 2.50000000 2.56641113E+002
9.20000000 2.60000000 2.40975115E+002
9.20000000 2.70000000 2.25309116E+002
9.20000000 2.80000000 2.10276968E+002
9.20000000 2.90000000 1.99047923E+002
9.20000000 3.00000000 1.87818878E+002
9.20000000 3.10000000 1.76589832E+002
9.20000000 3.20000000 1.67365160E+002
9.20000000 3.30000000 1.59643768E+002
9.20000000 3.40000000 1.51922376E+002
9.20000000 3.50000000 1.44200984E+002
9.20000000 3.60000000 1.39167274E+002
9.20000000 3.70000000 1.34133564E+002
9.20000000 3.80000000 1.29099854E+002
9.20000000 3.90000000 1.24913448E+002
9.20000000 4.00000000 1.21856778E+002
9.20000000 4.10000000 1.18800109E+002
9.20000000 4.20000000 1.15743440E+002
9.20000000 4.30000000 1.13865967E+002
9.20000000 4.40000000 1.12185027E+002
9.20000000 4.50000000 1.10504087E+002
9.20000000 4.60000000 1.09075646E+002
9.20000000 4.70000000 1.08278452E+002
9.20000000 4.80000000 1.07481258E+002
9.20000000 4.90000000 1.06684064E+002
9.20000000 5.00000000 1.06244794E+002
9.20000000 5.10000000 1.05948693E+002
9.20000000 5.20000000 1.05652593E+002
9.20000000 5.30000000 1.05389031E+002
9.20000000 5.40000000 1.05320700E+002
9.20000000 5.50000000 1.05252369E+002
9.20000000 5.60000000 1.05184038E+002
9.20000000 5.70000000 1.05152150E+002
9.20000000 5.80000000 1.05147595E+002
9.20000000 5.90000000 1.05143039E+002
9.20000000 6.00000000 1.05138484E+002
9.20000000 6.10000000 1.05143039E+002
9.20000000 6.20000000 1.05147595E+002
9.20000000 6.30000000 1.05152150E+002
9.20000000 6.40000000 1.05184038E+002
9.20000000 6.50000000 1.05252369E+002
9.20000000 6.60000000 1.05320700E+002
9.20000000 6.70000000 1.05389031E+002
9.20000000 6.80000000 1.05652593E+002
9.20000000 6.90000000 1.05948693E+002
9.20000000 7.00000000 1.06244794E+002
9.20000000 7.10000000 1.06684064E+002
9.20000000 7.20000000 1.07481258E+002
9.20000000 7.30000000 1.08278452E+002
9.20000000 7.40000000 1.09075646E+002
9.20000000 7.50000000 1.10504087E+002
9.20000000 7.60000000 1.12185027E+002
9.20000000 7.70000000 1.13865967E+002
9.20000000 7.80000000 1.15743440E+002
9.20000000 7.90000000 1.18800109E+002
9.20000000 8.00000000 1.21856778E+002
9.20000000 8.10000000 1.24913448E+002
9.20000000 8.20000000 1.29099854E+002
9.20000000 8.30000000 1.34133564E+002
9.20000000 8.40000000 1.39167274E+002
9.20000000 8.50000000 1.44200984E+002
9.20000000 8.60000000 1.51922376E+002
9.20000000 8.70000000 1.59643768E+002
9.20000000 8.80000000 1.67365160E+002
9.20000000 8.90000000 1.76589832E+002
9.20000000 9.00000000 1.87818878E+002
9.20000000 9.10000000 1.99047923E+002
9.20000000 9.20000000 2.10276968E+002
9.20000000 9.30000000 2.25309116E+002
9.20000000 9.40000000 2.40975115E+002
9.20000000 9.50000000 2.56641113E+002
9.20000000 9.60000000 2.73871564E+002
9.20000000 9.70000000 2.95013146E+002
9.20000000 9.80000000 3.16154727E+002
9.20000000 9.90000000 3.37296309E+002
9.20000000 10.00000000 3.63168992E+002
9.20000000 10.10000000 3.90934116E+002
9.20000000 10.20000000 4.18699240E+002
9.20000000 10.30000000 4.47590197E+002
9.20000000 10.40000000 4.83236152E+002
9.20000000 10.50000000 5.18882106E+002
9.20000000 10.60000000 5.54528061E+002
9.20000000 10.70000000 5.95458273E+002
9.20000000 10.80000000 6.40351676E+002
9.20000000 10.90000000 6.85245080E+002
9.20000000 11.00000000 7.30138484E+002
9.30000000 1.00000000 7.45170632E+002
9.30000000 1.10000000 7.00277228E+002
9.30000000 1.20000000 6.55383824E+002
9.30000000 1.30000000 6.10490421E+002
9.30000000 1.40000000 5.69560209E+002
9.30000000 1.50000000 5.33914254E+002
9.30000000 1.60000000 4.98268300E+002
9.30000000 1.70000000 4.62622345E+002
9.30000000 1.80000000 4.33731388E+002
9.30000000 1.90000000 4.05966264E+002
9.30000000 2.00000000 3.78201140E+002
9.30000000 2.10000000 3.52328457E+002
9.30000000 2.20000000 3.31186875E+002
9.30000000 2.30000000 3.10045294E+002
9.30000000 2.40000000 2.88903712E+002
9.30000000 2.50000000 2.71673261E+002
9.30000000 2.60000000 2.56007263E+002
9.30000000 2.70000000 2.40341264E+002
9.30000000 2.80000000 2.25309116E+002
9.30000000 2.90000000 2.14080071E+002
9.30000000 3.00000000 2.02851026E+002
9.30000000 3.10000000 1.91621980E+002
9.30000000 3.20000000 1.82397308E+002
9.30000000 3.30000000 1.74675916E+002
9.30000000 3.40000000 1.66954524E+002
9.30000000 3.50000000 1.59233132E+002
9.30000000 3.60000000 1.54199422E+002
9.30000000 3.70000000 1.49165712E+002
9.30000000 3.80000000 1.44132002E+002
9.30000000 3.90000000 1.39945596E+002
9.30000000 4.00000000 1.36888926E+002
9.30000000 4.10000000 1.33832257E+002
9.30000000 4.20000000 1.30775588E+002
9.30000000 4.30000000 1.28898115E+002
9.30000000 4.40000000 1.27217175E+002
9.30000000 4.50000000 1.25536235E+002
9.30000000 4.60000000 1.24107794E+002
9.30000000 4.70000000 1.23310600E+002
9.30000000 4.80000000 1.22513406E+002
9.30000000 4.90000000 1.21716212E+002
9.30000000 5.00000000 1.21276942E+002
9.30000000 5.10000000 1.20980841E+002
9.30000000 5.20000000 1.20684741E+002
9.30000000 5.30000000 1.20421179E+002
9.30000000 5.40000000 1.20352848E+002
9.30000000 5.50000000 1.20284517E+002
9.30000000 5.60000000 1.20216186E+002
9.30000000 5.70000000 1.20184298E+002
9.30000000 5.80000000 1.20179743E+002
9.30000000 5.90000000 1.20175187E+002
9.30000000 6.00000000 1.20170632E+002
9.30000000 6.10000000 1.20175187E+002
9.30000000 6.20000000 1.20179743E+002
9.30000000 6.30000000 1.20184298E+002
9.30000000 6.40000000 1.20216186E+002
9.30000000 6.50000000 1.20284517E+002
9.30000000 6.60000000 1.20352848E+002
9.30000000 6.70000000 1.20421179E+002
9.30000000 6.80000000 1.20684741E+002
9.30000000 6.90000000 1.20980841E+002
9.30000000 7.00000000 1.21276942E+002
9.30000000 7.10000000 1.21716212E+002
9.30000000 7.20000000 1.22513406E+002
9.30000000 7.30000000 1.23310600E+002
9.30000000 7.40000000 1.24107794E+002
9.30000000 7.50000000 1.25536235E+002
9.30000000 7.60000000 1.27217175E+002
9.30000000 7.70000000 1.28898115E+002
9.30000000 7.80000000 1.30775588E+002
9.30000000 7.90000000 1.33832257E+002
9.30000000 8.00000000 1.36888926E+002
9.30000000 8.10000000 1.39945596E+002
9.30000000 8.20000000 1.44132002E+002
9.30000000 8.30000000 1.49165712E+002
9.30000000 8.40000000 1.54199422E+002
9.30000000 8.50000000 1.59233132E+002
9.30000000 8.60000000 1.66954524E+002
9.30000000 8.70000000 1.74675916E+002
9.30000000 8.80000000 1.82397308E+002
9.30000000 8.90000000 1.91621980E+002
9.30000000 9.00000000 2.02851026E+002
9.30000000 9.10000000 2.14080071E+002
9.30000000 9.20000000 2.25309116E+002
9.30000000 9.30000000 2.40341264E+002
9.30000000 9.40000000 2.56007263E+002
9.30000000 9.50000000 2.71673261E+002
9.30000000 9.60000000 2.88903712E+002
9.30000000 9.70000000 3.10045294E+002
9.30000000 9.80000000 3.31186875E+002
9.30000000 9.90000000 3.52328457E+002
9.30000000 10.00000000 3.78201140E+002
9.30000000 10.10000000 4.05966264E+002
9.30000000 10.20000000 4.33731388E+002
9.30000000 10.30000000 4.62622345E+002
9.30000000 10.40000000 4.98268300E+002
9.30000000 10.50000000 5.33914254E+002
9.30000000 10.60000000 5.69560209E+002
9.30000000 10.70000000 6.10490421E+002
9.30000000 10.80000000 6.55383824E+002
9.30000000 10.90000000 7.00277228E+002
9.30000000 11.00000000 7.45170632E+002
9.40000000 1.00000000 7.60836631E+002
9.40000000 1.10000000 7.15943227E+002
9.40000000 1.20000000 6.71049823E+002
9.40000000 1.30000000 6.26156419E+002
9.40000000 1.40000000 5.85226208E+002
9.40000000 1.50000000 5.49580253E+002
9.40000000 1.60000000 5.13934298E+002
9.40000000 1.70000000 4.78288343E+002
9.40000000 1.80000000 4.49397387E+002
9.40000000 1.90000000 4.21632263E+002
9.40000000 2.00000000 3.93867139E+002
9.40000000 2.10000000 3.67994455E+002
9.40000000 2.20000000 3.46852874E+002
9.40000000 2.30000000 3.25711292E+002
9.40000000 2.40000000 3.04569711E+002
9.40000000 2.50000000 2.87339260E+002
9.40000000 2.60000000 2.71673261E+002
9.40000000 2.70000000 2.56007263E+002
9.40000000 2.80000000 2.40975115E+002
9.40000000 2.90000000 2.29746069E+002
9.40000000 3.00000000 2.18517024E+002
9.40000000 3.10000000 2.07287979E+002
9.40000000 3.20000000 1.98063307E+002
9.40000000 3.30000000 1.90341915E+002
9.40000000 3.40000000 1.82620523E+002
9.40000000 3.50000000 1.74899131E+002
9.40000000 3.60000000 1.69865421E+002
9.40000000 3.70000000 1.64831711E+002
9.40000000 3.80000000 1.59798001E+002
9.40000000 3.90000000 1.55611594E+002
9.40000000 4.00000000 1.52554925E+002
9.40000000 4.10000000 1.49498256E+002
9.40000000 4.20000000 1.46441587E+002
9.40000000 4.30000000 1.44564114E+002
9.40000000 4.40000000 1.42883174E+002
9.40000000 4.50000000 1.41202233E+002
9.40000000 4.60000000 1.39773792E+002
9.40000000 4.70000000 1.38976598E+002
9.40000000 4.80000000 1.38179404E+002
9.40000000 4.90000000 1.37382211E+002
9.40000000 5.00000000 1.36942940E+002
9.40000000 5.10000000 1.36646840E+002
9.40000000 5.20000000 1.36350739E+002
9.40000000 5.30000000 1.36087177E+002
9.40000000 5.40000000 1.36018846E+002
9.40000000 5.50000000 1.35950515E+002
9.40000000 5.60000000 1.35882185E+002
9.40000000 5.70000000 1.35850297E+002
9.40000000 5.80000000 1.35845741E+002
9.40000000 5.90000000 1.35841186E+002
9.40000000 6.00000000 1.35836631E+002
9.40000000 6.10000000 1.35841186E+002
9.40000000 6.20000000 1.35845741E+002
9.40000000 6.30000000 1.35850297E+002
9.40000000 6.40000000 1.35882185E+002
9.40000000 6.50000000 1.35950515E+002
9.40000000 6.60000000 1.36018846E+002
9.40000000 6.70000000 1.36087177E+002
9.40000000 6.80000000 1.36350739E+002
9.40000000 6.90000000 1.36646840E+002
9.40000000 7.00000000 1.36942940E+002
9.40000000 7.10000000 1.37382211E+002
9.40000000 7.20000000 1.38179404E+002
9.40000000 7.30000000 1.38976598E+002
9.40000000 7.40000000 1.39773792E+002
9.40000000 7.50000000 1.41202233E+002
9.40000000 7.60000000 1.42883174E+002
9.40000000 7.70000000 1.44564114E+002
9.40000000 7.80000000 1.46441587E+002
9.40000000 7.90000000 1.49498256E+002
9.40000000 8.00000000 1.52554925E+002
9.40000000 8.10000000 1.55611594E+002
9.40000000 8.20000000 1.59798001E+002
9.40000000 8.30000000 1.64831711E+002
9.40000000 8.40000000 1.69865421E+002
9.40000000 8.50000000 1.74899131E+002
9.40000000 8.60000000 1.82620523E+002
9.40000000 8.70000000 1.90341915E+002
9.40000000 8.80000000 1.98063307E+002
9.40000000 8.90000000 2.07287979E+002
9.40000000 9.00000000 2.18517024E+002
9.40000000 9.10000000 2.29746069E+002
9.40000000 9.20000000 2.40975115E+002
9.40000000 9.30000000 2.56007263E+002
9.40000000 9.40000000 2.71673261E+002
9.40000000 9.50000000 2.87339260E+002
9.40000000 9.60000000 3.04569711E+002
9.40000000 9.70000000 3.25711292E+002
9.40000000 9.80000000 3.46852874E+002
9.40000000 9.90000000 3.67994455E+002
9.40000000 10.00000000 3.93867139E+002
9.40000000 10.10000000 4.21632263E+002
9.40000000 10.20000000 4.49397387E+002
9.40000000 10.30000000 4.78288343E+002
9.40000000 10.40000000 5.13934298E+002
9.40000000 10.50000000 5.49580253E+002
9.40000000 10.60000000 5.85226208E+002
9.40000000 10.70000000 6.26156419E+002
9.40000000 10.80000000 6.71049823E+002
9.40000000 10.90000000 7.15943227E+002
9.40000000 11.00000000 7.60836631E+002
9.50000000 1.00000000 7.76502629E+002
9.50000000 1.10000000 7.31609225E+002
9.50000000 1.20000000 6.86715822E+002
9.50000000 1.30000000 6.41822418E+002
9.50000000 1.40000000 6.00892206E+002
9.50000000 1.50000000 5.65246252E+002
9.50000000 1.60000000 5.29600297E+002
9.50000000 1.70000000 4.93954342E+002
9.50000000 1.80000000 4.65063385E+002
9.50000000 1.90000000 4.37298261E+002
9.50000000 2.00000000 4.09533137E+002
9.50000000 2.10000000 3.83660454E+002
9.50000000 2.20000000 3.62518872E+002
9.50000000 2.30000000 3.41377291E+002
9.50000000 2.40000000 3.20235709E+002
9.50000000 2.50000000 3.03005258E+002
9.50000000 2.60000000 2.87339260E+002
9.50000000 2.70000000 2.71673261E+002
9.50000000 2.80000000 2.56641113E+002
9.50000000 2.90000000 2.45412068E+002
9.50000000 3.00000000 2.34183023E+002
9.50000000 3.10000000 2.22953978E+002
9.50000000 3.20000000 2.13729305E+002
9.50000000 3.30000000 2.06007913E+002
9.50000000 3.40000000 1.98286521E+002
9.50000000 3.50000000 1.90565129E+002
9.50000000 3.60000000 1.85531419E+002
9.50000000 3.70000000 1.80497709E+002
9.50000000 3.80000000 1.75463999E+002
9.50000000 3.90000000 1.71277593E+002
9.50000000 4.00000000 1.68220924E+002
9.50000000 4.10000000 1.65164254E+002
9.50000000 4.20000000 1.62107585E+002
9.50000000 4.30000000 1.60230112E+002
9.50000000 4.40000000 1.58549172E+002
9.50000000 4.50000000 1.56868232E+002
9.50000000 4.60000000 1.55439791E+002
9.50000000 4.70000000 1.54642597E+002
9.50000000 4.80000000 1.53845403E+002
9.50000000 4.90000000 1.53048209E+002
9.50000000 5.00000000 1.52608939E+002
9.50000000 5.10000000 1.52312838E+002
9.50000000 5.20000000 1.52016738E+002
9.50000000 5.30000000 1.51753176E+002
9.50000000 5.40000000 1.51684845E+002
9.50000000 5.50000000 1.51616514E+002
9.50000000 5.60000000 1.51548183E+002
9.50000000 5.70000000 1.51516295E+002
9.50000000 5.80000000 1.51511740E+002
9.50000000 5.90000000 1.51507185E+002
9.50000000 6.00000000 1.51502629E+002
9.50000000 6.10000000 1.51507185E+002
9.50000000 6.20000000 1.51511740E+002
9.50000000 6.30000000 1.51516295E+002
9.50000000 6.40000000 1.51548183E+002
9.50000000 6.50000000 1.51616514E+002
9.50000000 6.60000000 1.51684845E+002
9.50000000 6.70000000 1.51753176E+002
9.50000000 6.80000000 1.52016738E+002
9.50000000 6.90000000 1.52312838E+002
9.50000000 7.00000000 1.52608939E+002
9.50000000 7.10000000 1.53048209E+002
9.50000000 7.20000000 1.53845403E+002
9.50000000 7.30000000 1.54642597E+002
9.50000000 7.40000000 1.55439791E+002
9.50000000 7.50000000 1.56868232E+002
9.50000000 7.60000000 1.58549172E+002
9.50000000 7.70000000 1.60230112E+002
9.50000000 7.80000000 1.62107585E+002
9.50000000 7.90000000 1.65164254E+002
9.50000000 8.00000000 1.68220924E+002
9.50000000 8.10000000 1.71277593E+002
9.50000000 8.20000000 1.75463999E+002
9.50000000 8.30000000 1.80497709E+002
9.50000000 8.40000000 1.85531419E+002
9.50000000 8.50000000 1.90565129E+002
9.50000000 8.60000000 1.98286521E+002
9.50000000 8.70000000 2.06007913E+002
9.50000000 8.80000000 2.13729305E+002
9.50000000 8.90000000 2.22953978E+002
9.50000000 9.00000000 2.34183023E+002
9.50000000 9.10000000 2.45412068E+002
9.50000000 9.20000000 2.56641113E+002
9.50000000 9.30000000 2.71673261E+002
9.50000000 9.40000000 2.87339260E+002
9.50000000 9.50000000 3.03005258E+002
9.50000000 9.60000000 3.20235709E+002
9.50000000 9.70000000 3.41377291E+002
9.50000000 9.80000000 3.62518872E+002
9.50000000 9.90000000 3.83660454E+002
9.50000000 10.00000000 4.09533137E+002
9.50000000 10.10000000 4.37298261E+002
9.50000000 10.20000000 4.65063385E+002
9.50000000 10.30000000 4.93954342E+002
9.50000000 10.40000000 5.29600297E+002
9.50000000 10.50000000 5.65246252E+002
9.50000000 10.60000000 6.00892206E+002
9.50000000 10.70000000 6.41822418E+002
9.50000000 10.80000000 6.86715822E+002
9.50000000 10.90000000 7.31609225E+002
9.50000000 11.00000000 7.76502629E+002
9.60000000 1.00000000 7.93733080E+002
9.60000000 1.10000000 7.48839676E+002
9.60000000 1.20000000 7.03946272E+002
9.60000000 1.30000000 6.59052869E+002
9.60000000 1.40000000 6.18122657E+002
9.60000000 1.50000000 5.82476702E+002
9.60000000 1.60000000 5.46830748E+002
9.60000000 1.70000000 5.11184793E+002
9.60000000 1.80000000 4.82293836E+002
9.60000000 1.90000000 4.54528712E+002
9.60000000 2.00000000 4.26763588E+002
9.60000000 2.10000000 4.00890905E+002
9.60000000 2.20000000 3.79749323E+002
9.60000000 2.30000000 3.58607742E+002
9.60000000 2.40000000 3.37466160E+002
9.60000000 2.50000000 3.20235709E+002
9.60000000 2.60000000 3.04569711E+002
9.60000000 2.70000000 2.88903712E+002
9.60000000 2.80000000 2.73871564E+002
9.60000000 2.90000000 2.62642519E+002
9.60000000 3.00000000 2.51413474E+002
9.60000000 3.10000000 2.40184428E+002
9.60000000 3.20000000 2.30959756E+002
9.60000000 3.30000000 2.23238364E+002
9.60000000 3.40000000 2.15516972E+002
9.60000000 3.50000000 2.07795580E+002
9.60000000 3.60000000 2.02761870E+002
9.60000000 3.70000000 1.97728160E+002
9.60000000 3.80000000 1.92694450E+002
9.60000000 3.90000000 1.88508044E+002
9.60000000 4.00000000 1.85451374E+002
9.60000000 4.10000000 1.82394705E+002
9.60000000 4.20000000 1.79338036E+002
9.60000000 4.30000000 1.77460563E+002
9.60000000 4.40000000 1.75779623E+002
9.60000000 4.50000000 1.74098683E+002
9.60000000 4.60000000 1.72670242E+002
9.60000000 4.70000000 1.71873048E+002
9.60000000 4.80000000 1.71075854E+002
9.60000000 4.90000000 1.70278660E+002
9.60000000 5.00000000 1.69839390E+002
9.60000000 5.10000000 1.69543289E+002
9.60000000 5.20000000 1.69247189E+002
9.60000000 5.30000000 1.68983627E+002
9.60000000 5.40000000 1.68915296E+002
9.60000000 5.50000000 1.68846965E+002
9.60000000 5.60000000 1.68778634E+002
9.60000000 5.70000000 1.68746746E+002
9.60000000 5.80000000 1.68742191E+002
9.60000000 5.90000000 1.68737635E+002
9.60000000 6.00000000 1.68733080E+002
9.60000000 6.10000000 1.68737635E+002
9.60000000 6.20000000 1.68742191E+002
9.60000000 6.30000000 1.68746746E+002
9.60000000 6.40000000 1.68778634E+002
9.60000000 6.50000000 1.68846965E+002
9.60000000 6.60000000 1.68915296E+002
9.60000000 6.70000000 1.68983627E+002
9.60000000 6.80000000 1.69247189E+002
9.60000000 6.90000000 1.69543289E+002
9.60000000 7.00000000 1.69839390E+002
9.60000000 7.10000000 1.70278660E+002
9.60000000 7.20000000 1.71075854E+002
9.60000000 7.30000000 1.71873048E+002
9.60000000 7.40000000 1.72670242E+002
9.60000000 7.50000000 1.74098683E+002
9.60000000 7.60000000 1.75779623E+002
9.60000000 7.70000000 1.77460563E+002
9.60000000 7.80000000 1.79338036E+002
9.60000000 7.90000000 1.82394705E+002
9.60000000 8.00000000 1.85451374E+002
9.60000000 8.10000000 1.88508044E+002
9.60000000 8.20000000 1.92694450E+002
9.60000000 8.30000000 1.97728160E+002
9.60000000 8.40000000 2.02761870E+002
9.60000000 8.50000000 2.07795580E+002
9.60000000 8.60000000 2.15516972E+002
9.60000000 8.70000000 2.23238364E+002
9.60000000 8.80000000 2.30959756E+002
9.60000000 8.90000000 2.40184428E+002
9.60000000 9.00000000 2.51413474E+002
9.60000000 9.10000000 2.62642519E+002
9.60000000 9.20000000 2.73871564E+002
9.60000000 9.30000000 2.88903712E+002
9.60000000 9.40000000 3.04569711E+002
9.60000000 9.50000000 3.20235709E+002
9.60000000 9.60000000 3.37466160E+002
9.60000000 9.70000000 3.58607742E+002
9.60000000 9.80000000 3.79749323E+002
9.60000000 9.90000000 4.00890905E+002
9.60000000 10.00000000 4.26763588E+002
9.60000000 10.10000000 4.54528712E+002
9.60000000 10.20000000 4.82293836E+002
9.60000000 10.30000000 5.11184793E+002
9.60000000 10.40000000 5.46830748E+002
9.60000000 10.50000000 5.82476702E+002
9.60000000 10.60000000 6.18122657E+002
9.60000000 10.70000000 6.59052869E+002
9.60000000 10.80000000 7.03946272E+002
9.60000000 10.90000000 7.48839676E+002
9.60000000 11.00000000 7.93733080E+002
9.70000000 1.00000000 8.14874662E+002
9.70000000 1.10000000 7.69981258E+002
9.70000000 1.20000000 7.25087854E+002
9.70000000 1.30000000 6.80194450E+002
9.70000000 1.40000000 6.39264239E+002
9.70000000 1.50000000 6.03618284E+002
9.70000000 1.60000000 5.67972329E+002
9.70000000 1.70000000 5.32326374E+002
9.70000000 1.80000000 5.03435418E+002
9.70000000 1.90000000 4.75670294E+002
9.70000000 2.00000000 4.47905170E+002
9.70000000 2.10000000 4.22032486E+002
9.70000000 2.20000000 4.00890905E+002
9.70000000 2.30000000 3.79749323E+002
9.70000000 2.40000000 3.58607742E+002
9.70000000 2.50000000 3.41377291E+002
9.70000000 2.60000000 3.25711292E+002
9.70000000 2.70000000 3.10045294E+002
9.70000000 2.80000000 2.95013146E+002
9.70000000 2.90000000 2.83784100E+002
9.70000000 3.00000000 2.72555055E+002
9.70000000 3.10000000 2.61326010E+002
9.70000000 3.20000000 2.52101338E+002
9.70000000 3.30000000 2.44379946E+002
9.70000000 3.40000000 2.36658554E+002
9.70000000 3.50000000 2.28937162E+002
9.70000000 3.60000000 2.23903452E+002
9.70000000 3.70000000 2.18869742E+002
9.70000000 3.80000000 2.13836032E+002
9.70000000 3.90000000 2.09649625E+002
9.70000000 4.00000000 2.06592956E+002
9.70000000 4.10000000 2.03536287E+002
9.70000000 4.20000000 2.00479618E+002
9.70000000 4.30000000 1.98602145E+002
9.70000000 4.40000000 1.96921205E+002
9.70000000 4.50000000 1.95240264E+002
9.70000000 4.60000000 1.93811823E+002
9.70000000 4.70000000 1.93014629E+002
9.70000000 4.80000000 1.92217435E+002
9.70000000 4.90000000 1.91420242E+002
9.70000000 5.00000000 1.90980971E+002
9.70000000 5.10000000 1.90684871E+002
9.70000000 5.20000000 1.90388770E+002
9.70000000 5.30000000 1.90125208E+002
9.70000000 5.40000000 1.90056877E+002
9.70000000 5.50000000 1.89988546E+002
9.70000000 5.60000000 1.89920216E+002
9.70000000 5.70000000 1.89888328E+002
9.70000000 5.80000000 1.89883772E+002
9.70000000 5.90000000 1.89879217E+002
9.70000000 6.00000000 1.89874662E+002
9.70000000 6.10000000 1.89879217E+002
9.70000000 6.20000000 1.89883772E+002
9.70000000 6.30000000 1.89888328E+002
9.70000000 6.40000000 1.89920216E+002
9.70000000 6.50000000 1.89988546E+002
9.70000000 6.60000000 1.90056877E+002
9.70000000 6.70000000 1.90125208E+002
9.70000000 6.80000000 1.90388770E+002
9.70000000 6.90000000 1.90684871E+002
9.70000000 7.00000000 1.90980971E+002
9.70000000 7.10000000 1.91420242E+002
9.70000000 7.20000000 1.92217435E+002
9.70000000 7.30000000 1.93014629E+002
9.70000000 7.40000000 1.93811823E+002
9.70000000 7.50000000 1.95240264E+002
9.70000000 7.60000000 1.96921205E+002
9.70000000 7.70000000 1.98602145E+002
9.70000000 7.80000000 2.00479618E+002
9.70000000 7.90000000 2.03536287E+002
9.70000000 8.00000000 2.06592956E+002
9.70000000 8.10000000 2.09649625E+002
9.70000000 8.20000000 2.13836032E+002
9.70000000 8.30000000 2.18869742E+002
9.70000000 8.40000000 2.23903452E+002
9.70000000 8.50000000 2.28937162E+002
9.70000000 8.60000000 2.36658554E+002
9.70000000 8.70000000 2.44379946E+002
9.70000000 8.80000000 2.52101338E+002
9.70000000 8.90000000 2.61326010E+002
9.70000000 9.00000000 2.72555055E+002
9.70000000 9.10000000 2.83784100E+002
9.70000000 9.20000000 2.95013146E+002
9.70000000 9.30000000 3.10045294E+002
9.70000000 9.40000000 3.25711292E+002
9.70000000 9.50000000 3.41377291E+002
9.70000000 9.60000000 3.58607742E+002
9.70000000 9.70000000 3.79749323E+002
9.70000000 9.80000000 4.00890905E+002
9.70000000 9.90000000 4.22032486E+002
9.70000000 10.00000000 4.47905170E+002
9.70000000 10.10000000 4.75670294E+002
9.70000000 10.20000000 5.03435418E+002
9.70000000 10.30000000 5.32326374E+002
9.70000000 10.40000000 5.67972329E+002
9.70000000 10.50000000 6.03618284E+002
9.70000000 10.60000000 6.39264239E+002
9.70000000 10.70000000 6.80194450E+002
9.70000000 10.80000000 7.25087854E+002
9.70000000 10.90000000 7.69981258E+002
9.70000000 11.00000000 8.14874662E+002
9.80000000 1.00000000 8.36016243E+002
9.80000000 1.10000000 7.91122839E+002
9.80000000 1.20000000 7.46229436E+002
9.80000000 1.30000000 7.01336032E+002
9.80000000 1.40000000 6.60405820E+002
9.80000000 1.50000000 6.24759866E+002
9.80000000 1.60000000 5.89113911E+002
9.80000000 1.70000000 5.53467956E+002
9.80000000 1.80000000 5.24576999E+002
9.80000000 1.90000000 4.96811875E+002
9.80000000 2.00000000 4.69046751E+002
9.80000000 2.10000000 4.43174068E+002
9.80000000 2.20000000 4.22032486E+002
9.80000000 2.30000000 4.00890905E+002
9.80000000 2.40000000 3.79749323E+002
9.80000000 2.50000000 3.62518872E+002
9.80000000 2.60000000 3.46852874E+002
9.80000000 2.70000000 3.31186875E+002
9.80000000 2.80000000 3.16154727E+002
9.80000000 2.90000000 3.04925682E+002
9.80000000 3.00000000 2.93696637E+002
9.80000000 3.10000000 2.82467592E+002
9.80000000 3.20000000 2.73242920E+002
9.80000000 3.30000000 2.65521527E+002
9.80000000 3.40000000 2.57800135E+002
9.80000000 3.50000000 2.50078743E+002
9.80000000 3.60000000 2.45045033E+002
9.80000000 3.70000000 2.40011323E+002
9.80000000 3.80000000 2.34977613E+002
9.80000000 3.90000000 2.30791207E+002
9.80000000 4.00000000 2.27734538E+002
9.80000000 4.10000000 2.24677869E+002
9.80000000 4.20000000 2.21621200E+002
9.80000000 4.30000000 2.19743727E+002
9.80000000 4.40000000 2.18062786E+002
9.80000000 4.50000000 2.16381846E+002
9.80000000 4.60000000 2.14953405E+002
9.80000000 4.70000000 2.14156211E+002
9.80000000 4.80000000 2.13359017E+002
9.80000000 4.90000000 2.12561823E+002
9.80000000 5.00000000 2.12122553E+002
9.80000000 5.10000000 2.11826453E+002
9.80000000 5.20000000 2.11530352E+002
9.80000000 5.30000000 2.11266790E+002
9.80000000 5.40000000 2.11198459E+002
9.80000000 5.50000000 2.11130128E+002
9.80000000 5.60000000 2.11061797E+002
9.80000000 5.70000000 2.11029909E+002
9.80000000 5.80000000 2.11025354E+002
9.80000000 5.90000000 2.11020799E+002
9.80000000 6.00000000 2.11016243E+002
9.80000000 6.10000000 2.11020799E+002
9.80000000 6.20000000 2.11025354E+002
9.80000000 6.30000000 2.11029909E+002
9.80000000 6.40000000 2.11061797E+002
9.80000000 6.50000000 2.11130128E+002
9.80000000 6.60000000 2.11198459E+002
9.80000000 6.70000000 2.11266790E+002
9.80000000 6.80000000 2.11530352E+002
9.80000000 6.90000000 2.11826453E+002
9.80000000 7.00000000 2.12122553E+002
9.80000000 7.10000000 2.12561823E+002
9.80000000 7.20000000 2.13359017E+002
9.80000000 7.30000000 2.14156211E+002
9.80000000 7.40000000 2.14953405E+002
9.80000000 7.50000000 2.16381846E+002
9.80000000 7.60000000 2.18062786E+002
9.80000000 7.70000000 2.19743727E+002
9.80000000 7.80000000 2.21621200E+002
9.80000000 7.90000000 2.24677869E+002
9.80000000 8.00000000 2.27734538E+002
9.80000000 8.10000000 2.30791207E+002
9.80000000 8.20000000 2.34977613E+002
9.80000000 8.30000000 2.40011323E+002
9.80000000 8.40000000 2.45045033E+002
9.80000000 8.50000000 2.50078743E+002
9.80000000 8.60000000 2.57800135E+002
9.80000000 8.70000000 2.65521527E+002
9.80000000 8.80000000 2.73242920E+002
9.80000000 8.90000000 2.82467592E+002
9.80000000 9.00000000 2.93696637E+002
9.80000000 9.10000000 3.04925682E+002
9.80000000 9.20000000 3.16154727E+002
9.80000000 9.30000000 3.31186875E+002
9.80000000 9.40000000 3.46852874E+002
9.80000000 9.50000000 3.62518872E+002
9.80000000 9.60000000 3.79749323E+002
9.80000000 9.70000000 4.00890905E+002
9.80000000 9.80000000 4.22032486E+002
9.80000000 9.90000000 4.43174068E+002
9.80000000 10.00000000 4.69046751E+002
9.80000000 10.10000000 4.96811875E+002
9.80000000 10.20000000 5.24576999E+002
9.80000000 10.30000000 5.53467956E+002
9.80000000 10.40000000 5.89113911E+002
9.80000000 10.50000000 6.24759866E+002
9.80000000 10.60000000 6.60405820E+002
9.80000000 10.70000000 7.01336032E+002
9.80000000 10.80000000 7.46229436E+002
9.80000000 10.90000000 7.91122839E+002
9.80000000 11.00000000 8.36016243E+002
9.90000000 1.00000000 8.57157825E+002
9.90000000 1.10000000 8.12264421E+002
9.90000000 1.20000000 7.67371017E+002
9.90000000 1.30000000 7.22477613E+002
9.90000000 1.40000000 6.81547402E+002
9.90000000 1.50000000 6.45901447E+002
9.90000000 1.60000000 6.10255493E+002
9.90000000 1.70000000 5.74609538E+002
9.90000000 1.80000000 5.45718581E+002
9.90000000 1.90000000 5.17953457E+002
9.90000000 2.00000000 4.90188333E+002
9.90000000 2.10000000 4.64315650E+002
9.90000000 2.20000000 4.43174068E+002
9.90000000 2.30000000 4.22032486E+002
9.90000000 2.40000000 4.00890905E+002
9.90000000 2.50000000 3.83660454E+002
9.90000000 2.60000000 3.67994455E+002
9.90000000 2.70000000 3.52328457E+002
9.90000000 2.80000000 3.37296309E+002
9.90000000 2.90000000 3.26067264E+002
9.90000000 3.00000000 3.14838218E+002
9.90000000 3.10000000 3.03609173E+002
9.90000000 3.20000000 2.94384501E+002
9.90000000 3.30000000 2.86663109E+002
9.90000000 3.40000000 2.78941717E+002
9.90000000 3.50000000 2.71220325E+002
9.90000000 3.60000000 2.66186615E+002
9.90000000 3.70000000 2.61152905E+002
9.90000000 3.80000000 2.56119195E+002
9.90000000 3.90000000 2.51932788E+002
9.90000000 4.00000000 2.48876119E+002
9.90000000 4.10000000 2.45819450E+002
9.90000000 4.20000000 2.42762781E+002
9.90000000 4.30000000 2.40885308E+002
9.90000000 4.40000000 2.39204368E+002
9.90000000 4.50000000 2.37523428E+002
9.90000000 4.60000000 2.36094986E+002
9.90000000 4.70000000 2.35297793E+002
9.90000000 4.80000000 2.34500599E+002
9.90000000 4.90000000 2.33703405E+002
9.90000000 5.00000000 2.33264135E+002
9.90000000 5.10000000 2.32968034E+002
9.90000000 5.20000000 2.32671934E+002
9.90000000 5.30000000 2.32408372E+002
9.90000000 5.40000000 2.32340041E+002
9.90000000 5.50000000 2.32271710E+002
9.90000000 5.60000000 2.32203379E+002
9.90000000 5.70000000 2.32171491E+002
9.90000000 5.80000000 2.32166936E+002
9.90000000 5.90000000 2.32162380E+002
9.90000000 6.00000000 2.32157825E+002
9.90000000 6.10000000 2.32162380E+002
9.90000000 6.20000000 2.32166936E+002
9.90000000 6.30000000 2.32171491E+002
9.90000000 6.40000000 2.32203379E+002
9.90000000 6.50000000 2.32271710E+002
9.90000000 6.60000000 2.32340041E+002
9.90000000 6.70000000 2.32408372E+002
9.90000000 6.80000000 2.32671934E+002
9.90000000 6.90000000 2.32968034E+002
9.90000000 7.00000000 2.33264135E+002
9.90000000 7.10000000 2.33703405E+002
9.90000000 7.20000000 2.34500599E+002
9.90000000 7.30000000 2.35297793E+002
9.90000000 7.40000000 2.36094986E+002
9.90000000 7.50000000 2.37523428E+002
9.90000000 7.60000000 2.39204368E+002
9.90000000 7.70000000 2.40885308E+002
9.90000000 7.80000000 2.42762781E+002
9.90000000 7.90000000 2.45819450E+002
9.90000000 8.00000000 2.48876119E+002
9.90000000 8.10000000 2.51932788E+002
9.90000000 8.20000000 2.56119195E+002
9.90000000 8.30000000 2.61152905E+002
9.90000000 8.40000000 2.66186615E+002
9.90000000 8.50000000 2.71220325E+002
9.90000000 8.60000000 2.78941717E+002
9.90000000 8.70000000 2.86663109E+002
9.90000000 8.80000000 2.94384501E+002
9.90000000 8.90000000 3.03609173E+002
9.90000000 9.00000000 3.14838218E+002
9.90000000 9.10000000 3.26067264E+002
9.90000000 9.20000000 3.37296309E+002
9.90000000 9.30000000 3.52328457E+002
9.90000000 9.40000000 3.67994455E+002
9.90000000 9.50000000 3.83660454E+002
9.90000000 9.60000000 4.00890905E+002
9.90000000 9.70000000 4.22032486E+002
9.90000000 9.80000000 4.43174068E+002
9.90000000 9.90000000 4.64315650E+002
9.90000000 10.00000000 4.90188333E+002
9.90000000 10.10000000 5.17953457E+002
9.90000000 10.20000000 5.45718581E+002
9.90000000 10.30000000 5.74609538E+002
9.90000000 10.40000000 6.10255493E+002
9.90000000 10.50000000 6.45901447E+002
9.90000000 10.60000000 6.81547402E+002
9.90000000 10.70000000 7.22477613E+002
9.90000000 10.80000000 7.67371017E+002
9.90000000 10.90000000 8.12264421E+002
9.90000000 11.00000000 8.57157825E+002
10.00000000 1.00000000 8.83030508E+002
10.00000000 1.10000000 8.38137104E+002
10.00000000 1.20000000 7.93243701E+002
10.00000000 1.30000000 7.48350297E+002
10.00000000 1.40000000 7.07420085E+002
10.00000000 1.50000000 6.71774131E+002
10.00000000 1.60000000 6.36128176E+002
10.00000000 1.70000000 6.00482221E+002
10.00000000 1.80000000 5.71591264E+002
10.00000000 1.90000000 5.43826140E+002
10.00000000 2.00000000 5.16061016E+002
10.00000000 2.10000000 4.90188333E+002
10.00000000 2.20000000 4.69046751E+002
10.00000000 2.30000000 4.47905170E+002
10.00000000 2.40000000 4.26763588E+002
10.00000000 2.50000000 4.09533137E+002
10.00000000 2.60000000 3.93867139E+002
10.00000000 2.70000000 3.78201140E+002
10.00000000 2.80000000 3.63168992E+002
10.00000000 2.90000000 3.51939947E+002
10.00000000 3.00000000 3.40710902E+002
10.00000000 3.10000000 3.29481857E+002
10.00000000 3.20000000 3.20257185E+002
10.00000000 3.30000000 3.12535792E+002
10.00000000 3.40000000 3.04814400E+002
10.00000000 3.50000000 2.97093008E+002
10.00000000 3.60000000 2.92059298E+002
10.00000000 3.70000000 2.87025588E+002
10.00000000 3.80000000 2.81991878E+002
10.00000000 3.90000000 2.77805472E+002
10.00000000 4.00000000 2.74748803E+002
10.00000000 4.10000000 2.71692133E+002
10.00000000 4.20000000 2.68635464E+002
10.00000000 4.30000000 2.66757991E+002
10.00000000 4.40000000 2.65077051E+002
10.00000000 4.50000000 2.63396111E+002
10.00000000 4.60000000 2.61967670E+002
10.00000000 4.70000000 2.61170476E+002
10.00000000 4.80000000 2.60373282E+002
10.00000000 4.90000000 2.59576088E+002
10.00000000 5.00000000 2.59136818E+002
10.00000000 5.10000000 2.58840717E+002
10.00000000 5.20000000 2.58544617E+002
10.00000000 5.30000000 2.58281055E+002
10.00000000 5.40000000 2.58212724E+002
10.00000000 5.50000000 2.58144393E+002
10.00000000 5.60000000 2.58076062E+002
10.00000000 5.70000000 2.58044174E+002
10.00000000 5.80000000 2.58039619E+002
10.00000000 5.90000000 2.58035064E+002
10.00000000 6.00000000 2.58030508E+002
10.00000000 6.10000000 2.58035064E+002
10.00000000 6.20000000 2.58039619E+002
10.00000000 6.30000000 2.58044174E+002
10.00000000 6.40000000 2.58076062E+002
10.00000000 6.50000000 2.58144393E+002
10.00000000 6.60000000 2.58212724E+002
10.00000000 6.70000000 2.58281055E+002
10.00000000 6.80000000 2.58544617E+002
10.00000000 6.90000000 2.58840717E+002
10.00000000 7.00000000 2.59136818E+002
10.00000000 7.10000000 2.59576088E+002
10.00000000 7.20000000 2.60373282E+002
10.00000000 7.30000000 2.61170476E+002
10.00000000 7.40000000 2.61967670E+002
10.00000000 7.50000000 2.63396111E+002
10.00000000 7.60000000 2.65077051E+002
10.00000000 7.70000000 2.66757991E+002
10.00000000 7.80000000 2.68635464E+002
10.00000000 7.90000000 2.71692133E+002
10.00000000 8.00000000 2.74748803E+002
10.00000000 8.10000000 2.77805472E+002
10.00000000 8.20000000 2.81991878E+002
10.00000000 8.30000000 2.87025588E+002
10.00000000 8.40000000 2.92059298E+002
10.00000000 8.50000000 2.97093008E+002
10.00000000 8.60000000 3.04814400E+002
10.00000000 8.70000000 3.12535792E+002
10.00000000 8.80000000 3.20257185E+002
10.00000000 8.90000000 3.29481857E+002
10.00000000 9.00000000 3.40710902E+002
10.00000000 9.10000000 3.51939947E+002
10.00000000 9.20000000 3.63168992E+002
10.00000000 9.30000000 3.78201140E+002
10.00000000 9.40000000 3.93867139E+002
10.00000000 9.50000000 4.09533137E+002
10.00000000 9.60000000 4.26763588E+002
10.00000000 9.70000000 4.47905170E+002
10.00000000 9.80000000 4.69046751E+002
10.00000000 9.90000000 4.90188333E+002
10.00000000 10.00000000 5.16061016E+002
10.00000000 10.10000000 5.43826140E+002
10.00000000 10.20000000 5.71591264E+002
10.00000000 10.30000000 6.00482221E+002
10.00000000 10.40000000 6.36128176E+002
10.00000000 10.50000000 6.71774131E+002
10.00000000 10.60000000 7.07420085E+002
10.00000000 10.70000000 7.48350297E+002
10.00000000 10.80000000 7.93243701E+002
10.00000000 10.90000000 8.38137104E+002
10.00000000 11.00000000 8.83030508E+002
10.10000000 1.00000000 9.10795632E+002
10.10000000 1.10000000 8.65902228E+002
10.10000000 1.20000000 8.21008824E+002
10.10000000 1.30000000 7.76115421E+002
10.10000000 1.40000000 7.35185209E+002
10.10000000 1.50000000 6.99539254E+002
10.10000000 1.60000000 6.63893300E+002
10.10000000 1.70000000 6.28247345E+002
10.10000000 1.80000000 5.99356388E+002
10.10000000 1.90000000 5.71591264E+002
10.10000000 2.00000000 5.43826140E+002
10.10000000 2.10000000 5.17953457E+002
10.10000000 2.20000000 4.96811875E+002
10.10000000 2.30000000 4.75670294E+002
10.10000000 2.40000000 4.54528712E+002
10.10000000 2.50000000 4.37298261E+002
10.10000000 2.60000000 4.21632263E+002
10.10000000 2.70000000 4.05966264E+002
10.10000000 2.80000000 3.90934116E+002
10.10000000 2.90000000 3.79705071E+002
10.10000000 3.00000000 3.68476026E+002
10.10000000 3.10000000 3.57246980E+002
10.10000000 3.20000000 3.48022308E+002
10.10000000 3.30000000 3.40300916E+002
10.10000000 3.40000000 3.32579524E+002
10.10000000 3.50000000 3.24858132E+002
10.10000000 3.60000000 3.19824422E+002
10.10000000 3.70000000 3.14790712E+002
10.10000000 3.80000000 3.09757002E+002
10.10000000 3.90000000 3.05570596E+002
10.10000000 4.00000000 3.02513926E+002
10.10000000 4.10000000 2.99457257E+002
10.10000000 4.20000000 2.96400588E+002
10.10000000 4.30000000 2.94523115E+002
10.10000000 4.40000000 2.92842175E+002
10.10000000 4.50000000 2.91161235E+002
10.10000000 4.60000000 2.89732794E+002
10.10000000 4.70000000 2.88935600E+002
10.10000000 4.80000000 2.88138406E+002
10.10000000 4.90000000 2.87341212E+002
10.10000000 5.00000000 2.86901942E+002
10.10000000 5.10000000 2.86605841E+002
10.10000000 5.20000000 2.86309741E+002
10.10000000 5.30000000 2.86046179E+002
10.10000000 5.40000000 2.85977848E+002
10.10000000 5.50000000 2.85909517E+002
10.10000000 5.60000000 2.85841186E+002
10.10000000 5.70000000 2.85809298E+002
10.10000000 5.80000000 2.85804743E+002
10.10000000 5.90000000 2.85800187E+002
10.10000000 6.00000000 2.85795632E+002
10.10000000 6.10000000 2.85800187E+002
10.10000000 6.20000000 2.85804743E+002
10.10000000 6.30000000 2.85809298E+002
10.10000000 6.40000000 2.85841186E+002
10.10000000 6.50000000 2.85909517E+002
10.10000000 6.60000000 2.85977848E+002
10.10000000 6.70000000 2.86046179E+002
10.10000000 6.80000000 2.86309741E+002
10.10000000 6.90000000 2.86605841E+002
10.10000000 7.00000000 2.86901942E+002
10.10000000 7.10000000 2.87341212E+002
10.10000000 7.20000000 2.88138406E+002
10.10000000 7.30000000 2.88935600E+002
10.10000000 7.40000000 2.89732794E+002
10.10000000 7.50000000 2.91161235E+002
10.10000000 7.60000000 2.92842175E+002
10.10000000 7.70000000 2.94523115E+002
10.10000000 7.80000000 2.96400588E+002
10.10000000 7.90000000 2.99457257E+002
10.10000000 8.00000000 3.02513926E+002
10.10000000 8.10000000 3.05570596E+002
10.10000000 8.20000000 3.09757002E+002
10.10000000 8.30000000 3.14790712E+002
10.10000000 8.40000000 3.19824422E+002
10.10000000 8.50000000 3.24858132E+002
10.10000000 8.60000000 3.32579524E+002
10.10000000 8.70000000 3.40300916E+002
10.10000000 8.80000000 3.48022308E+002
10.10000000 8.90000000 3.57246980E+002
10.10000000 9.00000000 3.68476026E+002
10.10000000 9.10000000 3.79705071E+002
10.10000000 9.20000000 3.90934116E+002
10.10000000 9.30000000 4.05966264E+002
10.10000000 9.40000000 4.21632263E+002
10.10000000 9.50000000 4.37298261E+002
10.10000000 9.60000000 4.54528712E+002
10.10000000 9.70000000 4.75670294E+002
10.10000000 9.80000000 4.96811875E+002
10.10000000 9.90000000 5.17953457E+002
10.10000000 10.00000000 5.43826140E+002
10.10000000 10.10000000 5.71591264E+002
10.10000000 10.20000000 5.99356388E+002
10.10000000 10.30000000 6.28247345E+002
10.10000000 10.40000000 6.63893300E+002
10.10000000 10.50000000 6.99539254E+002
10.10000000 10.60000000 7.35185209E+002
10.10000000 10.70000000 7.76115421E+002
10.10000000 10.80000000 8.21008824E+002
10.10000000 10.90000000 8.65902228E+002
10.10000000 11.00000000 9.10795632E+002
10.20000000 1.00000000 9.38560756E+002
10.20000000 1.10000000 8.93667352E+002
10.20000000 1.20000000 8.48773948E+002
10.20000000 1.30000000 8.03880545E+002
10.20000000 1.40000000 7.62950333E+002
10.20000000 1.50000000 7.27304378E+002
10.20000000 1.60000000 6.91658424E+002
10.20000000 1.70000000 6.56012469E+002
10.20000000 1.80000000 6.27121512E+002
10.20000000 1.90000000 5.99356388E+002
10.20000000 2.00000000 5.71591264E+002
10.20000000 2.10000000 5.45718581E+002
10.20000000 2.20000000 5.24576999E+002
10.20000000 2.30000000 5.03435418E+002
10.20000000 2.40000000 4.82293836E+002
10.20000000 2.50000000 4.65063385E+002
10.20000000 2.60000000 4.49397387E+002
10.20000000 2.70000000 4.33731388E+002
10.20000000 2.80000000 4.18699240E+002
10.20000000 2.90000000 4.07470195E+002
10.20000000 3.00000000 3.96241150E+002
10.20000000 3.10000000 3.85012104E+002
10.20000000 3.20000000 3.75787432E+002
10.20000000 3.30000000 3.68066040E+002
10.20000000 3.40000000 3.60344648E+002
10.20000000 3.50000000 3.52623256E+002
10.20000000 3.60000000 3.47589546E+002
10.20000000 3.70000000 3.42555836E+002
10.20000000 3.80000000 3.37522126E+002
10.20000000 3.90000000 3.33335719E+002
10.20000000 4.00000000 3.30279050E+002
10.20000000 4.10000000 3.27222381E+002
10.20000000 4.20000000 3.24165712E+002
10.20000000 4.30000000 3.22288239E+002
10.20000000 4.40000000 3.20607299E+002
10.20000000 4.50000000 3.18926359E+002
10.20000000 4.60000000 3.17497918E+002
10.20000000 4.70000000 3.16700724E+002
10.20000000 4.80000000 3.15903530E+002
10.20000000 4.90000000 3.15106336E+002
10.20000000 5.00000000 3.14667066E+002
10.20000000 5.10000000 3.14370965E+002
10.20000000 5.20000000 3.14074865E+002
10.20000000 5.30000000 3.13811303E+002
10.20000000 5.40000000 3.13742972E+002
10.20000000 5.50000000 3.13674641E+002
10.20000000 5.60000000 3.13606310E+002
10.20000000 5.70000000 3.13574422E+002
10.20000000 5.80000000 3.13569867E+002
10.20000000 5.90000000 3.13565311E+002
10.20000000 6.00000000 3.13560756E+002
10.20000000 6.10000000 3.13565311E+002
10.20000000 6.20000000 3.13569867E+002
10.20000000 6.30000000 3.13574422E+002
10.20000000 6.40000000 3.13606310E+002
10.20000000 6.50000000 3.13674641E+002
10.20000000 6.60000000 3.13742972E+002
10.20000000 6.70000000 3.13811303E+002
10.20000000 6.80000000 3.14074865E+002
10.20000000 6.90000000 3.14370965E+002
10.20000000 7.00000000 3.14667066E+002
10.20000000 7.10000000 3.15106336E+002
10.20000000 7.20000000 3.15903530E+002
10.20000000 7.30000000 3.16700724E+002
10.20000000 7.40000000 3.17497918E+002
10.20000000 7.50000000 3.18926359E+002
10.20000000 7.60000000 3.20607299E+002
10.20000000 7.70000000 3.22288239E+002
10.20000000 7.80000000 3.24165712E+002
10.20000000 7.90000000 3.27222381E+002
10.20000000 8.00000000 3.30279050E+002
10.20000000 8.10000000 3.33335719E+002
10.20000000 8.20000000 3.37522126E+002
10.20000000 8.30000000 3.42555836E+002
10.20000000 8.40000000 3.47589546E+002
10.20000000 8.50000000 3.52623256E+002
10.20000000 8.60000000 3.60344648E+002
10.20000000 8.70000000 3.68066040E+002
10.20000000 8.80000000 3.75787432E+002
10.20000000 8.90000000 3.85012104E+002
10.20000000 9.00000000 3.96241150E+002
10.20000000 9.10000000 4.07470195E+002
10.20000000 9.20000000 4.18699240E+002
10.20000000 9.30000000 4.33731388E+002
10.20000000 9.40000000 4.49397387E+002
10.20000000 9.50000000 4.65063385E+002
10.20000000 9.60000000 4.82293836E+002
10.20000000 9.70000000 5.03435418E+002
10.20000000 9.80000000 5.24576999E+002
10.20000000 9.90000000 5.45718581E+002
10.20000000 10.00000000 5.71591264E+002
10.20000000 10.10000000 5.99356388E+002
10.20000000 10.20000000 6.27121512E+002
10.20000000 10.30000000 6.56012469E+002
10.20000000 10.40000000 6.91658424E+002
10.20000000 10.50000000 7.27304378E+002
10.20000000 10.60000000 7.62950333E+002
10.20000000 10.70000000 8.03880545E+002
10.20000000 10.80000000 8.48773948E+002
10.20000000 10.90000000 8.93667352E+002
10.20000000 11.00000000 9.38560756E+002
10.30000000 1.00000000 9.67451713E+002
10.30000000 1.10000000 9.22558309E+002
10.30000000 1.20000000 8.77664905E+002
10.30000000 1.30000000 8.32771501E+002
10.30000000 1.40000000 7.91841290E+002
10.30000000 1.50000000 7.56195335E+002
10.30000000 1.60000000 7.20549380E+002
10.30000000 1.70000000 6.84903426E+002
10.30000000 1.80000000 6.56012469E+002
10.30000000 1.90000000 6.28247345E+002
10.30000000 2.00000000 6.00482221E+002
10.30000000 2.10000000 5.74609538E+002
10.30000000 2.20000000 5.53467956E+002
10.30000000 2.30000000 5.32326374E+002
10.30000000 2.40000000 5.11184793E+002
10.30000000 2.50000000 4.93954342E+002
10.30000000 2.60000000 4.78288343E+002
10.30000000 2.70000000 4.62622345E+002
10.30000000 2.80000000 4.47590197E+002
10.30000000 2.90000000 4.36361152E+002
10.30000000 3.00000000 4.25132106E+002
10.30000000 3.10000000 4.13903061E+002
10.30000000 3.20000000 4.04678389E+002
10.30000000 3.30000000 3.96956997E+002
10.30000000 3.40000000 3.89235605E+002
10.30000000 3.50000000 3.81514213E+002
10.30000000 3.60000000 3.76480503E+002
10.30000000 3.70000000 3.71446793E+002
10.30000000 3.80000000 3.66413083E+002
10.30000000 3.90000000 3.62226676E+002
10.30000000 4.00000000 3.59170007E+002
10.30000000 4.10000000 3.56113338E+002
10.30000000 4.20000000 3.53056669E+002
10.30000000 4.30000000 3.51179196E+002
10.30000000 4.40000000 3.49498256E+002
10.30000000 4.50000000 3.47817316E+002
10.30000000 4.60000000 3.46388874E+002
10.30000000 4.70000000 3.45591681E+002
10.30000000 4.80000000 3.44794487E+002
10.30000000 4.90000000 3.43997293E+002
10.30000000 5.00000000 3.43558023E+002
10.30000000 5.10000000 3.43261922E+002
10.30000000 5.20000000 3.42965822E+002
10.30000000 5.30000000 3.42702259E+002
10.30000000 5.40000000 3.42633929E+002
10.30000000 5.50000000 3.42565598E+002
10.30000000 5.60000000 3.42497267E+002
10.30000000 5.70000000 3.42465379E+002
10.30000000 5.80000000 3.42460824E+002
10.30000000 5.90000000 3.42456268E+002
10.30000000 6.00000000 3.42451713E+002
10.30000000 6.10000000 3.42456268E+002
10.30000000 6.20000000 3.42460824E+002
10.30000000 6.30000000 3.42465379E+002
10.30000000 6.40000000 3.42497267E+002
10.30000000 6.50000000 3.42565598E+002
10.30000000 6.60000000 3.42633929E+002
10.30000000 6.70000000 3.42702259E+002
10.30000000 6.80000000 3.42965822E+002
10.30000000 6.90000000 3.43261922E+002
10.30000000 7.00000000 3.43558023E+002
10.30000000 7.10000000 3.43997293E+002
10.30000000 7.20000000 3.44794487E+002
10.30000000 7.30000000 3.45591681E+002
10.30000000 7.40000000 3.46388874E+002
10.30000000 7.50000000 3.47817316E+002
10.30000000 7.60000000 3.49498256E+002
10.30000000 7.70000000 3.51179196E+002
10.30000000 7.80000000 3.53056669E+002
10.30000000 7.90000000 3.56113338E+002
10.30000000 8.00000000 3.59170007E+002
10.30000000 8.10000000 3.62226676E+002
10.30000000 8.20000000 3.66413083E+002
10.30000000 8.30000000 3.71446793E+002
10.30000000 8.40000000 3.76480503E+002
10.30000000 8.50000000 3.81514213E+002
10.30000000 8.60000000 3.89235605E+002
10.30000000 8.70000000 3.96956997E+002
10.30000000 8.80000000 4.04678389E+002
10.30000000 8.90000000 4.13903061E+002
10.30000000 9.00000000 4.25132106E+002
10.30000000 9.10000000 4.36361152E+002
10.30000000 9.20000000 4.47590197E+002
10.30000000 9.30000000 4.62622345E+002
10.30000000 9.40000000 4.78288343E+002
10.30000000 9.50000000 4.93954342E+002
10.30000000 9.60000000 5.11184793E+002
10.30000000 9.70000000 5.32326374E+002
10.30000000 9.80000000 5.53467956E+002
10.30000000 9.90000000 5.74609538E+002
10.30000000 10.00000000 6.00482221E+002
10.30000000 10.10000000 6.28247345E+002
10.30000000 10.20000000 6.56012469E+002
10.30000000 10.30000000 6.84903426E+002
10.30000000 10.40000000 7.20549380E+002
10.30000000 10.50000000 7.56195335E+002
10.30000000 10.60000000 7.91841290E+002
10.30000000 10.70000000 8.32771501E+002
10.30000000 10.80000000 8.77664905E+002
10.30000000 10.90000000 9.22558309E+002
10.30000000 11.00000000 9.67451713E+002
10.40000000 1.00000000 1.00309767E+003
10.40000000 1.10000000 9.58204264E+002
10.40000000 1.20000000 9.13310860E+002
10.40000000 1.30000000 8.68417456E+002
10.40000000 1.40000000 8.27487245E+002
10.40000000 1.50000000 7.91841290E+002
10.40000000 1.60000000 7.56195335E+002
10.40000000 1.70000000 7.20549380E+002
10.40000000 1.80000000 6.91658424E+002
10.40000000 1.90000000 6.63893300E+002
10.40000000 2.00000000 6.36128176E+002
10.40000000 2.10000000 6.10255493E+002
10.40000000 2.20000000 5.89113911E+002
10.40000000 2.30000000 5.67972329E+002
10.40000000 2.40000000 5.46830748E+002
10.40000000 2.50000000 5.29600297E+002
10.40000000 2.60000000 5.13934298E+002
10.40000000 2.70000000 4.98268300E+002
10.40000000 2.80000000 4.83236152E+002
10.40000000 2.90000000 4.72007106E+002
10.40000000 3.00000000 4.60778061E+002
10.40000000 3.10000000 4.49549016E+002
10.40000000 3.20000000 4.40324344E+002
10.40000000 3.30000000 4.32602952E+002
10.40000000 3.40000000 4.24881560E+002
10.40000000 3.50000000 4.17160168E+002
10.40000000 3.60000000 4.12126458E+002
10.40000000 3.70000000 4.07092748E+002
10.40000000 3.80000000 4.02059038E+002
10.40000000 3.90000000 3.97872631E+002
10.40000000 4.00000000 3.94815962E+002
10.40000000 4.10000000 3.91759293E+002
10.40000000 4.20000000 3.88702624E+002
10.40000000 4.30000000 3.86825151E+002
10.40000000 4.40000000 3.85144211E+002
10.40000000 4.50000000 3.83463271E+002
10.40000000 4.60000000 3.82034829E+002
10.40000000 4.70000000 3.81237635E+002
10.40000000 4.80000000 3.80440441E+002
10.40000000 4.90000000 3.79643248E+002
10.40000000 5.00000000 3.79203978E+002
10.40000000 5.10000000 3.78907877E+002
10.40000000 5.20000000 3.78611776E+002
10.40000000 5.30000000 3.78348214E+002
10.40000000 5.40000000 3.78279883E+002
10.40000000 5.50000000 3.78211552E+002
10.40000000 5.60000000 3.78143222E+002
10.40000000 5.70000000 3.78111334E+002
10.40000000 5.80000000 3.78106778E+002
10.40000000 5.90000000 3.78102223E+002
10.40000000 6.00000000 3.78097668E+002
10.40000000 6.10000000 3.78102223E+002
10.40000000 6.20000000 3.78106778E+002
10.40000000 6.30000000 3.78111334E+002
10.40000000 6.40000000 3.78143222E+002
10.40000000 6.50000000 3.78211552E+002
10.40000000 6.60000000 3.78279883E+002
10.40000000 6.70000000 3.78348214E+002
10.40000000 6.80000000 3.78611776E+002
10.40000000 6.90000000 3.78907877E+002
10.40000000 7.00000000 3.79203978E+002
10.40000000 7.10000000 3.79643248E+002
10.40000000 7.20000000 3.80440441E+002
10.40000000 7.30000000 3.81237635E+002
10.40000000 7.40000000 3.82034829E+002
10.40000000 7.50000000 3.83463271E+002
10.40000000 7.60000000 3.85144211E+002
10.40000000 7.70000000 3.86825151E+002
10.40000000 7.80000000 3.88702624E+002
10.40000000 7.90000000 3.91759293E+002
10.40000000 8.00000000 3.94815962E+002
10.40000000 8.10000000 3.97872631E+002
10.40000000 8.20000000 4.02059038E+002
10.40000000 8.30000000 4.07092748E+002
10.40000000 8.40000000 4.12126458E+002
10.40000000 8.50000000 4.17160168E+002
10.40000000 8.60000000 4.24881560E+002
10.40000000 8.70000000 4.32602952E+002
10.40000000 8.80000000 4.40324344E+002
10.40000000 8.90000000 4.49549016E+002
10.40000000 9.00000000 4.60778061E+002
10.40000000 9.10000000 4.72007106E+002
10.40000000 9.20000000 4.83236152E+002
10.40000000 9.30000000 4.98268300E+002
10.40000000 9.40000000 5.13934298E+002
10.40000000 9.50000000 5.29600297E+002
10.40000000 9.60000000 5.46830748E+002
10.40000000 9.70000000 5.67972329E+002
10.40000000 9.80000000 5.89113911E+002
10.40000000 9.90000000 6.10255493E+002
10.40000000 10.00000000 6.36128176E+002
10.40000000 10.10000000 6.63893300E+002
10.40000000 10.20000000 6.91658424E+002
10.40000000 10.30000000 7.20549380E+002
10.40000000 10.40000000 7.56195335E+002
10.40000000 10.50000000 7.91841290E+002
10.40000000 10.60000000 8.27487245E+002
10.40000000 10.70000000 8.68417456E+002
10.40000000 10.80000000 9.13310860E+002
10.40000000 10.90000000 9.58204264E+002
10.40000000 11.00000000 1.00309767E+003
10.50000000 1.00000000 1.03874362E+003
10.50000000 1.10000000 9.93850219E+002
10.50000000 1.20000000 9.48956815E+002
10.50000000 1.30000000 9.04063411E+002
10.50000000 1.40000000 8.63133200E+002
10.50000000 1.50000000 8.27487245E+002
10.50000000 1.60000000 7.91841290E+002
10.50000000 1.70000000 7.56195335E+002
10.50000000 1.80000000 7.27304378E+002
10.50000000 1.90000000 6.99539254E+002
10.50000000 2.00000000 6.71774131E+002
10.50000000 2.10000000 6.45901447E+002
10.50000000 2.20000000 6.24759866E+002
10.50000000 2.30000000 6.03618284E+002
10.50000000 2.40000000 5.82476702E+002
10.50000000 2.50000000 5.65246252E+002
10.50000000 2.60000000 5.49580253E+002
10.50000000 2.70000000 5.33914254E+002
10.50000000 2.80000000 5.18882106E+002
10.50000000 2.90000000 5.07653061E+002
10.50000000 3.00000000 4.96424016E+002
10.50000000 3.10000000 4.85194971E+002
10.50000000 3.20000000 4.75970299E+002
10.50000000 3.30000000 4.68248907E+002
10.50000000 3.40000000 4.60527515E+002
10.50000000 3.50000000 4.52806122E+002
10.50000000 3.60000000 4.47772413E+002
10.50000000 3.70000000 4.42738703E+002
10.50000000 3.80000000 4.37704993E+002
10.50000000 3.90000000 4.33518586E+002
10.50000000 4.00000000 4.30461917E+002
10.50000000 4.10000000 4.27405248E+002
10.50000000 4.20000000 4.24348579E+002
10.50000000 4.30000000 4.22471106E+002
10.50000000 4.40000000 4.20790166E+002
10.50000000 4.50000000 4.19109225E+002
10.50000000 4.60000000 4.17680784E+002
10.50000000 4.70000000 4.16883590E+002
10.50000000 4.80000000 4.16086396E+002
10.50000000 4.90000000 4.15289202E+002
10.50000000 5.00000000 4.14849932E+002
10.50000000 5.10000000 4.14553832E+002
10.50000000 5.20000000 4.14257731E+002
10.50000000 5.30000000 4.13994169E+002
10.50000000 5.40000000 4.13925838E+002
10.50000000 5.50000000 4.13857507E+002
10.50000000 5.60000000 4.13789176E+002
10.50000000 5.70000000 4.13757289E+002
10.50000000 5.80000000 4.13752733E+002
10.50000000 5.90000000 4.13748178E+002
10.50000000 6.00000000 4.13743622E+002
10.50000000 6.10000000 4.13748178E+002
10.50000000 6.20000000 4.13752733E+002
10.50000000 6.30000000 4.13757289E+002
10.50000000 6.40000000 4.13789176E+002
10.50000000 6.50000000 4.13857507E+002
10.50000000 6.60000000 4.13925838E+002
10.50000000 6.70000000 4.13994169E+002
10.50000000 6.80000000 4.14257731E+002
10.50000000 6.90000000 4.14553832E+002
10.50000000 7.00000000 4.14849932E+002
10.50000000 7.10000000 4.15289202E+002
10.50000000 7.20000000 4.16086396E+002
10.50000000 7.30000000 4.16883590E+002
10.50000000 7.40000000 4.17680784E+002
10.50000000 7.50000000 4.19109225E+002
10.50000000 7.60000000 4.20790166E+002
10.50000000 7.70000000 4.22471106E+002
10.50000000 7.80000000 4.24348579E+002
10.50000000 7.90000000 4.27405248E+002
10.50000000 8.00000000 4.30461917E+002
10.50000000 8.10000000 4.33518586E+002
10.50000000 8.20000000 4.37704993E+002
10.50000000 8.30000000 4.42738703E+002
10.50000000 8.40000000 4.47772413E+002
10.50000000 8.50000000 4.52806122E+002
10.50000000 8.60000000 4.60527515E+002
10.50000000 8.70000000 4.68248907E+002
10.50000000 8.80000000 4.75970299E+002
10.50000000 8.90000000 4.85194971E+002
10.50000000 9.00000000 4.96424016E+002
10.50000000 9.10000000 5.07653061E+002
10.50000000 9.20000000 5.18882106E+002
10.50000000 9.30000000 5.33914254E+002
10.50000000 9.40000000 5.49580253E+002
10.50000000 9.50000000 5.65246252E+002
10.50000000 9.60000000 5.82476702E+002
10.50000000 9.70000000 6.03618284E+002
10.50000000 9.80000000 6.24759866E+002
10.50000000 9.90000000 6.45901447E+002
10.50000000 10.00000000 6.71774131E+002
10.50000000 10.10000000 6.99539254E+002
10.50000000 10.20000000 7.27304378E+002
10.50000000 10.30000000 7.56195335E+002
10.50000000 10.40000000 7.91841290E+002
10.50000000 10.50000000 8.27487245E+002
10.50000000 10.60000000 8.63133200E+002
10.50000000 10.70000000 9.04063411E+002
10.50000000 10.80000000 9.48956815E+002
10.50000000 10.90000000 9.93850219E+002
10.50000000 11.00000000 1.03874362E+003
10.60000000 1.00000000 1.07438958E+003
10.60000000 1.10000000 1.02949617E+003
10.60000000 1.20000000 9.84602770E+002
10.60000000 1.30000000 9.39709366E+002
10.60000000 1.40000000 8.98779155E+002
10.60000000 1.50000000 8.63133200E+002
10.60000000 1.60000000 8.27487245E+002
10.60000000 1.70000000 7.91841290E+002
10.60000000 1.80000000 7.62950333E+002
10.60000000 1.90000000 7.35185209E+002
10.60000000 2.00000000 7.07420085E+002
10.60000000 2.10000000 6.81547402E+002
10.60000000 2.20000000 6.60405820E+002
10.60000000 2.30000000 6.39264239E+002
10.60000000 2.40000000 6.18122657E+002
10.60000000 2.50000000 6.00892206E+002
10.60000000 2.60000000 5.85226208E+002
10.60000000 2.70000000 5.69560209E+002
10.60000000 2.80000000 5.54528061E+002
10.60000000 2.90000000 5.43299016E+002
10.60000000 3.00000000 5.32069971E+002
10.60000000 3.10000000 5.20840926E+002
10.60000000 3.20000000 5.11616254E+002
10.60000000 3.30000000 5.03894862E+002
10.60000000 3.40000000 4.96173469E+002
10.60000000 3.50000000 4.88452077E+002
10.60000000 3.60000000 4.83418367E+002
10.60000000 3.70000000 4.78384657E+002
10.60000000 3.80000000 4.73350948E+002
10.60000000 3.90000000 4.69164541E+002
10.60000000 4.00000000 4.66107872E+002
10.60000000 4.10000000 4.63051203E+002
10.60000000 4.20000000 4.59994534E+002
10.60000000 4.30000000 4.58117061E+002
10.60000000 4.40000000 4.56436120E+002
10.60000000 4.50000000 4.54755180E+002
10.60000000 4.60000000 4.53326739E+002
10.60000000 4.70000000 4.52529545E+002
10.60000000 4.80000000 4.51732351E+002
10.60000000 4.90000000 4.50935157E+002
10.60000000 5.00000000 4.50495887E+002
10.60000000 5.10000000 4.50199787E+002
10.60000000 5.20000000 4.49903686E+002
10.60000000 5.30000000 4.49640124E+002
10.60000000 5.40000000 4.49571793E+002
10.60000000 5.50000000 4.49503462E+002
10.60000000 5.60000000 4.49435131E+002
10.60000000 5.70000000 4.49403243E+002
10.60000000 5.80000000 4.49398688E+002
10.60000000 5.90000000 4.49394133E+002
10.60000000 6.00000000 4.49389577E+002
10.60000000 6.10000000 4.49394133E+002
10.60000000 6.20000000 4.49398688E+002
10.60000000 6.30000000 4.49403243E+002
10.60000000 6.40000000 4.49435131E+002
10.60000000 6.50000000 4.49503462E+002
10.60000000 6.60000000 4.49571793E+002
10.60000000 6.70000000 4.49640124E+002
10.60000000 6.80000000 4.49903686E+002
10.60000000 6.90000000 4.50199787E+002
10.60000000 7.00000000 4.50495887E+002
10.60000000 7.10000000 4.50935157E+002
10.60000000 7.20000000 4.51732351E+002
10.60000000 7.30000000 4.52529545E+002
10.60000000 7.40000000 4.53326739E+002
10.60000000 7.50000000 4.54755180E+002
10.60000000 7.60000000 4.56436120E+002
10.60000000 7.70000000 4.58117061E+002
10.60000000 7.80000000 4.59994534E+002
10.60000000 7.90000000 4.63051203E+002
10.60000000 8.00000000 4.66107872E+002
10.60000000 8.10000000 4.69164541E+002
10.60000000 8.20000000 4.73350948E+002
10.60000000 8.30000000 4.78384657E+002
10.60000000 8.40000000 4.83418367E+002
10.60000000 8.50000000 4.88452077E+002
10.60000000 8.60000000 4.96173469E+002
10.60000000 8.70000000 5.03894862E+002
10.60000000 8.80000000 5.11616254E+002
10.60000000 8.90000000 5.20840926E+002
10.60000000 9.00000000 5.32069971E+002
10.60000000 9.10000000 5.43299016E+002
10.60000000 9.20000000 5.54528061E+002
10.60000000 9.30000000 5.69560209E+002
10.60000000 9.40000000 5.85226208E+002
10.60000000 9.50000000 6.00892206E+002
10.60000000 9.60000000 6.18122657E+002
10.60000000 9.70000000 6.39264239E+002
10.60000000 9.80000000 6.60405820E+002
10.60000000 9.90000000 6.81547402E+002
10.60000000 10.00000000 7.07420085E+002
10.60000000 10.10000000 7.35185209E+002
10.60000000 10.20000000 7.62950333E+002
10.60000000 10.30000000 7.91841290E+002
10.60000000 10.40000000 8.27487245E+002
10.60000000 10.50000000 8.63133200E+002
10.60000000 10.60000000 8.98779155E+002
10.60000000 10.70000000 9.39709366E+002
10.60000000 10.80000000 9.84602770E+002
10.60000000 10.90000000 1.02949617E+003
10.60000000 11.00000000 1.07438958E+003
10.70000000 1.00000000 1.11531979E+003
10.70000000 1.10000000 1.07042638E+003
10.70000000 1.20000000 1.02553298E+003
10.70000000 1.30000000 9.80639577E+002
10.70000000 1.40000000 9.39709366E+002
10.70000000 1.50000000 9.04063411E+002
10.70000000 1.60000000 8.68417456E+002
10.70000000 1.70000000 8.32771501E+002
10.70000000 1.80000000 8.03880545E+002
10.70000000 1.90000000 7.76115421E+002
10.70000000 2.00000000 7.48350297E+002
10.70000000 2.10000000 7.22477613E+002
10.70000000 2.20000000 7.01336032E+002
10.70000000 2.30000000 6.80194450E+002
10.70000000 2.40000000 6.59052869E+002
10.70000000 2.50000000 6.41822418E+002
10.70000000 2.60000000 6.26156419E+002
10.70000000 2.70000000 6.10490421E+002
10.70000000 2.80000000 5.95458273E+002
10.70000000 2.90000000 5.84229227E+002
10.70000000 3.00000000 5.73000182E+002
10.70000000 3.10000000 5.61771137E+002
10.70000000 3.20000000 5.52546465E+002
10.70000000 3.30000000 5.44825073E+002
10.70000000 3.40000000 5.37103681E+002
10.70000000 3.50000000 5.29382289E+002
10.70000000 3.60000000 5.24348579E+002
10.70000000 3.70000000 5.19314869E+002
10.70000000 3.80000000 5.14281159E+002
10.70000000 3.90000000 5.10094752E+002
10.70000000 4.00000000 5.07038083E+002
10.70000000 4.10000000 5.03981414E+002
10.70000000 4.20000000 5.00924745E+002
10.70000000 4.30000000 4.99047272E+002
10.70000000 4.40000000 4.97366332E+002
10.70000000 4.50000000 4.95685392E+002
10.70000000 4.60000000 4.94256950E+002
10.70000000 4.70000000 4.93459756E+002
10.70000000 4.80000000 4.92662562E+002
10.70000000 4.90000000 4.91865369E+002
10.70000000 5.00000000 4.91426099E+002
10.70000000 5.10000000 4.91129998E+002
10.70000000 5.20000000 4.90833897E+002
10.70000000 5.30000000 4.90570335E+002
10.70000000 5.40000000 4.90502004E+002
10.70000000 5.50000000 4.90433673E+002
10.70000000 5.60000000 4.90365343E+002
10.70000000 5.70000000 4.90333455E+002
10.70000000 5.80000000 4.90328899E+002
10.70000000 5.90000000 4.90324344E+002
10.70000000 6.00000000 4.90319789E+002
10.70000000 6.10000000 4.90324344E+002
10.70000000 6.20000000 4.90328899E+002
10.70000000 6.30000000 4.90333455E+002
10.70000000 6.40000000 4.90365343E+002
10.70000000 6.50000000 4.90433673E+002
10.70000000 6.60000000 4.90502004E+002
10.70000000 6.70000000 4.90570335E+002
10.70000000 6.80000000 4.90833897E+002
10.70000000 6.90000000 4.91129998E+002
10.70000000 7.00000000 4.91426099E+002
10.70000000 7.10000000 4.91865369E+002
10.70000000 7.20000000 4.92662562E+002
10.70000000 7.30000000 4.93459756E+002
10.70000000 7.40000000 4.94256950E+002
10.70000000 7.50000000 4.95685392E+002
10.70000000 7.60000000 4.97366332E+002
10.70000000 7.70000000 4.99047272E+002
10.70000000 7.80000000 5.00924745E+002
10.70000000 7.90000000 5.03981414E+002
10.70000000 8.00000000 5.07038083E+002
10.70000000 8.10000000 5.10094752E+002
10.70000000 8.20000000 5.14281159E+002
10.70000000 8.30000000 5.19314869E+002
10.70000000 8.40000000 5.24348579E+002
10.70000000 8.50000000 5.29382289E+002
10.70000000 8.60000000 5.37103681E+002
10.70000000 8.70000000 5.44825073E+002
10.70000000 8.80000000 5.52546465E+002
10.70000000 8.90000000 5.61771137E+002
10.70000000 9.00000000 5.73000182E+002
10.70000000 9.10000000 5.84229227E+002
10.70000000 9.20000000 5.95458273E+002
10.70000000 9.30000000 6.10490421E+002
10.70000000 9.40000000 6.26156419E+002
10.70000000 9.50000000 6.41822418E+002
10.70000000 9.60000000 6.59052869E+002
10.70000000 9.70000000 6.80194450E+002
10.70000000 9.80000000 7.01336032E+002
10.70000000 9.90000000 7.22477613E+002
10.70000000 10.00000000 7.48350297E+002
10.70000000 10.10000000 7.76115421E+002
10.70000000 10.20000000 8.03880545E+002
10.70000000 10.30000000 8.32771501E+002
10.70000000 10.40000000 8.68417456E+002
10.70000000 10.50000000 9.04063411E+002
10.70000000 10.60000000 9.39709366E+002
10.70000000 10.70000000 9.80639577E+002
10.70000000 10.80000000 1.02553298E+003
10.70000000 10.90000000 1.07042638E+003
10.70000000 11.00000000 1.11531979E+003
10.80000000 1.00000000 1.16021319E+003
10.80000000 1.10000000 1.11531979E+003
10.80000000 1.20000000 1.07042638E+003
10.80000000 1.30000000 1.02553298E+003
10.80000000 1.40000000 9.84602770E+002
10.80000000 1.50000000 9.48956815E+002
10.80000000 1.60000000 9.13310860E+002
10.80000000 1.70000000 8.77664905E+002
10.80000000 1.80000000 8.48773948E+002
10.80000000 1.90000000 8.21008824E+002
10.80000000 2.00000000 7.93243701E+002
10.80000000 2.10000000 7.67371017E+002
10.80000000 2.20000000 7.46229436E+002
10.80000000 2.30000000 7.25087854E+002
10.80000000 2.40000000 7.03946272E+002
10.80000000 2.50000000 6.86715822E+002
10.80000000 2.60000000 6.71049823E+002
10.80000000 2.70000000 6.55383824E+002
10.80000000 2.80000000 6.40351676E+002
10.80000000 2.90000000 6.29122631E+002
10.80000000 3.00000000 6.17893586E+002
10.80000000 3.10000000 6.06664541E+002
10.80000000 3.20000000 5.97439869E+002
10.80000000 3.30000000 5.89718477E+002
10.80000000 3.40000000 5.81997085E+002
10.80000000 3.50000000 5.74275692E+002
10.80000000 3.60000000 5.69241983E+002
10.80000000 3.70000000 5.64208273E+002
10.80000000 3.80000000 5.59174563E+002
10.80000000 3.90000000 5.54988156E+002
10.80000000 4.00000000 5.51931487E+002
10.80000000 4.10000000 5.48874818E+002
10.80000000 4.20000000 5.45818149E+002
10.80000000 4.30000000 5.43940676E+002
10.80000000 4.40000000 5.42259736E+002
10.80000000 4.50000000 5.40578795E+002
10.80000000 4.60000000 5.39150354E+002
10.80000000 4.70000000 5.38353160E+002
10.80000000 4.80000000 5.37555966E+002
10.80000000 4.90000000 5.36758772E+002
10.80000000 5.00000000 5.36319502E+002
10.80000000 5.10000000 5.36023402E+002
10.80000000 5.20000000 5.35727301E+002
10.80000000 5.30000000 5.35463739E+002
10.80000000 5.40000000 5.35395408E+002
10.80000000 5.50000000 5.35327077E+002
10.80000000 5.60000000 5.35258746E+002
10.80000000 5.70000000 5.35226859E+002
10.80000000 5.80000000 5.35222303E+002
10.80000000 5.90000000 5.35217748E+002
10.80000000 6.00000000 5.35213192E+002
10.80000000 6.10000000 5.35217748E+002
10.80000000 6.20000000 5.35222303E+002
10.80000000 6.30000000 5.35226859E+002
10.80000000 6.40000000 5.35258746E+002
10.80000000 6.50000000 5.35327077E+002
10.80000000 6.60000000 5.35395408E+002
10.80000000 6.70000000 5.35463739E+002
10.80000000 6.80000000 5.35727301E+002
10.80000000 6.90000000 5.36023402E+002
10.80000000 7.00000000 5.36319502E+002
10.80000000 7.10000000 5.36758772E+002
10.80000000 7.20000000 5.37555966E+002
10.80000000 7.30000000 5.38353160E+002
10.80000000 7.40000000 5.39150354E+002
10.80000000 7.50000000 5.40578795E+002
10.80000000 7.60000000 5.42259736E+002
10.80000000 7.70000000 5.43940676E+002
10.80000000 7.80000000 5.45818149E+002
10.80000000 7.90000000 5.48874818E+002
10.80000000 8.00000000 5.51931487E+002
10.80000000 8.10000000 5.54988156E+002
10.80000000 8.20000000 5.59174563E+002
10.80000000 8.30000000 5.64208273E+002
10.80000000 8.40000000 5.69241983E+002
10.80000000 8.50000000 5.74275692E+002
10.80000000 8.60000000 5.81997085E+002
10.80000000 8.70000000 5.89718477E+002
10.80000000 8.80000000 5.97439869E+002
10.80000000 8.90000000 6.06664541E+002
10.80000000 9.00000000 6.17893586E+002
10.80000000 9.10000000 6.29122631E+002
10.80000000 9.20000000 6.40351676E+002
10.80000000 9.30000000 6.55383824E+002
10.80000000 9.40000000 6.71049823E+002
10.80000000 9.50000000 6.86715822E+002
10.80000000 9.60000000 7.03946272E+002
10.80000000 9.70000000 7.25087854E+002
10.80000000 9.80000000 7.46229436E+002
10.80000000 9.90000000 7.67371017E+002
10.80000000 10.00000000 7.93243701E+002
10.80000000 10.10000000 8.21008824E+002
10.80000000 10.20000000 8.48773948E+002
10.80000000 10.30000000 8.77664905E+002
10.80000000 10.40000000 9.13310860E+002
10.80000000 10.50000000 9.48956815E+002
10.80000000 10.60000000 9.84602770E+002
10.80000000 10.70000000 1.02553298E+003
10.80000000 10.80000000 1.07042638E+003
10.80000000 10.90000000 1.11531979E+003
10.80000000 11.00000000 1.16021319E+003
10.90000000 1.00000000 1.20510660E+003
10.90000000 1.10000000 1.16021319E+003
10.90000000 1.20000000 1.11531979E+003
10.90000000 1.30000000 1.07042638E+003
10.90000000 1.40000000 1.02949617E+003
10.90000000 1.50000000 9.93850219E+002
10.90000000 1.60000000 9.58204264E+002
10.90000000 1.70000000 9.22558309E+002
10.90000000 1.80000000 8.93667352E+002
10.90000000 1.90000000 8.65902228E+002
10.90000000 2.00000000 8.38137104E+002
10.90000000 2.10000000 8.12264421E+002
10.90000000 2.20000000 7.91122839E+002
10.90000000 2.30000000 7.69981258E+002
10.90000000 2.40000000 7.48839676E+002
10.90000000 2.50000000 7.31609225E+002
10.90000000 2.60000000 7.15943227E+002
10.90000000 2.70000000 7.00277228E+002
10.90000000 2.80000000 6.85245080E+002
10.90000000 2.90000000 6.74016035E+002
10.90000000 3.00000000 6.62786990E+002
10.90000000 3.10000000 6.51557945E+002
10.90000000 3.20000000 6.42333273E+002
10.90000000 3.30000000 6.34611880E+002
10.90000000 3.40000000 6.26890488E+002
10.90000000 3.50000000 6.19169096E+002
10.90000000 3.60000000 6.14135386E+002
10.90000000 3.70000000 6.09101676E+002
10.90000000 3.80000000 6.04067966E+002
10.90000000 3.90000000 5.99881560E+002
10.90000000 4.00000000 5.96824891E+002
10.90000000 4.10000000 5.93768222E+002
10.90000000 4.20000000 5.90711552E+002
10.90000000 4.30000000 5.88834080E+002
10.90000000 4.40000000 5.87153139E+002
10.90000000 4.50000000 5.85472199E+002
10.90000000 4.60000000 5.84043758E+002
10.90000000 4.70000000 5.83246564E+002
10.90000000 4.80000000 5.82449370E+002
10.90000000 4.90000000 5.81652176E+002
10.90000000 5.00000000 5.81212906E+002
10.90000000 5.10000000 5.80916805E+002
10.90000000 5.20000000 5.80620705E+002
10.90000000 5.30000000 5.80357143E+002
10.90000000 5.40000000 5.80288812E+002
10.90000000 5.50000000 5.80220481E+002
10.90000000 5.60000000 5.80152150E+002
10.90000000 5.70000000 5.80120262E+002
10.90000000 5.80000000 5.80115707E+002
10.90000000 5.90000000 5.80111152E+002
10.90000000 6.00000000 5.80106596E+002
10.90000000 6.10000000 5.80111152E+002
10.90000000 6.20000000 5.80115707E+002
10.90000000 6.30000000 5.80120262E+002
10.90000000 6.40000000 5.80152150E+002
10.90000000 6.50000000 5.80220481E+002
10.90000000 6.60000000 5.80288812E+002
10.90000000 6.70000000 5.80357143E+002
10.90000000 6.80000000 5.80620705E+002
10.90000000 6.90000000 5.80916805E+002
10.90000000 7.00000000 5.81212906E+002
10.90000000 7.10000000 5.81652176E+002
10.90000000 7.20000000 5.82449370E+002
10.90000000 7.30000000 5.83246564E+002
10.90000000 7.40000000 5.84043758E+002
10.90000000 7.50000000 5.85472199E+002
10.90000000 7.60000000 5.87153139E+002
10.90000000 7.70000000 5.88834080E+002
10.90000000 7.80000000 5.90711552E+002
10.90000000 7.90000000 5.93768222E+002
10.90000000 8.00000000 5.96824891E+002
10.90000000 8.10000000 5.99881560E+002
10.90000000 8.20000000 6.04067966E+002
10.90000000 8.30000000 6.09101676E+002
10.90000000 8.40000000 6.14135386E+002
10.90000000 8.50000000 6.19169096E+002
10.90000000 8.60000000 6.26890488E+002
10.90000000 8.70000000 6.34611880E+002
10.90000000 8.80000000 6.42333273E+002
10.90000000 8.90000000 6.51557945E+002
10.90000000 9.00000000 6.62786990E+002
10.90000000 9.10000000 6.74016035E+002
10.90000000 9.20000000 6.85245080E+002
10.90000000 9.30000000 7.00277228E+002
10.90000000 9.40000000 7.15943227E+002
10.90000000 9.50000000 7.31609225E+002
10.90000000 9.60000000 7.48839676E+002
10.90000000 9.70000000 7.69981258E+002
10.90000000 9.80000000 7.91122839E+002
10.90000000 9.90000000 8.12264421E+002
10.90000000 10.00000000 8.38137104E+002
10.90000000 10.10000000 8.65902228E+002
10.90000000 10.20000000 8.93667352E+002
10.90000000 10.30000000 9.22558309E+002
10.90000000 10.40000000 9.58204264E+002
10.90000000 10.50000000 9.93850219E+002
10.90000000 10.60000000 1.02949617E+003
10.90000000 10.70000000 1.07042638E+003
10.90000000 10.80000000 1.11531979E+003
10.90000000 10.90000000 1.16021319E+003
10.90000000 11.00000000 1.20510660E+003
11.00000000 1.00000000 1.25000000E+003
11.00000000 1.10000000 1.20510660E+003
11.00000000 1.20000000 1.16021319E+003
11.00000000 1.30000000 1.11531979E+003
11.00000000 1.40000000 1.07438958E+003
11.00000000 1.50000000 1.03874362E+003
11.00000000 1.60000000 1.00309767E+003
11.00000000 1.70000000 9.67451713E+002
11.00000000 1.80000000 9.38560756E+002
11.00000000 1.90000000 9.10795632E+002
11.00000000 2.00000000 8.83030508E+002
11.00000000 2.10000000 8.57157825E+002
11.00000000 2.20000000 8.36016243E+002
11.00000000 2.30000000 8.14874662E+002
11.00000000 2.40000000 7.93733080E+002
11.00000000 2.50000000 7.76502629E+002
11.00000000 2.60000000 7.60836631E+002
11.00000000 2.70000000 7.45170632E+002
11.00000000 2.80000000 7.30138484E+002
11.00000000 2.90000000 7.18909439E+002
11.00000000 3.00000000 7.07680394E+002
11.00000000 3.10000000 6.96451348E+002
11.00000000 3.20000000 6.87226676E+002
11.00000000 3.30000000 6.79505284E+002
11.00000000 3.40000000 6.71783892E+002
11.00000000 3.50000000 6.64062500E+002
11.00000000 3.60000000 6.59028790E+002
11.00000000 3.70000000 6.53995080E+002
11.00000000 3.80000000 6.48961370E+002
11.00000000 3.90000000 6.44774964E+002
11.00000000 4.00000000 6.41718294E+002
11.00000000 4.10000000 6.38661625E+002
11.00000000 4.20000000 6.35604956E+002
11.00000000 4.30000000 6.33727483E+002
11.00000000 4.40000000 6.32046543E+002
11.00000000 4.50000000 6.30365603E+002
11.00000000 4.60000000 6.28937162E+002
11.00000000 4.70000000 6.28139968E+002
11.00000000 4.80000000 6.27342774E+002
11.00000000 4.90000000 6.26545580E+002
11.00000000 5.00000000 6.26106310E+002
11.00000000 5.10000000 6.25810209E+002
11.00000000 5.20000000 6.25514109E+002
11.00000000 5.30000000 6.25250547E+002
11.00000000 5.40000000 6.25182216E+002
11.00000000 5.50000000 6.25113885E+002
11.00000000 5.60000000 6.25045554E+002
11.00000000 5.70000000 6.25013666E+002
11.00000000 5.80000000 6.25009111E+002
11.00000000 5.90000000 6.25004555E+002
11.00000000 6.00000000 6.25000000E+002
11.00000000 6.10000000 6.25004555E+002
11.00000000 6.20000000 6.25009111E+002
11.00000000 6.30000000 6.25013666E+002
11.00000000 6.40000000 6.25045554E+002
11.00000000 6.50000000 6.25113885E+002
11.00000000 6.60000000 6.25182216E+002
11.00000000 6.70000000 6.25250547E+002
11.00000000 6.80000000 6.25514109E+002
11.00000000 6.90000000 6.25810209E+002
11.00000000 7.00000000 6.26106310E+002
11.00000000 7.10000000 6.26545580E+002
11.00000000 7.20000000 6.27342774E+002
11.00000000 7.30000000 6.28139968E+002
11.00000000 7.40000000 6.28937162E+002
11.00000000 7.50000000 6.30365603E+002
11.00000000 7.60000000 6.32046543E+002
11.00000000 7.70000000 6.33727483E+002
11.00000000 7.80000000 6.35604956E+002
11.00000000 7.90000000 6.38661625E+002
11.00000000 8.00000000 6.41718294E+002
11.00000000 8.10000000 6.44774964E+002
11.00000000 8.20000000 6.48961370E+002
11.00000000 8.30000000 6.53995080E+002
11.00000000 8.40000000 6.59028790E+002
11.00000000 8.50000000 6.64062500E+002
11.00000000 8.60000000 6.71783892E+002
11.00000000 8.70000000 6.79505284E+002
11.00000000 8.80000000 6.87226676E+002
11.00000000 8.90000000 6.96451348E+002
11.00000000 9.00000000 7.07680394E+002
11.00000000 9.10000000 7.18909439E+002
11.00000000 9.20000000 7.30138484E+002
11.00000000 9.30000000 7.45170632E+002
11.00000000 9.40000000 7.60836631E+002
11.00000000 9.50000000 7.76502629E+002
11.00000000 9.60000000 7.93733080E+002
11.00000000 9.70000000 8.14874662E+002
11.00000000 9.80000000 8.36016243E+002
11.00000000 9.90000000 8.57157825E+002
11.00000000 10.00000000 8.83030508E+002
11.00000000 10.10000000 9.10795632E+002
11.00000000 10.20000000 9.38560756E+002
11.00000000 10.30000000 9.67451713E+002
11.00000000 10.40000000 1.00309767E+003
11.00000000 10.50000000 1.03874362E+003
11.00000000 10.60000000 1.07438958E+003
11.00000000 10.70000000 1.11531979E+003
11.00000000 10.80000000 1.16021319E+003
11.00000000 10.90000000 1.20510660E+003
11.00000000 11.00000000 1.25000000E+003
