1.00000000 1.00000000 -2.50000000E+002
1.00000000 1.10000000 -2.42649000E+002
1.00000000 1.20000000 -2.35592000E+002
1.00000000 1.30000000 -2.28823000E+002
1.00000000 1.40000000 -2.22336000E+002
1.00000000 1.50000000 -2.16125000E+002
1.00000000 1.60000000 -2.10184000E+002
1.00000000 1.70000000 -2.04507000E+002
1.00000000 1.80000000 -1.99088000E+002
1.00000000 1.90000000 -1.93921000E+002
1.00000000 2.00000000 -1.89000000E+002
1.00000000 2.10000000 -1.84319000E+002
1.00000000 2.20000000 -1.79872000E+002
1.00000000 2.30000000 -1.75653000E+002
1.00000000 2.40000000 -1.71656000E+002
1.00000000 2.50000000 -1.67875000E+002
1.00000000 2.60000000 -1.64304000E+002
1.00000000 2.70000000 -1.60937000E+002
1.00000000 2.80000000 -1.57768000E+002
1.00000000 2.90000000 -1.54791000E+002
1.00000000 3.00000000 -1.52000000E+002
1.00000000 3.10000000 -1.49389000E+002
1.00000000 3.20000000 -1.46952000E+002
1.00000000 3.30000000 -1.44683000E+002
1.00000000 3.40000000 -1.42576000E+002
1.00000000 3.50000000 -1.40625000E+002
1.00000000 3.60000000 -1.38824000E+002
1.00000000 3.70000000 -1.37167000E+002
1.00000000 3.80000000 -1.35648000E+002
1.00000000 3.90000000 -1.34261000E+002
1.00000000 4.00000000 -1.33000000E+002
1.00000000 4.10000000 -1.31859000E+002
1.00000000 4.20000000 -1.30832000E+002
1.00000000 4.30000000 -1.29913000E+002
1.00000000 4.40000000 -1.29096000E+002
1.00000000 4.50000000 -1.28375000E+002
1.00000000 4.60000000 -1.27744000E+002
1.00000000 4.70000000 -1.27197000E+002
1.00000000 4.80000000 -1.26728000E+002
1.00000000 4.90000000 -1.26331000E+002
1.00000000 5.00000000 -1.26000000E+002
1.00000000 5.10000000 -1.25729000E+002
1.00000000 5.20000000 -1.25512000E+002
1.00000000 5.30000000 -1.25343000E+002
1.00000000 5.40000000 -1.25216000E+002
1.00000000 5.50000000 -1.25125000E+002
1.00000000 5.60000000 -1.25064000E+002
1.00000000 5.70000000 -1.25027000E+002
1.00000000 5.80000000 -1.25008000E+002
1.00000000 5.90000000 -1.25001000E+002
1.00000000 6.00000000 -1.25000000E+002
1.00000000 6.10000000 -1.24999000E+002
1.00000000 6.20000000 -1.24992000E+002
1.00000000 6.30000000 -1.24973000E+002
1.00000000 6.40000000 -1.24936000E+002
1.00000000 6.50000000 -1.24875000E+002
1.00000000 6.60000000 -1.24784000E+002
1.00000000 6.70000000 -1.24657000E+002
1.00000000 6.80000000 -1.24488000E+002
1.00000000 6.90000000 -1.24271000E+002
1.00000000 7.00000000 -1.24000000E+002
1.00000000 7.10000000 -1.23669000E+002
1.00000000 7.20000000 -1.23272000E+002
1.00000000 7.30000000 -1.22803000E+002
1.00000000 7.40000000 -1.22256000E+002
1.00000000 7.50000000 -1.21625000E+002
1.00000000 7.60000000 -1.20904000E+002
1.00000000 7.70000000 -1.20087000E+002
1.00000000 7.80000000 -1.19168000E+002
1.00000000 7.90000000 -1.18141000E+002
1.00000000 8.00000000 -1.17000000E+002
1.00000000 8.10000000 -1.15739000E+002
1.00000000 8.20000000 -1.14352000E+002
1.00000000 8.30000000 -1.12833000E+002
1.00000000 8.40000000 -1.11176000E+002
1.00000000 8.50000000 -1.09375000E+002
1.00000000 8.60000000 -1.07424000E+002
1.00000000 8.70000000 -1.05317000E+002
1.00000000 8.80000000 -1.03048000E+002
1.00000000 8.90000000 -1.00611000E+002
1.00000000 9.00000000 -9.80000000E+001
1.00000000 9.10000000 -9.52090000E+001
1.00000000 9.20000000 -9.22320000E+001
1.00000000 9.30000000 -8.90630000E+001
1.00000000 9.40000000 -8.56960000E+001
1.00000000 9.50000000 -8.21250000E+001
1.00000000 9.60000000 -7.83440000E+001
1.00000000 9.70000000 -7.43470000E+001
1.00000000 9.80000000 -7.01280000E+001
1.00000000 9.90000000 -6.56810000E+001
1.00000000 10.00000000 -6.10000000E+001
1.00000000 10.10000000 -5.60790000E+001
1.00000000 10.20000000 -5.09120000E+001
1.00000000 10.30000000 -4.54930000E+001
1.00000000 10.40000000 -3.98160000E+001
1.00000000 10.50000000 -3.38750000E+001
1.00000000 10.60000000 -2.76640000E+001
1.00000000 10.70000000 -2.11770000E+001
1.00000000 10.80000000 -1.44080000E+001
1.00000000 10.90000000 -7.35100000E+000
1.00000000 11.00000000 0.00000000E+000
1.10000000 1.00000000 -2.42649000E+002
1.10000000 1.10000000 -2.35298000E+002
1.10000000 1.20000000 -2.28241000E+002
1.10000000 1.30000000 -2.21472000E+002
1.10000000 1.40000000 -2.14985000E+002
1.10000000 1.50000000 -2.08774000E+002
1.10000000 1.60000000 -2.02833000E+002
1.10000000 1.70000000 -1.97156000E+002
1.10000000 1.80000000 -1.91737000E+002
1.10000000 1.90000000 -1.86570000E+002
1.10000000 2.00000000 -1.81649000E+002
1.10000000 2.10000000 -1.76968000E+002
1.10000000 2.20000000 -1.72521000E+002
1.10000000 2.30000000 -1.68302000E+002
1.10000000 2.40000000 -1.64305000E+002
1.10000000 2.50000000 -1.60524000E+002
1.10000000 2.60000000 -1.56953000E+002
1.10000000 2.70000000 -1.53586000E+002
1.10000000 2.80000000 -1.50417000E+002
1.10000000 2.90000000 -1.47440000E+002
1.10000000 3.00000000 -1.44649000E+002
1.10000000 3.10000000 -1.42038000E+002
1.10000000 3.20000000 -1.39601000E+002
1.10000000 3.30000000 -1.37332000E+002
1.10000000 3.40000000 -1.35225000E+002
1.10000000 3.50000000 -1.33274000E+002
1.10000000 3.60000000 -1.31473000E+002
1.10000000 3.70000000 -1.29816000E+002
1.10000000 3.80000000 -1.28297000E+002
1.10000000 3.90000000 -1.26910000E+002
1.10000000 4.00000000 -1.25649000E+002
1.10000000 4.10000000 -1.24508000E+002
1.10000000 4.20000000 -1.23481000E+002
1.10000000 4.30000000 -1.22562000E+002
1.10000000 4.40000000 -1.21745000E+002
1.10000000 4.50000000 -1.21024000E+002
1.10000000 4.60000000 -1.20393000E+002
1.10000000 4.70000000 -1.19846000E+002
1.10000000 4.80000000 -1.19377000E+002
1.10000000 4.90000000 -1.18980000E+002
1.10000000 5.00000000 -1.18649000E+002
1.10000000 5.10000000 -1.18378000E+002
1.10000000 5.20000000 -1.18161000E+002
1.10000000 5.30000000 -1.17992000E+002
1.10000000 5.40000000 -1.17865000E+002
1.10000000 5.50000000 -1.17774000E+002
1.10000000 5.60000000 -1.17713000E+002
1.10000000 5.70000000 -1.17676000E+002
1.10000000 5.80000000 -1.17657000E+002
1.10000000 5.90000000 -1.17650000E+002
1.10000000 6.00000000 -1.17649000E+002
1.10000000 6.10000000 -1.17648000E+002
1.10000000 6.20000000 -1.17641000E+002
1.10000000 6.30000000 -1.17622000E+002
1.10000000 6.40000000 -1.17585000E+002
1.10000000 6.50000000 -1.17524000E+002
1.10000000 6.60000000 -1.17433000E+002
1.10000000 6.70000000 -1.17306000E+002
1.10000000 6.80000000 -1.17137000E+002
1.10000000 6.90000000 -1.16920000E+002
1.10000000 7.00000000 -1.16649000E+002
1.10000000 7.10000000 -1.16318000E+002
1.10000000 7.20000000 -1.15921000E+002
1.10000000 7.30000000 -1.15452000E+002
1.10000000 7.40000000 -1.14905000E+002
1.10000000 7.50000000 -1.14274000E+002
1.10000000 7.60000000 -1.13553000E+002
1.10000000 7.70000000 -1.12736000E+002
1.10000000 7.80000000 -1.11817000E+002
1.10000000 7.90000000 -1.10790000E+002
1.10000000 8.00000000 -1.09649000E+002
1.10000000 8.10000000 -1.08388000E+002
1.10000000 8.20000000 -1.07001000E+002
1.10000000 8.30000000 -1.05482000E+002
1.10000000 8.40000000 -1.03825000E+002
1.10000000 8.50000000 -1.02024000E+002
1.10000000 8.60000000 -1.00073000E+002
1.10000000 8.70000000 -9.79660000E+001
1.10000000 8.80000000 -9.56970000E+001
1.10000000 8.90000000 -9.32600000E+001
1.10000000 9.00000000 -9.06490000E+001
1.10000000 9.10000000 -8.78580000E+001
1.10000000 9.20000000 -8.48810000E+001
1.10000000 9.30000000 -8.17120000E+001
1.10000000 9.40000000 -7.83450000E+001
1.10000000 9.50000000 -7.47740000E+001
1.10000000 9.60000000 -7.09930000E+001
1.10000000 9.70000000 -6.69960000E+001
1.10000000 9.80000000 -6.27770000E+001
1.10000000 9.90000000 -5.83300000E+001
1.10000000 10.00000000 -5.36490000E+001
1.10000000 10.10000000 -4.87280000E+001
1.10000000 10.20000000 -4.35610000E+001
1.10000000 10.30000000 -3.81420000E+001
1.10000000 10.40000000 -3.24650000E+001
1.10000000 10.50000000 -2.65240000E+001
1.10000000 10.60000000 -2.03130000E+001
1.10000000 10.70000000 -1.38260000E+001
1.10000000 10.80000000 -7.05700000E+000
1.10000000 10.90000000 -4.46355192E-015
1.10000000 11.00000000 7.35100000E+000
1.20000000 1.00000000 -2.35592000E+002
1.20000000 1.10000000 -2.28241000E+002
1.20000000 1.20000000 -2.21184000E+002
1.20000000 1.30000000 -2.14415000E+002
1.20000000 1.40000000 -2.07928000E+002
1.20000000 1.50000000 -2.01717000E+002
1.20000000 1.60000000 -1.95776000E+002
1.20000000 1.70000000 -1.90099000E+002
1.20000000 1.80000000 -1.84680000E+002
1.20000000 1.90000000 -1.79513000E+002
1.20000000 2.00000000 -1.74592000E+002
1.20000000 2.10000000 -1.69911000E+002
1.20000000 2.20000000 -1.65464000E+002
1.20000000 2.30000000 -1.61245000E+002
1.20000000 2.40000000 -1.57248000E+002
1.20000000 2.50000000 -1.53467000E+002
1.20000000 2.60000000 -1.49896000E+002
1.20000000 2.70000000 -1.46529000E+002
1.20000000 2.80000000 -1.43360000E+002
1.20000000 2.90000000 -1.40383000E+002
1.20000000 3.00000000 -1.37592000E+002
1.20000000 3.10000000 -1.34981000E+002
1.20000000 3.20000000 -1.32544000E+002
1.20000000 3.30000000 -1.30275000E+002
1.20000000 3.40000000 -1.28168000E+002
1.20000000 3.50000000 -1.26217000E+002
1.20000000 3.60000000 -1.24416000E+002
1.20000000 3.70000000 -1.22759000E+002
1.20000000 3.80000000 -1.21240000E+002
1.20000000 3.90000000 -1.19853000E+002
1.20000000 4.00000000 -1.18592000E+002
1.20000000 4.10000000 -1.17451000E+002
1.20000000 4.20000000 -1.16424000E+002
1.20000000 4.30000000 -1.15505000E+002
1.20000000 4.40000000 -1.14688000E+002
1.20000000 4.50000000 -1.13967000E+002
1.20000000 4.60000000 -1.13336000E+002
1.20000000 4.70000000 -1.12789000E+002
1.20000000 4.80000000 -1.12320000E+002
1.20000000 4.90000000 -1.11923000E+002
1.20000000 5.00000000 -1.11592000E+002
1.20000000 5.10000000 -1.11321000E+002
1.20000000 5.20000000 -1.11104000E+002
1.20000000 5.30000000 -1.10935000E+002
1.20000000 5.40000000 -1.10808000E+002
1.20000000 5.50000000 -1.10717000E+002
1.20000000 5.60000000 -1.10656000E+002
1.20000000 5.70000000 -1.10619000E+002
1.20000000 5.80000000 -1.10600000E+002
1.20000000 5.90000000 -1.10593000E+002
1.20000000 6.00000000 -1.10592000E+002
1.20000000 6.10000000 -1.10591000E+002
1.20000000 6.20000000 -1.10584000E+002
1.20000000 6.30000000 -1.10565000E+002
1.20000000 6.40000000 -1.10528000E+002
1.20000000 6.50000000 -1.10467000E+002
1.20000000 6.60000000 -1.10376000E+002
1.20000000 6.70000000 -1.10249000E+002
1.20000000 6.80000000 -1.10080000E+002
1.20000000 6.90000000 -1.09863000E+002
1.20000000 7.00000000 -1.09592000E+002
1.20000000 7.10000000 -1.09261000E+002
1.20000000 7.20000000 -1.08864000E+002
1.20000000 7.30000000 -1.08395000E+002
1.20000000 7.40000000 -1.07848000E+002
1.20000000 7.50000000 -1.07217000E+002
1.20000000 7.60000000 -1.06496000E+002
1.20000000 7.70000000 -1.05679000E+002
1.20000000 7.80000000 -1.04760000E+002
1.20000000 7.90000000 -1.03733000E+002
1.20000000 8.00000000 -1.02592000E+002
1.20000000 8.10000000 -1.01331000E+002
1.20000000 8.20000000 -9.99440000E+001
1.20000000 8.30000000 -9.84250000E+001
1.20000000 8.40000000 -9.67680000E+001
1.20000000 8.50000000 -9.49670000E+001
1.20000000 8.60000000 -9.30160000E+001
1.20000000 8.70000000 -9.09090000E+001
1.20000000 8.80000000 -8.86400000E+001
1.20000000 8.90000000 -8.62030000E+001
1.20000000 9.00000000 -8.35920000E+001
1.20000000 9.10000000 -8.08010000E+001
1.20000000 9.20000000 -7.78240000E+001
1.20000000 9.30000000 -7.46550000E+001
1.20000000 9.40000000 -7.12880000E+001
1.20000000 9.50000000 -6.77170000E+001
1.20000000 9.60000000 -6.39360000E+001
1.20000000 9.70000000 -5.99390000E+001
1.20000000 9.80000000 -5.57200000E+001
1.20000000 9.90000000 -5.12730000E+001
1.20000000 10.00000000 -4.65920000E+001
1.20000000 10.10000000 -4.16710000E+001
1.20000000 10.20000000 -3.65040000E+001
1.20000000 10.30000000 -3.10850000E+001
1.20000000 10.40000000 -2.54080000E+001
1.20000000 10.50000000 -1.94670000E+001
1.20000000 10.60000000 -1.32560000E+001
1.20000000 10.70000000 -6.76900000E+000
1.20000000 10.80000000 -8.09877339E-015
1.20000000 10.90000000 7.05700000E+000
1.20000000 11.00000000 1.44080000E+001
1.30000000 1.00000000 -2.28823000E+002
1.30000000 1.10000000 -2.21472000E+002
1.30000000 1.20000000 -2.14415000E+002
1.30000000 1.30000000 -2.07646000E+002
1.30000000 1.40000000 -2.01159000E+002
1.30000000 1.50000000 -1.94948000E+002
1.30000000 1.60000000 -1.89007000E+002
1.30000000 1.70000000 -1.83330000E+002
1.30000000 1.80000000 -1.77911000E+002
1.30000000 1.90000000 -1.72744000E+002
1.30000000 2.00000000 -1.67823000E+002
1.30000000 2.10000000 -1.63142000E+002
1.30000000 2.20000000 -1.58695000E+002
1.30000000 2.30000000 -1.54476000E+002
1.30000000 2.40000000 -1.50479000E+002
1.30000000 2.50000000 -1.46698000E+002
1.30000000 2.60000000 -1.43127000E+002
1.30000000 2.70000000 -1.39760000E+002
1.30000000 2.80000000 -1.36591000E+002
1.30000000 2.90000000 -1.33614000E+002
1.30000000 3.00000000 -1.30823000E+002
1.30000000 3.10000000 -1.28212000E+002
1.30000000 3.20000000 -1.25775000E+002
1.30000000 3.30000000 -1.23506000E+002
1.30000000 3.40000000 -1.21399000E+002
1.30000000 3.50000000 -1.19448000E+002
1.30000000 3.60000000 -1.17647000E+002
1.30000000 3.70000000 -1.15990000E+002
1.30000000 3.80000000 -1.14471000E+002
1.30000000 3.90000000 -1.13084000E+002
1.30000000 4.00000000 -1.11823000E+002
1.30000000 4.10000000 -1.10682000E+002
1.30000000 4.20000000 -1.09655000E+002
1.30000000 4.30000000 -1.08736000E+002
1.30000000 4.40000000 -1.07919000E+002
1.30000000 4.50000000 -1.07198000E+002
1.30000000 4.60000000 -1.06567000E+002
1.30000000 4.70000000 -1.06020000E+002
1.30000000 4.80000000 -1.05551000E+002
1.30000000 4.90000000 -1.05154000E+002
1.30000000 5.00000000 -1.04823000E+002
1.30000000 5.10000000 -1.04552000E+002
1.30000000 5.20000000 -1.04335000E+002
1.30000000 5.30000000 -1.04166000E+002
1.30000000 5.40000000 -1.04039000E+002
1.30000000 5.50000000 -1.03948000E+002
1.30000000 5.60000000 -1.03887000E+002
1.30000000 5.70000000 -1.03850000E+002
1.30000000 5.80000000 -1.03831000E+002
1.30000000 5.90000000 -1.03824000E+002
1.30000000 6.00000000 -1.03823000E+002
1.30000000 6.10000000 -1.03822000E+002
1.30000000 6.20000000 -1.03815000E+002
1.30000000 6.30000000 -1.03796000E+002
1.30000000 6.40000000 -1.03759000E+002
1.30000000 6.50000000 -1.03698000E+002
1.30000000 6.60000000 -1.03607000E+002
1.30000000 6.70000000 -1.03480000E+002
1.30000000 6.80000000 -1.03311000E+002
1.30000000 6.90000000 -1.03094000E+002
1.30000000 7.00000000 -1.02823000E+002
1.30000000 7.10000000 -1.02492000E+002
1.30000000 7.20000000 -1.02095000E+002
1.30000000 7.30000000 -1.01626000E+002
1.30000000 7.40000000 -1.01079000E+002
1.30000000 7.50000000 -1.00448000E+002
1.30000000 7.60000000 -9.97270000E+001
1.30000000 7.70000000 -9.89100000E+001
1.30000000 7.80000000 -9.79910000E+001
1.30000000 7.90000000 -9.69640000E+001
1.30000000 8.00000000 -9.58230000E+001
1.30000000 8.10000000 -9.45620000E+001
1.30000000 8.20000000 -9.31750000E+001
1.30000000 8.30000000 -9.16560000E+001
1.30000000 8.40000000 -8.99990000E+001
1.30000000 8.50000000 -8.81980000E+001
1.30000000 8.60000000 -8.62470000E+001
1.30000000 8.70000000 -8.41400000E+001
1.30000000 8.80000000 -8.18710000E+001
1.30000000 8.90000000 -7.94340000E+001
1.30000000 9.00000000 -7.68230000E+001
1.30000000 9.10000000 -7.40320000E+001
1.30000000 9.20000000 -7.10550000E+001
1.30000000 9.30000000 -6.78860000E+001
1.30000000 9.40000000 -6.45190000E+001
1.30000000 9.50000000 -6.09480000E+001
1.30000000 9.60000000 -5.71670000E+001
1.30000000 9.70000000 -5.31700000E+001
1.30000000 9.80000000 -4.89510000E+001
1.30000000 9.90000000 -4.45040000E+001
1.30000000 10.00000000 -3.98230000E+001
1.30000000 10.10000000 -3.49020000E+001
1.30000000 10.20000000 -2.97350000E+001
1.30000000 10.30000000 -2.43160000E+001
1.30000000 10.40000000 -1.86390000E+001
1.30000000 10.50000000 -1.26980000E+001
1.30000000 10.60000000 -6.48700000E+000
1.30000000 10.70000000 -1.27025127E-014
1.30000000 10.80000000 6.76900000E+000
1.30000000 10.90000000 1.38260000E+001
1.30000000 11.00000000 2.11770000E+001
1.40000000 1.00000000 -2.22336000E+002
1.40000000 1.10000000 -2.14985000E+002
1.40000000 1.20000000 -2.07928000E+002
1.40000000 1.30000000 -2.01159000E+002
1.40000000 1.40000000 -1.94672000E+002
1.40000000 1.50000000 -1.88461000E+002
1.40000000 1.60000000 -1.82520000E+002
1.40000000 1.70000000 -1.76843000E+002
1.40000000 1.80000000 -1.71424000E+002
1.40000000 1.90000000 -1.66257000E+002
1.40000000 2.00000000 -1.61336000E+002
1.40000000 2.10000000 -1.56655000E+002
1.40000000 2.20000000 -1.52208000E+002
1.40000000 2.30000000 -1.47989000E+002
1.40000000 2.40000000 -1.43992000E+002
1.40000000 2.50000000 -1.40211000E+002
1.40000000 2.60000000 -1.36640000E+002
1.40000000 2.70000000 -1.33273000E+002
1.40000000 2.80000000 -1.30104000E+002
1.40000000 2.90000000 -1.27127000E+002
1.40000000 3.00000000 -1.24336000E+002
1.40000000 3.10000000 -1.21725000E+002
1.40000000 3.20000000 -1.19288000E+002
1.40000000 3.30000000 -1.17019000E+002
1.40000000 3.40000000 -1.14912000E+002
1.40000000 3.50000000 -1.12961000E+002
1.40000000 3.60000000 -1.11160000E+002
1.40000000 3.70000000 -1.09503000E+002
1.40000000 3.80000000 -1.07984000E+002
1.40000000 3.90000000 -1.06597000E+002
1.40000000 4.00000000 -1.05336000E+002
1.40000000 4.10000000 -1.04195000E+002
1.40000000 4.20000000 -1.03168000E+002
1.40000000 4.30000000 -1.02249000E+002
1.40000000 4.40000000 -1.01432000E+002
1.40000000 4.50000000 -1.00711000E+002
1.40000000 4.60000000 -1.00080000E+002
1.40000000 4.70000000 -9.95330000E+001
1.40000000 4.80000000 -9.90640000E+001
1.40000000 4.90000000 -9.86670000E+001
1.40000000 5.00000000 -9.83360000E+001
1.40000000 5.10000000 -9.80650000E+001
1.40000000 5.20000000 -9.78480000E+001
1.40000000 5.30000000 -9.76790000E+001
1.40000000 5.40000000 -9.75520000E+001
1.40000000 5.50000000 -9.74610000E+001
1.40000000 5.60000000 -9.74000000E+001
1.40000000 5.70000000 -9.73630000E+001
1.40000000 5.80000000 -9.73440000E+001
1.40000000 5.90000000 -9.73370000E+001
1.40000000 6.00000000 -9.73360000E+001
1.40000000 6.10000000 -9.73350000E+001
1.40000000 6.20000000 -9.73280000E+001
1.40000000 6.30000000 -9.73090000E+001
1.40000000 6.40000000 -9.72720000E+001
1.40000000 6.50000000 -9.72110000E+001
1.40000000 6.60000000 -9.71200000E+001
1.40000000 6.70000000 -9.69930000E+001
1.40000000 6.80000000 -9.68240000E+001
1.40000000 6.90000000 -9.66070000E+001
1.40000000 7.00000000 -9.63360000E+001
1.40000000 7.10000000 -9.60050000E+001
1.40000000 7.20000000 -9.56080000E+001
1.40000000 7.30000000 -9.51390000E+001
1.40000000 7.40000000 -9.45920000E+001
1.40000000 7.50000000 -9.39610000E+001
1.40000000 7.60000000 -9.32400000E+001
1.40000000 7.70000000 -9.24230000E+001
1.40000000 7.80000000 -9.15040000E+001
1.40000000 7.90000000 -9.04770000E+001
1.40000000 8.00000000 -8.93360000E+001
1.40000000 8.10000000 -8.80750000E+001
1.40000000 8.20000000 -8.66880000E+001
1.40000000 8.30000000 -8.51690000E+001
1.40000000 8.40000000 -8.35120000E+001
1.40000000 8.50000000 -8.17110000E+001
1.40000000 8.60000000 -7.97600000E+001
1.40000000 8.70000000 -7.76530000E+001
1.40000000 8.80000000 -7.53840000E+001
1.40000000 8.90000000 -7.29470000E+001
1.40000000 9.00000000 -7.03360000E+001
1.40000000 9.10000000 -6.75450000E+001
1.40000000 9.20000000 -6.45680000E+001
1.40000000 9.30000000 -6.13990000E+001
1.40000000 9.40000000 -5.80320000E+001
1.40000000 9.50000000 -5.44610000E+001
1.40000000 9.60000000 -5.06800000E+001
1.40000000 9.70000000 -4.66830000E+001
1.40000000 9.80000000 -4.24640000E+001
1.40000000 9.90000000 -3.80170000E+001
1.40000000 10.00000000 -3.33360000E+001
1.40000000 10.10000000 -2.84150000E+001
1.40000000 10.20000000 -2.32480000E+001
1.40000000 10.30000000 -1.78290000E+001
1.40000000 10.40000000 -1.21520000E+001
1.40000000 10.50000000 -6.21100000E+000
1.40000000 10.60000000 -2.10907680E-014
1.40000000 10.70000000 6.48700000E+000
1.40000000 10.80000000 1.32560000E+001
1.40000000 10.90000000 2.03130000E+001
1.40000000 11.00000000 2.76640000E+001
1.50000000 1.00000000 -2.16125000E+002
1.50000000 1.10000000 -2.08774000E+002
1.50000000 1.20000000 -2.01717000E+002
1.50000000 1.30000000 -1.94948000E+002
1.50000000 1.40000000 -1.88461000E+002
1.50000000 1.50000000 -1.82250000E+002
1.50000000 1.60000000 -1.76309000E+002
1.50000000 1.70000000 -1.70632000E+002
1.50000000 1.80000000 -1.65213000E+002
1.50000000 1.90000000 -1.60046000E+002
1.50000000 2.00000000 -1.55125000E+002
1.50000000 2.10000000 -1.50444000E+002
1.50000000 2.20000000 -1.45997000E+002
1.50000000 2.30000000 -1.41778000E+002
1.50000000 2.40000000 -1.37781000E+002
1.50000000 2.50000000 -1.34000000E+002
1.50000000 2.60000000 -1.30429000E+002
1.50000000 2.70000000 -1.27062000E+002
1.50000000 2.80000000 -1.23893000E+002
1.50000000 2.90000000 -1.20916000E+002
1.50000000 3.00000000 -1.18125000E+002
1.50000000 3.10000000 -1.15514000E+002
1.50000000 3.20000000 -1.13077000E+002
1.50000000 3.30000000 -1.10808000E+002
1.50000000 3.40000000 -1.08701000E+002
1.50000000 3.50000000 -1.06750000E+002
1.50000000 3.60000000 -1.04949000E+002
1.50000000 3.70000000 -1.03292000E+002
1.50000000 3.80000000 -1.01773000E+002
1.50000000 3.90000000 -1.00386000E+002
1.50000000 4.00000000 -9.91250000E+001
1.50000000 4.10000000 -9.79840000E+001
1.50000000 4.20000000 -9.69570000E+001
1.50000000 4.30000000 -9.60380000E+001
1.50000000 4.40000000 -9.52210000E+001
1.50000000 4.50000000 -9.45000000E+001
1.50000000 4.60000000 -9.38690000E+001
1.50000000 4.70000000 -9.33220000E+001
1.50000000 4.80000000 -9.28530000E+001
1.50000000 4.90000000 -9.24560000E+001
1.50000000 5.00000000 -9.21250000E+001
1.50000000 5.10000000 -9.18540000E+001
1.50000000 5.20000000 -9.16370000E+001
1.50000000 5.30000000 -9.14680000E+001
1.50000000 5.40000000 -9.13410000E+001
1.50000000 5.50000000 -9.12500000E+001
1.50000000 5.60000000 -9.11890000E+001
1.50000000 5.70000000 -9.11520000E+001
1.50000000 5.80000000 -9.11330000E+001
1.50000000 5.90000000 -9.11260000E+001
1.50000000 6.00000000 -9.11250000E+001
1.50000000 6.10000000 -9.11240000E+001
1.50000000 6.20000000 -9.11170000E+001
1.50000000 6.30000000 -9.10980000E+001
1.50000000 6.40000000 -9.10610000E+001
1.50000000 6.50000000 -9.10000000E+001
1.50000000 6.60000000 -9.09090000E+001
1.50000000 6.70000000 -9.07820000E+001
1.50000000 6.80000000 -9.06130000E+001
1.50000000 6.90000000 -9.03960000E+001
1.50000000 7.00000000 -9.01250000E+001
1.50000000 7.10000000 -8.97940000E+001
1.50000000 7.20000000 -8.93970000E+001
1.50000000 7.30000000 -8.89280000E+001
1.50000000 7.40000000 -8.83810000E+001
1.50000000 7.50000000 -8.77500000E+001
1.50000000 7.60000000 -8.70290000E+001
1.50000000 7.70000000 -8.62120000E+001
1.50000000 7.80000000 -8.52930000E+001
1.50000000 7.90000000 -8.42660000E+001
1.50000000 8.00000000 -8.31250000E+001
1.50000000 8.10000000 -8.18640000E+001
1.50000000 8.20000000 -8.04770000E+001
1.50000000 8.30000000 -7.89580000E+001
1.50000000 8.40000000 -7.73010000E+001
1.50000000 8.50000000 -7.55000000E+001
1.50000000 8.60000000 -7.35490000E+001
1.50000000 8.70000000 -7.14420000E+001
1.50000000 8.80000000 -6.91730000E+001
1.50000000 8.90000000 -6.67360000E+001
1.50000000 9.00000000 -6.41250000E+001
1.50000000 9.10000000 -6.13340000E+001
1.50000000 9.20000000 -5.83570000E+001
1.50000000 9.30000000 -5.51880000E+001
1.50000000 9.40000000 -5.18210000E+001
1.50000000 9.50000000 -4.82500000E+001
1.50000000 9.60000000 -4.44690000E+001
1.50000000 9.70000000 -4.04720000E+001
1.50000000 9.80000000 -3.62530000E+001
1.50000000 9.90000000 -3.18060000E+001
1.50000000 10.00000000 -2.71250000E+001
1.50000000 10.10000000 -2.22040000E+001
1.50000000 10.20000000 -1.70370000E+001
1.50000000 10.30000000 -1.16180000E+001
1.50000000 10.40000000 -5.94100000E+000
1.50000000 10.50000000 5.04422892E-014
1.50000000 10.60000000 6.21100000E+000
1.50000000 10.70000000 1.26980000E+001
1.50000000 10.80000000 1.94670000E+001
1.50000000 10.90000000 2.65240000E+001
1.50000000 11.00000000 3.38750000E+001
1.60000000 1.00000000 -2.10184000E+002
1.60000000 1.10000000 -2.02833000E+002
1.60000000 1.20000000 -1.95776000E+002
1.60000000 1.30000000 -1.89007000E+002
1.60000000 1.40000000 -1.82520000E+002
1.60000000 1.50000000 -1.76309000E+002
1.60000000 1.60000000 -1.70368000E+002
1.60000000 1.70000000 -1.64691000E+002
1.60000000 1.80000000 -1.59272000E+002
1.60000000 1.90000000 -1.54105000E+002
1.60000000 2.00000000 -1.49184000E+002
1.60000000 2.10000000 -1.44503000E+002
1.60000000 2.20000000 -1.40056000E+002
1.60000000 2.30000000 -1.35837000E+002
1.60000000 2.40000000 -1.31840000E+002
1.60000000 2.50000000 -1.28059000E+002
1.60000000 2.60000000 -1.24488000E+002
1.60000000 2.70000000 -1.21121000E+002
1.60000000 2.80000000 -1.17952000E+002
1.60000000 2.90000000 -1.14975000E+002
1.60000000 3.00000000 -1.12184000E+002
1.60000000 3.10000000 -1.09573000E+002
1.60000000 3.20000000 -1.07136000E+002
1.60000000 3.30000000 -1.04867000E+002
1.60000000 3.40000000 -1.02760000E+002
1.60000000 3.50000000 -1.00809000E+002
1.60000000 3.60000000 -9.90080000E+001
1.60000000 3.70000000 -9.73510000E+001
1.60000000 3.80000000 -9.58320000E+001
1.60000000 3.90000000 -9.44450000E+001
1.60000000 4.00000000 -9.31840000E+001
1.60000000 4.10000000 -9.20430000E+001
1.60000000 4.20000000 -9.10160000E+001
1.60000000 4.30000000 -9.00970000E+001
1.60000000 4.40000000 -8.92800000E+001
1.60000000 4.50000000 -8.85590000E+001
1.60000000 4.60000000 -8.79280000E+001
1.60000000 4.70000000 -8.73810000E+001
1.60000000 4.80000000 -8.69120000E+001
1.60000000 4.90000000 -8.65150000E+001
1.60000000 5.00000000 -8.61840000E+001
1.60000000 5.10000000 -8.59130000E+001
1.60000000 5.20000000 -8.56960000E+001
1.60000000 5.30000000 -8.55270000E+001
1.60000000 5.40000000 -8.54000000E+001
1.60000000 5.50000000 -8.53090000E+001
1.60000000 5.60000000 -8.52480000E+001
1.60000000 5.70000000 -8.52110000E+001
1.60000000 5.80000000 -8.51920000E+001
1.60000000 5.90000000 -8.51850000E+001
1.60000000 6.00000000 -8.51840000E+001
1.60000000 6.10000000 -8.51830000E+001
1.60000000 6.20000000 -8.51760000E+001
1.60000000 6.30000000 -8.51570000E+001
1.60000000 6.40000000 -8.51200000E+001
1.60000000 6.50000000 -8.50590000E+001
1.60000000 6.60000000 -8.49680000E+001
1.60000000 6.70000000 -8.48410000E+001
1.60000000 6.80000000 -8.46720000E+001
1.60000000 6.90000000 -8.44550000E+001
1.60000000 7.00000000 -8.41840000E+001
1.60000000 7.10000000 -8.38530000E+001
1.60000000 7.20000000 -8.34560000E+001
1.60000000 7.30000000 -8.29870000E+001
1.60000000 7.40000000 -8.24400000E+001
1.60000000 7.50000000 -8.18090000E+001
1.60000000 7.60000000 -8.10880000E+001
1.60000000 7.70000000 -8.02710000E+001
1.60000000 7.80000000 -7.93520000E+001
1.60000000 7.90000000 -7.83250000E+001
1.60000000 8.00000000 -7.71840000E+001
1.60000000 8.10000000 -7.59230000E+001
1.60000000 8.20000000 -7.45360000E+001
1.60000000 8.30000000 -7.30170000E+001
1.60000000 8.40000000 -7.13600000E+001
1.60000000 8.50000000 -6.95590000E+001
1.60000000 8.60000000 -6.76080000E+001
1.60000000 8.70000000 -6.55010000E+001
1.60000000 8.80000000 -6.32320000E+001
1.60000000 8.90000000 -6.07950000E+001
1.60000000 9.00000000 -5.81840000E+001
1.60000000 9.10000000 -5.53930000E+001
1.60000000 9.20000000 -5.24160000E+001
1.60000000 9.30000000 -4.92470000E+001
1.60000000 9.40000000 -4.58800000E+001
1.60000000 9.50000000 -4.23090000E+001
1.60000000 9.60000000 -3.85280000E+001
1.60000000 9.70000000 -3.45310000E+001
1.60000000 9.80000000 -3.03120000E+001
1.60000000 9.90000000 -2.58650000E+001
1.60000000 10.00000000 -2.11840000E+001
1.60000000 10.10000000 -1.62630000E+001
1.60000000 10.20000000 -1.10960000E+001
1.60000000 10.30000000 -5.67700000E+000
1.60000000 10.40000000 4.02108902E-014
1.60000000 10.50000000 5.94100000E+000
1.60000000 10.60000000 1.21520000E+001
1.60000000 10.70000000 1.86390000E+001
1.60000000 10.80000000 2.54080000E+001
1.60000000 10.90000000 3.24650000E+001
1.60000000 11.00000000 3.98160000E+001
1.70000000 1.00000000 -2.04507000E+002
1.70000000 1.10000000 -1.97156000E+002
1.70000000 1.20000000 -1.90099000E+002
1.70000000 1.30000000 -1.83330000E+002
1.70000000 1.40000000 -1.76843000E+002
1.70000000 1.50000000 -1.70632000E+002
1.70000000 1.60000000 -1.64691000E+002
1.70000000 1.70000000 -1.59014000E+002
1.70000000 1.80000000 -1.53595000E+002
1.70000000 1.90000000 -1.48428000E+002
1.70000000 2.00000000 -1.43507000E+002
1.70000000 2.10000000 -1.38826000E+002
1.70000000 2.20000000 -1.34379000E+002
1.70000000 2.30000000 -1.30160000E+002
1.70000000 2.40000000 -1.26163000E+002
1.70000000 2.50000000 -1.22382000E+002
1.70000000 2.60000000 -1.18811000E+002
1.70000000 2.70000000 -1.15444000E+002
1.70000000 2.80000000 -1.12275000E+002
1.70000000 2.90000000 -1.09298000E+002
1.70000000 3.00000000 -1.06507000E+002
1.70000000 3.10000000 -1.03896000E+002
1.70000000 3.20000000 -1.01459000E+002
1.70000000 3.30000000 -9.91900000E+001
1.70000000 3.40000000 -9.70830000E+001
1.70000000 3.50000000 -9.51320000E+001
1.70000000 3.60000000 -9.33310000E+001
1.70000000 3.70000000 -9.16740000E+001
1.70000000 3.80000000 -9.01550000E+001
1.70000000 3.90000000 -8.87680000E+001
1.70000000 4.00000000 -8.75070000E+001
1.70000000 4.10000000 -8.63660000E+001
1.70000000 4.20000000 -8.53390000E+001
1.70000000 4.30000000 -8.44200000E+001
1.70000000 4.40000000 -8.36030000E+001
1.70000000 4.50000000 -8.28820000E+001
1.70000000 4.60000000 -8.22510000E+001
1.70000000 4.70000000 -8.17040000E+001
1.70000000 4.80000000 -8.12350000E+001
1.70000000 4.90000000 -8.08380000E+001
1.70000000 5.00000000 -8.05070000E+001
1.70000000 5.10000000 -8.02360000E+001
1.70000000 5.20000000 -8.00190000E+001
1.70000000 5.30000000 -7.98500000E+001
1.70000000 5.40000000 -7.97230000E+001
1.70000000 5.50000000 -7.96320000E+001
1.70000000 5.60000000 -7.95710000E+001
1.70000000 5.70000000 -7.95340000E+001
1.70000000 5.80000000 -7.95150000E+001
1.70000000 5.90000000 -7.95080000E+001
1.70000000 6.00000000 -7.95070000E+001
1.70000000 6.10000000 -7.95060000E+001
1.70000000 6.20000000 -7.94990000E+001
1.70000000 6.30000000 -7.94800000E+001
1.70000000 6.40000000 -7.94430000E+001
1.70000000 6.50000000 -7.93820000E+001
1.70000000 6.60000000 -7.92910000E+001
1.70000000 6.70000000 -7.91640000E+001
1.70000000 6.80000000 -7.89950000E+001
1.70000000 6.90000000 -7.87780000E+001
1.70000000 7.00000000 -7.85070000E+001
1.70000000 7.10000000 -7.81760000E+001
1.70000000 7.20000000 -7.77790000E+001
1.70000000 7.30000000 -7.73100000E+001
1.70000000 7.40000000 -7.67630000E+001
1.70000000 7.50000000 -7.61320000E+001
1.70000000 7.60000000 -7.54110000E+001
1.70000000 7.70000000 -7.45940000E+001
1.70000000 7.80000000 -7.36750000E+001
1.70000000 7.90000000 -7.26480000E+001
1.70000000 8.00000000 -7.15070000E+001
1.70000000 8.10000000 -7.02460000E+001
1.70000000 8.20000000 -6.88590000E+001
1.70000000 8.30000000 -6.73400000E+001
1.70000000 8.40000000 -6.56830000E+001
1.70000000 8.50000000 -6.38820000E+001
1.70000000 8.60000000 -6.19310000E+001
1.70000000 8.70000000 -5.98240000E+001
1.70000000 8.80000000 -5.75550000E+001
1.70000000 8.90000000 -5.51180000E+001
1.70000000 9.00000000 -5.25070000E+001
1.70000000 9.10000000 -4.97160000E+001
1.70000000 9.20000000 -4.67390000E+001
1.70000000 9.30000000 -4.35700000E+001
1.70000000 9.40000000 -4.02030000E+001
1.70000000 9.50000000 -3.66320000E+001
1.70000000 9.60000000 -3.28510000E+001
1.70000000 9.70000000 -2.88540000E+001
1.70000000 9.80000000 -2.46350000E+001
1.70000000 9.90000000 -2.01880000E+001
1.70000000 10.00000000 -1.55070000E+001
1.70000000 10.10000000 -1.05860000E+001
1.70000000 10.20000000 -5.41900000E+000
1.70000000 10.30000000 3.94129174E-014
1.70000000 10.40000000 5.67700000E+000
1.70000000 10.50000000 1.16180000E+001
1.70000000 10.60000000 1.78290000E+001
1.70000000 10.70000000 2.43160000E+001
1.70000000 10.80000000 3.10850000E+001
1.70000000 10.90000000 3.81420000E+001
1.70000000 11.00000000 4.54930000E+001
1.80000000 1.00000000 -1.99088000E+002
1.80000000 1.10000000 -1.91737000E+002
1.80000000 1.20000000 -1.84680000E+002
1.80000000 1.30000000 -1.77911000E+002
1.80000000 1.40000000 -1.71424000E+002
1.80000000 1.50000000 -1.65213000E+002
1.80000000 1.60000000 -1.59272000E+002
1.80000000 1.70000000 -1.53595000E+002
1.80000000 1.80000000 -1.48176000E+002
1.80000000 1.90000000 -1.43009000E+002
1.80000000 2.00000000 -1.38088000E+002
1.80000000 2.10000000 -1.33407000E+002
1.80000000 2.20000000 -1.28960000E+002
1.80000000 2.30000000 -1.24741000E+002
1.80000000 2.40000000 -1.20744000E+002
1.80000000 2.50000000 -1.16963000E+002
1.80000000 2.60000000 -1.13392000E+002
1.80000000 2.70000000 -1.10025000E+002
1.80000000 2.80000000 -1.06856000E+002
1.80000000 2.90000000 -1.03879000E+002
1.80000000 3.00000000 -1.01088000E+002
1.80000000 3.10000000 -9.84770000E+001
1.80000000 3.20000000 -9.60400000E+001
1.80000000 3.30000000 -9.37710000E+001
1.80000000 3.40000000 -9.16640000E+001
1.80000000 3.50000000 -8.97130000E+001
1.80000000 3.60000000 -8.79120000E+001
1.80000000 3.70000000 -8.62550000E+001
1.80000000 3.80000000 -8.47360000E+001
1.80000000 3.90000000 -8.33490000E+001
1.80000000 4.00000000 -8.20880000E+001
1.80000000 4.10000000 -8.09470000E+001
1.80000000 4.20000000 -7.99200000E+001
1.80000000 4.30000000 -7.90010000E+001
1.80000000 4.40000000 -7.81840000E+001
1.80000000 4.50000000 -7.74630000E+001
1.80000000 4.60000000 -7.68320000E+001
1.80000000 4.70000000 -7.62850000E+001
1.80000000 4.80000000 -7.58160000E+001
1.80000000 4.90000000 -7.54190000E+001
1.80000000 5.00000000 -7.50880000E+001
1.80000000 5.10000000 -7.48170000E+001
1.80000000 5.20000000 -7.46000000E+001
1.80000000 5.30000000 -7.44310000E+001
1.80000000 5.40000000 -7.43040000E+001
1.80000000 5.50000000 -7.42130000E+001
1.80000000 5.60000000 -7.41520000E+001
1.80000000 5.70000000 -7.41150000E+001
1.80000000 5.80000000 -7.40960000E+001
1.80000000 5.90000000 -7.40890000E+001
1.80000000 6.00000000 -7.40880000E+001
1.80000000 6.10000000 -7.40870000E+001
1.80000000 6.20000000 -7.40800000E+001
1.80000000 6.30000000 -7.40610000E+001
1.80000000 6.40000000 -7.40240000E+001
1.80000000 6.50000000 -7.39630000E+001
1.80000000 6.60000000 -7.38720000E+001
1.80000000 6.70000000 -7.37450000E+001
1.80000000 6.80000000 -7.35760000E+001
1.80000000 6.90000000 -7.33590000E+001
1.80000000 7.00000000 -7.30880000E+001
1.80000000 7.10000000 -7.27570000E+001
1.80000000 7.20000000 -7.23600000E+001
1.80000000 7.30000000 -7.18910000E+001
1.80000000 7.40000000 -7.13440000E+001
1.80000000 7.50000000 -7.07130000E+001
1.80000000 7.60000000 -6.99920000E+001
1.80000000 7.70000000 -6.91750000E+001
1.80000000 7.80000000 -6.82560000E+001
1.80000000 7.90000000 -6.72290000E+001
1.80000000 8.00000000 -6.60880000E+001
1.80000000 8.10000000 -6.48270000E+001
1.80000000 8.20000000 -6.34400000E+001
1.80000000 8.30000000 -6.19210000E+001
1.80000000 8.40000000 -6.02640000E+001
1.80000000 8.50000000 -5.84630000E+001
1.80000000 8.60000000 -5.65120000E+001
1.80000000 8.70000000 -5.44050000E+001
1.80000000 8.80000000 -5.21360000E+001
1.80000000 8.90000000 -4.96990000E+001
1.80000000 9.00000000 -4.70880000E+001
1.80000000 9.10000000 -4.42970000E+001
1.80000000 9.20000000 -4.13200000E+001
1.80000000 9.30000000 -3.81510000E+001
1.80000000 9.40000000 -3.47840000E+001
1.80000000 9.50000000 -3.12130000E+001
1.80000000 9.60000000 -2.74320000E+001
1.80000000 9.70000000 -2.34350000E+001
1.80000000 9.80000000 -1.92160000E+001
1.80000000 9.90000000 -1.47690000E+001
1.80000000 10.00000000 -1.00880000E+001
1.80000000 10.10000000 -5.16700000E+000
1.80000000 10.20000000 2.80608869E-014
1.80000000 10.30000000 5.41900000E+000
1.80000000 10.40000000 1.10960000E+001
1.80000000 10.50000000 1.70370000E+001
1.80000000 10.60000000 2.32480000E+001
1.80000000 10.70000000 2.97350000E+001
1.80000000 10.80000000 3.65040000E+001
1.80000000 10.90000000 4.35610000E+001
1.80000000 11.00000000 5.09120000E+001
1.90000000 1.00000000 -1.93921000E+002
1.90000000 1.10000000 -1.86570000E+002
1.90000000 1.20000000 -1.79513000E+002
1.90000000 1.30000000 -1.72744000E+002
1.90000000 1.40000000 -1.66257000E+002
1.90000000 1.50000000 -1.60046000E+002
1.90000000 1.60000000 -1.54105000E+002
1.90000000 1.70000000 -1.48428000E+002
1.90000000 1.80000000 -1.43009000E+002
1.90000000 1.90000000 -1.37842000E+002
1.90000000 2.00000000 -1.32921000E+002
1.90000000 2.10000000 -1.28240000E+002
1.90000000 2.20000000 -1.23793000E+002
1.90000000 2.30000000 -1.19574000E+002
1.90000000 2.40000000 -1.15577000E+002
1.90000000 2.50000000 -1.11796000E+002
1.90000000 2.60000000 -1.08225000E+002
1.90000000 2.70000000 -1.04858000E+002
1.90000000 2.80000000 -1.01689000E+002
1.90000000 2.90000000 -9.87120000E+001
1.90000000 3.00000000 -9.59210000E+001
1.90000000 3.10000000 -9.33100000E+001
1.90000000 3.20000000 -9.08730000E+001
1.90000000 3.30000000 -8.86040000E+001
1.90000000 3.40000000 -8.64970000E+001
1.90000000 3.50000000 -8.45460000E+001
1.90000000 3.60000000 -8.27450000E+001
1.90000000 3.70000000 -8.10880000E+001
1.90000000 3.80000000 -7.95690000E+001
1.90000000 3.90000000 -7.81820000E+001
1.90000000 4.00000000 -7.69210000E+001
1.90000000 4.10000000 -7.57800000E+001
1.90000000 4.20000000 -7.47530000E+001
1.90000000 4.30000000 -7.38340000E+001
1.90000000 4.40000000 -7.30170000E+001
1.90000000 4.50000000 -7.22960000E+001
1.90000000 4.60000000 -7.16650000E+001
1.90000000 4.70000000 -7.11180000E+001
1.90000000 4.80000000 -7.06490000E+001
1.90000000 4.90000000 -7.02520000E+001
1.90000000 5.00000000 -6.99210000E+001
1.90000000 5.10000000 -6.96500000E+001
1.90000000 5.20000000 -6.94330000E+001
1.90000000 5.30000000 -6.92640000E+001
1.90000000 5.40000000 -6.91370000E+001
1.90000000 5.50000000 -6.90460000E+001
1.90000000 5.60000000 -6.89850000E+001
1.90000000 5.70000000 -6.89480000E+001
1.90000000 5.80000000 -6.89290000E+001
1.90000000 5.90000000 -6.89220000E+001
1.90000000 6.00000000 -6.89210000E+001
1.90000000 6.10000000 -6.89200000E+001
1.90000000 6.20000000 -6.89130000E+001
1.90000000 6.30000000 -6.88940000E+001
1.90000000 6.40000000 -6.88570000E+001
1.90000000 6.50000000 -6.87960000E+001
1.90000000 6.60000000 -6.87050000E+001
1.90000000 6.70000000 -6.85780000E+001
1.90000000 6.80000000 -6.84090000E+001
1.90000000 6.90000000 -6.81920000E+001
1.90000000 7.00000000 -6.79210000E+001
1.90000000 7.10000000 -6.75900000E+001
1.90000000 7.20000000 -6.71930000E+001
1.90000000 7.30000000 -6.67240000E+001
1.90000000 7.40000000 -6.61770000E+001
1.90000000 7.50000000 -6.55460000E+001
1.90000000 7.60000000 -6.48250000E+001
1.90000000 7.70000000 -6.40080000E+001
1.90000000 7.80000000 -6.30890000E+001
1.90000000 7.90000000 -6.20620000E+001
1.90000000 8.00000000 -6.09210000E+001
1.90000000 8.10000000 -5.96600000E+001
1.90000000 8.20000000 -5.82730000E+001
1.90000000 8.30000000 -5.67540000E+001
1.90000000 8.40000000 -5.50970000E+001
1.90000000 8.50000000 -5.32960000E+001
1.90000000 8.60000000 -5.13450000E+001
1.90000000 8.70000000 -4.92380000E+001
1.90000000 8.80000000 -4.69690000E+001
1.90000000 8.90000000 -4.45320000E+001
1.90000000 9.00000000 -4.19210000E+001
1.90000000 9.10000000 -3.91300000E+001
1.90000000 9.20000000 -3.61530000E+001
1.90000000 9.30000000 -3.29840000E+001
1.90000000 9.40000000 -2.96170000E+001
1.90000000 9.50000000 -2.60460000E+001
1.90000000 9.60000000 -2.22650000E+001
1.90000000 9.70000000 -1.82680000E+001
1.90000000 9.80000000 -1.40490000E+001
1.90000000 9.90000000 -9.60200000E+000
1.90000000 10.00000000 -4.92100000E+000
1.90000000 10.10000000 1.92762473E-014
1.90000000 10.20000000 5.16700000E+000
1.90000000 10.30000000 1.05860000E+001
1.90000000 10.40000000 1.62630000E+001
1.90000000 10.50000000 2.22040000E+001
1.90000000 10.60000000 2.84150000E+001
1.90000000 10.70000000 3.49020000E+001
1.90000000 10.80000000 4.16710000E+001
1.90000000 10.90000000 4.87280000E+001
1.90000000 11.00000000 5.60790000E+001
2.00000000 1.00000000 -1.89000000E+002
2.00000000 1.10000000 -1.81649000E+002
2.00000000 1.20000000 -1.74592000E+002
2.00000000 1.30000000 -1.67823000E+002
2.00000000 1.40000000 -1.61336000E+002
2.00000000 1.50000000 -1.55125000E+002
2.00000000 1.60000000 -1.49184000E+002
2.00000000 1.70000000 -1.43507000E+002
2.00000000 1.80000000 -1.38088000E+002
2.00000000 1.90000000 -1.32921000E+002
2.00000000 2.00000000 -1.28000000E+002
2.00000000 2.10000000 -1.23319000E+002
2.00000000 2.20000000 -1.18872000E+002
2.00000000 2.30000000 -1.14653000E+002
2.00000000 2.40000000 -1.10656000E+002
2.00000000 2.50000000 -1.06875000E+002
2.00000000 2.60000000 -1.03304000E+002
2.00000000 2.70000000 -9.99370000E+001
2.00000000 2.80000000 -9.67680000E+001
2.00000000 2.90000000 -9.37910000E+001
2.00000000 3.00000000 -9.10000000E+001
2.00000000 3.10000000 -8.83890000E+001
2.00000000 3.20000000 -8.59520000E+001
2.00000000 3.30000000 -8.36830000E+001
2.00000000 3.40000000 -8.15760000E+001
2.00000000 3.50000000 -7.96250000E+001
2.00000000 3.60000000 -7.78240000E+001
2.00000000 3.70000000 -7.61670000E+001
2.00000000 3.80000000 -7.46480000E+001
2.00000000 3.90000000 -7.32610000E+001
2.00000000 4.00000000 -7.20000000E+001
2.00000000 4.10000000 -7.08590000E+001
2.00000000 4.20000000 -6.98320000E+001
2.00000000 4.30000000 -6.89130000E+001
2.00000000 4.40000000 -6.80960000E+001
2.00000000 4.50000000 -6.73750000E+001
2.00000000 4.60000000 -6.67440000E+001
2.00000000 4.70000000 -6.61970000E+001
2.00000000 4.80000000 -6.57280000E+001
2.00000000 4.90000000 -6.53310000E+001
2.00000000 5.00000000 -6.50000000E+001
2.00000000 5.10000000 -6.47290000E+001
2.00000000 5.20000000 -6.45120000E+001
2.00000000 5.30000000 -6.43430000E+001
2.00000000 5.40000000 -6.42160000E+001
2.00000000 5.50000000 -6.41250000E+001
2.00000000 5.60000000 -6.40640000E+001
2.00000000 5.70000000 -6.40270000E+001
2.00000000 5.80000000 -6.40080000E+001
2.00000000 5.90000000 -6.40010000E+001
2.00000000 6.00000000 -6.40000000E+001
2.00000000 6.10000000 -6.39990000E+001
2.00000000 6.20000000 -6.39920000E+001
2.00000000 6.30000000 -6.39730000E+001
2.00000000 6.40000000 -6.39360000E+001
2.00000000 6.50000000 -6.38750000E+001
2.00000000 6.60000000 -6.37840000E+001
2.00000000 6.70000000 -6.36570000E+001
2.00000000 6.80000000 -6.34880000E+001
2.00000000 6.90000000 -6.32710000E+001
2.00000000 7.00000000 -6.30000000E+001
2.00000000 7.10000000 -6.26690000E+001
2.00000000 7.20000000 -6.22720000E+001
2.00000000 7.30000000 -6.18030000E+001
2.00000000 7.40000000 -6.12560000E+001
2.00000000 7.50000000 -6.06250000E+001
2.00000000 7.60000000 -5.99040000E+001
2.00000000 7.70000000 -5.90870000E+001
2.00000000 7.80000000 -5.81680000E+001
2.00000000 7.90000000 -5.71410000E+001
2.00000000 8.00000000 -5.60000000E+001
2.00000000 8.10000000 -5.47390000E+001
2.00000000 8.20000000 -5.33520000E+001
2.00000000 8.30000000 -5.18330000E+001
2.00000000 8.40000000 -5.01760000E+001
2.00000000 8.50000000 -4.83750000E+001
2.00000000 8.60000000 -4.64240000E+001
2.00000000 8.70000000 -4.43170000E+001
2.00000000 8.80000000 -4.20480000E+001
2.00000000 8.90000000 -3.96110000E+001
2.00000000 9.00000000 -3.70000000E+001
2.00000000 9.10000000 -3.42090000E+001
2.00000000 9.20000000 -3.12320000E+001
2.00000000 9.30000000 -2.80630000E+001
2.00000000 9.40000000 -2.46960000E+001
2.00000000 9.50000000 -2.11250000E+001
2.00000000 9.60000000 -1.73440000E+001
2.00000000 9.70000000 -1.33470000E+001
2.00000000 9.80000000 -9.12800000E+000
2.00000000 9.90000000 -4.68100000E+000
2.00000000 10.00000000 2.03725925E-014
2.00000000 10.10000000 4.92100000E+000
2.00000000 10.20000000 1.00880000E+001
2.00000000 10.30000000 1.55070000E+001
2.00000000 10.40000000 2.11840000E+001
2.00000000 10.50000000 2.71250000E+001
2.00000000 10.60000000 3.33360000E+001
2.00000000 10.70000000 3.98230000E+001
2.00000000 10.80000000 4.65920000E+001
2.00000000 10.90000000 5.36490000E+001
2.00000000 11.00000000 6.10000000E+001
2.10000000 1.00000000 -1.84319000E+002
2.10000000 1.10000000 -1.76968000E+002
2.10000000 1.20000000 -1.69911000E+002
2.10000000 1.30000000 -1.63142000E+002
2.10000000 1.40000000 -1.56655000E+002
2.10000000 1.50000000 -1.50444000E+002
2.10000000 1.60000000 -1.44503000E+002
2.10000000 1.70000000 -1.38826000E+002
2.10000000 1.80000000 -1.33407000E+002
2.10000000 1.90000000 -1.28240000E+002
2.10000000 2.00000000 -1.23319000E+002
2.10000000 2.10000000 -1.18638000E+002
2.10000000 2.20000000 -1.14191000E+002
2.10000000 2.30000000 -1.09972000E+002
2.10000000 2.40000000 -1.05975000E+002
2.10000000 2.50000000 -1.02194000E+002
2.10000000 2.60000000 -9.86230000E+001
2.10000000 2.70000000 -9.52560000E+001
2.10000000 2.80000000 -9.20870000E+001
2.10000000 2.90000000 -8.91100000E+001
2.10000000 3.00000000 -8.63190000E+001
2.10000000 3.10000000 -8.37080000E+001
2.10000000 3.20000000 -8.12710000E+001
2.10000000 3.30000000 -7.90020000E+001
2.10000000 3.40000000 -7.68950000E+001
2.10000000 3.50000000 -7.49440000E+001
2.10000000 3.60000000 -7.31430000E+001
2.10000000 3.70000000 -7.14860000E+001
2.10000000 3.80000000 -6.99670000E+001
2.10000000 3.90000000 -6.85800000E+001
2.10000000 4.00000000 -6.73190000E+001
2.10000000 4.10000000 -6.61780000E+001
2.10000000 4.20000000 -6.51510000E+001
2.10000000 4.30000000 -6.42320000E+001
2.10000000 4.40000000 -6.34150000E+001
2.10000000 4.50000000 -6.26940000E+001
2.10000000 4.60000000 -6.20630000E+001
2.10000000 4.70000000 -6.15160000E+001
2.10000000 4.80000000 -6.10470000E+001
2.10000000 4.90000000 -6.06500000E+001
2.10000000 5.00000000 -6.03190000E+001
2.10000000 5.10000000 -6.00480000E+001
2.10000000 5.20000000 -5.98310000E+001
2.10000000 5.30000000 -5.96620000E+001
2.10000000 5.40000000 -5.95350000E+001
2.10000000 5.50000000 -5.94440000E+001
2.10000000 5.60000000 -5.93830000E+001
2.10000000 5.70000000 -5.93460000E+001
2.10000000 5.80000000 -5.93270000E+001
2.10000000 5.90000000 -5.93200000E+001
2.10000000 6.00000000 -5.93190000E+001
2.10000000 6.10000000 -5.93180000E+001
2.10000000 6.20000000 -5.93110000E+001
2.10000000 6.30000000 -5.92920000E+001
2.10000000 6.40000000 -5.92550000E+001
2.10000000 6.50000000 -5.91940000E+001
2.10000000 6.60000000 -5.91030000E+001
2.10000000 6.70000000 -5.89760000E+001
2.10000000 6.80000000 -5.88070000E+001
2.10000000 6.90000000 -5.85900000E+001
2.10000000 7.00000000 -5.83190000E+001
2.10000000 7.10000000 -5.79880000E+001
2.10000000 7.20000000 -5.75910000E+001
2.10000000 7.30000000 -5.71220000E+001
2.10000000 7.40000000 -5.65750000E+001
2.10000000 7.50000000 -5.59440000E+001
2.10000000 7.60000000 -5.52230000E+001
2.10000000 7.70000000 -5.44060000E+001
2.10000000 7.80000000 -5.34870000E+001
2.10000000 7.90000000 -5.24600000E+001
2.10000000 8.00000000 -5.13190000E+001
2.10000000 8.10000000 -5.00580000E+001
2.10000000 8.20000000 -4.86710000E+001
2.10000000 8.30000000 -4.71520000E+001
2.10000000 8.40000000 -4.54950000E+001
2.10000000 8.50000000 -4.36940000E+001
2.10000000 8.60000000 -4.17430000E+001
2.10000000 8.70000000 -3.96360000E+001
2.10000000 8.80000000 -3.73670000E+001
2.10000000 8.90000000 -3.49300000E+001
2.10000000 9.00000000 -3.23190000E+001
2.10000000 9.10000000 -2.95280000E+001
2.10000000 9.20000000 -2.65510000E+001
2.10000000 9.30000000 -2.33820000E+001
2.10000000 9.40000000 -2.00150000E+001
2.10000000 9.50000000 -1.64440000E+001
2.10000000 9.60000000 -1.26630000E+001
2.10000000 9.70000000 -8.66600000E+000
2.10000000 9.80000000 -4.44700000E+000
2.10000000 9.90000000 5.44009282E-015
2.10000000 10.00000000 4.68100000E+000
2.10000000 10.10000000 9.60200000E+000
2.10000000 10.20000000 1.47690000E+001
2.10000000 10.30000000 2.01880000E+001
2.10000000 10.40000000 2.58650000E+001
2.10000000 10.50000000 3.18060000E+001
2.10000000 10.60000000 3.80170000E+001
2.10000000 10.70000000 4.45040000E+001
2.10000000 10.80000000 5.12730000E+001
2.10000000 10.90000000 5.83300000E+001
2.10000000 11.00000000 6.56810000E+001
2.20000000 1.00000000 -1.79872000E+002
2.20000000 1.10000000 -1.72521000E+002
2.20000000 1.20000000 -1.65464000E+002
2.20000000 1.30000000 -1.58695000E+002
2.20000000 1.40000000 -1.52208000E+002
2.20000000 1.50000000 -1.45997000E+002
2.20000000 1.60000000 -1.40056000E+002
2.20000000 1.70000000 -1.34379000E+002
2.20000000 1.80000000 -1.28960000E+002
2.20000000 1.90000000 -1.23793000E+002
2.20000000 2.00000000 -1.18872000E+002
2.20000000 2.10000000 -1.14191000E+002
2.20000000 2.20000000 -1.09744000E+002
2.20000000 2.30000000 -1.05525000E+002
2.20000000 2.40000000 -1.01528000E+002
2.20000000 2.50000000 -9.77470000E+001
2.20000000 2.60000000 -9.41760000E+001
2.20000000 2.70000000 -9.08090000E+001
2.20000000 2.80000000 -8.76400000E+001
2.20000000 2.90000000 -8.46630000E+001
2.20000000 3.00000000 -8.18720000E+001
2.20000000 3.10000000 -7.92610000E+001
2.20000000 3.20000000 -7.68240000E+001
2.20000000 3.30000000 -7.45550000E+001
2.20000000 3.40000000 -7.24480000E+001
2.20000000 3.50000000 -7.04970000E+001
2.20000000 3.60000000 -6.86960000E+001
2.20000000 3.70000000 -6.70390000E+001
2.20000000 3.80000000 -6.55200000E+001
2.20000000 3.90000000 -6.41330000E+001
2.20000000 4.00000000 -6.28720000E+001
2.20000000 4.10000000 -6.17310000E+001
2.20000000 4.20000000 -6.07040000E+001
2.20000000 4.30000000 -5.97850000E+001
2.20000000 4.40000000 -5.89680000E+001
2.20000000 4.50000000 -5.82470000E+001
2.20000000 4.60000000 -5.76160000E+001
2.20000000 4.70000000 -5.70690000E+001
2.20000000 4.80000000 -5.66000000E+001
2.20000000 4.90000000 -5.62030000E+001
2.20000000 5.00000000 -5.58720000E+001
2.20000000 5.10000000 -5.56010000E+001
2.20000000 5.20000000 -5.53840000E+001
2.20000000 5.30000000 -5.52150000E+001
2.20000000 5.40000000 -5.50880000E+001
2.20000000 5.50000000 -5.49970000E+001
2.20000000 5.60000000 -5.49360000E+001
2.20000000 5.70000000 -5.48990000E+001
2.20000000 5.80000000 -5.48800000E+001
2.20000000 5.90000000 -5.48730000E+001
2.20000000 6.00000000 -5.48720000E+001
2.20000000 6.10000000 -5.48710000E+001
2.20000000 6.20000000 -5.48640000E+001
2.20000000 6.30000000 -5.48450000E+001
2.20000000 6.40000000 -5.48080000E+001
2.20000000 6.50000000 -5.47470000E+001
2.20000000 6.60000000 -5.46560000E+001
2.20000000 6.70000000 -5.45290000E+001
2.20000000 6.80000000 -5.43600000E+001
2.20000000 6.90000000 -5.41430000E+001
2.20000000 7.00000000 -5.38720000E+001
2.20000000 7.10000000 -5.35410000E+001
2.20000000 7.20000000 -5.31440000E+001
2.20000000 7.30000000 -5.26750000E+001
2.20000000 7.40000000 -5.21280000E+001
2.20000000 7.50000000 -5.14970000E+001
2.20000000 7.60000000 -5.07760000E+001
2.20000000 7.70000000 -4.99590000E+001
2.20000000 7.80000000 -4.90400000E+001
2.20000000 7.90000000 -4.80130000E+001
2.20000000 8.00000000 -4.68720000E+001
2.20000000 8.10000000 -4.56110000E+001
2.20000000 8.20000000 -4.42240000E+001
2.20000000 8.30000000 -4.27050000E+001
2.20000000 8.40000000 -4.10480000E+001
2.20000000 8.50000000 -3.92470000E+001
2.20000000 8.60000000 -3.72960000E+001
2.20000000 8.70000000 -3.51890000E+001
2.20000000 8.80000000 -3.29200000E+001
2.20000000 8.90000000 -3.04830000E+001
2.20000000 9.00000000 -2.78720000E+001
2.20000000 9.10000000 -2.50810000E+001
2.20000000 9.20000000 -2.21040000E+001
2.20000000 9.30000000 -1.89350000E+001
2.20000000 9.40000000 -1.55680000E+001
2.20000000 9.50000000 -1.19970000E+001
2.20000000 9.60000000 -8.21600000E+000
2.20000000 9.70000000 -4.21900000E+000
2.20000000 9.80000000 4.27435864E-015
2.20000000 9.90000000 4.44700000E+000
2.20000000 10.00000000 9.12800000E+000
2.20000000 10.10000000 1.40490000E+001
2.20000000 10.20000000 1.92160000E+001
2.20000000 10.30000000 2.46350000E+001
2.20000000 10.40000000 3.03120000E+001
2.20000000 10.50000000 3.62530000E+001
2.20000000 10.60000000 4.24640000E+001
2.20000000 10.70000000 4.89510000E+001
2.20000000 10.80000000 5.57200000E+001
2.20000000 10.90000000 6.27770000E+001
2.20000000 11.00000000 7.01280000E+001
2.30000000 1.00000000 -1.75653000E+002
2.30000000 1.10000000 -1.68302000E+002
2.30000000 1.20000000 -1.61245000E+002
2.30000000 1.30000000 -1.54476000E+002
2.30000000 1.40000000 -1.47989000E+002
2.30000000 1.50000000 -1.41778000E+002
2.30000000 1.60000000 -1.35837000E+002
2.30000000 1.70000000 -1.30160000E+002
2.30000000 1.80000000 -1.24741000E+002
2.30000000 1.90000000 -1.19574000E+002
2.30000000 2.00000000 -1.14653000E+002
2.30000000 2.10000000 -1.09972000E+002
2.30000000 2.20000000 -1.05525000E+002
2.30000000 2.30000000 -1.01306000E+002
2.30000000 2.40000000 -9.73090000E+001
2.30000000 2.50000000 -9.35280000E+001
2.30000000 2.60000000 -8.99570000E+001
2.30000000 2.70000000 -8.65900000E+001
2.30000000 2.80000000 -8.34210000E+001
2.30000000 2.90000000 -8.04440000E+001
2.30000000 3.00000000 -7.76530000E+001
2.30000000 3.10000000 -7.50420000E+001
2.30000000 3.20000000 -7.26050000E+001
2.30000000 3.30000000 -7.03360000E+001
2.30000000 3.40000000 -6.82290000E+001
2.30000000 3.50000000 -6.62780000E+001
2.30000000 3.60000000 -6.44770000E+001
2.30000000 3.70000000 -6.28200000E+001
2.30000000 3.80000000 -6.13010000E+001
2.30000000 3.90000000 -5.99140000E+001
2.30000000 4.00000000 -5.86530000E+001
2.30000000 4.10000000 -5.75120000E+001
2.30000000 4.20000000 -5.64850000E+001
2.30000000 4.30000000 -5.55660000E+001
2.30000000 4.40000000 -5.47490000E+001
2.30000000 4.50000000 -5.40280000E+001
2.30000000 4.60000000 -5.33970000E+001
2.30000000 4.70000000 -5.28500000E+001
2.30000000 4.80000000 -5.23810000E+001
2.30000000 4.90000000 -5.19840000E+001
2.30000000 5.00000000 -5.16530000E+001
2.30000000 5.10000000 -5.13820000E+001
2.30000000 5.20000000 -5.11650000E+001
2.30000000 5.30000000 -5.09960000E+001
2.30000000 5.40000000 -5.08690000E+001
2.30000000 5.50000000 -5.07780000E+001
2.30000000 5.60000000 -5.07170000E+001
2.30000000 5.70000000 -5.06800000E+001
2.30000000 5.80000000 -5.06610000E+001
2.30000000 5.90000000 -5.06540000E+001
2.30000000 6.00000000 -5.06530000E+001
2.30000000 6.10000000 -5.06520000E+001
2.30000000 6.20000000 -5.06450000E+001
2.30000000 6.30000000 -5.06260000E+001
2.30000000 6.40000000 -5.05890000E+001
2.30000000 6.50000000 -5.05280000E+001
2.30000000 6.60000000 -5.04370000E+001
2.30000000 6.70000000 -5.03100000E+001
2.30000000 6.80000000 -5.01410000E+001
2.30000000 6.90000000 -4.99240000E+001
2.30000000 7.00000000 -4.96530000E+001
2.30000000 7.10000000 -4.93220000E+001
2.30000000 7.20000000 -4.89250000E+001
2.30000000 7.30000000 -4.84560000E+001
2.30000000 7.40000000 -4.79090000E+001
2.30000000 7.50000000 -4.72780000E+001
2.30000000 7.60000000 -4.65570000E+001
2.30000000 7.70000000 -4.57400000E+001
2.30000000 7.80000000 -4.48210000E+001
2.30000000 7.90000000 -4.37940000E+001
2.30000000 8.00000000 -4.26530000E+001
2.30000000 8.10000000 -4.13920000E+001
2.30000000 8.20000000 -4.00050000E+001
2.30000000 8.30000000 -3.84860000E+001
2.30000000 8.40000000 -3.68290000E+001
2.30000000 8.50000000 -3.50280000E+001
2.30000000 8.60000000 -3.30770000E+001
2.30000000 8.70000000 -3.09700000E+001
2.30000000 8.80000000 -2.87010000E+001
2.30000000 8.90000000 -2.62640000E+001
2.30000000 9.00000000 -2.36530000E+001
2.30000000 9.10000000 -2.08620000E+001
2.30000000 9.20000000 -1.78850000E+001
2.30000000 9.30000000 -1.47160000E+001
2.30000000 9.40000000 -1.13490000E+001
2.30000000 9.50000000 -7.77800000E+000
2.30000000 9.60000000 -3.99700000E+000
2.30000000 9.70000000 -2.05391260E-015
2.30000000 9.80000000 4.21900000E+000
2.30000000 9.90000000 8.66600000E+000
2.30000000 10.00000000 1.33470000E+001
2.30000000 10.10000000 1.82680000E+001
2.30000000 10.20000000 2.34350000E+001
2.30000000 10.30000000 2.88540000E+001
2.30000000 10.40000000 3.45310000E+001
2.30000000 10.50000000 4.04720000E+001
2.30000000 10.60000000 4.66830000E+001
2.30000000 10.70000000 5.31700000E+001
2.30000000 10.80000000 5.99390000E+001
2.30000000 10.90000000 6.69960000E+001
2.30000000 11.00000000 7.43470000E+001
2.40000000 1.00000000 -1.71656000E+002
2.40000000 1.10000000 -1.64305000E+002
2.40000000 1.20000000 -1.57248000E+002
2.40000000 1.30000000 -1.50479000E+002
2.40000000 1.40000000 -1.43992000E+002
2.40000000 1.50000000 -1.37781000E+002
2.40000000 1.60000000 -1.31840000E+002
2.40000000 1.70000000 -1.26163000E+002
2.40000000 1.80000000 -1.20744000E+002
2.40000000 1.90000000 -1.15577000E+002
2.40000000 2.00000000 -1.10656000E+002
2.40000000 2.10000000 -1.05975000E+002
2.40000000 2.20000000 -1.01528000E+002
2.40000000 2.30000000 -9.73090000E+001
2.40000000 2.40000000 -9.33120000E+001
2.40000000 2.50000000 -8.95310000E+001
2.40000000 2.60000000 -8.59600000E+001
2.40000000 2.70000000 -8.25930000E+001
2.40000000 2.80000000 -7.94240000E+001
2.40000000 2.90000000 -7.64470000E+001
2.40000000 3.00000000 -7.36560000E+001
2.40000000 3.10000000 -7.10450000E+001
2.40000000 3.20000000 -6.86080000E+001
2.40000000 3.30000000 -6.63390000E+001
2.40000000 3.40000000 -6.42320000E+001
2.40000000 3.50000000 -6.22810000E+001
2.40000000 3.60000000 -6.04800000E+001
2.40000000 3.70000000 -5.88230000E+001
2.40000000 3.80000000 -5.73040000E+001
2.40000000 3.90000000 -5.59170000E+001
2.40000000 4.00000000 -5.46560000E+001
2.40000000 4.10000000 -5.35150000E+001
2.40000000 4.20000000 -5.24880000E+001
2.40000000 4.30000000 -5.15690000E+001
2.40000000 4.40000000 -5.07520000E+001
2.40000000 4.50000000 -5.00310000E+001
2.40000000 4.60000000 -4.94000000E+001
2.40000000 4.70000000 -4.88530000E+001
2.40000000 4.80000000 -4.83840000E+001
2.40000000 4.90000000 -4.79870000E+001
2.40000000 5.00000000 -4.76560000E+001
2.40000000 5.10000000 -4.73850000E+001
2.40000000 5.20000000 -4.71680000E+001
2.40000000 5.30000000 -4.69990000E+001
2.40000000 5.40000000 -4.68720000E+001
2.40000000 5.50000000 -4.67810000E+001
2.40000000 5.60000000 -4.67200000E+001
2.40000000 5.70000000 -4.66830000E+001
2.40000000 5.80000000 -4.66640000E+001
2.40000000 5.90000000 -4.66570000E+001
2.40000000 6.00000000 -4.66560000E+001
2.40000000 6.10000000 -4.66550000E+001
2.40000000 6.20000000 -4.66480000E+001
2.40000000 6.30000000 -4.66290000E+001
2.40000000 6.40000000 -4.65920000E+001
2.40000000 6.50000000 -4.65310000E+001
2.40000000 6.60000000 -4.64400000E+001
2.40000000 6.70000000 -4.63130000E+001
2.40000000 6.80000000 -4.61440000E+001
2.40000000 6.90000000 -4.59270000E+001
2.40000000 7.00000000 -4.56560000E+001
2.40000000 7.10000000 -4.53250000E+001
2.40000000 7.20000000 -4.49280000E+001
2.40000000 7.30000000 -4.44590000E+001
2.40000000 7.40000000 -4.39120000E+001
2.40000000 7.50000000 -4.32810000E+001
2.40000000 7.60000000 -4.25600000E+001
2.40000000 7.70000000 -4.17430000E+001
2.40000000 7.80000000 -4.08240000E+001
2.40000000 7.90000000 -3.97970000E+001
2.40000000 8.00000000 -3.86560000E+001
2.40000000 8.10000000 -3.73950000E+001
2.40000000 8.20000000 -3.60080000E+001
2.40000000 8.30000000 -3.44890000E+001
2.40000000 8.40000000 -3.28320000E+001
2.40000000 8.50000000 -3.10310000E+001
2.40000000 8.60000000 -2.90800000E+001
2.40000000 8.70000000 -2.69730000E+001
2.40000000 8.80000000 -2.47040000E+001
2.40000000 8.90000000 -2.22670000E+001
2.40000000 9.00000000 -1.96560000E+001
2.40000000 9.10000000 -1.68650000E+001
2.40000000 9.20000000 -1.38880000E+001
2.40000000 9.30000000 -1.07190000E+001
2.40000000 9.40000000 -7.35200000E+000
2.40000000 9.50000000 -3.78100000E+000
2.40000000 9.60000000 4.71844785E-015
2.40000000 9.70000000 3.99700000E+000
2.40000000 9.80000000 8.21600000E+000
2.40000000 9.90000000 1.26630000E+001
2.40000000 10.00000000 1.73440000E+001
2.40000000 10.10000000 2.22650000E+001
2.40000000 10.20000000 2.74320000E+001
2.40000000 10.30000000 3.28510000E+001
2.40000000 10.40000000 3.85280000E+001
2.40000000 10.50000000 4.44690000E+001
2.40000000 10.60000000 5.06800000E+001
2.40000000 10.70000000 5.71670000E+001
2.40000000 10.80000000 6.39360000E+001
2.40000000 10.90000000 7.09930000E+001
2.40000000 11.00000000 7.83440000E+001
2.50000000 1.00000000 -1.67875000E+002
2.50000000 1.10000000 -1.60524000E+002
2.50000000 1.20000000 -1.53467000E+002
2.50000000 1.30000000 -1.46698000E+002
2.50000000 1.40000000 -1.40211000E+002
2.50000000 1.50000000 -1.34000000E+002
2.50000000 1.60000000 -1.28059000E+002
2.50000000 1.70000000 -1.22382000E+002
2.50000000 1.80000000 -1.16963000E+002
2.50000000 1.90000000 -1.11796000E+002
2.50000000 2.00000000 -1.06875000E+002
2.50000000 2.10000000 -1.02194000E+002
2.50000000 2.20000000 -9.77470000E+001
2.50000000 2.30000000 -9.35280000E+001
2.50000000 2.40000000 -8.95310000E+001
2.50000000 2.50000000 -8.57500000E+001
2.50000000 2.60000000 -8.21790000E+001
2.50000000 2.70000000 -7.88120000E+001
2.50000000 2.80000000 -7.56430000E+001
2.50000000 2.90000000 -7.26660000E+001
2.50000000 3.00000000 -6.98750000E+001
2.50000000 3.10000000 -6.72640000E+001
2.50000000 3.20000000 -6.48270000E+001
2.50000000 3.30000000 -6.25580000E+001
2.50000000 3.40000000 -6.04510000E+001
2.50000000 3.50000000 -5.85000000E+001
2.50000000 3.60000000 -5.66990000E+001
2.50000000 3.70000000 -5.50420000E+001
2.50000000 3.80000000 -5.35230000E+001
2.50000000 3.90000000 -5.21360000E+001
2.50000000 4.00000000 -5.08750000E+001
2.50000000 4.10000000 -4.97340000E+001
2.50000000 4.20000000 -4.87070000E+001
2.50000000 4.30000000 -4.77880000E+001
2.50000000 4.40000000 -4.69710000E+001
2.50000000 4.50000000 -4.62500000E+001
2.50000000 4.60000000 -4.56190000E+001
2.50000000 4.70000000 -4.50720000E+001
2.50000000 4.80000000 -4.46030000E+001
2.50000000 4.90000000 -4.42060000E+001
2.50000000 5.00000000 -4.38750000E+001
2.50000000 5.10000000 -4.36040000E+001
2.50000000 5.20000000 -4.33870000E+001
2.50000000 5.30000000 -4.32180000E+001
2.50000000 5.40000000 -4.30910000E+001
2.50000000 5.50000000 -4.30000000E+001
2.50000000 5.60000000 -4.29390000E+001
2.50000000 5.70000000 -4.29020000E+001
2.50000000 5.80000000 -4.28830000E+001
2.50000000 5.90000000 -4.28760000E+001
2.50000000 6.00000000 -4.28750000E+001
2.50000000 6.10000000 -4.28740000E+001
2.50000000 6.20000000 -4.28670000E+001
2.50000000 6.30000000 -4.28480000E+001
2.50000000 6.40000000 -4.28110000E+001
2.50000000 6.50000000 -4.27500000E+001
2.50000000 6.60000000 -4.26590000E+001
2.50000000 6.70000000 -4.25320000E+001
2.50000000 6.80000000 -4.23630000E+001
2.50000000 6.90000000 -4.21460000E+001
2.50000000 7.00000000 -4.18750000E+001
2.50000000 7.10000000 -4.15440000E+001
2.50000000 7.20000000 -4.11470000E+001
2.50000000 7.30000000 -4.06780000E+001
2.50000000 7.40000000 -4.01310000E+001
2.50000000 7.50000000 -3.95000000E+001
2.50000000 7.60000000 -3.87790000E+001
2.50000000 7.70000000 -3.79620000E+001
2.50000000 7.80000000 -3.70430000E+001
2.50000000 7.90000000 -3.60160000E+001
2.50000000 8.00000000 -3.48750000E+001
2.50000000 8.10000000 -3.36140000E+001
2.50000000 8.20000000 -3.22270000E+001
2.50000000 8.30000000 -3.07080000E+001
2.50000000 8.40000000 -2.90510000E+001
2.50000000 8.50000000 -2.72500000E+001
2.50000000 8.60000000 -2.52990000E+001
2.50000000 8.70000000 -2.31920000E+001
2.50000000 8.80000000 -2.09230000E+001
2.50000000 8.90000000 -1.84860000E+001
2.50000000 9.00000000 -1.58750000E+001
2.50000000 9.10000000 -1.30840000E+001
2.50000000 9.20000000 -1.01070000E+001
2.50000000 9.30000000 -6.93800000E+000
2.50000000 9.40000000 -3.57100000E+000
2.50000000 9.50000000 -5.32907052E-015
2.50000000 9.60000000 3.78100000E+000
2.50000000 9.70000000 7.77800000E+000
2.50000000 9.80000000 1.19970000E+001
2.50000000 9.90000000 1.64440000E+001
2.50000000 10.00000000 2.11250000E+001
2.50000000 10.10000000 2.60460000E+001
2.50000000 10.20000000 3.12130000E+001
2.50000000 10.30000000 3.66320000E+001
2.50000000 10.40000000 4.23090000E+001
2.50000000 10.50000000 4.82500000E+001
2.50000000 10.60000000 5.44610000E+001
2.50000000 10.70000000 6.09480000E+001
2.50000000 10.80000000 6.77170000E+001
2.50000000 10.90000000 7.47740000E+001
2.50000000 11.00000000 8.21250000E+001
2.60000000 1.00000000 -1.64304000E+002
2.60000000 1.10000000 -1.56953000E+002
2.60000000 1.20000000 -1.49896000E+002
2.60000000 1.30000000 -1.43127000E+002
2.60000000 1.40000000 -1.36640000E+002
2.60000000 1.50000000 -1.30429000E+002
2.60000000 1.60000000 -1.24488000E+002
2.60000000 1.70000000 -1.18811000E+002
2.60000000 1.80000000 -1.13392000E+002
2.60000000 1.90000000 -1.08225000E+002
2.60000000 2.00000000 -1.03304000E+002
2.60000000 2.10000000 -9.86230000E+001
2.60000000 2.20000000 -9.41760000E+001
2.60000000 2.30000000 -8.99570000E+001
2.60000000 2.40000000 -8.59600000E+001
2.60000000 2.50000000 -8.21790000E+001
2.60000000 2.60000000 -7.86080000E+001
2.60000000 2.70000000 -7.52410000E+001
2.60000000 2.80000000 -7.20720000E+001
2.60000000 2.90000000 -6.90950000E+001
2.60000000 3.00000000 -6.63040000E+001
2.60000000 3.10000000 -6.36930000E+001
2.60000000 3.20000000 -6.12560000E+001
2.60000000 3.30000000 -5.89870000E+001
2.60000000 3.40000000 -5.68800000E+001
2.60000000 3.50000000 -5.49290000E+001
2.60000000 3.60000000 -5.31280000E+001
2.60000000 3.70000000 -5.14710000E+001
2.60000000 3.80000000 -4.99520000E+001
2.60000000 3.90000000 -4.85650000E+001
2.60000000 4.00000000 -4.73040000E+001
2.60000000 4.10000000 -4.61630000E+001
2.60000000 4.20000000 -4.51360000E+001
2.60000000 4.30000000 -4.42170000E+001
2.60000000 4.40000000 -4.34000000E+001
2.60000000 4.50000000 -4.26790000E+001
2.60000000 4.60000000 -4.20480000E+001
2.60000000 4.70000000 -4.15010000E+001
2.60000000 4.80000000 -4.10320000E+001
2.60000000 4.90000000 -4.06350000E+001
2.60000000 5.00000000 -4.03040000E+001
2.60000000 5.10000000 -4.00330000E+001
2.60000000 5.20000000 -3.98160000E+001
2.60000000 5.30000000 -3.96470000E+001
2.60000000 5.40000000 -3.95200000E+001
2.60000000 5.50000000 -3.94290000E+001
2.60000000 5.60000000 -3.93680000E+001
2.60000000 5.70000000 -3.93310000E+001
2.60000000 5.80000000 -3.93120000E+001
2.60000000 5.90000000 -3.93050000E+001
2.60000000 6.00000000 -3.93040000E+001
2.60000000 6.10000000 -3.93030000E+001
2.60000000 6.20000000 -3.92960000E+001
2.60000000 6.30000000 -3.92770000E+001
2.60000000 6.40000000 -3.92400000E+001
2.60000000 6.50000000 -3.91790000E+001
2.60000000 6.60000000 -3.90880000E+001
2.60000000 6.70000000 -3.89610000E+001
2.60000000 6.80000000 -3.87920000E+001
2.60000000 6.90000000 -3.85750000E+001
2.60000000 7.00000000 -3.83040000E+001
2.60000000 7.10000000 -3.79730000E+001
2.60000000 7.20000000 -3.75760000E+001
2.60000000 7.30000000 -3.71070000E+001
2.60000000 7.40000000 -3.65600000E+001
2.60000000 7.50000000 -3.59290000E+001
2.60000000 7.60000000 -3.52080000E+001
2.60000000 7.70000000 -3.43910000E+001
2.60000000 7.80000000 -3.34720000E+001
2.60000000 7.90000000 -3.24450000E+001
2.60000000 8.00000000 -3.13040000E+001
2.60000000 8.10000000 -3.00430000E+001
2.60000000 8.20000000 -2.86560000E+001
2.60000000 8.30000000 -2.71370000E+001
2.60000000 8.40000000 -2.54800000E+001
2.60000000 8.50000000 -2.36790000E+001
2.60000000 8.60000000 -2.17280000E+001
2.60000000 8.70000000 -1.96210000E+001
2.60000000 8.80000000 -1.73520000E+001
2.60000000 8.90000000 -1.49150000E+001
2.60000000 9.00000000 -1.23040000E+001
2.60000000 9.10000000 -9.51300000E+000
2.60000000 9.20000000 -6.53600000E+000
2.60000000 9.30000000 -3.36700000E+000
2.60000000 9.40000000 -5.27355937E-015
2.60000000 9.50000000 3.57100000E+000
2.60000000 9.60000000 7.35200000E+000
2.60000000 9.70000000 1.13490000E+001
2.60000000 9.80000000 1.55680000E+001
2.60000000 9.90000000 2.00150000E+001
2.60000000 10.00000000 2.46960000E+001
2.60000000 10.10000000 2.96170000E+001
2.60000000 10.20000000 3.47840000E+001
2.60000000 10.30000000 4.02030000E+001
2.60000000 10.40000000 4.58800000E+001
2.60000000 10.50000000 5.18210000E+001
2.60000000 10.60000000 5.80320000E+001
2.60000000 10.70000000 6.45190000E+001
2.60000000 10.80000000 7.12880000E+001
2.60000000 10.90000000 7.83450000E+001
2.60000000 11.00000000 8.56960000E+001
2.70000000 1.00000000 -1.60937000E+002
2.70000000 1.10000000 -1.53586000E+002
2.70000000 1.20000000 -1.46529000E+002
2.70000000 1.30000000 -1.39760000E+002
2.70000000 1.40000000 -1.33273000E+002
2.70000000 1.50000000 -1.27062000E+002
2.70000000 1.60000000 -1.21121000E+002
2.70000000 1.70000000 -1.15444000E+002
2.70000000 1.80000000 -1.10025000E+002
2.70000000 1.90000000 -1.04858000E+002
2.70000000 2.00000000 -9.99370000E+001
2.70000000 2.10000000 -9.52560000E+001
2.70000000 2.20000000 -9.08090000E+001
2.70000000 2.30000000 -8.65900000E+001
2.70000000 2.40000000 -8.25930000E+001
2.70000000 2.50000000 -7.88120000E+001
2.70000000 2.60000000 -7.52410000E+001
2.70000000 2.70000000 -7.18740000E+001
2.70000000 2.80000000 -6.87050000E+001
2.70000000 2.90000000 -6.57280000E+001
2.70000000 3.00000000 -6.29370000E+001
2.70000000 3.10000000 -6.03260000E+001
2.70000000 3.20000000 -5.78890000E+001
2.70000000 3.30000000 -5.56200000E+001
2.70000000 3.40000000 -5.35130000E+001
2.70000000 3.50000000 -5.15620000E+001
2.70000000 3.60000000 -4.97610000E+001
2.70000000 3.70000000 -4.81040000E+001
2.70000000 3.80000000 -4.65850000E+001
2.70000000 3.90000000 -4.51980000E+001
2.70000000 4.00000000 -4.39370000E+001
2.70000000 4.10000000 -4.27960000E+001
2.70000000 4.20000000 -4.17690000E+001
2.70000000 4.30000000 -4.08500000E+001
2.70000000 4.40000000 -4.00330000E+001
2.70000000 4.50000000 -3.93120000E+001
2.70000000 4.60000000 -3.86810000E+001
2.70000000 4.70000000 -3.81340000E+001
2.70000000 4.80000000 -3.76650000E+001
2.70000000 4.90000000 -3.72680000E+001
2.70000000 5.00000000 -3.69370000E+001
2.70000000 5.10000000 -3.66660000E+001
2.70000000 5.20000000 -3.64490000E+001
2.70000000 5.30000000 -3.62800000E+001
2.70000000 5.40000000 -3.61530000E+001
2.70000000 5.50000000 -3.60620000E+001
2.70000000 5.60000000 -3.60010000E+001
2.70000000 5.70000000 -3.59640000E+001
2.70000000 5.80000000 -3.59450000E+001
2.70000000 5.90000000 -3.59380000E+001
2.70000000 6.00000000 -3.59370000E+001
2.70000000 6.10000000 -3.59360000E+001
2.70000000 6.20000000 -3.59290000E+001
2.70000000 6.30000000 -3.59100000E+001
2.70000000 6.40000000 -3.58730000E+001
2.70000000 6.50000000 -3.58120000E+001
2.70000000 6.60000000 -3.57210000E+001
2.70000000 6.70000000 -3.55940000E+001
2.70000000 6.80000000 -3.54250000E+001
2.70000000 6.90000000 -3.52080000E+001
2.70000000 7.00000000 -3.49370000E+001
2.70000000 7.10000000 -3.46060000E+001
2.70000000 7.20000000 -3.42090000E+001
2.70000000 7.30000000 -3.37400000E+001
2.70000000 7.40000000 -3.31930000E+001
2.70000000 7.50000000 -3.25620000E+001
2.70000000 7.60000000 -3.18410000E+001
2.70000000 7.70000000 -3.10240000E+001
2.70000000 7.80000000 -3.01050000E+001
2.70000000 7.90000000 -2.90780000E+001
2.70000000 8.00000000 -2.79370000E+001
2.70000000 8.10000000 -2.66760000E+001
2.70000000 8.20000000 -2.52890000E+001
2.70000000 8.30000000 -2.37700000E+001
2.70000000 8.40000000 -2.21130000E+001
2.70000000 8.50000000 -2.03120000E+001
2.70000000 8.60000000 -1.83610000E+001
2.70000000 8.70000000 -1.62540000E+001
2.70000000 8.80000000 -1.39850000E+001
2.70000000 8.90000000 -1.15480000E+001
2.70000000 9.00000000 -8.93700000E+000
2.70000000 9.10000000 -6.14600000E+000
2.70000000 9.20000000 -3.16900000E+000
2.70000000 9.30000000 3.08642001E-014
2.70000000 9.40000000 3.36700000E+000
2.70000000 9.50000000 6.93800000E+000
2.70000000 9.60000000 1.07190000E+001
2.70000000 9.70000000 1.47160000E+001
2.70000000 9.80000000 1.89350000E+001
2.70000000 9.90000000 2.33820000E+001
2.70000000 10.00000000 2.80630000E+001
2.70000000 10.10000000 3.29840000E+001
2.70000000 10.20000000 3.81510000E+001
2.70000000 10.30000000 4.35700000E+001
2.70000000 10.40000000 4.92470000E+001
2.70000000 10.50000000 5.51880000E+001
2.70000000 10.60000000 6.13990000E+001
2.70000000 10.70000000 6.78860000E+001
2.70000000 10.80000000 7.46550000E+001
2.70000000 10.90000000 8.17120000E+001
2.70000000 11.00000000 8.90630000E+001
2.80000000 1.00000000 -1.57768000E+002
2.80000000 1.10000000 -1.50417000E+002
2.80000000 1.20000000 -1.43360000E+002
2.80000000 1.30000000 -1.36591000E+002
2.80000000 1.40000000 -1.30104000E+002
2.80000000 1.50000000 -1.23893000E+002
2.80000000 1.60000000 -1.17952000E+002
2.80000000 1.70000000 -1.12275000E+002
2.80000000 1.80000000 -1.06856000E+002
2.80000000 1.90000000 -1.01689000E+002
2.80000000 2.00000000 -9.67680000E+001
2.80000000 2.10000000 -9.20870000E+001
2.80000000 2.20000000 -8.76400000E+001
2.80000000 2.30000000 -8.34210000E+001
2.80000000 2.40000000 -7.94240000E+001
2.80000000 2.50000000 -7.56430000E+001
2.80000000 2.60000000 -7.20720000E+001
2.80000000 2.70000000 -6.87050000E+001
2.80000000 2.80000000 -6.55360000E+001
2.80000000 2.90000000 -6.25590000E+001
2.80000000 3.00000000 -5.97680000E+001
2.80000000 3.10000000 -5.71570000E+001
2.80000000 3.20000000 -5.47200000E+001
2.80000000 3.30000000 -5.24510000E+001
2.80000000 3.40000000 -5.03440000E+001
2.80000000 3.50000000 -4.83930000E+001
2.80000000 3.60000000 -4.65920000E+001
2.80000000 3.70000000 -4.49350000E+001
2.80000000 3.80000000 -4.34160000E+001
2.80000000 3.90000000 -4.20290000E+001
2.80000000 4.00000000 -4.07680000E+001
2.80000000 4.10000000 -3.96270000E+001
2.80000000 4.20000000 -3.86000000E+001
2.80000000 4.30000000 -3.76810000E+001
2.80000000 4.40000000 -3.68640000E+001
2.80000000 4.50000000 -3.61430000E+001
2.80000000 4.60000000 -3.55120000E+001
2.80000000 4.70000000 -3.49650000E+001
2.80000000 4.80000000 -3.44960000E+001
2.80000000 4.90000000 -3.40990000E+001
2.80000000 5.00000000 -3.37680000E+001
2.80000000 5.10000000 -3.34970000E+001
2.80000000 5.20000000 -3.32800000E+001
2.80000000 5.30000000 -3.31110000E+001
2.80000000 5.40000000 -3.29840000E+001
2.80000000 5.50000000 -3.28930000E+001
2.80000000 5.60000000 -3.28320000E+001
2.80000000 5.70000000 -3.27950000E+001
2.80000000 5.80000000 -3.27760000E+001
2.80000000 5.90000000 -3.27690000E+001
2.80000000 6.00000000 -3.27680000E+001
2.80000000 6.10000000 -3.27670000E+001
2.80000000 6.20000000 -3.27600000E+001
2.80000000 6.30000000 -3.27410000E+001
2.80000000 6.40000000 -3.27040000E+001
2.80000000 6.50000000 -3.26430000E+001
2.80000000 6.60000000 -3.25520000E+001
2.80000000 6.70000000 -3.24250000E+001
2.80000000 6.80000000 -3.22560000E+001
2.80000000 6.90000000 -3.20390000E+001
2.80000000 7.00000000 -3.17680000E+001
2.80000000 7.10000000 -3.14370000E+001
2.80000000 7.20000000 -3.10400000E+001
2.80000000 7.30000000 -3.05710000E+001
2.80000000 7.40000000 -3.00240000E+001
2.80000000 7.50000000 -2.93930000E+001
2.80000000 7.60000000 -2.86720000E+001
2.80000000 7.70000000 -2.78550000E+001
2.80000000 7.80000000 -2.69360000E+001
2.80000000 7.90000000 -2.59090000E+001
2.80000000 8.00000000 -2.47680000E+001
2.80000000 8.10000000 -2.35070000E+001
2.80000000 8.20000000 -2.21200000E+001
2.80000000 8.30000000 -2.06010000E+001
2.80000000 8.40000000 -1.89440000E+001
2.80000000 8.50000000 -1.71430000E+001
2.80000000 8.60000000 -1.51920000E+001
2.80000000 8.70000000 -1.30850000E+001
2.80000000 8.80000000 -1.08160000E+001
2.80000000 8.90000000 -8.37900000E+000
2.80000000 9.00000000 -5.76800000E+000
2.80000000 9.10000000 -2.97700000E+000
2.80000000 9.20000000 1.47659662E-014
2.80000000 9.30000000 3.16900000E+000
2.80000000 9.40000000 6.53600000E+000
2.80000000 9.50000000 1.01070000E+001
2.80000000 9.60000000 1.38880000E+001
2.80000000 9.70000000 1.78850000E+001
2.80000000 9.80000000 2.21040000E+001
2.80000000 9.90000000 2.65510000E+001
2.80000000 10.00000000 3.12320000E+001
2.80000000 10.10000000 3.61530000E+001
2.80000000 10.20000000 4.13200000E+001
2.80000000 10.30000000 4.67390000E+001
2.80000000 10.40000000 5.24160000E+001
2.80000000 10.50000000 5.83570000E+001
2.80000000 10.60000000 6.45680000E+001
2.80000000 10.70000000 7.10550000E+001
2.80000000 10.80000000 7.78240000E+001
2.80000000 10.90000000 8.48810000E+001
2.80000000 11.00000000 9.22320000E+001
2.90000000 1.00000000 -1.54791000E+002
2.90000000 1.10000000 -1.47440000E+002
2.90000000 1.20000000 -1.40383000E+002
2.90000000 1.30000000 -1.33614000E+002
2.90000000 1.40000000 -1.27127000E+002
2.90000000 1.50000000 -1.20916000E+002
2.90000000 1.60000000 -1.14975000E+002
2.90000000 1.70000000 -1.09298000E+002
2.90000000 1.80000000 -1.03879000E+002
2.90000000 1.90000000 -9.87120000E+001
2.90000000 2.00000000 -9.37910000E+001
2.90000000 2.10000000 -8.91100000E+001
2.90000000 2.20000000 -8.46630000E+001
2.90000000 2.30000000 -8.04440000E+001
2.90000000 2.40000000 -7.64470000E+001
2.90000000 2.50000000 -7.26660000E+001
2.90000000 2.60000000 -6.90950000E+001
2.90000000 2.70000000 -6.57280000E+001
2.90000000 2.80000000 -6.25590000E+001
2.90000000 2.90000000 -5.95820000E+001
2.90000000 3.00000000 -5.67910000E+001
2.90000000 3.10000000 -5.41800000E+001
2.90000000 3.20000000 -5.17430000E+001
2.90000000 3.30000000 -4.94740000E+001
2.90000000 3.40000000 -4.73670000E+001
2.90000000 3.50000000 -4.54160000E+001
2.90000000 3.60000000 -4.36150000E+001
2.90000000 3.70000000 -4.19580000E+001
2.90000000 3.80000000 -4.04390000E+001
2.90000000 3.90000000 -3.90520000E+001
2.90000000 4.00000000 -3.77910000E+001
2.90000000 4.10000000 -3.66500000E+001
2.90000000 4.20000000 -3.56230000E+001
2.90000000 4.30000000 -3.47040000E+001
2.90000000 4.40000000 -3.38870000E+001
2.90000000 4.50000000 -3.31660000E+001
2.90000000 4.60000000 -3.25350000E+001
2.90000000 4.70000000 -3.19880000E+001
2.90000000 4.80000000 -3.15190000E+001
2.90000000 4.90000000 -3.11220000E+001
2.90000000 5.00000000 -3.07910000E+001
2.90000000 5.10000000 -3.05200000E+001
2.90000000 5.20000000 -3.03030000E+001
2.90000000 5.30000000 -3.01340000E+001
2.90000000 5.40000000 -3.00070000E+001
2.90000000 5.50000000 -2.99160000E+001
2.90000000 5.60000000 -2.98550000E+001
2.90000000 5.70000000 -2.98180000E+001
2.90000000 5.80000000 -2.97990000E+001
2.90000000 5.90000000 -2.97920000E+001
2.90000000 6.00000000 -2.97910000E+001
2.90000000 6.10000000 -2.97900000E+001
2.90000000 6.20000000 -2.97830000E+001
2.90000000 6.30000000 -2.97640000E+001
2.90000000 6.40000000 -2.97270000E+001
2.90000000 6.50000000 -2.96660000E+001
2.90000000 6.60000000 -2.95750000E+001
2.90000000 6.70000000 -2.94480000E+001
2.90000000 6.80000000 -2.92790000E+001
2.90000000 6.90000000 -2.90620000E+001
2.90000000 7.00000000 -2.87910000E+001
2.90000000 7.10000000 -2.84600000E+001
2.90000000 7.20000000 -2.80630000E+001
2.90000000 7.30000000 -2.75940000E+001
2.90000000 7.40000000 -2.70470000E+001
2.90000000 7.50000000 -2.64160000E+001
2.90000000 7.60000000 -2.56950000E+001
2.90000000 7.70000000 -2.48780000E+001
2.90000000 7.80000000 -2.39590000E+001
2.90000000 7.90000000 -2.29320000E+001
2.90000000 8.00000000 -2.17910000E+001
2.90000000 8.10000000 -2.05300000E+001
2.90000000 8.20000000 -1.91430000E+001
2.90000000 8.30000000 -1.76240000E+001
2.90000000 8.40000000 -1.59670000E+001
2.90000000 8.50000000 -1.41660000E+001
2.90000000 8.60000000 -1.22150000E+001
2.90000000 8.70000000 -1.01080000E+001
2.90000000 8.80000000 -7.83900000E+000
2.90000000 8.90000000 -5.40200000E+000
2.90000000 9.00000000 -2.79100000E+000
2.90000000 9.10000000 1.48214774E-014
2.90000000 9.20000000 2.97700000E+000
2.90000000 9.30000000 6.14600000E+000
2.90000000 9.40000000 9.51300000E+000
2.90000000 9.50000000 1.30840000E+001
2.90000000 9.60000000 1.68650000E+001
2.90000000 9.70000000 2.08620000E+001
2.90000000 9.80000000 2.50810000E+001
2.90000000 9.90000000 2.95280000E+001
2.90000000 10.00000000 3.42090000E+001
2.90000000 10.10000000 3.91300000E+001
2.90000000 10.20000000 4.42970000E+001
2.90000000 10.30000000 4.97160000E+001
2.90000000 10.40000000 5.53930000E+001
2.90000000 10.50000000 6.13340000E+001
2.90000000 10.60000000 6.75450000E+001
2.90000000 10.70000000 7.40320000E+001
2.90000000 10.80000000 8.08010000E+001
2.90000000 10.90000000 8.78580000E+001
2.90000000 11.00000000 9.52090000E+001
3.00000000 1.00000000 -1.52000000E+002
3.00000000 1.10000000 -1.44649000E+002
3.00000000 1.20000000 -1.37592000E+002
3.00000000 1.30000000 -1.30823000E+002
3.00000000 1.40000000 -1.24336000E+002
3.00000000 1.50000000 -1.18125000E+002
3.00000000 1.60000000 -1.12184000E+002
3.00000000 1.70000000 -1.06507000E+002
3.00000000 1.80000000 -1.01088000E+002
3.00000000 1.90000000 -9.59210000E+001
3.00000000 2.00000000 -9.10000000E+001
3.00000000 2.10000000 -8.63190000E+001
3.00000000 2.20000000 -8.18720000E+001
3.00000000 2.30000000 -7.76530000E+001
3.00000000 2.40000000 -7.36560000E+001
3.00000000 2.50000000 -6.98750000E+001
3.00000000 2.60000000 -6.63040000E+001
3.00000000 2.70000000 -6.29370000E+001
3.00000000 2.80000000 -5.97680000E+001
3.00000000 2.90000000 -5.67910000E+001
3.00000000 3.00000000 -5.40000000E+001
3.00000000 3.10000000 -5.13890000E+001
3.00000000 3.20000000 -4.89520000E+001
3.00000000 3.30000000 -4.66830000E+001
3.00000000 3.40000000 -4.45760000E+001
3.00000000 3.50000000 -4.26250000E+001
3.00000000 3.60000000 -4.08240000E+001
3.00000000 3.70000000 -3.91670000E+001
3.00000000 3.80000000 -3.76480000E+001
3.00000000 3.90000000 -3.62610000E+001
3.00000000 4.00000000 -3.50000000E+001
3.00000000 4.10000000 -3.38590000E+001
3.00000000 4.20000000 -3.28320000E+001
3.00000000 4.30000000 -3.19130000E+001
3.00000000 4.40000000 -3.10960000E+001
3.00000000 4.50000000 -3.03750000E+001
3.00000000 4.60000000 -2.97440000E+001
3.00000000 4.70000000 -2.91970000E+001
3.00000000 4.80000000 -2.87280000E+001
3.00000000 4.90000000 -2.83310000E+001
3.00000000 5.00000000 -2.80000000E+001
3.00000000 5.10000000 -2.77290000E+001
3.00000000 5.20000000 -2.75120000E+001
3.00000000 5.30000000 -2.73430000E+001
3.00000000 5.40000000 -2.72160000E+001
3.00000000 5.50000000 -2.71250000E+001
3.00000000 5.60000000 -2.70640000E+001
3.00000000 5.70000000 -2.70270000E+001
3.00000000 5.80000000 -2.70080000E+001
3.00000000 5.90000000 -2.70010000E+001
3.00000000 6.00000000 -2.70000000E+001
3.00000000 6.10000000 -2.69990000E+001
3.00000000 6.20000000 -2.69920000E+001
3.00000000 6.30000000 -2.69730000E+001
3.00000000 6.40000000 -2.69360000E+001
3.00000000 6.50000000 -2.68750000E+001
3.00000000 6.60000000 -2.67840000E+001
3.00000000 6.70000000 -2.66570000E+001
3.00000000 6.80000000 -2.64880000E+001
3.00000000 6.90000000 -2.62710000E+001
3.00000000 7.00000000 -2.60000000E+001
3.00000000 7.10000000 -2.56690000E+001
3.00000000 7.20000000 -2.52720000E+001
3.00000000 7.30000000 -2.48030000E+001
3.00000000 7.40000000 -2.42560000E+001
3.00000000 7.50000000 -2.36250000E+001
3.00000000 7.60000000 -2.29040000E+001
3.00000000 7.70000000 -2.20870000E+001
3.00000000 7.80000000 -2.11680000E+001
3.00000000 7.90000000 -2.01410000E+001
3.00000000 8.00000000 -1.90000000E+001
3.00000000 8.10000000 -1.77390000E+001
3.00000000 8.20000000 -1.63520000E+001
3.00000000 8.30000000 -1.48330000E+001
3.00000000 8.40000000 -1.31760000E+001
3.00000000 8.50000000 -1.13750000E+001
3.00000000 8.60000000 -9.42400000E+000
3.00000000 8.70000000 -7.31700000E+000
3.00000000 8.80000000 -5.04800000E+000
3.00000000 8.90000000 -2.61100000E+000
3.00000000 9.00000000 1.32116540E-014
3.00000000 9.10000000 2.79100000E+000
3.00000000 9.20000000 5.76800000E+000
3.00000000 9.30000000 8.93700000E+000
3.00000000 9.40000000 1.23040000E+001
3.00000000 9.50000000 1.58750000E+001
3.00000000 9.60000000 1.96560000E+001
3.00000000 9.70000000 2.36530000E+001
3.00000000 9.80000000 2.78720000E+001
3.00000000 9.90000000 3.23190000E+001
3.00000000 10.00000000 3.70000000E+001
3.00000000 10.10000000 4.19210000E+001
3.00000000 10.20000000 4.70880000E+001
3.00000000 10.30000000 5.25070000E+001
3.00000000 10.40000000 5.81840000E+001
3.00000000 10.50000000 6.41250000E+001
3.00000000 10.60000000 7.03360000E+001
3.00000000 10.70000000 7.68230000E+001
3.00000000 10.80000000 8.35920000E+001
3.00000000 10.90000000 9.06490000E+001
3.00000000 11.00000000 9.80000000E+001
3.10000000 1.00000000 -1.49389000E+002
3.10000000 1.10000000 -1.42038000E+002
3.10000000 1.20000000 -1.34981000E+002
3.10000000 1.30000000 -1.28212000E+002
3.10000000 1.40000000 -1.21725000E+002
3.10000000 1.50000000 -1.15514000E+002
3.10000000 1.60000000 -1.09573000E+002
3.10000000 1.70000000 -1.03896000E+002
3.10000000 1.80000000 -9.84770000E+001
3.10000000 1.90000000 -9.33100000E+001
3.10000000 2.00000000 -8.83890000E+001
3.10000000 2.10000000 -8.37080000E+001
3.10000000 2.20000000 -7.92610000E+001
3.10000000 2.30000000 -7.50420000E+001
3.10000000 2.40000000 -7.10450000E+001
3.10000000 2.50000000 -6.72640000E+001
3.10000000 2.60000000 -6.36930000E+001
3.10000000 2.70000000 -6.03260000E+001
3.10000000 2.80000000 -5.71570000E+001
3.10000000 2.90000000 -5.41800000E+001
3.10000000 3.00000000 -5.13890000E+001
3.10000000 3.10000000 -4.87780000E+001
3.10000000 3.20000000 -4.63410000E+001
3.10000000 3.30000000 -4.40720000E+001
3.10000000 3.40000000 -4.19650000E+001
3.10000000 3.50000000 -4.00140000E+001
3.10000000 3.60000000 -3.82130000E+001
3.10000000 3.70000000 -3.65560000E+001
3.10000000 3.80000000 -3.50370000E+001
3.10000000 3.90000000 -3.36500000E+001
3.10000000 4.00000000 -3.23890000E+001
3.10000000 4.10000000 -3.12480000E+001
3.10000000 4.20000000 -3.02210000E+001
3.10000000 4.30000000 -2.93020000E+001
3.10000000 4.40000000 -2.84850000E+001
3.10000000 4.50000000 -2.77640000E+001
3.10000000 4.60000000 -2.71330000E+001
3.10000000 4.70000000 -2.65860000E+001
3.10000000 4.80000000 -2.61170000E+001
3.10000000 4.90000000 -2.57200000E+001
3.10000000 5.00000000 -2.53890000E+001
3.10000000 5.10000000 -2.51180000E+001
3.10000000 5.20000000 -2.49010000E+001
3.10000000 5.30000000 -2.47320000E+001
3.10000000 5.40000000 -2.46050000E+001
3.10000000 5.50000000 -2.45140000E+001
3.10000000 5.60000000 -2.44530000E+001
3.10000000 5.70000000 -2.44160000E+001
3.10000000 5.80000000 -2.43970000E+001
3.10000000 5.90000000 -2.43900000E+001
3.10000000 6.00000000 -2.43890000E+001
3.10000000 6.10000000 -2.43880000E+001
3.10000000 6.20000000 -2.43810000E+001
3.10000000 6.30000000 -2.43620000E+001
3.10000000 6.40000000 -2.43250000E+001
3.10000000 6.50000000 -2.42640000E+001
3.10000000 6.60000000 -2.41730000E+001
3.10000000 6.70000000 -2.40460000E+001
3.10000000 6.80000000 -2.38770000E+001
3.10000000 6.90000000 -2.36600000E+001
3.10000000 7.00000000 -2.33890000E+001
3.10000000 7.10000000 -2.30580000E+001
3.10000000 7.20000000 -2.26610000E+001
3.10000000 7.30000000 -2.21920000E+001
3.10000000 7.40000000 -2.16450000E+001
3.10000000 7.50000000 -2.10140000E+001
3.10000000 7.60000000 -2.02930000E+001
3.10000000 7.70000000 -1.94760000E+001
3.10000000 7.80000000 -1.85570000E+001
3.10000000 7.90000000 -1.75300000E+001
3.10000000 8.00000000 -1.63890000E+001
3.10000000 8.10000000 -1.51280000E+001
3.10000000 8.20000000 -1.37410000E+001
3.10000000 8.30000000 -1.22220000E+001
3.10000000 8.40000000 -1.05650000E+001
3.10000000 8.50000000 -8.76400000E+000
3.10000000 8.60000000 -6.81300000E+000
3.10000000 8.70000000 -4.70600000E+000
3.10000000 8.80000000 -2.43700000E+000
3.10000000 8.90000000 5.05151476E-015
3.10000000 9.00000000 2.61100000E+000
3.10000000 9.10000000 5.40200000E+000
3.10000000 9.20000000 8.37900000E+000
3.10000000 9.30000000 1.15480000E+001
3.10000000 9.40000000 1.49150000E+001
3.10000000 9.50000000 1.84860000E+001
3.10000000 9.60000000 2.22670000E+001
3.10000000 9.70000000 2.62640000E+001
3.10000000 9.80000000 3.04830000E+001
3.10000000 9.90000000 3.49300000E+001
3.10000000 10.00000000 3.96110000E+001
3.10000000 10.10000000 4.45320000E+001
3.10000000 10.20000000 4.96990000E+001
3.10000000 10.30000000 5.51180000E+001
3.10000000 10.40000000 6.07950000E+001
3.10000000 10.50000000 6.67360000E+001
3.10000000 10.60000000 7.29470000E+001
3.10000000 10.70000000 7.94340000E+001
3.10000000 10.80000000 8.62030000E+001
3.10000000 10.90000000 9.32600000E+001
3.10000000 11.00000000 1.00611000E+002
3.20000000 1.00000000 -1.46952000E+002
3.20000000 1.10000000 -1.39601000E+002
3.20000000 1.20000000 -1.32544000E+002
3.20000000 1.30000000 -1.25775000E+002
3.20000000 1.40000000 -1.19288000E+002
3.20000000 1.50000000 -1.13077000E+002
3.20000000 1.60000000 -1.07136000E+002
3.20000000 1.70000000 -1.01459000E+002
3.20000000 1.80000000 -9.60400000E+001
3.20000000 1.90000000 -9.08730000E+001
3.20000000 2.00000000 -8.59520000E+001
3.20000000 2.10000000 -8.12710000E+001
3.20000000 2.20000000 -7.68240000E+001
3.20000000 2.30000000 -7.26050000E+001
3.20000000 2.40000000 -6.86080000E+001
3.20000000 2.50000000 -6.48270000E+001
3.20000000 2.60000000 -6.12560000E+001
3.20000000 2.70000000 -5.78890000E+001
3.20000000 2.80000000 -5.47200000E+001
3.20000000 2.90000000 -5.17430000E+001
3.20000000 3.00000000 -4.89520000E+001
3.20000000 3.10000000 -4.63410000E+001
3.20000000 3.20000000 -4.39040000E+001
3.20000000 3.30000000 -4.16350000E+001
3.20000000 3.40000000 -3.95280000E+001
3.20000000 3.50000000 -3.75770000E+001
3.20000000 3.60000000 -3.57760000E+001
3.20000000 3.70000000 -3.41190000E+001
3.20000000 3.80000000 -3.26000000E+001
3.20000000 3.90000000 -3.12130000E+001
3.20000000 4.00000000 -2.99520000E+001
3.20000000 4.10000000 -2.88110000E+001
3.20000000 4.20000000 -2.77840000E+001
3.20000000 4.30000000 -2.68650000E+001
3.20000000 4.40000000 -2.60480000E+001
3.20000000 4.50000000 -2.53270000E+001
3.20000000 4.60000000 -2.46960000E+001
3.20000000 4.70000000 -2.41490000E+001
3.20000000 4.80000000 -2.36800000E+001
3.20000000 4.90000000 -2.32830000E+001
3.20000000 5.00000000 -2.29520000E+001
3.20000000 5.10000000 -2.26810000E+001
3.20000000 5.20000000 -2.24640000E+001
3.20000000 5.30000000 -2.22950000E+001
3.20000000 5.40000000 -2.21680000E+001
3.20000000 5.50000000 -2.20770000E+001
3.20000000 5.60000000 -2.20160000E+001
3.20000000 5.70000000 -2.19790000E+001
3.20000000 5.80000000 -2.19600000E+001
3.20000000 5.90000000 -2.19530000E+001
3.20000000 6.00000000 -2.19520000E+001
3.20000000 6.10000000 -2.19510000E+001
3.20000000 6.20000000 -2.19440000E+001
3.20000000 6.30000000 -2.19250000E+001
3.20000000 6.40000000 -2.18880000E+001
3.20000000 6.50000000 -2.18270000E+001
3.20000000 6.60000000 -2.17360000E+001
3.20000000 6.70000000 -2.16090000E+001
3.20000000 6.80000000 -2.14400000E+001
3.20000000 6.90000000 -2.12230000E+001
3.20000000 7.00000000 -2.09520000E+001
3.20000000 7.10000000 -2.06210000E+001
3.20000000 7.20000000 -2.02240000E+001
3.20000000 7.30000000 -1.97550000E+001
3.20000000 7.40000000 -1.92080000E+001
3.20000000 7.50000000 -1.85770000E+001
3.20000000 7.60000000 -1.78560000E+001
3.20000000 7.70000000 -1.70390000E+001
3.20000000 7.80000000 -1.61200000E+001
3.20000000 7.90000000 -1.50930000E+001
3.20000000 8.00000000 -1.39520000E+001
3.20000000 8.10000000 -1.26910000E+001
3.20000000 8.20000000 -1.13040000E+001
3.20000000 8.30000000 -9.78500000E+000
3.20000000 8.40000000 -8.12800000E+000
3.20000000 8.50000000 -6.32700000E+000
3.20000000 8.60000000 -4.37600000E+000
3.20000000 8.70000000 -2.26900000E+000
3.20000000 8.80000000 2.38697950E-015
3.20000000 8.90000000 2.43700000E+000
3.20000000 9.00000000 5.04800000E+000
3.20000000 9.10000000 7.83900000E+000
3.20000000 9.20000000 1.08160000E+001
3.20000000 9.30000000 1.39850000E+001
3.20000000 9.40000000 1.73520000E+001
3.20000000 9.50000000 2.09230000E+001
3.20000000 9.60000000 2.47040000E+001
3.20000000 9.70000000 2.87010000E+001
3.20000000 9.80000000 3.29200000E+001
3.20000000 9.90000000 3.73670000E+001
3.20000000 10.00000000 4.20480000E+001
3.20000000 10.10000000 4.69690000E+001
3.20000000 10.20000000 5.21360000E+001
3.20000000 10.30000000 5.75550000E+001
3.20000000 10.40000000 6.32320000E+001
3.20000000 10.50000000 6.91730000E+001
3.20000000 10.60000000 7.53840000E+001
3.20000000 10.70000000 8.18710000E+001
3.20000000 10.80000000 8.86400000E+001
3.20000000 10.90000000 9.56970000E+001
3.20000000 11.00000000 1.03048000E+002
3.30000000 1.00000000 -1.44683000E+002
3.30000000 1.10000000 -1.37332000E+002
3.30000000 1.20000000 -1.30275000E+002
3.30000000 1.30000000 -1.23506000E+002
3.30000000 1.40000000 -1.17019000E+002
3.30000000 1.50000000 -1.10808000E+002
3.30000000 1.60000000 -1.04867000E+002
3.30000000 1.70000000 -9.91900000E+001
3.30000000 1.80000000 -9.37710000E+001
3.30000000 1.90000000 -8.86040000E+001
3.30000000 2.00000000 -8.36830000E+001
3.30000000 2.10000000 -7.90020000E+001
3.30000000 2.20000000 -7.45550000E+001
3.30000000 2.30000000 -7.03360000E+001
3.30000000 2.40000000 -6.63390000E+001
3.30000000 2.50000000 -6.25580000E+001
3.30000000 2.60000000 -5.89870000E+001
3.30000000 2.70000000 -5.56200000E+001
3.30000000 2.80000000 -5.24510000E+001
3.30000000 2.90000000 -4.94740000E+001
3.30000000 3.00000000 -4.66830000E+001
3.30000000 3.10000000 -4.40720000E+001
3.30000000 3.20000000 -4.16350000E+001
3.30000000 3.30000000 -3.93660000E+001
3.30000000 3.40000000 -3.72590000E+001
3.30000000 3.50000000 -3.53080000E+001
3.30000000 3.60000000 -3.35070000E+001
3.30000000 3.70000000 -3.18500000E+001
3.30000000 3.80000000 -3.03310000E+001
3.30000000 3.90000000 -2.89440000E+001
3.30000000 4.00000000 -2.76830000E+001
3.30000000 4.10000000 -2.65420000E+001
3.30000000 4.20000000 -2.55150000E+001
3.30000000 4.30000000 -2.45960000E+001
3.30000000 4.40000000 -2.37790000E+001
3.30000000 4.50000000 -2.30580000E+001
3.30000000 4.60000000 -2.24270000E+001
3.30000000 4.70000000 -2.18800000E+001
3.30000000 4.80000000 -2.14110000E+001
3.30000000 4.90000000 -2.10140000E+001
3.30000000 5.00000000 -2.06830000E+001
3.30000000 5.10000000 -2.04120000E+001
3.30000000 5.20000000 -2.01950000E+001
3.30000000 5.30000000 -2.00260000E+001
3.30000000 5.40000000 -1.98990000E+001
3.30000000 5.50000000 -1.98080000E+001
3.30000000 5.60000000 -1.97470000E+001
3.30000000 5.70000000 -1.97100000E+001
3.30000000 5.80000000 -1.96910000E+001
3.30000000 5.90000000 -1.96840000E+001
3.30000000 6.00000000 -1.96830000E+001
3.30000000 6.10000000 -1.96820000E+001
3.30000000 6.20000000 -1.96750000E+001
3.30000000 6.30000000 -1.96560000E+001
3.30000000 6.40000000 -1.96190000E+001
3.30000000 6.50000000 -1.95580000E+001
3.30000000 6.60000000 -1.94670000E+001
3.30000000 6.70000000 -1.93400000E+001
3.30000000 6.80000000 -1.91710000E+001
3.30000000 6.90000000 -1.89540000E+001
3.30000000 7.00000000 -1.86830000E+001
3.30000000 7.10000000 -1.83520000E+001
3.30000000 7.20000000 -1.79550000E+001
3.30000000 7.30000000 -1.74860000E+001
3.30000000 7.40000000 -1.69390000E+001
3.30000000 7.50000000 -1.63080000E+001
3.30000000 7.60000000 -1.55870000E+001
3.30000000 7.70000000 -1.47700000E+001
3.30000000 7.80000000 -1.38510000E+001
3.30000000 7.90000000 -1.28240000E+001
3.30000000 8.00000000 -1.16830000E+001
3.30000000 8.10000000 -1.04220000E+001
3.30000000 8.20000000 -9.03500000E+000
3.30000000 8.30000000 -7.51600000E+000
3.30000000 8.40000000 -5.85900000E+000
3.30000000 8.50000000 -4.05800000E+000
3.30000000 8.60000000 -2.10700000E+000
3.30000000 8.70000000 -3.60822483E-015
3.30000000 8.80000000 2.26900000E+000
3.30000000 8.90000000 4.70600000E+000
3.30000000 9.00000000 7.31700000E+000
3.30000000 9.10000000 1.01080000E+001
3.30000000 9.20000000 1.30850000E+001
3.30000000 9.30000000 1.62540000E+001
3.30000000 9.40000000 1.96210000E+001
3.30000000 9.50000000 2.31920000E+001
3.30000000 9.60000000 2.69730000E+001
3.30000000 9.70000000 3.09700000E+001
3.30000000 9.80000000 3.51890000E+001
3.30000000 9.90000000 3.96360000E+001
3.30000000 10.00000000 4.43170000E+001
3.30000000 10.10000000 4.92380000E+001
3.30000000 10.20000000 5.44050000E+001
3.30000000 10.30000000 5.98240000E+001
3.30000000 10.40000000 6.55010000E+001
3.30000000 10.50000000 7.14420000E+001
3.30000000 10.60000000 7.76530000E+001
3.30000000 10.70000000 8.41400000E+001
3.30000000 10.80000000 9.09090000E+001
3.30000000 10.90000000 9.79660000E+001
3.30000000 11.00000000 1.05317000E+002
3.40000000 1.00000000 -1.42576000E+002
3.40000000 1.10000000 -1.35225000E+002
3.40000000 1.20000000 -1.28168000E+002
3.40000000 1.30000000 -1.21399000E+002
3.40000000 1.40000000 -1.14912000E+002
3.40000000 1.50000000 -1.08701000E+002
3.40000000 1.60000000 -1.02760000E+002
3.40000000 1.70000000 -9.70830000E+001
3.40000000 1.80000000 -9.16640000E+001
3.40000000 1.90000000 -8.64970000E+001
3.40000000 2.00000000 -8.15760000E+001
3.40000000 2.10000000 -7.68950000E+001
3.40000000 2.20000000 -7.24480000E+001
3.40000000 2.30000000 -6.82290000E+001
3.40000000 2.40000000 -6.42320000E+001
3.40000000 2.50000000 -6.04510000E+001
3.40000000 2.60000000 -5.68800000E+001
3.40000000 2.70000000 -5.35130000E+001
3.40000000 2.80000000 -5.03440000E+001
3.40000000 2.90000000 -4.73670000E+001
3.40000000 3.00000000 -4.45760000E+001
3.40000000 3.10000000 -4.19650000E+001
3.40000000 3.20000000 -3.95280000E+001
3.40000000 3.30000000 -3.72590000E+001
3.40000000 3.40000000 -3.51520000E+001
3.40000000 3.50000000 -3.32010000E+001
3.40000000 3.60000000 -3.14000000E+001
3.40000000 3.70000000 -2.97430000E+001
3.40000000 3.80000000 -2.82240000E+001
3.40000000 3.90000000 -2.68370000E+001
3.40000000 4.00000000 -2.55760000E+001
3.40000000 4.10000000 -2.44350000E+001
3.40000000 4.20000000 -2.34080000E+001
3.40000000 4.30000000 -2.24890000E+001
3.40000000 4.40000000 -2.16720000E+001
3.40000000 4.50000000 -2.09510000E+001
3.40000000 4.60000000 -2.03200000E+001
3.40000000 4.70000000 -1.97730000E+001
3.40000000 4.80000000 -1.93040000E+001
3.40000000 4.90000000 -1.89070000E+001
3.40000000 5.00000000 -1.85760000E+001
3.40000000 5.10000000 -1.83050000E+001
3.40000000 5.20000000 -1.80880000E+001
3.40000000 5.30000000 -1.79190000E+001
3.40000000 5.40000000 -1.77920000E+001
3.40000000 5.50000000 -1.77010000E+001
3.40000000 5.60000000 -1.76400000E+001
3.40000000 5.70000000 -1.76030000E+001
3.40000000 5.80000000 -1.75840000E+001
3.40000000 5.90000000 -1.75770000E+001
3.40000000 6.00000000 -1.75760000E+001
3.40000000 6.10000000 -1.75750000E+001
3.40000000 6.20000000 -1.75680000E+001
3.40000000 6.30000000 -1.75490000E+001
3.40000000 6.40000000 -1.75120000E+001
3.40000000 6.50000000 -1.74510000E+001
3.40000000 6.60000000 -1.73600000E+001
3.40000000 6.70000000 -1.72330000E+001
3.40000000 6.80000000 -1.70640000E+001
3.40000000 6.90000000 -1.68470000E+001
3.40000000 7.00000000 -1.65760000E+001
3.40000000 7.10000000 -1.62450000E+001
3.40000000 7.20000000 -1.58480000E+001
3.40000000 7.30000000 -1.53790000E+001
3.40000000 7.40000000 -1.48320000E+001
3.40000000 7.50000000 -1.42010000E+001
3.40000000 7.60000000 -1.34800000E+001
3.40000000 7.70000000 -1.26630000E+001
3.40000000 7.80000000 -1.17440000E+001
3.40000000 7.90000000 -1.07170000E+001
3.40000000 8.00000000 -9.57600000E+000
3.40000000 8.10000000 -8.31500000E+000
3.40000000 8.20000000 -6.92800000E+000
3.40000000 8.30000000 -5.40900000E+000
3.40000000 8.40000000 -3.75200000E+000
3.40000000 8.50000000 -1.95100000E+000
3.40000000 8.60000000 2.16493490E-015
3.40000000 8.70000000 2.10700000E+000
3.40000000 8.80000000 4.37600000E+000
3.40000000 8.90000000 6.81300000E+000
3.40000000 9.00000000 9.42400000E+000
3.40000000 9.10000000 1.22150000E+001
3.40000000 9.20000000 1.51920000E+001
3.40000000 9.30000000 1.83610000E+001
3.40000000 9.40000000 2.17280000E+001
3.40000000 9.50000000 2.52990000E+001
3.40000000 9.60000000 2.90800000E+001
3.40000000 9.70000000 3.30770000E+001
3.40000000 9.80000000 3.72960000E+001
3.40000000 9.90000000 4.17430000E+001
3.40000000 10.00000000 4.64240000E+001
3.40000000 10.10000000 5.13450000E+001
3.40000000 10.20000000 5.65120000E+001
3.40000000 10.30000000 6.19310000E+001
3.40000000 10.40000000 6.76080000E+001
3.40000000 10.50000000 7.35490000E+001
3.40000000 10.60000000 7.97600000E+001
3.40000000 10.70000000 8.62470000E+001
3.40000000 10.80000000 9.30160000E+001
3.40000000 10.90000000 1.00073000E+002
3.40000000 11.00000000 1.07424000E+002
3.50000000 1.00000000 -1.40625000E+002
3.50000000 1.10000000 -1.33274000E+002
3.50000000 1.20000000 -1.26217000E+002
3.50000000 1.30000000 -1.19448000E+002
3.50000000 1.40000000 -1.12961000E+002
3.50000000 1.50000000 -1.06750000E+002
3.50000000 1.60000000 -1.00809000E+002
3.50000000 1.70000000 -9.51320000E+001
3.50000000 1.80000000 -8.97130000E+001
3.50000000 1.90000000 -8.45460000E+001
3.50000000 2.00000000 -7.96250000E+001
3.50000000 2.10000000 -7.49440000E+001
3.50000000 2.20000000 -7.04970000E+001
3.50000000 2.30000000 -6.62780000E+001
3.50000000 2.40000000 -6.22810000E+001
3.50000000 2.50000000 -5.85000000E+001
3.50000000 2.60000000 -5.49290000E+001
3.50000000 2.70000000 -5.15620000E+001
3.50000000 2.80000000 -4.83930000E+001
3.50000000 2.90000000 -4.54160000E+001
3.50000000 3.00000000 -4.26250000E+001
3.50000000 3.10000000 -4.00140000E+001
3.50000000 3.20000000 -3.75770000E+001
3.50000000 3.30000000 -3.53080000E+001
3.50000000 3.40000000 -3.32010000E+001
3.50000000 3.50000000 -3.12500000E+001
3.50000000 3.60000000 -2.94490000E+001
3.50000000 3.70000000 -2.77920000E+001
3.50000000 3.80000000 -2.62730000E+001
3.50000000 3.90000000 -2.48860000E+001
3.50000000 4.00000000 -2.36250000E+001
3.50000000 4.10000000 -2.24840000E+001
3.50000000 4.20000000 -2.14570000E+001
3.50000000 4.30000000 -2.05380000E+001
3.50000000 4.40000000 -1.97210000E+001
3.50000000 4.50000000 -1.90000000E+001
3.50000000 4.60000000 -1.83690000E+001
3.50000000 4.70000000 -1.78220000E+001
3.50000000 4.80000000 -1.73530000E+001
3.50000000 4.90000000 -1.69560000E+001
3.50000000 5.00000000 -1.66250000E+001
3.50000000 5.10000000 -1.63540000E+001
3.50000000 5.20000000 -1.61370000E+001
3.50000000 5.30000000 -1.59680000E+001
3.50000000 5.40000000 -1.58410000E+001
3.50000000 5.50000000 -1.57500000E+001
3.50000000 5.60000000 -1.56890000E+001
3.50000000 5.70000000 -1.56520000E+001
3.50000000 5.80000000 -1.56330000E+001
3.50000000 5.90000000 -1.56260000E+001
3.50000000 6.00000000 -1.56250000E+001
3.50000000 6.10000000 -1.56240000E+001
3.50000000 6.20000000 -1.56170000E+001
3.50000000 6.30000000 -1.55980000E+001
3.50000000 6.40000000 -1.55610000E+001
3.50000000 6.50000000 -1.55000000E+001
3.50000000 6.60000000 -1.54090000E+001
3.50000000 6.70000000 -1.52820000E+001
3.50000000 6.80000000 -1.51130000E+001
3.50000000 6.90000000 -1.48960000E+001
3.50000000 7.00000000 -1.46250000E+001
3.50000000 7.10000000 -1.42940000E+001
3.50000000 7.20000000 -1.38970000E+001
3.50000000 7.30000000 -1.34280000E+001
3.50000000 7.40000000 -1.28810000E+001
3.50000000 7.50000000 -1.22500000E+001
3.50000000 7.60000000 -1.15290000E+001
3.50000000 7.70000000 -1.07120000E+001
3.50000000 7.80000000 -9.79300000E+000
3.50000000 7.90000000 -8.76600000E+000
3.50000000 8.00000000 -7.62500000E+000
3.50000000 8.10000000 -6.36400000E+000
3.50000000 8.20000000 -4.97700000E+000
3.50000000 8.30000000 -3.45800000E+000
3.50000000 8.40000000 -1.80100000E+000
3.50000000 8.50000000 2.16493490E-015
3.50000000 8.60000000 1.95100000E+000
3.50000000 8.70000000 4.05800000E+000
3.50000000 8.80000000 6.32700000E+000
3.50000000 8.90000000 8.76400000E+000
3.50000000 9.00000000 1.13750000E+001
3.50000000 9.10000000 1.41660000E+001
3.50000000 9.20000000 1.71430000E+001
3.50000000 9.30000000 2.03120000E+001
3.50000000 9.40000000 2.36790000E+001
3.50000000 9.50000000 2.72500000E+001
3.50000000 9.60000000 3.10310000E+001
3.50000000 9.70000000 3.50280000E+001
3.50000000 9.80000000 3.92470000E+001
3.50000000 9.90000000 4.36940000E+001
3.50000000 10.00000000 4.83750000E+001
3.50000000 10.10000000 5.32960000E+001
3.50000000 10.20000000 5.84630000E+001
3.50000000 10.30000000 6.38820000E+001
3.50000000 10.40000000 6.95590000E+001
3.50000000 10.50000000 7.55000000E+001
3.50000000 10.60000000 8.17110000E+001
3.50000000 10.70000000 8.81980000E+001
3.50000000 10.80000000 9.49670000E+001
3.50000000 10.90000000 1.02024000E+002
3.50000000 11.00000000 1.09375000E+002
3.60000000 1.00000000 -1.38824000E+002
3.60000000 1.10000000 -1.31473000E+002
3.60000000 1.20000000 -1.24416000E+002
3.60000000 1.30000000 -1.17647000E+002
3.60000000 1.40000000 -1.11160000E+002
3.60000000 1.50000000 -1.04949000E+002
3.60000000 1.60000000 -9.90080000E+001
3.60000000 1.70000000 -9.33310000E+001
3.60000000 1.80000000 -8.79120000E+001
3.60000000 1.90000000 -8.27450000E+001
3.60000000 2.00000000 -7.78240000E+001
3.60000000 2.10000000 -7.31430000E+001
3.60000000 2.20000000 -6.86960000E+001
3.60000000 2.30000000 -6.44770000E+001
3.60000000 2.40000000 -6.04800000E+001
3.60000000 2.50000000 -5.66990000E+001
3.60000000 2.60000000 -5.31280000E+001
3.60000000 2.70000000 -4.97610000E+001
3.60000000 2.80000000 -4.65920000E+001
3.60000000 2.90000000 -4.36150000E+001
3.60000000 3.00000000 -4.08240000E+001
3.60000000 3.10000000 -3.82130000E+001
3.60000000 3.20000000 -3.57760000E+001
3.60000000 3.30000000 -3.35070000E+001
3.60000000 3.40000000 -3.14000000E+001
3.60000000 3.50000000 -2.94490000E+001
3.60000000 3.60000000 -2.76480000E+001
3.60000000 3.70000000 -2.59910000E+001
3.60000000 3.80000000 -2.44720000E+001
3.60000000 3.90000000 -2.30850000E+001
3.60000000 4.00000000 -2.18240000E+001
3.60000000 4.10000000 -2.06830000E+001
3.60000000 4.20000000 -1.96560000E+001
3.60000000 4.30000000 -1.87370000E+001
3.60000000 4.40000000 -1.79200000E+001
3.60000000 4.50000000 -1.71990000E+001
3.60000000 4.60000000 -1.65680000E+001
3.60000000 4.70000000 -1.60210000E+001
3.60000000 4.80000000 -1.55520000E+001
3.60000000 4.90000000 -1.51550000E+001
3.60000000 5.00000000 -1.48240000E+001
3.60000000 5.10000000 -1.45530000E+001
3.60000000 5.20000000 -1.43360000E+001
3.60000000 5.30000000 -1.41670000E+001
3.60000000 5.40000000 -1.40400000E+001
3.60000000 5.50000000 -1.39490000E+001
3.60000000 5.60000000 -1.38880000E+001
3.60000000 5.70000000 -1.38510000E+001
3.60000000 5.80000000 -1.38320000E+001
3.60000000 5.90000000 -1.38250000E+001
3.60000000 6.00000000 -1.38240000E+001
3.60000000 6.10000000 -1.38230000E+001
3.60000000 6.20000000 -1.38160000E+001
3.60000000 6.30000000 -1.37970000E+001
3.60000000 6.40000000 -1.37600000E+001
3.60000000 6.50000000 -1.36990000E+001
3.60000000 6.60000000 -1.36080000E+001
3.60000000 6.70000000 -1.34810000E+001
3.60000000 6.80000000 -1.33120000E+001
3.60000000 6.90000000 -1.30950000E+001
3.60000000 7.00000000 -1.28240000E+001
3.60000000 7.10000000 -1.24930000E+001
3.60000000 7.20000000 -1.20960000E+001
3.60000000 7.30000000 -1.16270000E+001
3.60000000 7.40000000 -1.10800000E+001
3.60000000 7.50000000 -1.04490000E+001
3.60000000 7.60000000 -9.72800000E+000
3.60000000 7.70000000 -8.91100000E+000
3.60000000 7.80000000 -7.99200000E+000
3.60000000 7.90000000 -6.96500000E+000
3.60000000 8.00000000 -5.82400000E+000
3.60000000 8.10000000 -4.56300000E+000
3.60000000 8.20000000 -3.17600000E+000
3.60000000 8.30000000 -1.65700000E+000
3.60000000 8.40000000 7.77156117E-016
3.60000000 8.50000000 1.80100000E+000
3.60000000 8.60000000 3.75200000E+000
3.60000000 8.70000000 5.85900000E+000
3.60000000 8.80000000 8.12800000E+000
3.60000000 8.90000000 1.05650000E+001
3.60000000 9.00000000 1.31760000E+001
3.60000000 9.10000000 1.59670000E+001
3.60000000 9.20000000 1.89440000E+001
3.60000000 9.30000000 2.21130000E+001
3.60000000 9.40000000 2.54800000E+001
3.60000000 9.50000000 2.90510000E+001
3.60000000 9.60000000 3.28320000E+001
3.60000000 9.70000000 3.68290000E+001
3.60000000 9.80000000 4.10480000E+001
3.60000000 9.90000000 4.54950000E+001
3.60000000 10.00000000 5.01760000E+001
3.60000000 10.10000000 5.50970000E+001
3.60000000 10.20000000 6.02640000E+001
3.60000000 10.30000000 6.56830000E+001
3.60000000 10.40000000 7.13600000E+001
3.60000000 10.50000000 7.73010000E+001
3.60000000 10.60000000 8.35120000E+001
3.60000000 10.70000000 8.99990000E+001
3.60000000 10.80000000 9.67680000E+001
3.60000000 10.90000000 1.03825000E+002
3.60000000 11.00000000 1.11176000E+002
3.70000000 1.00000000 -1.37167000E+002
3.70000000 1.10000000 -1.29816000E+002
3.70000000 1.20000000 -1.22759000E+002
3.70000000 1.30000000 -1.15990000E+002
3.70000000 1.40000000 -1.09503000E+002
3.70000000 1.50000000 -1.03292000E+002
3.70000000 1.60000000 -9.73510000E+001
3.70000000 1.70000000 -9.16740000E+001
3.70000000 1.80000000 -8.62550000E+001
3.70000000 1.90000000 -8.10880000E+001
3.70000000 2.00000000 -7.61670000E+001
3.70000000 2.10000000 -7.14860000E+001
3.70000000 2.20000000 -6.70390000E+001
3.70000000 2.30000000 -6.28200000E+001
3.70000000 2.40000000 -5.88230000E+001
3.70000000 2.50000000 -5.50420000E+001
3.70000000 2.60000000 -5.14710000E+001
3.70000000 2.70000000 -4.81040000E+001
3.70000000 2.80000000 -4.49350000E+001
3.70000000 2.90000000 -4.19580000E+001
3.70000000 3.00000000 -3.91670000E+001
3.70000000 3.10000000 -3.65560000E+001
3.70000000 3.20000000 -3.41190000E+001
3.70000000 3.30000000 -3.18500000E+001
3.70000000 3.40000000 -2.97430000E+001
3.70000000 3.50000000 -2.77920000E+001
3.70000000 3.60000000 -2.59910000E+001
3.70000000 3.70000000 -2.43340000E+001
3.70000000 3.80000000 -2.28150000E+001
3.70000000 3.90000000 -2.14280000E+001
3.70000000 4.00000000 -2.01670000E+001
3.70000000 4.10000000 -1.90260000E+001
3.70000000 4.20000000 -1.79990000E+001
3.70000000 4.30000000 -1.70800000E+001
3.70000000 4.40000000 -1.62630000E+001
3.70000000 4.50000000 -1.55420000E+001
3.70000000 4.60000000 -1.49110000E+001
3.70000000 4.70000000 -1.43640000E+001
3.70000000 4.80000000 -1.38950000E+001
3.70000000 4.90000000 -1.34980000E+001
3.70000000 5.00000000 -1.31670000E+001
3.70000000 5.10000000 -1.28960000E+001
3.70000000 5.20000000 -1.26790000E+001
3.70000000 5.30000000 -1.25100000E+001
3.70000000 5.40000000 -1.23830000E+001
3.70000000 5.50000000 -1.22920000E+001
3.70000000 5.60000000 -1.22310000E+001
3.70000000 5.70000000 -1.21940000E+001
3.70000000 5.80000000 -1.21750000E+001
3.70000000 5.90000000 -1.21680000E+001
3.70000000 6.00000000 -1.21670000E+001
3.70000000 6.10000000 -1.21660000E+001
3.70000000 6.20000000 -1.21590000E+001
3.70000000 6.30000000 -1.21400000E+001
3.70000000 6.40000000 -1.21030000E+001
3.70000000 6.50000000 -1.20420000E+001
3.70000000 6.60000000 -1.19510000E+001
3.70000000 6.70000000 -1.18240000E+001
3.70000000 6.80000000 -1.16550000E+001
3.70000000 6.90000000 -1.14380000E+001
3.70000000 7.00000000 -1.11670000E+001
3.70000000 7.10000000 -1.08360000E+001
3.70000000 7.20000000 -1.04390000E+001
3.70000000 7.30000000 -9.97000000E+000
3.70000000 7.40000000 -9.42300000E+000
3.70000000 7.50000000 -8.79200000E+000
3.70000000 7.60000000 -8.07100000E+000
3.70000000 7.70000000 -7.25400000E+000
3.70000000 7.80000000 -6.33500000E+000
3.70000000 7.90000000 -5.30800000E+000
3.70000000 8.00000000 -4.16700000E+000
3.70000000 8.10000000 -2.90600000E+000
3.70000000 8.20000000 -1.51900000E+000
3.70000000 8.30000000 6.10622664E-016
3.70000000 8.40000000 1.65700000E+000
3.70000000 8.50000000 3.45800000E+000
3.70000000 8.60000000 5.40900000E+000
3.70000000 8.70000000 7.51600000E+000
3.70000000 8.80000000 9.78500000E+000
3.70000000 8.90000000 1.22220000E+001
3.70000000 9.00000000 1.48330000E+001
3.70000000 9.10000000 1.76240000E+001
3.70000000 9.20000000 2.06010000E+001
3.70000000 9.30000000 2.37700000E+001
3.70000000 9.40000000 2.71370000E+001
3.70000000 9.50000000 3.07080000E+001
3.70000000 9.60000000 3.44890000E+001
3.70000000 9.70000000 3.84860000E+001
3.70000000 9.80000000 4.27050000E+001
3.70000000 9.90000000 4.71520000E+001
3.70000000 10.00000000 5.18330000E+001
3.70000000 10.10000000 5.67540000E+001
3.70000000 10.20000000 6.19210000E+001
3.70000000 10.30000000 6.73400000E+001
3.70000000 10.40000000 7.30170000E+001
3.70000000 10.50000000 7.89580000E+001
3.70000000 10.60000000 8.51690000E+001
3.70000000 10.70000000 9.16560000E+001
3.70000000 10.80000000 9.84250000E+001
3.70000000 10.90000000 1.05482000E+002
3.70000000 11.00000000 1.12833000E+002
3.80000000 1.00000000 -1.35648000E+002
3.80000000 1.10000000 -1.28297000E+002
3.80000000 1.20000000 -1.21240000E+002
3.80000000 1.30000000 -1.14471000E+002
3.80000000 1.40000000 -1.07984000E+002
3.80000000 1.50000000 -1.01773000E+002
3.80000000 1.60000000 -9.58320000E+001
3.80000000 1.70000000 -9.01550000E+001
3.80000000 1.80000000 -8.47360000E+001
3.80000000 1.90000000 -7.95690000E+001
3.80000000 2.00000000 -7.46480000E+001
3.80000000 2.10000000 -6.99670000E+001
3.80000000 2.20000000 -6.55200000E+001
3.80000000 2.30000000 -6.13010000E+001
3.80000000 2.40000000 -5.73040000E+001
3.80000000 2.50000000 -5.35230000E+001
3.80000000 2.60000000 -4.99520000E+001
3.80000000 2.70000000 -4.65850000E+001
3.80000000 2.80000000 -4.34160000E+001
3.80000000 2.90000000 -4.04390000E+001
3.80000000 3.00000000 -3.76480000E+001
3.80000000 3.10000000 -3.50370000E+001
3.80000000 3.20000000 -3.26000000E+001
3.80000000 3.30000000 -3.03310000E+001
3.80000000 3.40000000 -2.82240000E+001
3.80000000 3.50000000 -2.62730000E+001
3.80000000 3.60000000 -2.44720000E+001
3.80000000 3.70000000 -2.28150000E+001
3.80000000 3.80000000 -2.12960000E+001
3.80000000 3.90000000 -1.99090000E+001
3.80000000 4.00000000 -1.86480000E+001
3.80000000 4.10000000 -1.75070000E+001
3.80000000 4.20000000 -1.64800000E+001
3.80000000 4.30000000 -1.55610000E+001
3.80000000 4.40000000 -1.47440000E+001
3.80000000 4.50000000 -1.40230000E+001
3.80000000 4.60000000 -1.33920000E+001
3.80000000 4.70000000 -1.28450000E+001
3.80000000 4.80000000 -1.23760000E+001
3.80000000 4.90000000 -1.19790000E+001
3.80000000 5.00000000 -1.16480000E+001
3.80000000 5.10000000 -1.13770000E+001
3.80000000 5.20000000 -1.11600000E+001
3.80000000 5.30000000 -1.09910000E+001
3.80000000 5.40000000 -1.08640000E+001
3.80000000 5.50000000 -1.07730000E+001
3.80000000 5.60000000 -1.07120000E+001
3.80000000 5.70000000 -1.06750000E+001
3.80000000 5.80000000 -1.06560000E+001
3.80000000 5.90000000 -1.06490000E+001
3.80000000 6.00000000 -1.06480000E+001
3.80000000 6.10000000 -1.06470000E+001
3.80000000 6.20000000 -1.06400000E+001
3.80000000 6.30000000 -1.06210000E+001
3.80000000 6.40000000 -1.05840000E+001
3.80000000 6.50000000 -1.05230000E+001
3.80000000 6.60000000 -1.04320000E+001
3.80000000 6.70000000 -1.03050000E+001
3.80000000 6.80000000 -1.01360000E+001
3.80000000 6.90000000 -9.91900000E+000
3.80000000 7.00000000 -9.64800000E+000
3.80000000 7.10000000 -9.31700000E+000
3.80000000 7.20000000 -8.92000000E+000
3.80000000 7.30000000 -8.45100000E+000
3.80000000 7.40000000 -7.90400000E+000
3.80000000 7.50000000 -7.27300000E+000
3.80000000 7.60000000 -6.55200000E+000
3.80000000 7.70000000 -5.73500000E+000
3.80000000 7.80000000 -4.81600000E+000
3.80000000 7.90000000 -3.78900000E+000
3.80000000 8.00000000 -2.64800000E+000
3.80000000 8.10000000 -1.38700000E+000
3.80000000 8.20000000 1.38777878E-015
3.80000000 8.30000000 1.51900000E+000
3.80000000 8.40000000 3.17600000E+000
3.80000000 8.50000000 4.97700000E+000
3.80000000 8.60000000 6.92800000E+000
3.80000000 8.70000000 9.03500000E+000
3.80000000 8.80000000 1.13040000E+001
3.80000000 8.90000000 1.37410000E+001
3.80000000 9.00000000 1.63520000E+001
3.80000000 9.10000000 1.91430000E+001
3.80000000 9.20000000 2.21200000E+001
3.80000000 9.30000000 2.52890000E+001
3.80000000 9.40000000 2.86560000E+001
3.80000000 9.50000000 3.22270000E+001
3.80000000 9.60000000 3.60080000E+001
3.80000000 9.70000000 4.00050000E+001
3.80000000 9.80000000 4.42240000E+001
3.80000000 9.90000000 4.86710000E+001
3.80000000 10.00000000 5.33520000E+001
3.80000000 10.10000000 5.82730000E+001
3.80000000 10.20000000 6.34400000E+001
3.80000000 10.30000000 6.88590000E+001
3.80000000 10.40000000 7.45360000E+001
3.80000000 10.50000000 8.04770000E+001
3.80000000 10.60000000 8.66880000E+001
3.80000000 10.70000000 9.31750000E+001
3.80000000 10.80000000 9.99440000E+001
3.80000000 10.90000000 1.07001000E+002
3.80000000 11.00000000 1.14352000E+002
3.90000000 1.00000000 -1.34261000E+002
3.90000000 1.10000000 -1.26910000E+002
3.90000000 1.20000000 -1.19853000E+002
3.90000000 1.30000000 -1.13084000E+002
3.90000000 1.40000000 -1.06597000E+002
3.90000000 1.50000000 -1.00386000E+002
3.90000000 1.60000000 -9.44450000E+001
3.90000000 1.70000000 -8.87680000E+001
3.90000000 1.80000000 -8.33490000E+001
3.90000000 1.90000000 -7.81820000E+001
3.90000000 2.00000000 -7.32610000E+001
3.90000000 2.10000000 -6.85800000E+001
3.90000000 2.20000000 -6.41330000E+001
3.90000000 2.30000000 -5.99140000E+001
3.90000000 2.40000000 -5.59170000E+001
3.90000000 2.50000000 -5.21360000E+001
3.90000000 2.60000000 -4.85650000E+001
3.90000000 2.70000000 -4.51980000E+001
3.90000000 2.80000000 -4.20290000E+001
3.90000000 2.90000000 -3.90520000E+001
3.90000000 3.00000000 -3.62610000E+001
3.90000000 3.10000000 -3.36500000E+001
3.90000000 3.20000000 -3.12130000E+001
3.90000000 3.30000000 -2.89440000E+001
3.90000000 3.40000000 -2.68370000E+001
3.90000000 3.50000000 -2.48860000E+001
3.90000000 3.60000000 -2.30850000E+001
3.90000000 3.70000000 -2.14280000E+001
3.90000000 3.80000000 -1.99090000E+001
3.90000000 3.90000000 -1.85220000E+001
3.90000000 4.00000000 -1.72610000E+001
3.90000000 4.10000000 -1.61200000E+001
3.90000000 4.20000000 -1.50930000E+001
3.90000000 4.30000000 -1.41740000E+001
3.90000000 4.40000000 -1.33570000E+001
3.90000000 4.50000000 -1.26360000E+001
3.90000000 4.60000000 -1.20050000E+001
3.90000000 4.70000000 -1.14580000E+001
3.90000000 4.80000000 -1.09890000E+001
3.90000000 4.90000000 -1.05920000E+001
3.90000000 5.00000000 -1.02610000E+001
3.90000000 5.10000000 -9.99000000E+000
3.90000000 5.20000000 -9.77300000E+000
3.90000000 5.30000000 -9.60400000E+000
3.90000000 5.40000000 -9.47700000E+000
3.90000000 5.50000000 -9.38600000E+000
3.90000000 5.60000000 -9.32500000E+000
3.90000000 5.70000000 -9.28800000E+000
3.90000000 5.80000000 -9.26900000E+000
3.90000000 5.90000000 -9.26200000E+000
3.90000000 6.00000000 -9.26100000E+000
3.90000000 6.10000000 -9.26000000E+000
3.90000000 6.20000000 -9.25300000E+000
3.90000000 6.30000000 -9.23400000E+000
3.90000000 6.40000000 -9.19700000E+000
3.90000000 6.50000000 -9.13600000E+000
3.90000000 6.60000000 -9.04500000E+000
3.90000000 6.70000000 -8.91800000E+000
3.90000000 6.80000000 -8.74900000E+000
3.90000000 6.90000000 -8.53200000E+000
3.90000000 7.00000000 -8.26100000E+000
3.90000000 7.10000000 -7.93000000E+000
3.90000000 7.20000000 -7.53300000E+000
3.90000000 7.30000000 -7.06400000E+000
3.90000000 7.40000000 -6.51700000E+000
3.90000000 7.50000000 -5.88600000E+000
3.90000000 7.60000000 -5.16500000E+000
3.90000000 7.70000000 -4.34800000E+000
3.90000000 7.80000000 -3.42900000E+000
3.90000000 7.90000000 -2.40200000E+000
3.90000000 8.00000000 -1.26100000E+000
3.90000000 8.10000000 -6.88338275E-015
3.90000000 8.20000000 1.38700000E+000
3.90000000 8.30000000 2.90600000E+000
3.90000000 8.40000000 4.56300000E+000
3.90000000 8.50000000 6.36400000E+000
3.90000000 8.60000000 8.31500000E+000
3.90000000 8.70000000 1.04220000E+001
3.90000000 8.80000000 1.26910000E+001
3.90000000 8.90000000 1.51280000E+001
3.90000000 9.00000000 1.77390000E+001
3.90000000 9.10000000 2.05300000E+001
3.90000000 9.20000000 2.35070000E+001
3.90000000 9.30000000 2.66760000E+001
3.90000000 9.40000000 3.00430000E+001
3.90000000 9.50000000 3.36140000E+001
3.90000000 9.60000000 3.73950000E+001
3.90000000 9.70000000 4.13920000E+001
3.90000000 9.80000000 4.56110000E+001
3.90000000 9.90000000 5.00580000E+001
3.90000000 10.00000000 5.47390000E+001
3.90000000 10.10000000 5.96600000E+001
3.90000000 10.20000000 6.48270000E+001
3.90000000 10.30000000 7.02460000E+001
3.90000000 10.40000000 7.59230000E+001
3.90000000 10.50000000 8.18640000E+001
3.90000000 10.60000000 8.80750000E+001
3.90000000 10.70000000 9.45620000E+001
3.90000000 10.80000000 1.01331000E+002
3.90000000 10.90000000 1.08388000E+002
3.90000000 11.00000000 1.15739000E+002
4.00000000 1.00000000 -1.33000000E+002
4.00000000 1.10000000 -1.25649000E+002
4.00000000 1.20000000 -1.18592000E+002
4.00000000 1.30000000 -1.11823000E+002
4.00000000 1.40000000 -1.05336000E+002
4.00000000 1.50000000 -9.91250000E+001
4.00000000 1.60000000 -9.31840000E+001
4.00000000 1.70000000 -8.75070000E+001
4.00000000 1.80000000 -8.20880000E+001
4.00000000 1.90000000 -7.69210000E+001
4.00000000 2.00000000 -7.20000000E+001
4.00000000 2.10000000 -6.73190000E+001
4.00000000 2.20000000 -6.28720000E+001
4.00000000 2.30000000 -5.86530000E+001
4.00000000 2.40000000 -5.46560000E+001
4.00000000 2.50000000 -5.08750000E+001
4.00000000 2.60000000 -4.73040000E+001
4.00000000 2.70000000 -4.39370000E+001
4.00000000 2.80000000 -4.07680000E+001
4.00000000 2.90000000 -3.77910000E+001
4.00000000 3.00000000 -3.50000000E+001
4.00000000 3.10000000 -3.23890000E+001
4.00000000 3.20000000 -2.99520000E+001
4.00000000 3.30000000 -2.76830000E+001
4.00000000 3.40000000 -2.55760000E+001
4.00000000 3.50000000 -2.36250000E+001
4.00000000 3.60000000 -2.18240000E+001
4.00000000 3.70000000 -2.01670000E+001
4.00000000 3.80000000 -1.86480000E+001
4.00000000 3.90000000 -1.72610000E+001
4.00000000 4.00000000 -1.60000000E+001
4.00000000 4.10000000 -1.48590000E+001
4.00000000 4.20000000 -1.38320000E+001
4.00000000 4.30000000 -1.29130000E+001
4.00000000 4.40000000 -1.20960000E+001
4.00000000 4.50000000 -1.13750000E+001
4.00000000 4.60000000 -1.07440000E+001
4.00000000 4.70000000 -1.01970000E+001
4.00000000 4.80000000 -9.72800000E+000
4.00000000 4.90000000 -9.33100000E+000
4.00000000 5.00000000 -9.00000000E+000
4.00000000 5.10000000 -8.72900000E+000
4.00000000 5.20000000 -8.51200000E+000
4.00000000 5.30000000 -8.34300000E+000
4.00000000 5.40000000 -8.21600000E+000
4.00000000 5.50000000 -8.12500000E+000
4.00000000 5.60000000 -8.06400000E+000
4.00000000 5.70000000 -8.02700000E+000
4.00000000 5.80000000 -8.00800000E+000
4.00000000 5.90000000 -8.00100000E+000
4.00000000 6.00000000 -8.00000000E+000
4.00000000 6.10000000 -7.99900000E+000
4.00000000 6.20000000 -7.99200000E+000
4.00000000 6.30000000 -7.97300000E+000
4.00000000 6.40000000 -7.93600000E+000
4.00000000 6.50000000 -7.87500000E+000
4.00000000 6.60000000 -7.78400000E+000
4.00000000 6.70000000 -7.65700000E+000
4.00000000 6.80000000 -7.48800000E+000
4.00000000 6.90000000 -7.27100000E+000
4.00000000 7.00000000 -7.00000000E+000
4.00000000 7.10000000 -6.66900000E+000
4.00000000 7.20000000 -6.27200000E+000
4.00000000 7.30000000 -5.80300000E+000
4.00000000 7.40000000 -5.25600000E+000
4.00000000 7.50000000 -4.62500000E+000
4.00000000 7.60000000 -3.90400000E+000
4.00000000 7.70000000 -3.08700000E+000
4.00000000 7.80000000 -2.16800000E+000
4.00000000 7.90000000 -1.14100000E+000
4.00000000 8.00000000 6.66133815E-015
4.00000000 8.10000000 1.26100000E+000
4.00000000 8.20000000 2.64800000E+000
4.00000000 8.30000000 4.16700000E+000
4.00000000 8.40000000 5.82400000E+000
4.00000000 8.50000000 7.62500000E+000
4.00000000 8.60000000 9.57600000E+000
4.00000000 8.70000000 1.16830000E+001
4.00000000 8.80000000 1.39520000E+001
4.00000000 8.90000000 1.63890000E+001
4.00000000 9.00000000 1.90000000E+001
4.00000000 9.10000000 2.17910000E+001
4.00000000 9.20000000 2.47680000E+001
4.00000000 9.30000000 2.79370000E+001
4.00000000 9.40000000 3.13040000E+001
4.00000000 9.50000000 3.48750000E+001
4.00000000 9.60000000 3.86560000E+001
4.00000000 9.70000000 4.26530000E+001
4.00000000 9.80000000 4.68720000E+001
4.00000000 9.90000000 5.13190000E+001
4.00000000 10.00000000 5.60000000E+001
4.00000000 10.10000000 6.09210000E+001
4.00000000 10.20000000 6.60880000E+001
4.00000000 10.30000000 7.15070000E+001
4.00000000 10.40000000 7.71840000E+001
4.00000000 10.50000000 8.31250000E+001
4.00000000 10.60000000 8.93360000E+001
4.00000000 10.70000000 9.58230000E+001
4.00000000 10.80000000 1.02592000E+002
4.00000000 10.90000000 1.09649000E+002
4.00000000 11.00000000 1.17000000E+002
4.10000000 1.00000000 -1.31859000E+002
4.10000000 1.10000000 -1.24508000E+002
4.10000000 1.20000000 -1.17451000E+002
4.10000000 1.30000000 -1.10682000E+002
4.10000000 1.40000000 -1.04195000E+002
4.10000000 1.50000000 -9.79840000E+001
4.10000000 1.60000000 -9.20430000E+001
4.10000000 1.70000000 -8.63660000E+001
4.10000000 1.80000000 -8.09470000E+001
4.10000000 1.90000000 -7.57800000E+001
4.10000000 2.00000000 -7.08590000E+001
4.10000000 2.10000000 -6.61780000E+001
4.10000000 2.20000000 -6.17310000E+001
4.10000000 2.30000000 -5.75120000E+001
4.10000000 2.40000000 -5.35150000E+001
4.10000000 2.50000000 -4.97340000E+001
4.10000000 2.60000000 -4.61630000E+001
4.10000000 2.70000000 -4.27960000E+001
4.10000000 2.80000000 -3.96270000E+001
4.10000000 2.90000000 -3.66500000E+001
4.10000000 3.00000000 -3.38590000E+001
4.10000000 3.10000000 -3.12480000E+001
4.10000000 3.20000000 -2.88110000E+001
4.10000000 3.30000000 -2.65420000E+001
4.10000000 3.40000000 -2.44350000E+001
4.10000000 3.50000000 -2.24840000E+001
4.10000000 3.60000000 -2.06830000E+001
4.10000000 3.70000000 -1.90260000E+001
4.10000000 3.80000000 -1.75070000E+001
4.10000000 3.90000000 -1.61200000E+001
4.10000000 4.00000000 -1.48590000E+001
4.10000000 4.10000000 -1.37180000E+001
4.10000000 4.20000000 -1.26910000E+001
4.10000000 4.30000000 -1.17720000E+001
4.10000000 4.40000000 -1.09550000E+001
4.10000000 4.50000000 -1.02340000E+001
4.10000000 4.60000000 -9.60300000E+000
4.10000000 4.70000000 -9.05600000E+000
4.10000000 4.80000000 -8.58700000E+000
4.10000000 4.90000000 -8.19000000E+000
4.10000000 5.00000000 -7.85900000E+000
4.10000000 5.10000000 -7.58800000E+000
4.10000000 5.20000000 -7.37100000E+000
4.10000000 5.30000000 -7.20200000E+000
4.10000000 5.40000000 -7.07500000E+000
4.10000000 5.50000000 -6.98400000E+000
4.10000000 5.60000000 -6.92300000E+000
4.10000000 5.70000000 -6.88600000E+000
4.10000000 5.80000000 -6.86700000E+000
4.10000000 5.90000000 -6.86000000E+000
4.10000000 6.00000000 -6.85900000E+000
4.10000000 6.10000000 -6.85800000E+000
4.10000000 6.20000000 -6.85100000E+000
4.10000000 6.30000000 -6.83200000E+000
4.10000000 6.40000000 -6.79500000E+000
4.10000000 6.50000000 -6.73400000E+000
4.10000000 6.60000000 -6.64300000E+000
4.10000000 6.70000000 -6.51600000E+000
4.10000000 6.80000000 -6.34700000E+000
4.10000000 6.90000000 -6.13000000E+000
4.10000000 7.00000000 -5.85900000E+000
4.10000000 7.10000000 -5.52800000E+000
4.10000000 7.20000000 -5.13100000E+000
4.10000000 7.30000000 -4.66200000E+000
4.10000000 7.40000000 -4.11500000E+000
4.10000000 7.50000000 -3.48400000E+000
4.10000000 7.60000000 -2.76300000E+000
4.10000000 7.70000000 -1.94600000E+000
4.10000000 7.80000000 -1.02700000E+000
4.10000000 7.90000000 4.66293670E-015
4.10000000 8.00000000 1.14100000E+000
4.10000000 8.10000000 2.40200000E+000
4.10000000 8.20000000 3.78900000E+000
4.10000000 8.30000000 5.30800000E+000
4.10000000 8.40000000 6.96500000E+000
4.10000000 8.50000000 8.76600000E+000
4.10000000 8.60000000 1.07170000E+001
4.10000000 8.70000000 1.28240000E+001
4.10000000 8.80000000 1.50930000E+001
4.10000000 8.90000000 1.75300000E+001
4.10000000 9.00000000 2.01410000E+001
4.10000000 9.10000000 2.29320000E+001
4.10000000 9.20000000 2.59090000E+001
4.10000000 9.30000000 2.90780000E+001
4.10000000 9.40000000 3.24450000E+001
4.10000000 9.50000000 3.60160000E+001
4.10000000 9.60000000 3.97970000E+001
4.10000000 9.70000000 4.37940000E+001
4.10000000 9.80000000 4.80130000E+001
4.10000000 9.90000000 5.24600000E+001
4.10000000 10.00000000 5.71410000E+001
4.10000000 10.10000000 6.20620000E+001
4.10000000 10.20000000 6.72290000E+001
4.10000000 10.30000000 7.26480000E+001
4.10000000 10.40000000 7.83250000E+001
4.10000000 10.50000000 8.42660000E+001
4.10000000 10.60000000 9.04770000E+001
4.10000000 10.70000000 9.69640000E+001
4.10000000 10.80000000 1.03733000E+002
4.10000000 10.90000000 1.10790000E+002
4.10000000 11.00000000 1.18141000E+002
4.20000000 1.00000000 -1.30832000E+002
4.20000000 1.10000000 -1.23481000E+002
4.20000000 1.20000000 -1.16424000E+002
4.20000000 1.30000000 -1.09655000E+002
4.20000000 1.40000000 -1.03168000E+002
4.20000000 1.50000000 -9.69570000E+001
4.20000000 1.60000000 -9.10160000E+001
4.20000000 1.70000000 -8.53390000E+001
4.20000000 1.80000000 -7.99200000E+001
4.20000000 1.90000000 -7.47530000E+001
4.20000000 2.00000000 -6.98320000E+001
4.20000000 2.10000000 -6.51510000E+001
4.20000000 2.20000000 -6.07040000E+001
4.20000000 2.30000000 -5.64850000E+001
4.20000000 2.40000000 -5.24880000E+001
4.20000000 2.50000000 -4.87070000E+001
4.20000000 2.60000000 -4.51360000E+001
4.20000000 2.70000000 -4.17690000E+001
4.20000000 2.80000000 -3.86000000E+001
4.20000000 2.90000000 -3.56230000E+001
4.20000000 3.00000000 -3.28320000E+001
4.20000000 3.10000000 -3.02210000E+001
4.20000000 3.20000000 -2.77840000E+001
4.20000000 3.30000000 -2.55150000E+001
4.20000000 3.40000000 -2.34080000E+001
4.20000000 3.50000000 -2.14570000E+001
4.20000000 3.60000000 -1.96560000E+001
4.20000000 3.70000000 -1.79990000E+001
4.20000000 3.80000000 -1.64800000E+001
4.20000000 3.90000000 -1.50930000E+001
4.20000000 4.00000000 -1.38320000E+001
4.20000000 4.10000000 -1.26910000E+001
4.20000000 4.20000000 -1.16640000E+001
4.20000000 4.30000000 -1.07450000E+001
4.20000000 4.40000000 -9.92800000E+000
4.20000000 4.50000000 -9.20700000E+000
4.20000000 4.60000000 -8.57600000E+000
4.20000000 4.70000000 -8.02900000E+000
4.20000000 4.80000000 -7.56000000E+000
4.20000000 4.90000000 -7.16300000E+000
4.20000000 5.00000000 -6.83200000E+000
4.20000000 5.10000000 -6.56100000E+000
4.20000000 5.20000000 -6.34400000E+000
4.20000000 5.30000000 -6.17500000E+000
4.20000000 5.40000000 -6.04800000E+000
4.20000000 5.50000000 -5.95700000E+000
4.20000000 5.60000000 -5.89600000E+000
4.20000000 5.70000000 -5.85900000E+000
4.20000000 5.80000000 -5.84000000E+000
4.20000000 5.90000000 -5.83300000E+000
4.20000000 6.00000000 -5.83200000E+000
4.20000000 6.10000000 -5.83100000E+000
4.20000000 6.20000000 -5.82400000E+000
4.20000000 6.30000000 -5.80500000E+000
4.20000000 6.40000000 -5.76800000E+000
4.20000000 6.50000000 -5.70700000E+000
4.20000000 6.60000000 -5.61600000E+000
4.20000000 6.70000000 -5.48900000E+000
4.20000000 6.80000000 -5.32000000E+000
4.20000000 6.90000000 -5.10300000E+000
4.20000000 7.00000000 -4.83200000E+000
4.20000000 7.10000000 -4.50100000E+000
4.20000000 7.20000000 -4.10400000E+000
4.20000000 7.30000000 -3.63500000E+000
4.20000000 7.40000000 -3.08800000E+000
4.20000000 7.50000000 -2.45700000E+000
4.20000000 7.60000000 -1.73600000E+000
4.20000000 7.70000000 -9.19000000E-001
4.20000000 7.80000000 5.49560397E-015
4.20000000 7.90000000 1.02700000E+000
4.20000000 8.00000000 2.16800000E+000
4.20000000 8.10000000 3.42900000E+000
4.20000000 8.20000000 4.81600000E+000
4.20000000 8.30000000 6.33500000E+000
4.20000000 8.40000000 7.99200000E+000
4.20000000 8.50000000 9.79300000E+000
4.20000000 8.60000000 1.17440000E+001
4.20000000 8.70000000 1.38510000E+001
4.20000000 8.80000000 1.61200000E+001
4.20000000 8.90000000 1.85570000E+001
4.20000000 9.00000000 2.11680000E+001
4.20000000 9.10000000 2.39590000E+001
4.20000000 9.20000000 2.69360000E+001
4.20000000 9.30000000 3.01050000E+001
4.20000000 9.40000000 3.34720000E+001
4.20000000 9.50000000 3.70430000E+001
4.20000000 9.60000000 4.08240000E+001
4.20000000 9.70000000 4.48210000E+001
4.20000000 9.80000000 4.90400000E+001
4.20000000 9.90000000 5.34870000E+001
4.20000000 10.00000000 5.81680000E+001
4.20000000 10.10000000 6.30890000E+001
4.20000000 10.20000000 6.82560000E+001
4.20000000 10.30000000 7.36750000E+001
4.20000000 10.40000000 7.93520000E+001
4.20000000 10.50000000 8.52930000E+001
4.20000000 10.60000000 9.15040000E+001
4.20000000 10.70000000 9.79910000E+001
4.20000000 10.80000000 1.04760000E+002
4.20000000 10.90000000 1.11817000E+002
4.20000000 11.00000000 1.19168000E+002
4.30000000 1.00000000 -1.29913000E+002
4.30000000 1.10000000 -1.22562000E+002
4.30000000 1.20000000 -1.15505000E+002
4.30000000 1.30000000 -1.08736000E+002
4.30000000 1.40000000 -1.02249000E+002
4.30000000 1.50000000 -9.60380000E+001
4.30000000 1.60000000 -9.00970000E+001
4.30000000 1.70000000 -8.44200000E+001
4.30000000 1.80000000 -7.90010000E+001
4.30000000 1.90000000 -7.38340000E+001
4.30000000 2.00000000 -6.89130000E+001
4.30000000 2.10000000 -6.42320000E+001
4.30000000 2.20000000 -5.97850000E+001
4.30000000 2.30000000 -5.55660000E+001
4.30000000 2.40000000 -5.15690000E+001
4.30000000 2.50000000 -4.77880000E+001
4.30000000 2.60000000 -4.42170000E+001
4.30000000 2.70000000 -4.08500000E+001
4.30000000 2.80000000 -3.76810000E+001
4.30000000 2.90000000 -3.47040000E+001
4.30000000 3.00000000 -3.19130000E+001
4.30000000 3.10000000 -2.93020000E+001
4.30000000 3.20000000 -2.68650000E+001
4.30000000 3.30000000 -2.45960000E+001
4.30000000 3.40000000 -2.24890000E+001
4.30000000 3.50000000 -2.05380000E+001
4.30000000 3.60000000 -1.87370000E+001
4.30000000 3.70000000 -1.70800000E+001
4.30000000 3.80000000 -1.55610000E+001
4.30000000 3.90000000 -1.41740000E+001
4.30000000 4.00000000 -1.29130000E+001
4.30000000 4.10000000 -1.17720000E+001
4.30000000 4.20000000 -1.07450000E+001
4.30000000 4.30000000 -9.82600000E+000
4.30000000 4.40000000 -9.00900000E+000
4.30000000 4.50000000 -8.28800000E+000
4.30000000 4.60000000 -7.65700000E+000
4.30000000 4.70000000 -7.11000000E+000
4.30000000 4.80000000 -6.64100000E+000
4.30000000 4.90000000 -6.24400000E+000
4.30000000 5.00000000 -5.91300000E+000
4.30000000 5.10000000 -5.64200000E+000
4.30000000 5.20000000 -5.42500000E+000
4.30000000 5.30000000 -5.25600000E+000
4.30000000 5.40000000 -5.12900000E+000
4.30000000 5.50000000 -5.03800000E+000
4.30000000 5.60000000 -4.97700000E+000
4.30000000 5.70000000 -4.94000000E+000
4.30000000 5.80000000 -4.92100000E+000
4.30000000 5.90000000 -4.91400000E+000
4.30000000 6.00000000 -4.91300000E+000
4.30000000 6.10000000 -4.91200000E+000
4.30000000 6.20000000 -4.90500000E+000
4.30000000 6.30000000 -4.88600000E+000
4.30000000 6.40000000 -4.84900000E+000
4.30000000 6.50000000 -4.78800000E+000
4.30000000 6.60000000 -4.69700000E+000
4.30000000 6.70000000 -4.57000000E+000
4.30000000 6.80000000 -4.40100000E+000
4.30000000 6.90000000 -4.18400000E+000
4.30000000 7.00000000 -3.91300000E+000
4.30000000 7.10000000 -3.58200000E+000
4.30000000 7.20000000 -3.18500000E+000
4.30000000 7.30000000 -2.71600000E+000
4.30000000 7.40000000 -2.16900000E+000
4.30000000 7.50000000 -1.53800000E+000
4.30000000 7.60000000 -8.17000000E-001
4.30000000 7.70000000 4.66293670E-015
4.30000000 7.80000000 9.19000000E-001
4.30000000 7.90000000 1.94600000E+000
4.30000000 8.00000000 3.08700000E+000
4.30000000 8.10000000 4.34800000E+000
4.30000000 8.20000000 5.73500000E+000
4.30000000 8.30000000 7.25400000E+000
4.30000000 8.40000000 8.91100000E+000
4.30000000 8.50000000 1.07120000E+001
4.30000000 8.60000000 1.26630000E+001
4.30000000 8.70000000 1.47700000E+001
4.30000000 8.80000000 1.70390000E+001
4.30000000 8.90000000 1.94760000E+001
4.30000000 9.00000000 2.20870000E+001
4.30000000 9.10000000 2.48780000E+001
4.30000000 9.20000000 2.78550000E+001
4.30000000 9.30000000 3.10240000E+001
4.30000000 9.40000000 3.43910000E+001
4.30000000 9.50000000 3.79620000E+001
4.30000000 9.60000000 4.17430000E+001
4.30000000 9.70000000 4.57400000E+001
4.30000000 9.80000000 4.99590000E+001
4.30000000 9.90000000 5.44060000E+001
4.30000000 10.00000000 5.90870000E+001
4.30000000 10.10000000 6.40080000E+001
4.30000000 10.20000000 6.91750000E+001
4.30000000 10.30000000 7.45940000E+001
4.30000000 10.40000000 8.02710000E+001
4.30000000 10.50000000 8.62120000E+001
4.30000000 10.60000000 9.24230000E+001
4.30000000 10.70000000 9.89100000E+001
4.30000000 10.80000000 1.05679000E+002
4.30000000 10.90000000 1.12736000E+002
4.30000000 11.00000000 1.20087000E+002
4.40000000 1.00000000 -1.29096000E+002
4.40000000 1.10000000 -1.21745000E+002
4.40000000 1.20000000 -1.14688000E+002
4.40000000 1.30000000 -1.07919000E+002
4.40000000 1.40000000 -1.01432000E+002
4.40000000 1.50000000 -9.52210000E+001
4.40000000 1.60000000 -8.92800000E+001
4.40000000 1.70000000 -8.36030000E+001
4.40000000 1.80000000 -7.81840000E+001
4.40000000 1.90000000 -7.30170000E+001
4.40000000 2.00000000 -6.80960000E+001
4.40000000 2.10000000 -6.34150000E+001
4.40000000 2.20000000 -5.89680000E+001
4.40000000 2.30000000 -5.47490000E+001
4.40000000 2.40000000 -5.07520000E+001
4.40000000 2.50000000 -4.69710000E+001
4.40000000 2.60000000 -4.34000000E+001
4.40000000 2.70000000 -4.00330000E+001
4.40000000 2.80000000 -3.68640000E+001
4.40000000 2.90000000 -3.38870000E+001
4.40000000 3.00000000 -3.10960000E+001
4.40000000 3.10000000 -2.84850000E+001
4.40000000 3.20000000 -2.60480000E+001
4.40000000 3.30000000 -2.37790000E+001
4.40000000 3.40000000 -2.16720000E+001
4.40000000 3.50000000 -1.97210000E+001
4.40000000 3.60000000 -1.79200000E+001
4.40000000 3.70000000 -1.62630000E+001
4.40000000 3.80000000 -1.47440000E+001
4.40000000 3.90000000 -1.33570000E+001
4.40000000 4.00000000 -1.20960000E+001
4.40000000 4.10000000 -1.09550000E+001
4.40000000 4.20000000 -9.92800000E+000
4.40000000 4.30000000 -9.00900000E+000
4.40000000 4.40000000 -8.19200000E+000
4.40000000 4.50000000 -7.47100000E+000
4.40000000 4.60000000 -6.84000000E+000
4.40000000 4.70000000 -6.29300000E+000
4.40000000 4.80000000 -5.82400000E+000
4.40000000 4.90000000 -5.42700000E+000
4.40000000 5.00000000 -5.09600000E+000
4.40000000 5.10000000 -4.82500000E+000
4.40000000 5.20000000 -4.60800000E+000
4.40000000 5.30000000 -4.43900000E+000
4.40000000 5.40000000 -4.31200000E+000
4.40000000 5.50000000 -4.22100000E+000
4.40000000 5.60000000 -4.16000000E+000
4.40000000 5.70000000 -4.12300000E+000
4.40000000 5.80000000 -4.10400000E+000
4.40000000 5.90000000 -4.09700000E+000
4.40000000 6.00000000 -4.09600000E+000
4.40000000 6.10000000 -4.09500000E+000
4.40000000 6.20000000 -4.08800000E+000
4.40000000 6.30000000 -4.06900000E+000
4.40000000 6.40000000 -4.03200000E+000
4.40000000 6.50000000 -3.97100000E+000
4.40000000 6.60000000 -3.88000000E+000
4.40000000 6.70000000 -3.75300000E+000
4.40000000 6.80000000 -3.58400000E+000
4.40000000 6.90000000 -3.36700000E+000
4.40000000 7.00000000 -3.09600000E+000
4.40000000 7.10000000 -2.76500000E+000
4.40000000 7.20000000 -2.36800000E+000
4.40000000 7.30000000 -1.89900000E+000
4.40000000 7.40000000 -1.35200000E+000
4.40000000 7.50000000 -7.21000000E-001
4.40000000 7.60000000 4.27435864E-015
4.40000000 7.70000000 8.17000000E-001
4.40000000 7.80000000 1.73600000E+000
4.40000000 7.90000000 2.76300000E+000
4.40000000 8.00000000 3.90400000E+000
4.40000000 8.10000000 5.16500000E+000
4.40000000 8.20000000 6.55200000E+000
4.40000000 8.30000000 8.07100000E+000
4.40000000 8.40000000 9.72800000E+000
4.40000000 8.50000000 1.15290000E+001
4.40000000 8.60000000 1.34800000E+001
4.40000000 8.70000000 1.55870000E+001
4.40000000 8.80000000 1.78560000E+001
4.40000000 8.90000000 2.02930000E+001
4.40000000 9.00000000 2.29040000E+001
4.40000000 9.10000000 2.56950000E+001
4.40000000 9.20000000 2.86720000E+001
4.40000000 9.30000000 3.18410000E+001
4.40000000 9.40000000 3.52080000E+001
4.40000000 9.50000000 3.87790000E+001
4.40000000 9.60000000 4.25600000E+001
4.40000000 9.70000000 4.65570000E+001
4.40000000 9.80000000 5.07760000E+001
4.40000000 9.90000000 5.52230000E+001
4.40000000 10.00000000 5.99040000E+001
4.40000000 10.10000000 6.48250000E+001
4.40000000 10.20000000 6.99920000E+001
4.40000000 10.30000000 7.54110000E+001
4.40000000 10.40000000 8.10880000E+001
4.40000000 10.50000000 8.70290000E+001
4.40000000 10.60000000 9.32400000E+001
4.40000000 10.70000000 9.97270000E+001
4.40000000 10.80000000 1.06496000E+002
4.40000000 10.90000000 1.13553000E+002
4.40000000 11.00000000 1.20904000E+002
4.50000000 1.00000000 -1.28375000E+002
4.50000000 1.10000000 -1.21024000E+002
4.50000000 1.20000000 -1.13967000E+002
4.50000000 1.30000000 -1.07198000E+002
4.50000000 1.40000000 -1.00711000E+002
4.50000000 1.50000000 -9.45000000E+001
4.50000000 1.60000000 -8.85590000E+001
4.50000000 1.70000000 -8.28820000E+001
4.50000000 1.80000000 -7.74630000E+001
4.50000000 1.90000000 -7.22960000E+001
4.50000000 2.00000000 -6.73750000E+001
4.50000000 2.10000000 -6.26940000E+001
4.50000000 2.20000000 -5.82470000E+001
4.50000000 2.30000000 -5.40280000E+001
4.50000000 2.40000000 -5.00310000E+001
4.50000000 2.50000000 -4.62500000E+001
4.50000000 2.60000000 -4.26790000E+001
4.50000000 2.70000000 -3.93120000E+001
4.50000000 2.80000000 -3.61430000E+001
4.50000000 2.90000000 -3.31660000E+001
4.50000000 3.00000000 -3.03750000E+001
4.50000000 3.10000000 -2.77640000E+001
4.50000000 3.20000000 -2.53270000E+001
4.50000000 3.30000000 -2.30580000E+001
4.50000000 3.40000000 -2.09510000E+001
4.50000000 3.50000000 -1.90000000E+001
4.50000000 3.60000000 -1.71990000E+001
4.50000000 3.70000000 -1.55420000E+001
4.50000000 3.80000000 -1.40230000E+001
4.50000000 3.90000000 -1.26360000E+001
4.50000000 4.00000000 -1.13750000E+001
4.50000000 4.10000000 -1.02340000E+001
4.50000000 4.20000000 -9.20700000E+000
4.50000000 4.30000000 -8.28800000E+000
4.50000000 4.40000000 -7.47100000E+000
4.50000000 4.50000000 -6.75000000E+000
4.50000000 4.60000000 -6.11900000E+000
4.50000000 4.70000000 -5.57200000E+000
4.50000000 4.80000000 -5.10300000E+000
4.50000000 4.90000000 -4.70600000E+000
4.50000000 5.00000000 -4.37500000E+000
4.50000000 5.10000000 -4.10400000E+000
4.50000000 5.20000000 -3.88700000E+000
4.50000000 5.30000000 -3.71800000E+000
4.50000000 5.40000000 -3.59100000E+000
4.50000000 5.50000000 -3.50000000E+000
4.50000000 5.60000000 -3.43900000E+000
4.50000000 5.70000000 -3.40200000E+000
4.50000000 5.80000000 -3.38300000E+000
4.50000000 5.90000000 -3.37600000E+000
4.50000000 6.00000000 -3.37500000E+000
4.50000000 6.10000000 -3.37400000E+000
4.50000000 6.20000000 -3.36700000E+000
4.50000000 6.30000000 -3.34800000E+000
4.50000000 6.40000000 -3.31100000E+000
4.50000000 6.50000000 -3.25000000E+000
4.50000000 6.60000000 -3.15900000E+000
4.50000000 6.70000000 -3.03200000E+000
4.50000000 6.80000000 -2.86300000E+000
4.50000000 6.90000000 -2.64600000E+000
4.50000000 7.00000000 -2.37500000E+000
4.50000000 7.10000000 -2.04400000E+000
4.50000000 7.20000000 -1.64700000E+000
4.50000000 7.30000000 -1.17800000E+000
4.50000000 7.40000000 -6.31000000E-001
4.50000000 7.50000000 3.27515792E-015
4.50000000 7.60000000 7.21000000E-001
4.50000000 7.70000000 1.53800000E+000
4.50000000 7.80000000 2.45700000E+000
4.50000000 7.90000000 3.48400000E+000
4.50000000 8.00000000 4.62500000E+000
4.50000000 8.10000000 5.88600000E+000
4.50000000 8.20000000 7.27300000E+000
4.50000000 8.30000000 8.79200000E+000
4.50000000 8.40000000 1.04490000E+001
4.50000000 8.50000000 1.22500000E+001
4.50000000 8.60000000 1.42010000E+001
4.50000000 8.70000000 1.63080000E+001
4.50000000 8.80000000 1.85770000E+001
4.50000000 8.90000000 2.10140000E+001
4.50000000 9.00000000 2.36250000E+001
4.50000000 9.10000000 2.64160000E+001
4.50000000 9.20000000 2.93930000E+001
4.50000000 9.30000000 3.25620000E+001
4.50000000 9.40000000 3.59290000E+001
4.50000000 9.50000000 3.95000000E+001
4.50000000 9.60000000 4.32810000E+001
4.50000000 9.70000000 4.72780000E+001
4.50000000 9.80000000 5.14970000E+001
4.50000000 9.90000000 5.59440000E+001
4.50000000 10.00000000 6.06250000E+001
4.50000000 10.10000000 6.55460000E+001
4.50000000 10.20000000 7.07130000E+001
4.50000000 10.30000000 7.61320000E+001
4.50000000 10.40000000 8.18090000E+001
4.50000000 10.50000000 8.77500000E+001
4.50000000 10.60000000 9.39610000E+001
4.50000000 10.70000000 1.00448000E+002
4.50000000 10.80000000 1.07217000E+002
4.50000000 10.90000000 1.14274000E+002
4.50000000 11.00000000 1.21625000E+002
4.60000000 1.00000000 -1.27744000E+002
4.60000000 1.10000000 -1.20393000E+002
4.60000000 1.20000000 -1.13336000E+002
4.60000000 1.30000000 -1.06567000E+002
4.60000000 1.40000000 -1.00080000E+002
4.60000000 1.50000000 -9.38690000E+001
4.60000000 1.60000000 -8.79280000E+001
4.60000000 1.70000000 -8.22510000E+001
4.60000000 1.80000000 -7.68320000E+001
4.60000000 1.90000000 -7.16650000E+001
4.60000000 2.00000000 -6.67440000E+001
4.60000000 2.10000000 -6.20630000E+001
4.60000000 2.20000000 -5.76160000E+001
4.60000000 2.30000000 -5.33970000E+001
4.60000000 2.40000000 -4.94000000E+001
4.60000000 2.50000000 -4.56190000E+001
4.60000000 2.60000000 -4.20480000E+001
4.60000000 2.70000000 -3.86810000E+001
4.60000000 2.80000000 -3.55120000E+001
4.60000000 2.90000000 -3.25350000E+001
4.60000000 3.00000000 -2.97440000E+001
4.60000000 3.10000000 -2.71330000E+001
4.60000000 3.20000000 -2.46960000E+001
4.60000000 3.30000000 -2.24270000E+001
4.60000000 3.40000000 -2.03200000E+001
4.60000000 3.50000000 -1.83690000E+001
4.60000000 3.60000000 -1.65680000E+001
4.60000000 3.70000000 -1.49110000E+001
4.60000000 3.80000000 -1.33920000E+001
4.60000000 3.90000000 -1.20050000E+001
4.60000000 4.00000000 -1.07440000E+001
4.60000000 4.10000000 -9.60300000E+000
4.60000000 4.20000000 -8.57600000E+000
4.60000000 4.30000000 -7.65700000E+000
4.60000000 4.40000000 -6.84000000E+000
4.60000000 4.50000000 -6.11900000E+000
4.60000000 4.60000000 -5.48800000E+000
4.60000000 4.70000000 -4.94100000E+000
4.60000000 4.80000000 -4.47200000E+000
4.60000000 4.90000000 -4.07500000E+000
4.60000000 5.00000000 -3.74400000E+000
4.60000000 5.10000000 -3.47300000E+000
4.60000000 5.20000000 -3.25600000E+000
4.60000000 5.30000000 -3.08700000E+000
4.60000000 5.40000000 -2.96000000E+000
4.60000000 5.50000000 -2.86900000E+000
4.60000000 5.60000000 -2.80800000E+000
4.60000000 5.70000000 -2.77100000E+000
4.60000000 5.80000000 -2.75200000E+000
4.60000000 5.90000000 -2.74500000E+000
4.60000000 6.00000000 -2.74400000E+000
4.60000000 6.10000000 -2.74300000E+000
4.60000000 6.20000000 -2.73600000E+000
4.60000000 6.30000000 -2.71700000E+000
4.60000000 6.40000000 -2.68000000E+000
4.60000000 6.50000000 -2.61900000E+000
4.60000000 6.60000000 -2.52800000E+000
4.60000000 6.70000000 -2.40100000E+000
4.60000000 6.80000000 -2.23200000E+000
4.60000000 6.90000000 -2.01500000E+000
4.60000000 7.00000000 -1.74400000E+000
4.60000000 7.10000000 -1.41300000E+000
4.60000000 7.20000000 -1.01600000E+000
4.60000000 7.30000000 -5.47000000E-001
4.60000000 7.40000000 -7.21644966E-016
4.60000000 7.50000000 6.31000000E-001
4.60000000 7.60000000 1.35200000E+000
4.60000000 7.70000000 2.16900000E+000
4.60000000 7.80000000 3.08800000E+000
4.60000000 7.90000000 4.11500000E+000
4.60000000 8.00000000 5.25600000E+000
4.60000000 8.10000000 6.51700000E+000
4.60000000 8.20000000 7.90400000E+000
4.60000000 8.30000000 9.42300000E+000
4.60000000 8.40000000 1.10800000E+001
4.60000000 8.50000000 1.28810000E+001
4.60000000 8.60000000 1.48320000E+001
4.60000000 8.70000000 1.69390000E+001
4.60000000 8.80000000 1.92080000E+001
4.60000000 8.90000000 2.16450000E+001
4.60000000 9.00000000 2.42560000E+001
4.60000000 9.10000000 2.70470000E+001
4.60000000 9.20000000 3.00240000E+001
4.60000000 9.30000000 3.31930000E+001
4.60000000 9.40000000 3.65600000E+001
4.60000000 9.50000000 4.01310000E+001
4.60000000 9.60000000 4.39120000E+001
4.60000000 9.70000000 4.79090000E+001
4.60000000 9.80000000 5.21280000E+001
4.60000000 9.90000000 5.65750000E+001
4.60000000 10.00000000 6.12560000E+001
4.60000000 10.10000000 6.61770000E+001
4.60000000 10.20000000 7.13440000E+001
4.60000000 10.30000000 7.67630000E+001
4.60000000 10.40000000 8.24400000E+001
4.60000000 10.50000000 8.83810000E+001
4.60000000 10.60000000 9.45920000E+001
4.60000000 10.70000000 1.01079000E+002
4.60000000 10.80000000 1.07848000E+002
4.60000000 10.90000000 1.14905000E+002
4.60000000 11.00000000 1.22256000E+002
4.70000000 1.00000000 -1.27197000E+002
4.70000000 1.10000000 -1.19846000E+002
4.70000000 1.20000000 -1.12789000E+002
4.70000000 1.30000000 -1.06020000E+002
4.70000000 1.40000000 -9.95330000E+001
4.70000000 1.50000000 -9.33220000E+001
4.70000000 1.60000000 -8.73810000E+001
4.70000000 1.70000000 -8.17040000E+001
4.70000000 1.80000000 -7.62850000E+001
4.70000000 1.90000000 -7.11180000E+001
4.70000000 2.00000000 -6.61970000E+001
4.70000000 2.10000000 -6.15160000E+001
4.70000000 2.20000000 -5.70690000E+001
4.70000000 2.30000000 -5.28500000E+001
4.70000000 2.40000000 -4.88530000E+001
4.70000000 2.50000000 -4.50720000E+001
4.70000000 2.60000000 -4.15010000E+001
4.70000000 2.70000000 -3.81340000E+001
4.70000000 2.80000000 -3.49650000E+001
4.70000000 2.90000000 -3.19880000E+001
4.70000000 3.00000000 -2.91970000E+001
4.70000000 3.10000000 -2.65860000E+001
4.70000000 3.20000000 -2.41490000E+001
4.70000000 3.30000000 -2.18800000E+001
4.70000000 3.40000000 -1.97730000E+001
4.70000000 3.50000000 -1.78220000E+001
4.70000000 3.60000000 -1.60210000E+001
4.70000000 3.70000000 -1.43640000E+001
4.70000000 3.80000000 -1.28450000E+001
4.70000000 3.90000000 -1.14580000E+001
4.70000000 4.00000000 -1.01970000E+001
4.70000000 4.10000000 -9.05600000E+000
4.70000000 4.20000000 -8.02900000E+000
4.70000000 4.30000000 -7.11000000E+000
4.70000000 4.40000000 -6.29300000E+000
4.70000000 4.50000000 -5.57200000E+000
4.70000000 4.60000000 -4.94100000E+000
4.70000000 4.70000000 -4.39400000E+000
4.70000000 4.80000000 -3.92500000E+000
4.70000000 4.90000000 -3.52800000E+000
4.70000000 5.00000000 -3.19700000E+000
4.70000000 5.10000000 -2.92600000E+000
4.70000000 5.20000000 -2.70900000E+000
4.70000000 5.30000000 -2.54000000E+000
4.70000000 5.40000000 -2.41300000E+000
4.70000000 5.50000000 -2.32200000E+000
4.70000000 5.60000000 -2.26100000E+000
4.70000000 5.70000000 -2.22400000E+000
4.70000000 5.80000000 -2.20500000E+000
4.70000000 5.90000000 -2.19800000E+000
4.70000000 6.00000000 -2.19700000E+000
4.70000000 6.10000000 -2.19600000E+000
4.70000000 6.20000000 -2.18900000E+000
4.70000000 6.30000000 -2.17000000E+000
4.70000000 6.40000000 -2.13300000E+000
4.70000000 6.50000000 -2.07200000E+000
4.70000000 6.60000000 -1.98100000E+000
4.70000000 6.70000000 -1.85400000E+000
4.70000000 6.80000000 -1.68500000E+000
4.70000000 6.90000000 -1.46800000E+000
4.70000000 7.00000000 -1.19700000E+000
4.70000000 7.10000000 -8.66000000E-001
4.70000000 7.20000000 -4.69000000E-001
4.70000000 7.30000000 2.49800181E-016
4.70000000 7.40000000 5.47000000E-001
4.70000000 7.50000000 1.17800000E+000
4.70000000 7.60000000 1.89900000E+000
4.70000000 7.70000000 2.71600000E+000
4.70000000 7.80000000 3.63500000E+000
4.70000000 7.90000000 4.66200000E+000
4.70000000 8.00000000 5.80300000E+000
4.70000000 8.10000000 7.06400000E+000
4.70000000 8.20000000 8.45100000E+000
4.70000000 8.30000000 9.97000000E+000
4.70000000 8.40000000 1.16270000E+001
4.70000000 8.50000000 1.34280000E+001
4.70000000 8.60000000 1.53790000E+001
4.70000000 8.70000000 1.74860000E+001
4.70000000 8.80000000 1.97550000E+001
4.70000000 8.90000000 2.21920000E+001
4.70000000 9.00000000 2.48030000E+001
4.70000000 9.10000000 2.75940000E+001
4.70000000 9.20000000 3.05710000E+001
4.70000000 9.30000000 3.37400000E+001
4.70000000 9.40000000 3.71070000E+001
4.70000000 9.50000000 4.06780000E+001
4.70000000 9.60000000 4.44590000E+001
4.70000000 9.70000000 4.84560000E+001
4.70000000 9.80000000 5.26750000E+001
4.70000000 9.90000000 5.71220000E+001
4.70000000 10.00000000 6.18030000E+001
4.70000000 10.10000000 6.67240000E+001
4.70000000 10.20000000 7.18910000E+001
4.70000000 10.30000000 7.73100000E+001
4.70000000 10.40000000 8.29870000E+001
4.70000000 10.50000000 8.89280000E+001
4.70000000 10.60000000 9.51390000E+001
4.70000000 10.70000000 1.01626000E+002
4.70000000 10.80000000 1.08395000E+002
4.70000000 10.90000000 1.15452000E+002
4.70000000 11.00000000 1.22803000E+002
4.80000000 1.00000000 -1.26728000E+002
4.80000000 1.10000000 -1.19377000E+002
4.80000000 1.20000000 -1.12320000E+002
4.80000000 1.30000000 -1.05551000E+002
4.80000000 1.40000000 -9.90640000E+001
4.80000000 1.50000000 -9.28530000E+001
4.80000000 1.60000000 -8.69120000E+001
4.80000000 1.70000000 -8.12350000E+001
4.80000000 1.80000000 -7.58160000E+001
4.80000000 1.90000000 -7.06490000E+001
4.80000000 2.00000000 -6.57280000E+001
4.80000000 2.10000000 -6.10470000E+001
4.80000000 2.20000000 -5.66000000E+001
4.80000000 2.30000000 -5.23810000E+001
4.80000000 2.40000000 -4.83840000E+001
4.80000000 2.50000000 -4.46030000E+001
4.80000000 2.60000000 -4.10320000E+001
4.80000000 2.70000000 -3.76650000E+001
4.80000000 2.80000000 -3.44960000E+001
4.80000000 2.90000000 -3.15190000E+001
4.80000000 3.00000000 -2.87280000E+001
4.80000000 3.10000000 -2.61170000E+001
4.80000000 3.20000000 -2.36800000E+001
4.80000000 3.30000000 -2.14110000E+001
4.80000000 3.40000000 -1.93040000E+001
4.80000000 3.50000000 -1.73530000E+001
4.80000000 3.60000000 -1.55520000E+001
4.80000000 3.70000000 -1.38950000E+001
4.80000000 3.80000000 -1.23760000E+001
4.80000000 3.90000000 -1.09890000E+001
4.80000000 4.00000000 -9.72800000E+000
4.80000000 4.10000000 -8.58700000E+000
4.80000000 4.20000000 -7.56000000E+000
4.80000000 4.30000000 -6.64100000E+000
4.80000000 4.40000000 -5.82400000E+000
4.80000000 4.50000000 -5.10300000E+000
4.80000000 4.60000000 -4.47200000E+000
4.80000000 4.70000000 -3.92500000E+000
4.80000000 4.80000000 -3.45600000E+000
4.80000000 4.90000000 -3.05900000E+000
4.80000000 5.00000000 -2.72800000E+000
4.80000000 5.10000000 -2.45700000E+000
4.80000000 5.20000000 -2.24000000E+000
4.80000000 5.30000000 -2.07100000E+000
4.80000000 5.40000000 -1.94400000E+000
4.80000000 5.50000000 -1.85300000E+000
4.80000000 5.60000000 -1.79200000E+000
4.80000000 5.70000000 -1.75500000E+000
4.80000000 5.80000000 -1.73600000E+000
4.80000000 5.90000000 -1.72900000E+000
4.80000000 6.00000000 -1.72800000E+000
4.80000000 6.10000000 -1.72700000E+000
4.80000000 6.20000000 -1.72000000E+000
4.80000000 6.30000000 -1.70100000E+000
4.80000000 6.40000000 -1.66400000E+000
4.80000000 6.50000000 -1.60300000E+000
4.80000000 6.60000000 -1.51200000E+000
4.80000000 6.70000000 -1.38500000E+000
4.80000000 6.80000000 -1.21600000E+000
4.80000000 6.90000000 -9.99000000E-001
4.80000000 7.00000000 -7.28000000E-001
4.80000000 7.10000000 -3.97000000E-001
4.80000000 7.20000000 -3.33066907E-016
4.80000000 7.30000000 4.69000000E-001
4.80000000 7.40000000 1.01600000E+000
4.80000000 7.50000000 1.64700000E+000
4.80000000 7.60000000 2.36800000E+000
4.80000000 7.70000000 3.18500000E+000
4.80000000 7.80000000 4.10400000E+000
4.80000000 7.90000000 5.13100000E+000
4.80000000 8.00000000 6.27200000E+000
4.80000000 8.10000000 7.53300000E+000
4.80000000 8.20000000 8.92000000E+000
4.80000000 8.30000000 1.04390000E+001
4.80000000 8.40000000 1.20960000E+001
4.80000000 8.50000000 1.38970000E+001
4.80000000 8.60000000 1.58480000E+001
4.80000000 8.70000000 1.79550000E+001
4.80000000 8.80000000 2.02240000E+001
4.80000000 8.90000000 2.26610000E+001
4.80000000 9.00000000 2.52720000E+001
4.80000000 9.10000000 2.80630000E+001
4.80000000 9.20000000 3.10400000E+001
4.80000000 9.30000000 3.42090000E+001
4.80000000 9.40000000 3.75760000E+001
4.80000000 9.50000000 4.11470000E+001
4.80000000 9.60000000 4.49280000E+001
4.80000000 9.70000000 4.89250000E+001
4.80000000 9.80000000 5.31440000E+001
4.80000000 9.90000000 5.75910000E+001
4.80000000 10.00000000 6.22720000E+001
4.80000000 10.10000000 6.71930000E+001
4.80000000 10.20000000 7.23600000E+001
4.80000000 10.30000000 7.77790000E+001
4.80000000 10.40000000 8.34560000E+001
4.80000000 10.50000000 8.93970000E+001
4.80000000 10.60000000 9.56080000E+001
4.80000000 10.70000000 1.02095000E+002
4.80000000 10.80000000 1.08864000E+002
4.80000000 10.90000000 1.15921000E+002
4.80000000 11.00000000 1.23272000E+002
4.90000000 1.00000000 -1.26331000E+002
4.90000000 1.10000000 -1.18980000E+002
4.90000000 1.20000000 -1.11923000E+002
4.90000000 1.30000000 -1.05154000E+002
4.90000000 1.40000000 -9.86670000E+001
4.90000000 1.50000000 -9.24560000E+001
4.90000000 1.60000000 -8.65150000E+001
4.90000000 1.70000000 -8.08380000E+001
4.90000000 1.80000000 -7.54190000E+001
4.90000000 1.90000000 -7.02520000E+001
4.90000000 2.00000000 -6.53310000E+001
4.90000000 2.10000000 -6.06500000E+001
4.90000000 2.20000000 -5.62030000E+001
4.90000000 2.30000000 -5.19840000E+001
4.90000000 2.40000000 -4.79870000E+001
4.90000000 2.50000000 -4.42060000E+001
4.90000000 2.60000000 -4.06350000E+001
4.90000000 2.70000000 -3.72680000E+001
4.90000000 2.80000000 -3.40990000E+001
4.90000000 2.90000000 -3.11220000E+001
4.90000000 3.00000000 -2.83310000E+001
4.90000000 3.10000000 -2.57200000E+001
4.90000000 3.20000000 -2.32830000E+001
4.90000000 3.30000000 -2.10140000E+001
4.90000000 3.40000000 -1.89070000E+001
4.90000000 3.50000000 -1.69560000E+001
4.90000000 3.60000000 -1.51550000E+001
4.90000000 3.70000000 -1.34980000E+001
4.90000000 3.80000000 -1.19790000E+001
4.90000000 3.90000000 -1.05920000E+001
4.90000000 4.00000000 -9.33100000E+000
4.90000000 4.10000000 -8.19000000E+000
4.90000000 4.20000000 -7.16300000E+000
4.90000000 4.30000000 -6.24400000E+000
4.90000000 4.40000000 -5.42700000E+000
4.90000000 4.50000000 -4.70600000E+000
4.90000000 4.60000000 -4.07500000E+000
4.90000000 4.70000000 -3.52800000E+000
4.90000000 4.80000000 -3.05900000E+000
4.90000000 4.90000000 -2.66200000E+000
4.90000000 5.00000000 -2.33100000E+000
4.90000000 5.10000000 -2.06000000E+000
4.90000000 5.20000000 -1.84300000E+000
4.90000000 5.30000000 -1.67400000E+000
4.90000000 5.40000000 -1.54700000E+000
4.90000000 5.50000000 -1.45600000E+000
4.90000000 5.60000000 -1.39500000E+000
4.90000000 5.70000000 -1.35800000E+000
4.90000000 5.80000000 -1.33900000E+000
4.90000000 5.90000000 -1.33200000E+000
4.90000000 6.00000000 -1.33100000E+000
4.90000000 6.10000000 -1.33000000E+000
4.90000000 6.20000000 -1.32300000E+000
4.90000000 6.30000000 -1.30400000E+000
4.90000000 6.40000000 -1.26700000E+000
4.90000000 6.50000000 -1.20600000E+000
4.90000000 6.60000000 -1.11500000E+000
4.90000000 6.70000000 -9.88000000E-001
4.90000000 6.80000000 -8.19000000E-001
4.90000000 6.90000000 -6.02000000E-001
4.90000000 7.00000000 -3.31000000E-001
4.90000000 7.10000000 -3.60822483E-016
4.90000000 7.20000000 3.97000000E-001
4.90000000 7.30000000 8.66000000E-001
4.90000000 7.40000000 1.41300000E+000
4.90000000 7.50000000 2.04400000E+000
4.90000000 7.60000000 2.76500000E+000
4.90000000 7.70000000 3.58200000E+000
4.90000000 7.80000000 4.50100000E+000
4.90000000 7.90000000 5.52800000E+000
4.90000000 8.00000000 6.66900000E+000
4.90000000 8.10000000 7.93000000E+000
4.90000000 8.20000000 9.31700000E+000
4.90000000 8.30000000 1.08360000E+001
4.90000000 8.40000000 1.24930000E+001
4.90000000 8.50000000 1.42940000E+001
4.90000000 8.60000000 1.62450000E+001
4.90000000 8.70000000 1.83520000E+001
4.90000000 8.80000000 2.06210000E+001
4.90000000 8.90000000 2.30580000E+001
4.90000000 9.00000000 2.56690000E+001
4.90000000 9.10000000 2.84600000E+001
4.90000000 9.20000000 3.14370000E+001
4.90000000 9.30000000 3.46060000E+001
4.90000000 9.40000000 3.79730000E+001
4.90000000 9.50000000 4.15440000E+001
4.90000000 9.60000000 4.53250000E+001
4.90000000 9.70000000 4.93220000E+001
4.90000000 9.80000000 5.35410000E+001
4.90000000 9.90000000 5.79880000E+001
4.90000000 10.00000000 6.26690000E+001
4.90000000 10.10000000 6.75900000E+001
4.90000000 10.20000000 7.27570000E+001
4.90000000 10.30000000 7.81760000E+001
4.90000000 10.40000000 8.38530000E+001
4.90000000 10.50000000 8.97940000E+001
4.90000000 10.60000000 9.60050000E+001
4.90000000 10.70000000 1.02492000E+002
4.90000000 10.80000000 1.09261000E+002
4.90000000 10.90000000 1.16318000E+002
4.90000000 11.00000000 1.23669000E+002
5.00000000 1.00000000 -1.26000000E+002
5.00000000 1.10000000 -1.18649000E+002
5.00000000 1.20000000 -1.11592000E+002
5.00000000 1.30000000 -1.04823000E+002
5.00000000 1.40000000 -9.83360000E+001
5.00000000 1.50000000 -9.21250000E+001
5.00000000 1.60000000 -8.61840000E+001
5.00000000 1.70000000 -8.05070000E+001
5.00000000 1.80000000 -7.50880000E+001
5.00000000 1.90000000 -6.99210000E+001
5.00000000 2.00000000 -6.50000000E+001
5.00000000 2.10000000 -6.03190000E+001
5.00000000 2.20000000 -5.58720000E+001
5.00000000 2.30000000 -5.16530000E+001
5.00000000 2.40000000 -4.76560000E+001
5.00000000 2.50000000 -4.38750000E+001
5.00000000 2.60000000 -4.03040000E+001
5.00000000 2.70000000 -3.69370000E+001
5.00000000 2.80000000 -3.37680000E+001
5.00000000 2.90000000 -3.07910000E+001
5.00000000 3.00000000 -2.80000000E+001
5.00000000 3.10000000 -2.53890000E+001
5.00000000 3.20000000 -2.29520000E+001
5.00000000 3.30000000 -2.06830000E+001
5.00000000 3.40000000 -1.85760000E+001
5.00000000 3.50000000 -1.66250000E+001
5.00000000 3.60000000 -1.48240000E+001
5.00000000 3.70000000 -1.31670000E+001
5.00000000 3.80000000 -1.16480000E+001
5.00000000 3.90000000 -1.02610000E+001
5.00000000 4.00000000 -9.00000000E+000
5.00000000 4.10000000 -7.85900000E+000
5.00000000 4.20000000 -6.83200000E+000
5.00000000 4.30000000 -5.91300000E+000
5.00000000 4.40000000 -5.09600000E+000
5.00000000 4.50000000 -4.37500000E+000
5.00000000 4.60000000 -3.74400000E+000
5.00000000 4.70000000 -3.19700000E+000
5.00000000 4.80000000 -2.72800000E+000
5.00000000 4.90000000 -2.33100000E+000
5.00000000 5.00000000 -2.00000000E+000
5.00000000 5.10000000 -1.72900000E+000
5.00000000 5.20000000 -1.51200000E+000
5.00000000 5.30000000 -1.34300000E+000
5.00000000 5.40000000 -1.21600000E+000
5.00000000 5.50000000 -1.12500000E+000
5.00000000 5.60000000 -1.06400000E+000
5.00000000 5.70000000 -1.02700000E+000
5.00000000 5.80000000 -1.00800000E+000
5.00000000 5.90000000 -1.00100000E+000
5.00000000 6.00000000 -1.00000000E+000
5.00000000 6.10000000 -9.99000000E-001
5.00000000 6.20000000 -9.92000000E-001
5.00000000 6.30000000 -9.73000000E-001
5.00000000 6.40000000 -9.36000000E-001
5.00000000 6.50000000 -8.75000000E-001
5.00000000 6.60000000 -7.84000000E-001
5.00000000 6.70000000 -6.57000000E-001
5.00000000 6.80000000 -4.88000000E-001
5.00000000 6.90000000 -2.71000000E-001
5.00000000 7.00000000 -1.11022302E-016
5.00000000 7.10000000 3.31000000E-001
5.00000000 7.20000000 7.28000000E-001
5.00000000 7.30000000 1.19700000E+000
5.00000000 7.40000000 1.74400000E+000
5.00000000 7.50000000 2.37500000E+000
5.00000000 7.60000000 3.09600000E+000
5.00000000 7.70000000 3.91300000E+000
5.00000000 7.80000000 4.83200000E+000
5.00000000 7.90000000 5.85900000E+000
5.00000000 8.00000000 7.00000000E+000
5.00000000 8.10000000 8.26100000E+000
5.00000000 8.20000000 9.64800000E+000
5.00000000 8.30000000 1.11670000E+001
5.00000000 8.40000000 1.28240000E+001
5.00000000 8.50000000 1.46250000E+001
5.00000000 8.60000000 1.65760000E+001
5.00000000 8.70000000 1.86830000E+001
5.00000000 8.80000000 2.09520000E+001
5.00000000 8.90000000 2.33890000E+001
5.00000000 9.00000000 2.60000000E+001
5.00000000 9.10000000 2.87910000E+001
5.00000000 9.20000000 3.17680000E+001
5.00000000 9.30000000 3.49370000E+001
5.00000000 9.40000000 3.83040000E+001
5.00000000 9.50000000 4.18750000E+001
5.00000000 9.60000000 4.56560000E+001
5.00000000 9.70000000 4.96530000E+001
5.00000000 9.80000000 5.38720000E+001
5.00000000 9.90000000 5.83190000E+001
5.00000000 10.00000000 6.30000000E+001
5.00000000 10.10000000 6.79210000E+001
5.00000000 10.20000000 7.30880000E+001
5.00000000 10.30000000 7.85070000E+001
5.00000000 10.40000000 8.41840000E+001
5.00000000 10.50000000 9.01250000E+001
5.00000000 10.60000000 9.63360000E+001
5.00000000 10.70000000 1.02823000E+002
5.00000000 10.80000000 1.09592000E+002
5.00000000 10.90000000 1.16649000E+002
5.00000000 11.00000000 1.24000000E+002
5.10000000 1.00000000 -1.25729000E+002
5.10000000 1.10000000 -1.18378000E+002
5.10000000 1.20000000 -1.11321000E+002
5.10000000 1.30000000 -1.04552000E+002
5.10000000 1.40000000 -9.80650000E+001
5.10000000 1.50000000 -9.18540000E+001
5.10000000 1.60000000 -8.59130000E+001
5.10000000 1.70000000 -8.02360000E+001
5.10000000 1.80000000 -7.48170000E+001
5.10000000 1.90000000 -6.96500000E+001
5.10000000 2.00000000 -6.47290000E+001
5.10000000 2.10000000 -6.00480000E+001
5.10000000 2.20000000 -5.56010000E+001
5.10000000 2.30000000 -5.13820000E+001
5.10000000 2.40000000 -4.73850000E+001
5.10000000 2.50000000 -4.36040000E+001
5.10000000 2.60000000 -4.00330000E+001
5.10000000 2.70000000 -3.66660000E+001
5.10000000 2.80000000 -3.34970000E+001
5.10000000 2.90000000 -3.05200000E+001
5.10000000 3.00000000 -2.77290000E+001
5.10000000 3.10000000 -2.51180000E+001
5.10000000 3.20000000 -2.26810000E+001
5.10000000 3.30000000 -2.04120000E+001
5.10000000 3.40000000 -1.83050000E+001
5.10000000 3.50000000 -1.63540000E+001
5.10000000 3.60000000 -1.45530000E+001
5.10000000 3.70000000 -1.28960000E+001
5.10000000 3.80000000 -1.13770000E+001
5.10000000 3.90000000 -9.99000000E+000
5.10000000 4.00000000 -8.72900000E+000
5.10000000 4.10000000 -7.58800000E+000
5.10000000 4.20000000 -6.56100000E+000
5.10000000 4.30000000 -5.64200000E+000
5.10000000 4.40000000 -4.82500000E+000
5.10000000 4.50000000 -4.10400000E+000
5.10000000 4.60000000 -3.47300000E+000
5.10000000 4.70000000 -2.92600000E+000
5.10000000 4.80000000 -2.45700000E+000
5.10000000 4.90000000 -2.06000000E+000
5.10000000 5.00000000 -1.72900000E+000
5.10000000 5.10000000 -1.45800000E+000
5.10000000 5.20000000 -1.24100000E+000
5.10000000 5.30000000 -1.07200000E+000
5.10000000 5.40000000 -9.45000000E-001
5.10000000 5.50000000 -8.54000000E-001
5.10000000 5.60000000 -7.93000000E-001
5.10000000 5.70000000 -7.56000000E-001
5.10000000 5.80000000 -7.37000000E-001
5.10000000 5.90000000 -7.30000000E-001
5.10000000 6.00000000 -7.29000000E-001
5.10000000 6.10000000 -7.28000000E-001
5.10000000 6.20000000 -7.21000000E-001
5.10000000 6.30000000 -7.02000000E-001
5.10000000 6.40000000 -6.65000000E-001
5.10000000 6.50000000 -6.04000000E-001
5.10000000 6.60000000 -5.13000000E-001
5.10000000 6.70000000 -3.86000000E-001
5.10000000 6.80000000 -2.17000000E-001
5.10000000 6.90000000 5.55111512E-017
5.10000000 7.00000000 2.71000000E-001
5.10000000 7.10000000 6.02000000E-001
5.10000000 7.20000000 9.99000000E-001
5.10000000 7.30000000 1.46800000E+000
5.10000000 7.40000000 2.01500000E+000
5.10000000 7.50000000 2.64600000E+000
5.10000000 7.60000000 3.36700000E+000
5.10000000 7.70000000 4.18400000E+000
5.10000000 7.80000000 5.10300000E+000
5.10000000 7.90000000 6.13000000E+000
5.10000000 8.00000000 7.27100000E+000
5.10000000 8.10000000 8.53200000E+000
5.10000000 8.20000000 9.91900000E+000
5.10000000 8.30000000 1.14380000E+001
5.10000000 8.40000000 1.30950000E+001
5.10000000 8.50000000 1.48960000E+001
5.10000000 8.60000000 1.68470000E+001
5.10000000 8.70000000 1.89540000E+001
5.10000000 8.80000000 2.12230000E+001
5.10000000 8.90000000 2.36600000E+001
5.10000000 9.00000000 2.62710000E+001
5.10000000 9.10000000 2.90620000E+001
5.10000000 9.20000000 3.20390000E+001
5.10000000 9.30000000 3.52080000E+001
5.10000000 9.40000000 3.85750000E+001
5.10000000 9.50000000 4.21460000E+001
5.10000000 9.60000000 4.59270000E+001
5.10000000 9.70000000 4.99240000E+001
5.10000000 9.80000000 5.41430000E+001
5.10000000 9.90000000 5.85900000E+001
5.10000000 10.00000000 6.32710000E+001
5.10000000 10.10000000 6.81920000E+001
5.10000000 10.20000000 7.33590000E+001
5.10000000 10.30000000 7.87780000E+001
5.10000000 10.40000000 8.44550000E+001
5.10000000 10.50000000 9.03960000E+001
5.10000000 10.60000000 9.66070000E+001
5.10000000 10.70000000 1.03094000E+002
5.10000000 10.80000000 1.09863000E+002
5.10000000 10.90000000 1.16920000E+002
5.10000000 11.00000000 1.24271000E+002
5.20000000 1.00000000 -1.25512000E+002
5.20000000 1.10000000 -1.18161000E+002
5.20000000 1.20000000 -1.11104000E+002
5.20000000 1.30000000 -1.04335000E+002
5.20000000 1.40000000 -9.78480000E+001
5.20000000 1.50000000 -9.16370000E+001
5.20000000 1.60000000 -8.56960000E+001
5.20000000 1.70000000 -8.00190000E+001
5.20000000 1.80000000 -7.46000000E+001
5.20000000 1.90000000 -6.94330000E+001
5.20000000 2.00000000 -6.45120000E+001
5.20000000 2.10000000 -5.98310000E+001
5.20000000 2.20000000 -5.53840000E+001
5.20000000 2.30000000 -5.11650000E+001
5.20000000 2.40000000 -4.71680000E+001
5.20000000 2.50000000 -4.33870000E+001
5.20000000 2.60000000 -3.98160000E+001
5.20000000 2.70000000 -3.64490000E+001
5.20000000 2.80000000 -3.32800000E+001
5.20000000 2.90000000 -3.03030000E+001
5.20000000 3.00000000 -2.75120000E+001
5.20000000 3.10000000 -2.49010000E+001
5.20000000 3.20000000 -2.24640000E+001
5.20000000 3.30000000 -2.01950000E+001
5.20000000 3.40000000 -1.80880000E+001
5.20000000 3.50000000 -1.61370000E+001
5.20000000 3.60000000 -1.43360000E+001
5.20000000 3.70000000 -1.26790000E+001
5.20000000 3.80000000 -1.11600000E+001
5.20000000 3.90000000 -9.77300000E+000
5.20000000 4.00000000 -8.51200000E+000
5.20000000 4.10000000 -7.37100000E+000
5.20000000 4.20000000 -6.34400000E+000
5.20000000 4.30000000 -5.42500000E+000
5.20000000 4.40000000 -4.60800000E+000
5.20000000 4.50000000 -3.88700000E+000
5.20000000 4.60000000 -3.25600000E+000
5.20000000 4.70000000 -2.70900000E+000
5.20000000 4.80000000 -2.24000000E+000
5.20000000 4.90000000 -1.84300000E+000
5.20000000 5.00000000 -1.51200000E+000
5.20000000 5.10000000 -1.24100000E+000
5.20000000 5.20000000 -1.02400000E+000
5.20000000 5.30000000 -8.55000000E-001
5.20000000 5.40000000 -7.28000000E-001
5.20000000 5.50000000 -6.37000000E-001
5.20000000 5.60000000 -5.76000000E-001
5.20000000 5.70000000 -5.39000000E-001
5.20000000 5.80000000 -5.20000000E-001
5.20000000 5.90000000 -5.13000000E-001
5.20000000 6.00000000 -5.12000000E-001
5.20000000 6.10000000 -5.11000000E-001
5.20000000 6.20000000 -5.04000000E-001
5.20000000 6.30000000 -4.85000000E-001
5.20000000 6.40000000 -4.48000000E-001
5.20000000 6.50000000 -3.87000000E-001
5.20000000 6.60000000 -2.96000000E-001
5.20000000 6.70000000 -1.69000000E-001
5.20000000 6.80000000 -1.16573418E-015
5.20000000 6.90000000 2.17000000E-001
5.20000000 7.00000000 4.88000000E-001
5.20000000 7.10000000 8.19000000E-001
5.20000000 7.20000000 1.21600000E+000
5.20000000 7.30000000 1.68500000E+000
5.20000000 7.40000000 2.23200000E+000
5.20000000 7.50000000 2.86300000E+000
5.20000000 7.60000000 3.58400000E+000
5.20000000 7.70000000 4.40100000E+000
5.20000000 7.80000000 5.32000000E+000
5.20000000 7.90000000 6.34700000E+000
5.20000000 8.00000000 7.48800000E+000
5.20000000 8.10000000 8.74900000E+000
5.20000000 8.20000000 1.01360000E+001
5.20000000 8.30000000 1.16550000E+001
5.20000000 8.40000000 1.33120000E+001
5.20000000 8.50000000 1.51130000E+001
5.20000000 8.60000000 1.70640000E+001
5.20000000 8.70000000 1.91710000E+001
5.20000000 8.80000000 2.14400000E+001
5.20000000 8.90000000 2.38770000E+001
5.20000000 9.00000000 2.64880000E+001
5.20000000 9.10000000 2.92790000E+001
5.20000000 9.20000000 3.22560000E+001
5.20000000 9.30000000 3.54250000E+001
5.20000000 9.40000000 3.87920000E+001
5.20000000 9.50000000 4.23630000E+001
5.20000000 9.60000000 4.61440000E+001
5.20000000 9.70000000 5.01410000E+001
5.20000000 9.80000000 5.43600000E+001
5.20000000 9.90000000 5.88070000E+001
5.20000000 10.00000000 6.34880000E+001
5.20000000 10.10000000 6.84090000E+001
5.20000000 10.20000000 7.35760000E+001
5.20000000 10.30000000 7.89950000E+001
5.20000000 10.40000000 8.46720000E+001
5.20000000 10.50000000 9.06130000E+001
5.20000000 10.60000000 9.68240000E+001
5.20000000 10.70000000 1.03311000E+002
5.20000000 10.80000000 1.10080000E+002
5.20000000 10.90000000 1.17137000E+002
5.20000000 11.00000000 1.24488000E+002
5.30000000 1.00000000 -1.25343000E+002
5.30000000 1.10000000 -1.17992000E+002
5.30000000 1.20000000 -1.10935000E+002
5.30000000 1.30000000 -1.04166000E+002
5.30000000 1.40000000 -9.76790000E+001
5.30000000 1.50000000 -9.14680000E+001
5.30000000 1.60000000 -8.55270000E+001
5.30000000 1.70000000 -7.98500000E+001
5.30000000 1.80000000 -7.44310000E+001
5.30000000 1.90000000 -6.92640000E+001
5.30000000 2.00000000 -6.43430000E+001
5.30000000 2.10000000 -5.96620000E+001
5.30000000 2.20000000 -5.52150000E+001
5.30000000 2.30000000 -5.09960000E+001
5.30000000 2.40000000 -4.69990000E+001
5.30000000 2.50000000 -4.32180000E+001
5.30000000 2.60000000 -3.96470000E+001
5.30000000 2.70000000 -3.62800000E+001
5.30000000 2.80000000 -3.31110000E+001
5.30000000 2.90000000 -3.01340000E+001
5.30000000 3.00000000 -2.73430000E+001
5.30000000 3.10000000 -2.47320000E+001
5.30000000 3.20000000 -2.22950000E+001
5.30000000 3.30000000 -2.00260000E+001
5.30000000 3.40000000 -1.79190000E+001
5.30000000 3.50000000 -1.59680000E+001
5.30000000 3.60000000 -1.41670000E+001
5.30000000 3.70000000 -1.25100000E+001
5.30000000 3.80000000 -1.09910000E+001
5.30000000 3.90000000 -9.60400000E+000
5.30000000 4.00000000 -8.34300000E+000
5.30000000 4.10000000 -7.20200000E+000
5.30000000 4.20000000 -6.17500000E+000
5.30000000 4.30000000 -5.25600000E+000
5.30000000 4.40000000 -4.43900000E+000
5.30000000 4.50000000 -3.71800000E+000
5.30000000 4.60000000 -3.08700000E+000
5.30000000 4.70000000 -2.54000000E+000
5.30000000 4.80000000 -2.07100000E+000
5.30000000 4.90000000 -1.67400000E+000
5.30000000 5.00000000 -1.34300000E+000
5.30000000 5.10000000 -1.07200000E+000
5.30000000 5.20000000 -8.55000000E-001
5.30000000 5.30000000 -6.86000000E-001
5.30000000 5.40000000 -5.59000000E-001
5.30000000 5.50000000 -4.68000000E-001
5.30000000 5.60000000 -4.07000000E-001
5.30000000 5.70000000 -3.70000000E-001
5.30000000 5.80000000 -3.51000000E-001
5.30000000 5.90000000 -3.44000000E-001
5.30000000 6.00000000 -3.43000000E-001
5.30000000 6.10000000 -3.42000000E-001
5.30000000 6.20000000 -3.35000000E-001
5.30000000 6.30000000 -3.16000000E-001
5.30000000 6.40000000 -2.79000000E-001
5.30000000 6.50000000 -2.18000000E-001
5.30000000 6.60000000 -1.27000000E-001
5.30000000 6.70000000 7.77156117E-016
5.30000000 6.80000000 1.69000000E-001
5.30000000 6.90000000 3.86000000E-001
5.30000000 7.00000000 6.57000000E-001
5.30000000 7.10000000 9.88000000E-001
5.30000000 7.20000000 1.38500000E+000
5.30000000 7.30000000 1.85400000E+000
5.30000000 7.40000000 2.40100000E+000
5.30000000 7.50000000 3.03200000E+000
5.30000000 7.60000000 3.75300000E+000
5.30000000 7.70000000 4.57000000E+000
5.30000000 7.80000000 5.48900000E+000
5.30000000 7.90000000 6.51600000E+000
5.30000000 8.00000000 7.65700000E+000
5.30000000 8.10000000 8.91800000E+000
5.30000000 8.20000000 1.03050000E+001
5.30000000 8.30000000 1.18240000E+001
5.30000000 8.40000000 1.34810000E+001
5.30000000 8.50000000 1.52820000E+001
5.30000000 8.60000000 1.72330000E+001
5.30000000 8.70000000 1.93400000E+001
5.30000000 8.80000000 2.16090000E+001
5.30000000 8.90000000 2.40460000E+001
5.30000000 9.00000000 2.66570000E+001
5.30000000 9.10000000 2.94480000E+001
5.30000000 9.20000000 3.24250000E+001
5.30000000 9.30000000 3.55940000E+001
5.30000000 9.40000000 3.89610000E+001
5.30000000 9.50000000 4.25320000E+001
5.30000000 9.60000000 4.63130000E+001
5.30000000 9.70000000 5.03100000E+001
5.30000000 9.80000000 5.45290000E+001
5.30000000 9.90000000 5.89760000E+001
5.30000000 10.00000000 6.36570000E+001
5.30000000 10.10000000 6.85780000E+001
5.30000000 10.20000000 7.37450000E+001
5.30000000 10.30000000 7.91640000E+001
5.30000000 10.40000000 8.48410000E+001
5.30000000 10.50000000 9.07820000E+001
5.30000000 10.60000000 9.69930000E+001
5.30000000 10.70000000 1.03480000E+002
5.30000000 10.80000000 1.10249000E+002
5.30000000 10.90000000 1.17306000E+002
5.30000000 11.00000000 1.24657000E+002
5.40000000 1.00000000 -1.25216000E+002
5.40000000 1.10000000 -1.17865000E+002
5.40000000 1.20000000 -1.10808000E+002
5.40000000 1.30000000 -1.04039000E+002
5.40000000 1.40000000 -9.75520000E+001
5.40000000 1.50000000 -9.13410000E+001
5.40000000 1.60000000 -8.54000000E+001
5.40000000 1.70000000 -7.97230000E+001
5.40000000 1.80000000 -7.43040000E+001
5.40000000 1.90000000 -6.91370000E+001
5.40000000 2.00000000 -6.42160000E+001
5.40000000 2.10000000 -5.95350000E+001
5.40000000 2.20000000 -5.50880000E+001
5.40000000 2.30000000 -5.08690000E+001
5.40000000 2.40000000 -4.68720000E+001
5.40000000 2.50000000 -4.30910000E+001
5.40000000 2.60000000 -3.95200000E+001
5.40000000 2.70000000 -3.61530000E+001
5.40000000 2.80000000 -3.29840000E+001
5.40000000 2.90000000 -3.00070000E+001
5.40000000 3.00000000 -2.72160000E+001
5.40000000 3.10000000 -2.46050000E+001
5.40000000 3.20000000 -2.21680000E+001
5.40000000 3.30000000 -1.98990000E+001
5.40000000 3.40000000 -1.77920000E+001
5.40000000 3.50000000 -1.58410000E+001
5.40000000 3.60000000 -1.40400000E+001
5.40000000 3.70000000 -1.23830000E+001
5.40000000 3.80000000 -1.08640000E+001
5.40000000 3.90000000 -9.47700000E+000
5.40000000 4.00000000 -8.21600000E+000
5.40000000 4.10000000 -7.07500000E+000
5.40000000 4.20000000 -6.04800000E+000
5.40000000 4.30000000 -5.12900000E+000
5.40000000 4.40000000 -4.31200000E+000
5.40000000 4.50000000 -3.59100000E+000
5.40000000 4.60000000 -2.96000000E+000
5.40000000 4.70000000 -2.41300000E+000
5.40000000 4.80000000 -1.94400000E+000
5.40000000 4.90000000 -1.54700000E+000
5.40000000 5.00000000 -1.21600000E+000
5.40000000 5.10000000 -9.45000000E-001
5.40000000 5.20000000 -7.28000000E-001
5.40000000 5.30000000 -5.59000000E-001
5.40000000 5.40000000 -4.32000000E-001
5.40000000 5.50000000 -3.41000000E-001
5.40000000 5.60000000 -2.80000000E-001
5.40000000 5.70000000 -2.43000000E-001
5.40000000 5.80000000 -2.24000000E-001
5.40000000 5.90000000 -2.17000000E-001
5.40000000 6.00000000 -2.16000000E-001
5.40000000 6.10000000 -2.15000000E-001
5.40000000 6.20000000 -2.08000000E-001
5.40000000 6.30000000 -1.89000000E-001
5.40000000 6.40000000 -1.52000000E-001
5.40000000 6.50000000 -9.10000000E-002
5.40000000 6.60000000 6.03683770E-016
5.40000000 6.70000000 1.27000000E-001
5.40000000 6.80000000 2.96000000E-001
5.40000000 6.90000000 5.13000000E-001
5.40000000 7.00000000 7.84000000E-001
5.40000000 7.10000000 1.11500000E+000
5.40000000 7.20000000 1.51200000E+000
5.40000000 7.30000000 1.98100000E+000
5.40000000 7.40000000 2.52800000E+000
5.40000000 7.50000000 3.15900000E+000
5.40000000 7.60000000 3.88000000E+000
5.40000000 7.70000000 4.69700000E+000
5.40000000 7.80000000 5.61600000E+000
5.40000000 7.90000000 6.64300000E+000
5.40000000 8.00000000 7.78400000E+000
5.40000000 8.10000000 9.04500000E+000
5.40000000 8.20000000 1.04320000E+001
5.40000000 8.30000000 1.19510000E+001
5.40000000 8.40000000 1.36080000E+001
5.40000000 8.50000000 1.54090000E+001
5.40000000 8.60000000 1.73600000E+001
5.40000000 8.70000000 1.94670000E+001
5.40000000 8.80000000 2.17360000E+001
5.40000000 8.90000000 2.41730000E+001
5.40000000 9.00000000 2.67840000E+001
5.40000000 9.10000000 2.95750000E+001
5.40000000 9.20000000 3.25520000E+001
5.40000000 9.30000000 3.57210000E+001
5.40000000 9.40000000 3.90880000E+001
5.40000000 9.50000000 4.26590000E+001
5.40000000 9.60000000 4.64400000E+001
5.40000000 9.70000000 5.04370000E+001
5.40000000 9.80000000 5.46560000E+001
5.40000000 9.90000000 5.91030000E+001
5.40000000 10.00000000 6.37840000E+001
5.40000000 10.10000000 6.87050000E+001
5.40000000 10.20000000 7.38720000E+001
5.40000000 10.30000000 7.92910000E+001
5.40000000 10.40000000 8.49680000E+001
5.40000000 10.50000000 9.09090000E+001
5.40000000 10.60000000 9.71200000E+001
5.40000000 10.70000000 1.03607000E+002
5.40000000 10.80000000 1.10376000E+002
5.40000000 10.90000000 1.17433000E+002
5.40000000 11.00000000 1.24784000E+002
5.50000000 1.00000000 -1.25125000E+002
5.50000000 1.10000000 -1.17774000E+002
5.50000000 1.20000000 -1.10717000E+002
5.50000000 1.30000000 -1.03948000E+002
5.50000000 1.40000000 -9.74610000E+001
5.50000000 1.50000000 -9.12500000E+001
5.50000000 1.60000000 -8.53090000E+001
5.50000000 1.70000000 -7.96320000E+001
5.50000000 1.80000000 -7.42130000E+001
5.50000000 1.90000000 -6.90460000E+001
5.50000000 2.00000000 -6.41250000E+001
5.50000000 2.10000000 -5.94440000E+001
5.50000000 2.20000000 -5.49970000E+001
5.50000000 2.30000000 -5.07780000E+001
5.50000000 2.40000000 -4.67810000E+001
5.50000000 2.50000000 -4.30000000E+001
5.50000000 2.60000000 -3.94290000E+001
5.50000000 2.70000000 -3.60620000E+001
5.50000000 2.80000000 -3.28930000E+001
5.50000000 2.90000000 -2.99160000E+001
5.50000000 3.00000000 -2.71250000E+001
5.50000000 3.10000000 -2.45140000E+001
5.50000000 3.20000000 -2.20770000E+001
5.50000000 3.30000000 -1.98080000E+001
5.50000000 3.40000000 -1.77010000E+001
5.50000000 3.50000000 -1.57500000E+001
5.50000000 3.60000000 -1.39490000E+001
5.50000000 3.70000000 -1.22920000E+001
5.50000000 3.80000000 -1.07730000E+001
5.50000000 3.90000000 -9.38600000E+000
5.50000000 4.00000000 -8.12500000E+000
5.50000000 4.10000000 -6.98400000E+000
5.50000000 4.20000000 -5.95700000E+000
5.50000000 4.30000000 -5.03800000E+000
5.50000000 4.40000000 -4.22100000E+000
5.50000000 4.50000000 -3.50000000E+000
5.50000000 4.60000000 -2.86900000E+000
5.50000000 4.70000000 -2.32200000E+000
5.50000000 4.80000000 -1.85300000E+000
5.50000000 4.90000000 -1.45600000E+000
5.50000000 5.00000000 -1.12500000E+000
5.50000000 5.10000000 -8.54000000E-001
5.50000000 5.20000000 -6.37000000E-001
5.50000000 5.30000000 -4.68000000E-001
5.50000000 5.40000000 -3.41000000E-001
5.50000000 5.50000000 -2.50000000E-001
5.50000000 5.60000000 -1.89000000E-001
5.50000000 5.70000000 -1.52000000E-001
5.50000000 5.80000000 -1.33000000E-001
5.50000000 5.90000000 -1.26000000E-001
5.50000000 6.00000000 -1.25000000E-001
5.50000000 6.10000000 -1.24000000E-001
5.50000000 6.20000000 -1.17000000E-001
5.50000000 6.30000000 -9.80000000E-002
5.50000000 6.40000000 -6.10000000E-002
5.50000000 6.50000000 4.23272528E-016
5.50000000 6.60000000 9.10000000E-002
5.50000000 6.70000000 2.18000000E-001
5.50000000 6.80000000 3.87000000E-001
5.50000000 6.90000000 6.04000000E-001
5.50000000 7.00000000 8.75000000E-001
5.50000000 7.10000000 1.20600000E+000
5.50000000 7.20000000 1.60300000E+000
5.50000000 7.30000000 2.07200000E+000
5.50000000 7.40000000 2.61900000E+000
5.50000000 7.50000000 3.25000000E+000
5.50000000 7.60000000 3.97100000E+000
5.50000000 7.70000000 4.78800000E+000
5.50000000 7.80000000 5.70700000E+000
5.50000000 7.90000000 6.73400000E+000
5.50000000 8.00000000 7.87500000E+000
5.50000000 8.10000000 9.13600000E+000
5.50000000 8.20000000 1.05230000E+001
5.50000000 8.30000000 1.20420000E+001
5.50000000 8.40000000 1.36990000E+001
5.50000000 8.50000000 1.55000000E+001
5.50000000 8.60000000 1.74510000E+001
5.50000000 8.70000000 1.95580000E+001
5.50000000 8.80000000 2.18270000E+001
5.50000000 8.90000000 2.42640000E+001
5.50000000 9.00000000 2.68750000E+001
5.50000000 9.10000000 2.96660000E+001
5.50000000 9.20000000 3.26430000E+001
5.50000000 9.30000000 3.58120000E+001
5.50000000 9.40000000 3.91790000E+001
5.50000000 9.50000000 4.27500000E+001
5.50000000 9.60000000 4.65310000E+001
5.50000000 9.70000000 5.05280000E+001
5.50000000 9.80000000 5.47470000E+001
5.50000000 9.90000000 5.91940000E+001
5.50000000 10.00000000 6.38750000E+001
5.50000000 10.10000000 6.87960000E+001
5.50000000 10.20000000 7.39630000E+001
5.50000000 10.30000000 7.93820000E+001
5.50000000 10.40000000 8.50590000E+001
5.50000000 10.50000000 9.10000000E+001
5.50000000 10.60000000 9.72110000E+001
5.50000000 10.70000000 1.03698000E+002
5.50000000 10.80000000 1.10467000E+002
5.50000000 10.90000000 1.17524000E+002
5.50000000 11.00000000 1.24875000E+002
5.60000000 1.00000000 -1.25064000E+002
5.60000000 1.10000000 -1.17713000E+002
5.60000000 1.20000000 -1.10656000E+002
5.60000000 1.30000000 -1.03887000E+002
5.60000000 1.40000000 -9.74000000E+001
5.60000000 1.50000000 -9.11890000E+001
5.60000000 1.60000000 -8.52480000E+001
5.60000000 1.70000000 -7.95710000E+001
5.60000000 1.80000000 -7.41520000E+001
5.60000000 1.90000000 -6.89850000E+001
5.60000000 2.00000000 -6.40640000E+001
5.60000000 2.10000000 -5.93830000E+001
5.60000000 2.20000000 -5.49360000E+001
5.60000000 2.30000000 -5.07170000E+001
5.60000000 2.40000000 -4.67200000E+001
5.60000000 2.50000000 -4.29390000E+001
5.60000000 2.60000000 -3.93680000E+001
5.60000000 2.70000000 -3.60010000E+001
5.60000000 2.80000000 -3.28320000E+001
5.60000000 2.90000000 -2.98550000E+001
5.60000000 3.00000000 -2.70640000E+001
5.60000000 3.10000000 -2.44530000E+001
5.60000000 3.20000000 -2.20160000E+001
5.60000000 3.30000000 -1.97470000E+001
5.60000000 3.40000000 -1.76400000E+001
5.60000000 3.50000000 -1.56890000E+001
5.60000000 3.60000000 -1.38880000E+001
5.60000000 3.70000000 -1.22310000E+001
5.60000000 3.80000000 -1.07120000E+001
5.60000000 3.90000000 -9.32500000E+000
5.60000000 4.00000000 -8.06400000E+000
5.60000000 4.10000000 -6.92300000E+000
5.60000000 4.20000000 -5.89600000E+000
5.60000000 4.30000000 -4.97700000E+000
5.60000000 4.40000000 -4.16000000E+000
5.60000000 4.50000000 -3.43900000E+000
5.60000000 4.60000000 -2.80800000E+000
5.60000000 4.70000000 -2.26100000E+000
5.60000000 4.80000000 -1.79200000E+000
5.60000000 4.90000000 -1.39500000E+000
5.60000000 5.00000000 -1.06400000E+000
5.60000000 5.10000000 -7.93000000E-001
5.60000000 5.20000000 -5.76000000E-001
5.60000000 5.30000000 -4.07000000E-001
5.60000000 5.40000000 -2.80000000E-001
5.60000000 5.50000000 -1.89000000E-001
5.60000000 5.60000000 -1.28000000E-001
5.60000000 5.70000000 -9.10000000E-002
5.60000000 5.80000000 -7.20000000E-002
5.60000000 5.90000000 -6.50000000E-002
5.60000000 6.00000000 -6.40000000E-002
5.60000000 6.10000000 -6.30000000E-002
5.60000000 6.20000000 -5.60000000E-002
5.60000000 6.30000000 -3.70000000E-002
5.60000000 6.40000000 2.81025203E-016
5.60000000 6.50000000 6.10000000E-002
5.60000000 6.60000000 1.52000000E-001
5.60000000 6.70000000 2.79000000E-001
5.60000000 6.80000000 4.48000000E-001
5.60000000 6.90000000 6.65000000E-001
5.60000000 7.00000000 9.36000000E-001
5.60000000 7.10000000 1.26700000E+000
5.60000000 7.20000000 1.66400000E+000
5.60000000 7.30000000 2.13300000E+000
5.60000000 7.40000000 2.68000000E+000
5.60000000 7.50000000 3.31100000E+000
5.60000000 7.60000000 4.03200000E+000
5.60000000 7.70000000 4.84900000E+000
5.60000000 7.80000000 5.76800000E+000
5.60000000 7.90000000 6.79500000E+000
5.60000000 8.00000000 7.93600000E+000
5.60000000 8.10000000 9.19700000E+000
5.60000000 8.20000000 1.05840000E+001
5.60000000 8.30000000 1.21030000E+001
5.60000000 8.40000000 1.37600000E+001
5.60000000 8.50000000 1.55610000E+001
5.60000000 8.60000000 1.75120000E+001
5.60000000 8.70000000 1.96190000E+001
5.60000000 8.80000000 2.18880000E+001
5.60000000 8.90000000 2.43250000E+001
5.60000000 9.00000000 2.69360000E+001
5.60000000 9.10000000 2.97270000E+001
5.60000000 9.20000000 3.27040000E+001
5.60000000 9.30000000 3.58730000E+001
5.60000000 9.40000000 3.92400000E+001
5.60000000 9.50000000 4.28110000E+001
5.60000000 9.60000000 4.65920000E+001
5.60000000 9.70000000 5.05890000E+001
5.60000000 9.80000000 5.48080000E+001
5.60000000 9.90000000 5.92550000E+001
5.60000000 10.00000000 6.39360000E+001
5.60000000 10.10000000 6.88570000E+001
5.60000000 10.20000000 7.40240000E+001
5.60000000 10.30000000 7.94430000E+001
5.60000000 10.40000000 8.51200000E+001
5.60000000 10.50000000 9.10610000E+001
5.60000000 10.60000000 9.72720000E+001
5.60000000 10.70000000 1.03759000E+002
5.60000000 10.80000000 1.10528000E+002
5.60000000 10.90000000 1.17585000E+002
5.60000000 11.00000000 1.24936000E+002
5.70000000 1.00000000 -1.25027000E+002
5.70000000 1.10000000 -1.17676000E+002
5.70000000 1.20000000 -1.10619000E+002
5.70000000 1.30000000 -1.03850000E+002
5.70000000 1.40000000 -9.73630000E+001
5.70000000 1.50000000 -9.11520000E+001
5.70000000 1.60000000 -8.52110000E+001
5.70000000 1.70000000 -7.95340000E+001
5.70000000 1.80000000 -7.41150000E+001
5.70000000 1.90000000 -6.89480000E+001
5.70000000 2.00000000 -6.40270000E+001
5.70000000 2.10000000 -5.93460000E+001
5.70000000 2.20000000 -5.48990000E+001
5.70000000 2.30000000 -5.06800000E+001
5.70000000 2.40000000 -4.66830000E+001
5.70000000 2.50000000 -4.29020000E+001
5.70000000 2.60000000 -3.93310000E+001
5.70000000 2.70000000 -3.59640000E+001
5.70000000 2.80000000 -3.27950000E+001
5.70000000 2.90000000 -2.98180000E+001
5.70000000 3.00000000 -2.70270000E+001
5.70000000 3.10000000 -2.44160000E+001
5.70000000 3.20000000 -2.19790000E+001
5.70000000 3.30000000 -1.97100000E+001
5.70000000 3.40000000 -1.76030000E+001
5.70000000 3.50000000 -1.56520000E+001
5.70000000 3.60000000 -1.38510000E+001
5.70000000 3.70000000 -1.21940000E+001
5.70000000 3.80000000 -1.06750000E+001
5.70000000 3.90000000 -9.28800000E+000
5.70000000 4.00000000 -8.02700000E+000
5.70000000 4.10000000 -6.88600000E+000
5.70000000 4.20000000 -5.85900000E+000
5.70000000 4.30000000 -4.94000000E+000
5.70000000 4.40000000 -4.12300000E+000
5.70000000 4.50000000 -3.40200000E+000
5.70000000 4.60000000 -2.77100000E+000
5.70000000 4.70000000 -2.22400000E+000
5.70000000 4.80000000 -1.75500000E+000
5.70000000 4.90000000 -1.35800000E+000
5.70000000 5.00000000 -1.02700000E+000
5.70000000 5.10000000 -7.56000000E-001
5.70000000 5.20000000 -5.39000000E-001
5.70000000 5.30000000 -3.70000000E-001
5.70000000 5.40000000 -2.43000000E-001
5.70000000 5.50000000 -1.52000000E-001
5.70000000 5.60000000 -9.10000000E-002
5.70000000 5.70000000 -5.40000000E-002
5.70000000 5.80000000 -3.50000000E-002
5.70000000 5.90000000 -2.80000000E-002
5.70000000 6.00000000 -2.70000000E-002
5.70000000 6.10000000 -2.60000000E-002
5.70000000 6.20000000 -1.90000000E-002
5.70000000 6.30000000 1.74339709E-016
5.70000000 6.40000000 3.70000000E-002
5.70000000 6.50000000 9.80000000E-002
5.70000000 6.60000000 1.89000000E-001
5.70000000 6.70000000 3.16000000E-001
5.70000000 6.80000000 4.85000000E-001
5.70000000 6.90000000 7.02000000E-001
5.70000000 7.00000000 9.73000000E-001
5.70000000 7.10000000 1.30400000E+000
5.70000000 7.20000000 1.70100000E+000
5.70000000 7.30000000 2.17000000E+000
5.70000000 7.40000000 2.71700000E+000
5.70000000 7.50000000 3.34800000E+000
5.70000000 7.60000000 4.06900000E+000
5.70000000 7.70000000 4.88600000E+000
5.70000000 7.80000000 5.80500000E+000
5.70000000 7.90000000 6.83200000E+000
5.70000000 8.00000000 7.97300000E+000
5.70000000 8.10000000 9.23400000E+000
5.70000000 8.20000000 1.06210000E+001
5.70000000 8.30000000 1.21400000E+001
5.70000000 8.40000000 1.37970000E+001
5.70000000 8.50000000 1.55980000E+001
5.70000000 8.60000000 1.75490000E+001
5.70000000 8.70000000 1.96560000E+001
5.70000000 8.80000000 2.19250000E+001
5.70000000 8.90000000 2.43620000E+001
5.70000000 9.00000000 2.69730000E+001
5.70000000 9.10000000 2.97640000E+001
5.70000000 9.20000000 3.27410000E+001
5.70000000 9.30000000 3.59100000E+001
5.70000000 9.40000000 3.92770000E+001
5.70000000 9.50000000 4.28480000E+001
5.70000000 9.60000000 4.66290000E+001
5.70000000 9.70000000 5.06260000E+001
5.70000000 9.80000000 5.48450000E+001
5.70000000 9.90000000 5.92920000E+001
5.70000000 10.00000000 6.39730000E+001
5.70000000 10.10000000 6.88940000E+001
5.70000000 10.20000000 7.40610000E+001
5.70000000 10.30000000 7.94800000E+001
5.70000000 10.40000000 8.51570000E+001
5.70000000 10.50000000 9.10980000E+001
5.70000000 10.60000000 9.73090000E+001
5.70000000 10.70000000 1.03796000E+002
5.70000000 10.80000000 1.10565000E+002
5.70000000 10.90000000 1.17622000E+002
5.70000000 11.00000000 1.24973000E+002
5.80000000 1.00000000 -1.25008000E+002
5.80000000 1.10000000 -1.17657000E+002
5.80000000 1.20000000 -1.10600000E+002
5.80000000 1.30000000 -1.03831000E+002
5.80000000 1.40000000 -9.73440000E+001
5.80000000 1.50000000 -9.11330000E+001
5.80000000 1.60000000 -8.51920000E+001
5.80000000 1.70000000 -7.95150000E+001
5.80000000 1.80000000 -7.40960000E+001
5.80000000 1.90000000 -6.89290000E+001
5.80000000 2.00000000 -6.40080000E+001
5.80000000 2.10000000 -5.93270000E+001
5.80000000 2.20000000 -5.48800000E+001
5.80000000 2.30000000 -5.06610000E+001
5.80000000 2.40000000 -4.66640000E+001
5.80000000 2.50000000 -4.28830000E+001
5.80000000 2.60000000 -3.93120000E+001
5.80000000 2.70000000 -3.59450000E+001
5.80000000 2.80000000 -3.27760000E+001
5.80000000 2.90000000 -2.97990000E+001
5.80000000 3.00000000 -2.70080000E+001
5.80000000 3.10000000 -2.43970000E+001
5.80000000 3.20000000 -2.19600000E+001
5.80000000 3.30000000 -1.96910000E+001
5.80000000 3.40000000 -1.75840000E+001
5.80000000 3.50000000 -1.56330000E+001
5.80000000 3.60000000 -1.38320000E+001
5.80000000 3.70000000 -1.21750000E+001
5.80000000 3.80000000 -1.06560000E+001
5.80000000 3.90000000 -9.26900000E+000
5.80000000 4.00000000 -8.00800000E+000
5.80000000 4.10000000 -6.86700000E+000
5.80000000 4.20000000 -5.84000000E+000
5.80000000 4.30000000 -4.92100000E+000
5.80000000 4.40000000 -4.10400000E+000
5.80000000 4.50000000 -3.38300000E+000
5.80000000 4.60000000 -2.75200000E+000
5.80000000 4.70000000 -2.20500000E+000
5.80000000 4.80000000 -1.73600000E+000
5.80000000 4.90000000 -1.33900000E+000
5.80000000 5.00000000 -1.00800000E+000
5.80000000 5.10000000 -7.37000000E-001
5.80000000 5.20000000 -5.20000000E-001
5.80000000 5.30000000 -3.51000000E-001
5.80000000 5.40000000 -2.24000000E-001
5.80000000 5.50000000 -1.33000000E-001
5.80000000 5.60000000 -7.20000000E-002
5.80000000 5.70000000 -3.50000000E-002
5.80000000 5.80000000 -1.60000000E-002
5.80000000 5.90000000 -9.00000000E-003
5.80000000 6.00000000 -8.00000000E-003
5.80000000 6.10000000 -7.00000000E-003
5.80000000 6.20000000 1.75640752E-017
5.80000000 6.30000000 1.90000000E-002
5.80000000 6.40000000 5.60000000E-002
5.80000000 6.50000000 1.17000000E-001
5.80000000 6.60000000 2.08000000E-001
5.80000000 6.70000000 3.35000000E-001
5.80000000 6.80000000 5.04000000E-001
5.80000000 6.90000000 7.21000000E-001
5.80000000 7.00000000 9.92000000E-001
5.80000000 7.10000000 1.32300000E+000
5.80000000 7.20000000 1.72000000E+000
5.80000000 7.30000000 2.18900000E+000
5.80000000 7.40000000 2.73600000E+000
5.80000000 7.50000000 3.36700000E+000
5.80000000 7.60000000 4.08800000E+000
5.80000000 7.70000000 4.90500000E+000
5.80000000 7.80000000 5.82400000E+000
5.80000000 7.90000000 6.85100000E+000
5.80000000 8.00000000 7.99200000E+000
5.80000000 8.10000000 9.25300000E+000
5.80000000 8.20000000 1.06400000E+001
5.80000000 8.30000000 1.21590000E+001
5.80000000 8.40000000 1.38160000E+001
5.80000000 8.50000000 1.56170000E+001
5.80000000 8.60000000 1.75680000E+001
5.80000000 8.70000000 1.96750000E+001
5.80000000 8.80000000 2.19440000E+001
5.80000000 8.90000000 2.43810000E+001
5.80000000 9.00000000 2.69920000E+001
5.80000000 9.10000000 2.97830000E+001
5.80000000 9.20000000 3.27600000E+001
5.80000000 9.30000000 3.59290000E+001
5.80000000 9.40000000 3.92960000E+001
5.80000000 9.50000000 4.28670000E+001
5.80000000 9.60000000 4.66480000E+001
5.80000000 9.70000000 5.06450000E+001
5.80000000 9.80000000 5.48640000E+001
5.80000000 9.90000000 5.93110000E+001
5.80000000 10.00000000 6.39920000E+001
5.80000000 10.10000000 6.89130000E+001
5.80000000 10.20000000 7.40800000E+001
5.80000000 10.30000000 7.94990000E+001
5.80000000 10.40000000 8.51760000E+001
5.80000000 10.50000000 9.11170000E+001
5.80000000 10.60000000 9.73280000E+001
5.80000000 10.70000000 1.03815000E+002
5.80000000 10.80000000 1.10584000E+002
5.80000000 10.90000000 1.17641000E+002
5.80000000 11.00000000 1.24992000E+002
5.90000000 1.00000000 -1.25001000E+002
5.90000000 1.10000000 -1.17650000E+002
5.90000000 1.20000000 -1.10593000E+002
5.90000000 1.30000000 -1.03824000E+002
5.90000000 1.40000000 -9.73370000E+001
5.90000000 1.50000000 -9.11260000E+001
5.90000000 1.60000000 -8.51850000E+001
5.90000000 1.70000000 -7.95080000E+001
5.90000000 1.80000000 -7.40890000E+001
5.90000000 1.90000000 -6.89220000E+001
5.90000000 2.00000000 -6.40010000E+001
5.90000000 2.10000000 -5.93200000E+001
5.90000000 2.20000000 -5.48730000E+001
5.90000000 2.30000000 -5.06540000E+001
5.90000000 2.40000000 -4.66570000E+001
5.90000000 2.50000000 -4.28760000E+001
5.90000000 2.60000000 -3.93050000E+001
5.90000000 2.70000000 -3.59380000E+001
5.90000000 2.80000000 -3.27690000E+001
5.90000000 2.90000000 -2.97920000E+001
5.90000000 3.00000000 -2.70010000E+001
5.90000000 3.10000000 -2.43900000E+001
5.90000000 3.20000000 -2.19530000E+001
5.90000000 3.30000000 -1.96840000E+001
5.90000000 3.40000000 -1.75770000E+001
5.90000000 3.50000000 -1.56260000E+001
5.90000000 3.60000000 -1.38250000E+001
5.90000000 3.70000000 -1.21680000E+001
5.90000000 3.80000000 -1.06490000E+001
5.90000000 3.90000000 -9.26200000E+000
5.90000000 4.00000000 -8.00100000E+000
5.90000000 4.10000000 -6.86000000E+000
5.90000000 4.20000000 -5.83300000E+000
5.90000000 4.30000000 -4.91400000E+000
5.90000000 4.40000000 -4.09700000E+000
5.90000000 4.50000000 -3.37600000E+000
5.90000000 4.60000000 -2.74500000E+000
5.90000000 4.70000000 -2.19800000E+000
5.90000000 4.80000000 -1.72900000E+000
5.90000000 4.90000000 -1.33200000E+000
5.90000000 5.00000000 -1.00100000E+000
5.90000000 5.10000000 -7.30000000E-001
5.90000000 5.20000000 -5.13000000E-001
5.90000000 5.30000000 -3.44000000E-001
5.90000000 5.40000000 -2.17000000E-001
5.90000000 5.50000000 -1.26000000E-001
5.90000000 5.60000000 -6.50000000E-002
5.90000000 5.70000000 -2.80000000E-002
5.90000000 5.80000000 -9.00000000E-003
5.90000000 5.90000000 -2.00000000E-003
5.90000000 6.00000000 -1.00000000E-003
5.90000000 6.10000000 1.11130723E-017
5.90000000 6.20000000 7.00000000E-003
5.90000000 6.30000000 2.60000000E-002
5.90000000 6.40000000 6.30000000E-002
5.90000000 6.50000000 1.24000000E-001
5.90000000 6.60000000 2.15000000E-001
5.90000000 6.70000000 3.42000000E-001
5.90000000 6.80000000 5.11000000E-001
5.90000000 6.90000000 7.28000000E-001
5.90000000 7.00000000 9.99000000E-001
5.90000000 7.10000000 1.33000000E+000
5.90000000 7.20000000 1.72700000E+000
5.90000000 7.30000000 2.19600000E+000
5.90000000 7.40000000 2.74300000E+000
5.90000000 7.50000000 3.37400000E+000
5.90000000 7.60000000 4.09500000E+000
5.90000000 7.70000000 4.91200000E+000
5.90000000 7.80000000 5.83100000E+000
5.90000000 7.90000000 6.85800000E+000
5.90000000 8.00000000 7.99900000E+000
5.90000000 8.10000000 9.26000000E+000
5.90000000 8.20000000 1.06470000E+001
5.90000000 8.30000000 1.21660000E+001
5.90000000 8.40000000 1.38230000E+001
5.90000000 8.50000000 1.56240000E+001
5.90000000 8.60000000 1.75750000E+001
5.90000000 8.70000000 1.96820000E+001
5.90000000 8.80000000 2.19510000E+001
5.90000000 8.90000000 2.43880000E+001
5.90000000 9.00000000 2.69990000E+001
5.90000000 9.10000000 2.97900000E+001
5.90000000 9.20000000 3.27670000E+001
5.90000000 9.30000000 3.59360000E+001
5.90000000 9.40000000 3.93030000E+001
5.90000000 9.50000000 4.28740000E+001
5.90000000 9.60000000 4.66550000E+001
5.90000000 9.70000000 5.06520000E+001
5.90000000 9.80000000 5.48710000E+001
5.90000000 9.90000000 5.93180000E+001
5.90000000 10.00000000 6.39990000E+001
5.90000000 10.10000000 6.89200000E+001
5.90000000 10.20000000 7.40870000E+001
5.90000000 10.30000000 7.95060000E+001
5.90000000 10.40000000 8.51830000E+001
5.90000000 10.50000000 9.11240000E+001
5.90000000 10.60000000 9.73350000E+001
5.90000000 10.70000000 1.03822000E+002
5.90000000 10.80000000 1.10591000E+002
5.90000000 10.90000000 1.17648000E+002
5.90000000 11.00000000 1.24999000E+002
6.00000000 1.00000000 -1.25000000E+002
6.00000000 1.10000000 -1.17649000E+002
6.00000000 1.20000000 -1.10592000E+002
6.00000000 1.30000000 -1.03823000E+002
6.00000000 1.40000000 -9.73360000E+001
6.00000000 1.50000000 -9.11250000E+001
6.00000000 1.60000000 -8.51840000E+001
6.00000000 1.70000000 -7.95070000E+001
6.00000000 1.80000000 -7.40880000E+001
6.00000000 1.90000000 -6.89210000E+001
6.00000000 2.00000000 -6.40000000E+001
6.00000000 2.10000000 -5.93190000E+001
6.00000000 2.20000000 -5.48720000E+001
6.00000000 2.30000000 -5.06530000E+001
6.00000000 2.40000000 -4.66560000E+001
6.00000000 2.50000000 -4.28750000E+001
6.00000000 2.60000000 -3.93040000E+001
6.00000000 2.70000000 -3.59370000E+001
6.00000000 2.80000000 -3.27680000E+001
6.00000000 2.90000000 -2.97910000E+001
6.00000000 3.00000000 -2.70000000E+001
6.00000000 3.10000000 -2.43890000E+001
6.00000000 3.20000000 -2.19520000E+001
6.00000000 3.30000000 -1.96830000E+001
6.00000000 3.40000000 -1.75760000E+001
6.00000000 3.50000000 -1.56250000E+001
6.00000000 3.60000000 -1.38240000E+001
6.00000000 3.70000000 -1.21670000E+001
6.00000000 3.80000000 -1.06480000E+001
6.00000000 3.90000000 -9.26100000E+000
6.00000000 4.00000000 -8.00000000E+000
6.00000000 4.10000000 -6.85900000E+000
6.00000000 4.20000000 -5.83200000E+000
6.00000000 4.30000000 -4.91300000E+000
6.00000000 4.40000000 -4.09600000E+000
6.00000000 4.50000000 -3.37500000E+000
6.00000000 4.60000000 -2.74400000E+000
6.00000000 4.70000000 -2.19700000E+000
6.00000000 4.80000000 -1.72800000E+000
6.00000000 4.90000000 -1.33100000E+000
6.00000000 5.00000000 -1.00000000E+000
6.00000000 5.10000000 -7.29000000E-001
6.00000000 5.20000000 -5.12000000E-001
6.00000000 5.30000000 -3.43000000E-001
6.00000000 5.40000000 -2.16000000E-001
6.00000000 5.50000000 -1.25000000E-001
6.00000000 5.60000000 -6.40000000E-002
6.00000000 5.70000000 -2.70000000E-002
6.00000000 5.80000000 -8.00000000E-003
6.00000000 5.90000000 -1.00000000E-003
6.00000000 6.00000000 0.00000000E+000
6.00000000 6.10000000 1.00000000E-003
6.00000000 6.20000000 8.00000000E-003
6.00000000 6.30000000 2.70000000E-002
6.00000000 6.40000000 6.40000000E-002
6.00000000 6.50000000 1.25000000E-001
6.00000000 6.60000000 2.16000000E-001
6.00000000 6.70000000 3.43000000E-001
6.00000000 6.80000000 5.12000000E-001
6.00000000 6.90000000 7.29000000E-001
6.00000000 7.00000000 1.00000000E+000
6.00000000 7.10000000 1.33100000E+000
6.00000000 7.20000000 1.72800000E+000
6.00000000 7.30000000 2.19700000E+000
6.00000000 7.40000000 2.74400000E+000
6.00000000 7.50000000 3.37500000E+000
6.00000000 7.60000000 4.09600000E+000
6.00000000 7.70000000 4.91300000E+000
6.00000000 7.80000000 5.83200000E+000
6.00000000 7.90000000 6.85900000E+000
6.00000000 8.00000000 8.00000000E+000
6.00000000 8.10000000 9.26100000E+000
6.00000000 8.20000000 1.06480000E+001
6.00000000 8.30000000 1.21670000E+001
6.00000000 8.40000000 1.38240000E+001
6.00000000 8.50000000 1.56250000E+001
6.00000000 8.60000000 1.75760000E+001
6.00000000 8.70000000 1.96830000E+001
6.00000000 8.80000000 2.19520000E+001
6.00000000 8.90000000 2.43890000E+001
6.00000000 9.00000000 2.70000000E+001
6.00000000 9.10000000 2.97910000E+001
6.00000000 9.20000000 3.27680000E+001
6.00000000 9.30000000 3.59370000E+001
6.00000000 9.40000000 3.93040000E+001
6.00000000 9.50000000 4.28750000E+001
6.00000000 9.60000000 4.66560000E+001
6.00000000 9.70000000 5.06530000E+001
6.00000000 9.80000000 5.48720000E+001
6.00000000 9.90000000 5.93190000E+001
6.00000000 10.00000000 6.40000000E+001
6.00000000 10.10000000 6.89210000E+001
6.00000000 10.20000000 7.40880000E+001
6.00000000 10.30000000 7.95070000E+001
6.00000000 10.40000000 8.51840000E+001
6.00000000 10.50000000 9.11250000E+001
6.00000000 10.60000000 9.73360000E+001
6.00000000 10.70000000 1.03823000E+002
6.00000000 10.80000000 1.10592000E+002
6.00000000 10.90000000 1.17649000E+002
6.00000000 11.00000000 1.25000000E+002
6.10000000 1.00000000 -1.24999000E+002
6.10000000 1.10000000 -1.17648000E+002
6.10000000 1.20000000 -1.10591000E+002
6.10000000 1.30000000 -1.03822000E+002
6.10000000 1.40000000 -9.73350000E+001
6.10000000 1.50000000 -9.11240000E+001
6.10000000 1.60000000 -8.51830000E+001
6.10000000 1.70000000 -7.95060000E+001
6.10000000 1.80000000 -7.40870000E+001
6.10000000 1.90000000 -6.89200000E+001
6.10000000 2.00000000 -6.39990000E+001
6.10000000 2.10000000 -5.93180000E+001
6.10000000 2.20000000 -5.48710000E+001
6.10000000 2.30000000 -5.06520000E+001
6.10000000 2.40000000 -4.66550000E+001
6.10000000 2.50000000 -4.28740000E+001
6.10000000 2.60000000 -3.93030000E+001
6.10000000 2.70000000 -3.59360000E+001
6.10000000 2.80000000 -3.27670000E+001
6.10000000 2.90000000 -2.97900000E+001
6.10000000 3.00000000 -2.69990000E+001
6.10000000 3.10000000 -2.43880000E+001
6.10000000 3.20000000 -2.19510000E+001
6.10000000 3.30000000 -1.96820000E+001
6.10000000 3.40000000 -1.75750000E+001
6.10000000 3.50000000 -1.56240000E+001
6.10000000 3.60000000 -1.38230000E+001
6.10000000 3.70000000 -1.21660000E+001
6.10000000 3.80000000 -1.06470000E+001
6.10000000 3.90000000 -9.26000000E+000
6.10000000 4.00000000 -7.99900000E+000
6.10000000 4.10000000 -6.85800000E+000
6.10000000 4.20000000 -5.83100000E+000
6.10000000 4.30000000 -4.91200000E+000
6.10000000 4.40000000 -4.09500000E+000
6.10000000 4.50000000 -3.37400000E+000
6.10000000 4.60000000 -2.74300000E+000
6.10000000 4.70000000 -2.19600000E+000
6.10000000 4.80000000 -1.72700000E+000
6.10000000 4.90000000 -1.33000000E+000
6.10000000 5.00000000 -9.99000000E-001
6.10000000 5.10000000 -7.28000000E-001
6.10000000 5.20000000 -5.11000000E-001
6.10000000 5.30000000 -3.42000000E-001
6.10000000 5.40000000 -2.15000000E-001
6.10000000 5.50000000 -1.24000000E-001
6.10000000 5.60000000 -6.30000000E-002
6.10000000 5.70000000 -2.60000000E-002
6.10000000 5.80000000 -7.00000000E-003
6.10000000 5.90000000 -1.54498810E-017
6.10000000 6.00000000 1.00000000E-003
6.10000000 6.10000000 2.00000000E-003
6.10000000 6.20000000 9.00000000E-003
6.10000000 6.30000000 2.80000000E-002
6.10000000 6.40000000 6.50000000E-002
6.10000000 6.50000000 1.26000000E-001
6.10000000 6.60000000 2.17000000E-001
6.10000000 6.70000000 3.44000000E-001
6.10000000 6.80000000 5.13000000E-001
6.10000000 6.90000000 7.30000000E-001
6.10000000 7.00000000 1.00100000E+000
6.10000000 7.10000000 1.33200000E+000
6.10000000 7.20000000 1.72900000E+000
6.10000000 7.30000000 2.19800000E+000
6.10000000 7.40000000 2.74500000E+000
6.10000000 7.50000000 3.37600000E+000
6.10000000 7.60000000 4.09700000E+000
6.10000000 7.70000000 4.91400000E+000
6.10000000 7.80000000 5.83300000E+000
6.10000000 7.90000000 6.86000000E+000
6.10000000 8.00000000 8.00100000E+000
6.10000000 8.10000000 9.26200000E+000
6.10000000 8.20000000 1.06490000E+001
6.10000000 8.30000000 1.21680000E+001
6.10000000 8.40000000 1.38250000E+001
6.10000000 8.50000000 1.56260000E+001
6.10000000 8.60000000 1.75770000E+001
6.10000000 8.70000000 1.96840000E+001
6.10000000 8.80000000 2.19530000E+001
6.10000000 8.90000000 2.43900000E+001
6.10000000 9.00000000 2.70010000E+001
6.10000000 9.10000000 2.97920000E+001
6.10000000 9.20000000 3.27690000E+001
6.10000000 9.30000000 3.59380000E+001
6.10000000 9.40000000 3.93050000E+001
6.10000000 9.50000000 4.28760000E+001
6.10000000 9.60000000 4.66570000E+001
6.10000000 9.70000000 5.06540000E+001
6.10000000 9.80000000 5.48730000E+001
6.10000000 9.90000000 5.93200000E+001
6.10000000 10.00000000 6.40010000E+001
6.10000000 10.10000000 6.89220000E+001
6.10000000 10.20000000 7.40890000E+001
6.10000000 10.30000000 7.95080000E+001
6.10000000 10.40000000 8.51850000E+001
6.10000000 10.50000000 9.11260000E+001
6.10000000 10.60000000 9.73370000E+001
6.10000000 10.70000000 1.03824000E+002
6.10000000 10.80000000 1.10593000E+002
6.10000000 10.90000000 1.17650000E+002
6.10000000 11.00000000 1.25001000E+002
6.20000000 1.00000000 -1.24992000E+002
6.20000000 1.10000000 -1.17641000E+002
6.20000000 1.20000000 -1.10584000E+002
6.20000000 1.30000000 -1.03815000E+002
6.20000000 1.40000000 -9.73280000E+001
6.20000000 1.50000000 -9.11170000E+001
6.20000000 1.60000000 -8.51760000E+001
6.20000000 1.70000000 -7.94990000E+001
6.20000000 1.80000000 -7.40800000E+001
6.20000000 1.90000000 -6.89130000E+001
6.20000000 2.00000000 -6.39920000E+001
6.20000000 2.10000000 -5.93110000E+001
6.20000000 2.20000000 -5.48640000E+001
6.20000000 2.30000000 -5.06450000E+001
6.20000000 2.40000000 -4.66480000E+001
6.20000000 2.50000000 -4.28670000E+001
6.20000000 2.60000000 -3.92960000E+001
6.20000000 2.70000000 -3.59290000E+001
6.20000000 2.80000000 -3.27600000E+001
6.20000000 2.90000000 -2.97830000E+001
6.20000000 3.00000000 -2.69920000E+001
6.20000000 3.10000000 -2.43810000E+001
6.20000000 3.20000000 -2.19440000E+001
6.20000000 3.30000000 -1.96750000E+001
6.20000000 3.40000000 -1.75680000E+001
6.20000000 3.50000000 -1.56170000E+001
6.20000000 3.60000000 -1.38160000E+001
6.20000000 3.70000000 -1.21590000E+001
6.20000000 3.80000000 -1.06400000E+001
6.20000000 3.90000000 -9.25300000E+000
6.20000000 4.00000000 -7.99200000E+000
6.20000000 4.10000000 -6.85100000E+000
6.20000000 4.20000000 -5.82400000E+000
6.20000000 4.30000000 -4.90500000E+000
6.20000000 4.40000000 -4.08800000E+000
6.20000000 4.50000000 -3.36700000E+000
6.20000000 4.60000000 -2.73600000E+000
6.20000000 4.70000000 -2.18900000E+000
6.20000000 4.80000000 -1.72000000E+000
6.20000000 4.90000000 -1.32300000E+000
6.20000000 5.00000000 -9.92000000E-001
6.20000000 5.10000000 -7.21000000E-001
6.20000000 5.20000000 -5.04000000E-001
6.20000000 5.30000000 -3.35000000E-001
6.20000000 5.40000000 -2.08000000E-001
6.20000000 5.50000000 -1.17000000E-001
6.20000000 5.60000000 -5.60000000E-002
6.20000000 5.70000000 -1.90000000E-002
6.20000000 5.80000000 -3.46944695E-017
6.20000000 5.90000000 7.00000000E-003
6.20000000 6.00000000 8.00000000E-003
6.20000000 6.10000000 9.00000000E-003
6.20000000 6.20000000 1.60000000E-002
6.20000000 6.30000000 3.50000000E-002
6.20000000 6.40000000 7.20000000E-002
6.20000000 6.50000000 1.33000000E-001
6.20000000 6.60000000 2.24000000E-001
6.20000000 6.70000000 3.51000000E-001
6.20000000 6.80000000 5.20000000E-001
6.20000000 6.90000000 7.37000000E-001
6.20000000 7.00000000 1.00800000E+000
6.20000000 7.10000000 1.33900000E+000
6.20000000 7.20000000 1.73600000E+000
6.20000000 7.30000000 2.20500000E+000
6.20000000 7.40000000 2.75200000E+000
6.20000000 7.50000000 3.38300000E+000
6.20000000 7.60000000 4.10400000E+000
6.20000000 7.70000000 4.92100000E+000
6.20000000 7.80000000 5.84000000E+000
6.20000000 7.90000000 6.86700000E+000
6.20000000 8.00000000 8.00800000E+000
6.20000000 8.10000000 9.26900000E+000
6.20000000 8.20000000 1.06560000E+001
6.20000000 8.30000000 1.21750000E+001
6.20000000 8.40000000 1.38320000E+001
6.20000000 8.50000000 1.56330000E+001
6.20000000 8.60000000 1.75840000E+001
6.20000000 8.70000000 1.96910000E+001
6.20000000 8.80000000 2.19600000E+001
6.20000000 8.90000000 2.43970000E+001
6.20000000 9.00000000 2.70080000E+001
6.20000000 9.10000000 2.97990000E+001
6.20000000 9.20000000 3.27760000E+001
6.20000000 9.30000000 3.59450000E+001
6.20000000 9.40000000 3.93120000E+001
6.20000000 9.50000000 4.28830000E+001
6.20000000 9.60000000 4.66640000E+001
6.20000000 9.70000000 5.06610000E+001
6.20000000 9.80000000 5.48800000E+001
6.20000000 9.90000000 5.93270000E+001
6.20000000 10.00000000 6.40080000E+001
6.20000000 10.10000000 6.89290000E+001
6.20000000 10.20000000 7.40960000E+001
6.20000000 10.30000000 7.95150000E+001
6.20000000 10.40000000 8.51920000E+001
6.20000000 10.50000000 9.11330000E+001
6.20000000 10.60000000 9.73440000E+001
6.20000000 10.70000000 1.03831000E+002
6.20000000 10.80000000 1.10600000E+002
6.20000000 10.90000000 1.17657000E+002
6.20000000 11.00000000 1.25008000E+002
6.30000000 1.00000000 -1.24973000E+002
6.30000000 1.10000000 -1.17622000E+002
6.30000000 1.20000000 -1.10565000E+002
6.30000000 1.30000000 -1.03796000E+002
6.30000000 1.40000000 -9.73090000E+001
6.30000000 1.50000000 -9.10980000E+001
6.30000000 1.60000000 -8.51570000E+001
6.30000000 1.70000000 -7.94800000E+001
6.30000000 1.80000000 -7.40610000E+001
6.30000000 1.90000000 -6.88940000E+001
6.30000000 2.00000000 -6.39730000E+001
6.30000000 2.10000000 -5.92920000E+001
6.30000000 2.20000000 -5.48450000E+001
6.30000000 2.30000000 -5.06260000E+001
6.30000000 2.40000000 -4.66290000E+001
6.30000000 2.50000000 -4.28480000E+001
6.30000000 2.60000000 -3.92770000E+001
6.30000000 2.70000000 -3.59100000E+001
6.30000000 2.80000000 -3.27410000E+001
6.30000000 2.90000000 -2.97640000E+001
6.30000000 3.00000000 -2.69730000E+001
6.30000000 3.10000000 -2.43620000E+001
6.30000000 3.20000000 -2.19250000E+001
6.30000000 3.30000000 -1.96560000E+001
6.30000000 3.40000000 -1.75490000E+001
6.30000000 3.50000000 -1.55980000E+001
6.30000000 3.60000000 -1.37970000E+001
6.30000000 3.70000000 -1.21400000E+001
6.30000000 3.80000000 -1.06210000E+001
6.30000000 3.90000000 -9.23400000E+000
6.30000000 4.00000000 -7.97300000E+000
6.30000000 4.10000000 -6.83200000E+000
6.30000000 4.20000000 -5.80500000E+000
6.30000000 4.30000000 -4.88600000E+000
6.30000000 4.40000000 -4.06900000E+000
6.30000000 4.50000000 -3.34800000E+000
6.30000000 4.60000000 -2.71700000E+000
6.30000000 4.70000000 -2.17000000E+000
6.30000000 4.80000000 -1.70100000E+000
6.30000000 4.90000000 -1.30400000E+000
6.30000000 5.00000000 -9.73000000E-001
6.30000000 5.10000000 -7.02000000E-001
6.30000000 5.20000000 -4.85000000E-001
6.30000000 5.30000000 -3.16000000E-001
6.30000000 5.40000000 -1.89000000E-001
6.30000000 5.50000000 -9.80000000E-002
6.30000000 5.60000000 -3.70000000E-002
6.30000000 5.70000000 1.06685494E-016
6.30000000 5.80000000 1.90000000E-002
6.30000000 5.90000000 2.60000000E-002
6.30000000 6.00000000 2.70000000E-002
6.30000000 6.10000000 2.80000000E-002
6.30000000 6.20000000 3.50000000E-002
6.30000000 6.30000000 5.40000000E-002
6.30000000 6.40000000 9.10000000E-002
6.30000000 6.50000000 1.52000000E-001
6.30000000 6.60000000 2.43000000E-001
6.30000000 6.70000000 3.70000000E-001
6.30000000 6.80000000 5.39000000E-001
6.30000000 6.90000000 7.56000000E-001
6.30000000 7.00000000 1.02700000E+000
6.30000000 7.10000000 1.35800000E+000
6.30000000 7.20000000 1.75500000E+000
6.30000000 7.30000000 2.22400000E+000
6.30000000 7.40000000 2.77100000E+000
6.30000000 7.50000000 3.40200000E+000
6.30000000 7.60000000 4.12300000E+000
6.30000000 7.70000000 4.94000000E+000
6.30000000 7.80000000 5.85900000E+000
6.30000000 7.90000000 6.88600000E+000
6.30000000 8.00000000 8.02700000E+000
6.30000000 8.10000000 9.28800000E+000
6.30000000 8.20000000 1.06750000E+001
6.30000000 8.30000000 1.21940000E+001
6.30000000 8.40000000 1.38510000E+001
6.30000000 8.50000000 1.56520000E+001
6.30000000 8.60000000 1.76030000E+001
6.30000000 8.70000000 1.97100000E+001
6.30000000 8.80000000 2.19790000E+001
6.30000000 8.90000000 2.44160000E+001
6.30000000 9.00000000 2.70270000E+001
6.30000000 9.10000000 2.98180000E+001
6.30000000 9.20000000 3.27950000E+001
6.30000000 9.30000000 3.59640000E+001
6.30000000 9.40000000 3.93310000E+001
6.30000000 9.50000000 4.29020000E+001
6.30000000 9.60000000 4.66830000E+001
6.30000000 9.70000000 5.06800000E+001
6.30000000 9.80000000 5.48990000E+001
6.30000000 9.90000000 5.93460000E+001
6.30000000 10.00000000 6.40270000E+001
6.30000000 10.10000000 6.89480000E+001
6.30000000 10.20000000 7.41150000E+001
6.30000000 10.30000000 7.95340000E+001
6.30000000 10.40000000 8.52110000E+001
6.30000000 10.50000000 9.11520000E+001
6.30000000 10.60000000 9.73630000E+001
6.30000000 10.70000000 1.03850000E+002
6.30000000 10.80000000 1.10619000E+002
6.30000000 10.90000000 1.17676000E+002
6.30000000 11.00000000 1.25027000E+002
6.40000000 1.00000000 -1.24936000E+002
6.40000000 1.10000000 -1.17585000E+002
6.40000000 1.20000000 -1.10528000E+002
6.40000000 1.30000000 -1.03759000E+002
6.40000000 1.40000000 -9.72720000E+001
6.40000000 1.50000000 -9.10610000E+001
6.40000000 1.60000000 -8.51200000E+001
6.40000000 1.70000000 -7.94430000E+001
6.40000000 1.80000000 -7.40240000E+001
6.40000000 1.90000000 -6.88570000E+001
6.40000000 2.00000000 -6.39360000E+001
6.40000000 2.10000000 -5.92550000E+001
6.40000000 2.20000000 -5.48080000E+001
6.40000000 2.30000000 -5.05890000E+001
6.40000000 2.40000000 -4.65920000E+001
6.40000000 2.50000000 -4.28110000E+001
6.40000000 2.60000000 -3.92400000E+001
6.40000000 2.70000000 -3.58730000E+001
6.40000000 2.80000000 -3.27040000E+001
6.40000000 2.90000000 -2.97270000E+001
6.40000000 3.00000000 -2.69360000E+001
6.40000000 3.10000000 -2.43250000E+001
6.40000000 3.20000000 -2.18880000E+001
6.40000000 3.30000000 -1.96190000E+001
6.40000000 3.40000000 -1.75120000E+001
6.40000000 3.50000000 -1.55610000E+001
6.40000000 3.60000000 -1.37600000E+001
6.40000000 3.70000000 -1.21030000E+001
6.40000000 3.80000000 -1.05840000E+001
6.40000000 3.90000000 -9.19700000E+000
6.40000000 4.00000000 -7.93600000E+000
6.40000000 4.10000000 -6.79500000E+000
6.40000000 4.20000000 -5.76800000E+000
6.40000000 4.30000000 -4.84900000E+000
6.40000000 4.40000000 -4.03200000E+000
6.40000000 4.50000000 -3.31100000E+000
6.40000000 4.60000000 -2.68000000E+000
6.40000000 4.70000000 -2.13300000E+000
6.40000000 4.80000000 -1.66400000E+000
6.40000000 4.90000000 -1.26700000E+000
6.40000000 5.00000000 -9.36000000E-001
6.40000000 5.10000000 -6.65000000E-001
6.40000000 5.20000000 -4.48000000E-001
6.40000000 5.30000000 -2.79000000E-001
6.40000000 5.40000000 -1.52000000E-001
6.40000000 5.50000000 -6.10000000E-002
6.40000000 5.60000000 2.13370988E-016
6.40000000 5.70000000 3.70000000E-002
6.40000000 5.80000000 5.60000000E-002
6.40000000 5.90000000 6.30000000E-002
6.40000000 6.00000000 6.40000000E-002
6.40000000 6.10000000 6.50000000E-002
6.40000000 6.20000000 7.20000000E-002
6.40000000 6.30000000 9.10000000E-002
6.40000000 6.40000000 1.28000000E-001
6.40000000 6.50000000 1.89000000E-001
6.40000000 6.60000000 2.80000000E-001
6.40000000 6.70000000 4.07000000E-001
6.40000000 6.80000000 5.76000000E-001
6.40000000 6.90000000 7.93000000E-001
6.40000000 7.00000000 1.06400000E+000
6.40000000 7.10000000 1.39500000E+000
6.40000000 7.20000000 1.79200000E+000
6.40000000 7.30000000 2.26100000E+000
6.40000000 7.40000000 2.80800000E+000
6.40000000 7.50000000 3.43900000E+000
6.40000000 7.60000000 4.16000000E+000
6.40000000 7.70000000 4.97700000E+000
6.40000000 7.80000000 5.89600000E+000
6.40000000 7.90000000 6.92300000E+000
6.40000000 8.00000000 8.06400000E+000
6.40000000 8.10000000 9.32500000E+000
6.40000000 8.20000000 1.07120000E+001
6.40000000 8.30000000 1.22310000E+001
6.40000000 8.40000000 1.38880000E+001
6.40000000 8.50000000 1.56890000E+001
6.40000000 8.60000000 1.76400000E+001
6.40000000 8.70000000 1.97470000E+001
6.40000000 8.80000000 2.20160000E+001
6.40000000 8.90000000 2.44530000E+001
6.40000000 9.00000000 2.70640000E+001
6.40000000 9.10000000 2.98550000E+001
6.40000000 9.20000000 3.28320000E+001
6.40000000 9.30000000 3.60010000E+001
6.40000000 9.40000000 3.93680000E+001
6.40000000 9.50000000 4.29390000E+001
6.40000000 9.60000000 4.67200000E+001
6.40000000 9.70000000 5.07170000E+001
6.40000000 9.80000000 5.49360000E+001
6.40000000 9.90000000 5.93830000E+001
6.40000000 10.00000000 6.40640000E+001
6.40000000 10.10000000 6.89850000E+001
6.40000000 10.20000000 7.41520000E+001
6.40000000 10.30000000 7.95710000E+001
6.40000000 10.40000000 8.52480000E+001
6.40000000 10.50000000 9.11890000E+001
6.40000000 10.60000000 9.74000000E+001
6.40000000 10.70000000 1.03887000E+002
6.40000000 10.80000000 1.10656000E+002
6.40000000 10.90000000 1.17713000E+002
6.40000000 11.00000000 1.25064000E+002
6.50000000 1.00000000 -1.24875000E+002
6.50000000 1.10000000 -1.17524000E+002
6.50000000 1.20000000 -1.10467000E+002
6.50000000 1.30000000 -1.03698000E+002
6.50000000 1.40000000 -9.72110000E+001
6.50000000 1.50000000 -9.10000000E+001
6.50000000 1.60000000 -8.50590000E+001
6.50000000 1.70000000 -7.93820000E+001
6.50000000 1.80000000 -7.39630000E+001
6.50000000 1.90000000 -6.87960000E+001
6.50000000 2.00000000 -6.38750000E+001
6.50000000 2.10000000 -5.91940000E+001
6.50000000 2.20000000 -5.47470000E+001
6.50000000 2.30000000 -5.05280000E+001
6.50000000 2.40000000 -4.65310000E+001
6.50000000 2.50000000 -4.27500000E+001
6.50000000 2.60000000 -3.91790000E+001
6.50000000 2.70000000 -3.58120000E+001
6.50000000 2.80000000 -3.26430000E+001
6.50000000 2.90000000 -2.96660000E+001
6.50000000 3.00000000 -2.68750000E+001
6.50000000 3.10000000 -2.42640000E+001
6.50000000 3.20000000 -2.18270000E+001
6.50000000 3.30000000 -1.95580000E+001
6.50000000 3.40000000 -1.74510000E+001
6.50000000 3.50000000 -1.55000000E+001
6.50000000 3.60000000 -1.36990000E+001
6.50000000 3.70000000 -1.20420000E+001
6.50000000 3.80000000 -1.05230000E+001
6.50000000 3.90000000 -9.13600000E+000
6.50000000 4.00000000 -7.87500000E+000
6.50000000 4.10000000 -6.73400000E+000
6.50000000 4.20000000 -5.70700000E+000
6.50000000 4.30000000 -4.78800000E+000
6.50000000 4.40000000 -3.97100000E+000
6.50000000 4.50000000 -3.25000000E+000
6.50000000 4.60000000 -2.61900000E+000
6.50000000 4.70000000 -2.07200000E+000
6.50000000 4.80000000 -1.60300000E+000
6.50000000 4.90000000 -1.20600000E+000
6.50000000 5.00000000 -8.75000000E-001
6.50000000 5.10000000 -6.04000000E-001
6.50000000 5.20000000 -3.87000000E-001
6.50000000 5.30000000 -2.18000000E-001
6.50000000 5.40000000 -9.10000000E-002
6.50000000 5.50000000 3.12250226E-016
6.50000000 5.60000000 6.10000000E-002
6.50000000 5.70000000 9.80000000E-002
6.50000000 5.80000000 1.17000000E-001
6.50000000 5.90000000 1.24000000E-001
6.50000000 6.00000000 1.25000000E-001
6.50000000 6.10000000 1.26000000E-001
6.50000000 6.20000000 1.33000000E-001
6.50000000 6.30000000 1.52000000E-001
6.50000000 6.40000000 1.89000000E-001
6.50000000 6.50000000 2.50000000E-001
6.50000000 6.60000000 3.41000000E-001
6.50000000 6.70000000 4.68000000E-001
6.50000000 6.80000000 6.37000000E-001
6.50000000 6.90000000 8.54000000E-001
6.50000000 7.00000000 1.12500000E+000
6.50000000 7.10000000 1.45600000E+000
6.50000000 7.20000000 1.85300000E+000
6.50000000 7.30000000 2.32200000E+000
6.50000000 7.40000000 2.86900000E+000
6.50000000 7.50000000 3.50000000E+000
6.50000000 7.60000000 4.22100000E+000
6.50000000 7.70000000 5.03800000E+000
6.50000000 7.80000000 5.95700000E+000
6.50000000 7.90000000 6.98400000E+000
6.50000000 8.00000000 8.12500000E+000
6.50000000 8.10000000 9.38600000E+000
6.50000000 8.20000000 1.07730000E+001
6.50000000 8.30000000 1.22920000E+001
6.50000000 8.40000000 1.39490000E+001
6.50000000 8.50000000 1.57500000E+001
6.50000000 8.60000000 1.77010000E+001
6.50000000 8.70000000 1.98080000E+001
6.50000000 8.80000000 2.20770000E+001
6.50000000 8.90000000 2.45140000E+001
6.50000000 9.00000000 2.71250000E+001
6.50000000 9.10000000 2.99160000E+001
6.50000000 9.20000000 3.28930000E+001
6.50000000 9.30000000 3.60620000E+001
6.50000000 9.40000000 3.94290000E+001
6.50000000 9.50000000 4.30000000E+001
6.50000000 9.60000000 4.67810000E+001
6.50000000 9.70000000 5.07780000E+001
6.50000000 9.80000000 5.49970000E+001
6.50000000 9.90000000 5.94440000E+001
6.50000000 10.00000000 6.41250000E+001
6.50000000 10.10000000 6.90460000E+001
6.50000000 10.20000000 7.42130000E+001
6.50000000 10.30000000 7.96320000E+001
6.50000000 10.40000000 8.53090000E+001
6.50000000 10.50000000 9.12500000E+001
6.50000000 10.60000000 9.74610000E+001
6.50000000 10.70000000 1.03948000E+002
6.50000000 10.80000000 1.10717000E+002
6.50000000 10.90000000 1.17774000E+002
6.50000000 11.00000000 1.25125000E+002
6.60000000 1.00000000 -1.24784000E+002
6.60000000 1.10000000 -1.17433000E+002
6.60000000 1.20000000 -1.10376000E+002
6.60000000 1.30000000 -1.03607000E+002
6.60000000 1.40000000 -9.71200000E+001
6.60000000 1.50000000 -9.09090000E+001
6.60000000 1.60000000 -8.49680000E+001
6.60000000 1.70000000 -7.92910000E+001
6.60000000 1.80000000 -7.38720000E+001
6.60000000 1.90000000 -6.87050000E+001
6.60000000 2.00000000 -6.37840000E+001
6.60000000 2.10000000 -5.91030000E+001
6.60000000 2.20000000 -5.46560000E+001
6.60000000 2.30000000 -5.04370000E+001
6.60000000 2.40000000 -4.64400000E+001
6.60000000 2.50000000 -4.26590000E+001
6.60000000 2.60000000 -3.90880000E+001
6.60000000 2.70000000 -3.57210000E+001
6.60000000 2.80000000 -3.25520000E+001
6.60000000 2.90000000 -2.95750000E+001
6.60000000 3.00000000 -2.67840000E+001
6.60000000 3.10000000 -2.41730000E+001
6.60000000 3.20000000 -2.17360000E+001
6.60000000 3.30000000 -1.94670000E+001
6.60000000 3.40000000 -1.73600000E+001
6.60000000 3.50000000 -1.54090000E+001
6.60000000 3.60000000 -1.36080000E+001
6.60000000 3.70000000 -1.19510000E+001
6.60000000 3.80000000 -1.04320000E+001
6.60000000 3.90000000 -9.04500000E+000
6.60000000 4.00000000 -7.78400000E+000
6.60000000 4.10000000 -6.64300000E+000
6.60000000 4.20000000 -5.61600000E+000
6.60000000 4.30000000 -4.69700000E+000
6.60000000 4.40000000 -3.88000000E+000
6.60000000 4.50000000 -3.15900000E+000
6.60000000 4.60000000 -2.52800000E+000
6.60000000 4.70000000 -1.98100000E+000
6.60000000 4.80000000 -1.51200000E+000
6.60000000 4.90000000 -1.11500000E+000
6.60000000 5.00000000 -7.84000000E-001
6.60000000 5.10000000 -5.13000000E-001
6.60000000 5.20000000 -2.96000000E-001
6.60000000 5.30000000 -1.27000000E-001
6.60000000 5.40000000 5.34294831E-016
6.60000000 5.50000000 9.10000000E-002
6.60000000 5.60000000 1.52000000E-001
6.60000000 5.70000000 1.89000000E-001
6.60000000 5.80000000 2.08000000E-001
6.60000000 5.90000000 2.15000000E-001
6.60000000 6.00000000 2.16000000E-001
6.60000000 6.10000000 2.17000000E-001
6.60000000 6.20000000 2.24000000E-001
6.60000000 6.30000000 2.43000000E-001
6.60000000 6.40000000 2.80000000E-001
6.60000000 6.50000000 3.41000000E-001
6.60000000 6.60000000 4.32000000E-001
6.60000000 6.70000000 5.59000000E-001
6.60000000 6.80000000 7.28000000E-001
6.60000000 6.90000000 9.45000000E-001
6.60000000 7.00000000 1.21600000E+000
6.60000000 7.10000000 1.54700000E+000
6.60000000 7.20000000 1.94400000E+000
6.60000000 7.30000000 2.41300000E+000
6.60000000 7.40000000 2.96000000E+000
6.60000000 7.50000000 3.59100000E+000
6.60000000 7.60000000 4.31200000E+000
6.60000000 7.70000000 5.12900000E+000
6.60000000 7.80000000 6.04800000E+000
6.60000000 7.90000000 7.07500000E+000
6.60000000 8.00000000 8.21600000E+000
6.60000000 8.10000000 9.47700000E+000
6.60000000 8.20000000 1.08640000E+001
6.60000000 8.30000000 1.23830000E+001
6.60000000 8.40000000 1.40400000E+001
6.60000000 8.50000000 1.58410000E+001
6.60000000 8.60000000 1.77920000E+001
6.60000000 8.70000000 1.98990000E+001
6.60000000 8.80000000 2.21680000E+001
6.60000000 8.90000000 2.46050000E+001
6.60000000 9.00000000 2.72160000E+001
6.60000000 9.10000000 3.00070000E+001
6.60000000 9.20000000 3.29840000E+001
6.60000000 9.30000000 3.61530000E+001
6.60000000 9.40000000 3.95200000E+001
6.60000000 9.50000000 4.30910000E+001
6.60000000 9.60000000 4.68720000E+001
6.60000000 9.70000000 5.08690000E+001
6.60000000 9.80000000 5.50880000E+001
6.60000000 9.90000000 5.95350000E+001
6.60000000 10.00000000 6.42160000E+001
6.60000000 10.10000000 6.91370000E+001
6.60000000 10.20000000 7.43040000E+001
6.60000000 10.30000000 7.97230000E+001
6.60000000 10.40000000 8.54000000E+001
6.60000000 10.50000000 9.13410000E+001
6.60000000 10.60000000 9.75520000E+001
6.60000000 10.70000000 1.04039000E+002
6.60000000 10.80000000 1.10808000E+002
6.60000000 10.90000000 1.17865000E+002
6.60000000 11.00000000 1.25216000E+002
6.70000000 1.00000000 -1.24657000E+002
6.70000000 1.10000000 -1.17306000E+002
6.70000000 1.20000000 -1.10249000E+002
6.70000000 1.30000000 -1.03480000E+002
6.70000000 1.40000000 -9.69930000E+001
6.70000000 1.50000000 -9.07820000E+001
6.70000000 1.60000000 -8.48410000E+001
6.70000000 1.70000000 -7.91640000E+001
6.70000000 1.80000000 -7.37450000E+001
6.70000000 1.90000000 -6.85780000E+001
6.70000000 2.00000000 -6.36570000E+001
6.70000000 2.10000000 -5.89760000E+001
6.70000000 2.20000000 -5.45290000E+001
6.70000000 2.30000000 -5.03100000E+001
6.70000000 2.40000000 -4.63130000E+001
6.70000000 2.50000000 -4.25320000E+001
6.70000000 2.60000000 -3.89610000E+001
6.70000000 2.70000000 -3.55940000E+001
6.70000000 2.80000000 -3.24250000E+001
6.70000000 2.90000000 -2.94480000E+001
6.70000000 3.00000000 -2.66570000E+001
6.70000000 3.10000000 -2.40460000E+001
6.70000000 3.20000000 -2.16090000E+001
6.70000000 3.30000000 -1.93400000E+001
6.70000000 3.40000000 -1.72330000E+001
6.70000000 3.50000000 -1.52820000E+001
6.70000000 3.60000000 -1.34810000E+001
6.70000000 3.70000000 -1.18240000E+001
6.70000000 3.80000000 -1.03050000E+001
6.70000000 3.90000000 -8.91800000E+000
6.70000000 4.00000000 -7.65700000E+000
6.70000000 4.10000000 -6.51600000E+000
6.70000000 4.20000000 -5.48900000E+000
6.70000000 4.30000000 -4.57000000E+000
6.70000000 4.40000000 -3.75300000E+000
6.70000000 4.50000000 -3.03200000E+000
6.70000000 4.60000000 -2.40100000E+000
6.70000000 4.70000000 -1.85400000E+000
6.70000000 4.80000000 -1.38500000E+000
6.70000000 4.90000000 -9.88000000E-001
6.70000000 5.00000000 -6.57000000E-001
6.70000000 5.10000000 -3.86000000E-001
6.70000000 5.20000000 -1.69000000E-001
6.70000000 5.30000000 6.86950496E-016
6.70000000 5.40000000 1.27000000E-001
6.70000000 5.50000000 2.18000000E-001
6.70000000 5.60000000 2.79000000E-001
6.70000000 5.70000000 3.16000000E-001
6.70000000 5.80000000 3.35000000E-001
6.70000000 5.90000000 3.42000000E-001
6.70000000 6.00000000 3.43000000E-001
6.70000000 6.10000000 3.44000000E-001
6.70000000 6.20000000 3.51000000E-001
6.70000000 6.30000000 3.70000000E-001
6.70000000 6.40000000 4.07000000E-001
6.70000000 6.50000000 4.68000000E-001
6.70000000 6.60000000 5.59000000E-001
6.70000000 6.70000000 6.86000000E-001
6.70000000 6.80000000 8.55000000E-001
6.70000000 6.90000000 1.07200000E+000
6.70000000 7.00000000 1.34300000E+000
6.70000000 7.10000000 1.67400000E+000
6.70000000 7.20000000 2.07100000E+000
6.70000000 7.30000000 2.54000000E+000
6.70000000 7.40000000 3.08700000E+000
6.70000000 7.50000000 3.71800000E+000
6.70000000 7.60000000 4.43900000E+000
6.70000000 7.70000000 5.25600000E+000
6.70000000 7.80000000 6.17500000E+000
6.70000000 7.90000000 7.20200000E+000
6.70000000 8.00000000 8.34300000E+000
6.70000000 8.10000000 9.60400000E+000
6.70000000 8.20000000 1.09910000E+001
6.70000000 8.30000000 1.25100000E+001
6.70000000 8.40000000 1.41670000E+001
6.70000000 8.50000000 1.59680000E+001
6.70000000 8.60000000 1.79190000E+001
6.70000000 8.70000000 2.00260000E+001
6.70000000 8.80000000 2.22950000E+001
6.70000000 8.90000000 2.47320000E+001
6.70000000 9.00000000 2.73430000E+001
6.70000000 9.10000000 3.01340000E+001
6.70000000 9.20000000 3.31110000E+001
6.70000000 9.30000000 3.62800000E+001
6.70000000 9.40000000 3.96470000E+001
6.70000000 9.50000000 4.32180000E+001
6.70000000 9.60000000 4.69990000E+001
6.70000000 9.70000000 5.09960000E+001
6.70000000 9.80000000 5.52150000E+001
6.70000000 9.90000000 5.96620000E+001
6.70000000 10.00000000 6.43430000E+001
6.70000000 10.10000000 6.92640000E+001
6.70000000 10.20000000 7.44310000E+001
6.70000000 10.30000000 7.98500000E+001
6.70000000 10.40000000 8.55270000E+001
6.70000000 10.50000000 9.14680000E+001
6.70000000 10.60000000 9.76790000E+001
6.70000000 10.70000000 1.04166000E+002
6.70000000 10.80000000 1.10935000E+002
6.70000000 10.90000000 1.17992000E+002
6.70000000 11.00000000 1.25343000E+002
6.80000000 1.00000000 -1.24488000E+002
6.80000000 1.10000000 -1.17137000E+002
6.80000000 1.20000000 -1.10080000E+002
6.80000000 1.30000000 -1.03311000E+002
6.80000000 1.40000000 -9.68240000E+001
6.80000000 1.50000000 -9.06130000E+001
6.80000000 1.60000000 -8.46720000E+001
6.80000000 1.70000000 -7.89950000E+001
6.80000000 1.80000000 -7.35760000E+001
6.80000000 1.90000000 -6.84090000E+001
6.80000000 2.00000000 -6.34880000E+001
6.80000000 2.10000000 -5.88070000E+001
6.80000000 2.20000000 -5.43600000E+001
6.80000000 2.30000000 -5.01410000E+001
6.80000000 2.40000000 -4.61440000E+001
6.80000000 2.50000000 -4.23630000E+001
6.80000000 2.60000000 -3.87920000E+001
6.80000000 2.70000000 -3.54250000E+001
6.80000000 2.80000000 -3.22560000E+001
6.80000000 2.90000000 -2.92790000E+001
6.80000000 3.00000000 -2.64880000E+001
6.80000000 3.10000000 -2.38770000E+001
6.80000000 3.20000000 -2.14400000E+001
6.80000000 3.30000000 -1.91710000E+001
6.80000000 3.40000000 -1.70640000E+001
6.80000000 3.50000000 -1.51130000E+001
6.80000000 3.60000000 -1.33120000E+001
6.80000000 3.70000000 -1.16550000E+001
6.80000000 3.80000000 -1.01360000E+001
6.80000000 3.90000000 -8.74900000E+000
6.80000000 4.00000000 -7.48800000E+000
6.80000000 4.10000000 -6.34700000E+000
6.80000000 4.20000000 -5.32000000E+000
6.80000000 4.30000000 -4.40100000E+000
6.80000000 4.40000000 -3.58400000E+000
6.80000000 4.50000000 -2.86300000E+000
6.80000000 4.60000000 -2.23200000E+000
6.80000000 4.70000000 -1.68500000E+000
6.80000000 4.80000000 -1.21600000E+000
6.80000000 4.90000000 -8.19000000E-001
6.80000000 5.00000000 -4.88000000E-001
6.80000000 5.10000000 -2.17000000E-001
6.80000000 5.20000000 -1.23512311E-015
6.80000000 5.30000000 1.69000000E-001
6.80000000 5.40000000 2.96000000E-001
6.80000000 5.50000000 3.87000000E-001
6.80000000 5.60000000 4.48000000E-001
6.80000000 5.70000000 4.85000000E-001
6.80000000 5.80000000 5.04000000E-001
6.80000000 5.90000000 5.11000000E-001
6.80000000 6.00000000 5.12000000E-001
6.80000000 6.10000000 5.13000000E-001
6.80000000 6.20000000 5.20000000E-001
6.80000000 6.30000000 5.39000000E-001
6.80000000 6.40000000 5.76000000E-001
6.80000000 6.50000000 6.37000000E-001
6.80000000 6.60000000 7.28000000E-001
6.80000000 6.70000000 8.55000000E-001
6.80000000 6.80000000 1.02400000E+000
6.80000000 6.90000000 1.24100000E+000
6.80000000 7.00000000 1.51200000E+000
6.80000000 7.10000000 1.84300000E+000
6.80000000 7.20000000 2.24000000E+000
6.80000000 7.30000000 2.70900000E+000
6.80000000 7.40000000 3.25600000E+000
6.80000000 7.50000000 3.88700000E+000
6.80000000 7.60000000 4.60800000E+000
6.80000000 7.70000000 5.42500000E+000
6.80000000 7.80000000 6.34400000E+000
6.80000000 7.90000000 7.37100000E+000
6.80000000 8.00000000 8.51200000E+000
6.80000000 8.10000000 9.77300000E+000
6.80000000 8.20000000 1.11600000E+001
6.80000000 8.30000000 1.26790000E+001
6.80000000 8.40000000 1.43360000E+001
6.80000000 8.50000000 1.61370000E+001
6.80000000 8.60000000 1.80880000E+001
6.80000000 8.70000000 2.01950000E+001
6.80000000 8.80000000 2.24640000E+001
6.80000000 8.90000000 2.49010000E+001
6.80000000 9.00000000 2.75120000E+001
6.80000000 9.10000000 3.03030000E+001
6.80000000 9.20000000 3.32800000E+001
6.80000000 9.30000000 3.64490000E+001
6.80000000 9.40000000 3.98160000E+001
6.80000000 9.50000000 4.33870000E+001
6.80000000 9.60000000 4.71680000E+001
6.80000000 9.70000000 5.11650000E+001
6.80000000 9.80000000 5.53840000E+001
6.80000000 9.90000000 5.98310000E+001
6.80000000 10.00000000 6.45120000E+001
6.80000000 10.10000000 6.94330000E+001
6.80000000 10.20000000 7.46000000E+001
6.80000000 10.30000000 8.00190000E+001
6.80000000 10.40000000 8.56960000E+001
6.80000000 10.50000000 9.16370000E+001
6.80000000 10.60000000 9.78480000E+001
6.80000000 10.70000000 1.04335000E+002
6.80000000 10.80000000 1.11104000E+002
6.80000000 10.90000000 1.18161000E+002
6.80000000 11.00000000 1.25512000E+002
6.90000000 1.00000000 -1.24271000E+002
6.90000000 1.10000000 -1.16920000E+002
6.90000000 1.20000000 -1.09863000E+002
6.90000000 1.30000000 -1.03094000E+002
6.90000000 1.40000000 -9.66070000E+001
6.90000000 1.50000000 -9.03960000E+001
6.90000000 1.60000000 -8.44550000E+001
6.90000000 1.70000000 -7.87780000E+001
6.90000000 1.80000000 -7.33590000E+001
6.90000000 1.90000000 -6.81920000E+001
6.90000000 2.00000000 -6.32710000E+001
6.90000000 2.10000000 -5.85900000E+001
6.90000000 2.20000000 -5.41430000E+001
6.90000000 2.30000000 -4.99240000E+001
6.90000000 2.40000000 -4.59270000E+001
6.90000000 2.50000000 -4.21460000E+001
6.90000000 2.60000000 -3.85750000E+001
6.90000000 2.70000000 -3.52080000E+001
6.90000000 2.80000000 -3.20390000E+001
6.90000000 2.90000000 -2.90620000E+001
6.90000000 3.00000000 -2.62710000E+001
6.90000000 3.10000000 -2.36600000E+001
6.90000000 3.20000000 -2.12230000E+001
6.90000000 3.30000000 -1.89540000E+001
6.90000000 3.40000000 -1.68470000E+001
6.90000000 3.50000000 -1.48960000E+001
6.90000000 3.60000000 -1.30950000E+001
6.90000000 3.70000000 -1.14380000E+001
6.90000000 3.80000000 -9.91900000E+000
6.90000000 3.90000000 -8.53200000E+000
6.90000000 4.00000000 -7.27100000E+000
6.90000000 4.10000000 -6.13000000E+000
6.90000000 4.20000000 -5.10300000E+000
6.90000000 4.30000000 -4.18400000E+000
6.90000000 4.40000000 -3.36700000E+000
6.90000000 4.50000000 -2.64600000E+000
6.90000000 4.60000000 -2.01500000E+000
6.90000000 4.70000000 -1.46800000E+000
6.90000000 4.80000000 -9.99000000E-001
6.90000000 4.90000000 -6.02000000E-001
6.90000000 5.00000000 -2.71000000E-001
6.90000000 5.10000000 -1.80411242E-016
6.90000000 5.20000000 2.17000000E-001
6.90000000 5.30000000 3.86000000E-001
6.90000000 5.40000000 5.13000000E-001
6.90000000 5.50000000 6.04000000E-001
6.90000000 5.60000000 6.65000000E-001
6.90000000 5.70000000 7.02000000E-001
6.90000000 5.80000000 7.21000000E-001
6.90000000 5.90000000 7.28000000E-001
6.90000000 6.00000000 7.29000000E-001
6.90000000 6.10000000 7.30000000E-001
6.90000000 6.20000000 7.37000000E-001
6.90000000 6.30000000 7.56000000E-001
6.90000000 6.40000000 7.93000000E-001
6.90000000 6.50000000 8.54000000E-001
6.90000000 6.60000000 9.45000000E-001
6.90000000 6.70000000 1.07200000E+000
6.90000000 6.80000000 1.24100000E+000
6.90000000 6.90000000 1.45800000E+000
6.90000000 7.00000000 1.72900000E+000
6.90000000 7.10000000 2.06000000E+000
6.90000000 7.20000000 2.45700000E+000
6.90000000 7.30000000 2.92600000E+000
6.90000000 7.40000000 3.47300000E+000
6.90000000 7.50000000 4.10400000E+000
6.90000000 7.60000000 4.82500000E+000
6.90000000 7.70000000 5.64200000E+000
6.90000000 7.80000000 6.56100000E+000
6.90000000 7.90000000 7.58800000E+000
6.90000000 8.00000000 8.72900000E+000
6.90000000 8.10000000 9.99000000E+000
6.90000000 8.20000000 1.13770000E+001
6.90000000 8.30000000 1.28960000E+001
6.90000000 8.40000000 1.45530000E+001
6.90000000 8.50000000 1.63540000E+001
6.90000000 8.60000000 1.83050000E+001
6.90000000 8.70000000 2.04120000E+001
6.90000000 8.80000000 2.26810000E+001
6.90000000 8.90000000 2.51180000E+001
6.90000000 9.00000000 2.77290000E+001
6.90000000 9.10000000 3.05200000E+001
6.90000000 9.20000000 3.34970000E+001
6.90000000 9.30000000 3.66660000E+001
6.90000000 9.40000000 4.00330000E+001
6.90000000 9.50000000 4.36040000E+001
6.90000000 9.60000000 4.73850000E+001
6.90000000 9.70000000 5.13820000E+001
6.90000000 9.80000000 5.56010000E+001
6.90000000 9.90000000 6.00480000E+001
6.90000000 10.00000000 6.47290000E+001
6.90000000 10.10000000 6.96500000E+001
6.90000000 10.20000000 7.48170000E+001
6.90000000 10.30000000 8.02360000E+001
6.90000000 10.40000000 8.59130000E+001
6.90000000 10.50000000 9.18540000E+001
6.90000000 10.60000000 9.80650000E+001
6.90000000 10.70000000 1.04552000E+002
6.90000000 10.80000000 1.11321000E+002
6.90000000 10.90000000 1.18378000E+002
6.90000000 11.00000000 1.25729000E+002
7.00000000 1.00000000 -1.24000000E+002
7.00000000 1.10000000 -1.16649000E+002
7.00000000 1.20000000 -1.09592000E+002
7.00000000 1.30000000 -1.02823000E+002
7.00000000 1.40000000 -9.63360000E+001
7.00000000 1.50000000 -9.01250000E+001
7.00000000 1.60000000 -8.41840000E+001
7.00000000 1.70000000 -7.85070000E+001
7.00000000 1.80000000 -7.30880000E+001
7.00000000 1.90000000 -6.79210000E+001
7.00000000 2.00000000 -6.30000000E+001
7.00000000 2.10000000 -5.83190000E+001
7.00000000 2.20000000 -5.38720000E+001
7.00000000 2.30000000 -4.96530000E+001
7.00000000 2.40000000 -4.56560000E+001
7.00000000 2.50000000 -4.18750000E+001
7.00000000 2.60000000 -3.83040000E+001
7.00000000 2.70000000 -3.49370000E+001
7.00000000 2.80000000 -3.17680000E+001
7.00000000 2.90000000 -2.87910000E+001
7.00000000 3.00000000 -2.60000000E+001
7.00000000 3.10000000 -2.33890000E+001
7.00000000 3.20000000 -2.09520000E+001
7.00000000 3.30000000 -1.86830000E+001
7.00000000 3.40000000 -1.65760000E+001
7.00000000 3.50000000 -1.46250000E+001
7.00000000 3.60000000 -1.28240000E+001
7.00000000 3.70000000 -1.11670000E+001
7.00000000 3.80000000 -9.64800000E+000
7.00000000 3.90000000 -8.26100000E+000
7.00000000 4.00000000 -7.00000000E+000
7.00000000 4.10000000 -5.85900000E+000
7.00000000 4.20000000 -4.83200000E+000
7.00000000 4.30000000 -3.91300000E+000
7.00000000 4.40000000 -3.09600000E+000
7.00000000 4.50000000 -2.37500000E+000
7.00000000 4.60000000 -1.74400000E+000
7.00000000 4.70000000 -1.19700000E+000
7.00000000 4.80000000 -7.28000000E-001
7.00000000 4.90000000 -3.31000000E-001
7.00000000 5.00000000 -1.94289029E-016
7.00000000 5.10000000 2.71000000E-001
7.00000000 5.20000000 4.88000000E-001
7.00000000 5.30000000 6.57000000E-001
7.00000000 5.40000000 7.84000000E-001
7.00000000 5.50000000 8.75000000E-001
7.00000000 5.60000000 9.36000000E-001
7.00000000 5.70000000 9.73000000E-001
7.00000000 5.80000000 9.92000000E-001
7.00000000 5.90000000 9.99000000E-001
7.00000000 6.00000000 1.00000000E+000
7.00000000 6.10000000 1.00100000E+000
7.00000000 6.20000000 1.00800000E+000
7.00000000 6.30000000 1.02700000E+000
7.00000000 6.40000000 1.06400000E+000
7.00000000 6.50000000 1.12500000E+000
7.00000000 6.60000000 1.21600000E+000
7.00000000 6.70000000 1.34300000E+000
7.00000000 6.80000000 1.51200000E+000
7.00000000 6.90000000 1.72900000E+000
7.00000000 7.00000000 2.00000000E+000
7.00000000 7.10000000 2.33100000E+000
7.00000000 7.20000000 2.72800000E+000
7.00000000 7.30000000 3.19700000E+000
7.00000000 7.40000000 3.74400000E+000
7.00000000 7.50000000 4.37500000E+000
7.00000000 7.60000000 5.09600000E+000
7.00000000 7.70000000 5.91300000E+000
7.00000000 7.80000000 6.83200000E+000
7.00000000 7.90000000 7.85900000E+000
7.00000000 8.00000000 9.00000000E+000
7.00000000 8.10000000 1.02610000E+001
7.00000000 8.20000000 1.16480000E+001
7.00000000 8.30000000 1.31670000E+001
7.00000000 8.40000000 1.48240000E+001
7.00000000 8.50000000 1.66250000E+001
7.00000000 8.60000000 1.85760000E+001
7.00000000 8.70000000 2.06830000E+001
7.00000000 8.80000000 2.29520000E+001
7.00000000 8.90000000 2.53890000E+001
7.00000000 9.00000000 2.80000000E+001
7.00000000 9.10000000 3.07910000E+001
7.00000000 9.20000000 3.37680000E+001
7.00000000 9.30000000 3.69370000E+001
7.00000000 9.40000000 4.03040000E+001
7.00000000 9.50000000 4.38750000E+001
7.00000000 9.60000000 4.76560000E+001
7.00000000 9.70000000 5.16530000E+001
7.00000000 9.80000000 5.58720000E+001
7.00000000 9.90000000 6.03190000E+001
7.00000000 10.00000000 6.50000000E+001
7.00000000 10.10000000 6.99210000E+001
7.00000000 10.20000000 7.50880000E+001
7.00000000 10.30000000 8.05070000E+001
7.00000000 10.40000000 8.61840000E+001
7.00000000 10.50000000 9.21250000E+001
7.00000000 10.60000000 9.83360000E+001
7.00000000 10.70000000 1.04823000E+002
7.00000000 10.80000000 1.11592000E+002
7.00000000 10.90000000 1.18649000E+002
7.00000000 11.00000000 1.26000000E+002
7.10000000 1.00000000 -1.23669000E+002
7.10000000 1.10000000 -1.16318000E+002
7.10000000 1.20000000 -1.09261000E+002
7.10000000 1.30000000 -1.02492000E+002
7.10000000 1.40000000 -9.60050000E+001
7.10000000 1.50000000 -8.97940000E+001
7.10000000 1.60000000 -8.38530000E+001
7.10000000 1.70000000 -7.81760000E+001
7.10000000 1.80000000 -7.27570000E+001
7.10000000 1.90000000 -6.75900000E+001
7.10000000 2.00000000 -6.26690000E+001
7.10000000 2.10000000 -5.79880000E+001
7.10000000 2.20000000 -5.35410000E+001
7.10000000 2.30000000 -4.93220000E+001
7.10000000 2.40000000 -4.53250000E+001
7.10000000 2.50000000 -4.15440000E+001
7.10000000 2.60000000 -3.79730000E+001
7.10000000 2.70000000 -3.46060000E+001
7.10000000 2.80000000 -3.14370000E+001
7.10000000 2.90000000 -2.84600000E+001
7.10000000 3.00000000 -2.56690000E+001
7.10000000 3.10000000 -2.30580000E+001
7.10000000 3.20000000 -2.06210000E+001
7.10000000 3.30000000 -1.83520000E+001
7.10000000 3.40000000 -1.62450000E+001
7.10000000 3.50000000 -1.42940000E+001
7.10000000 3.60000000 -1.24930000E+001
7.10000000 3.70000000 -1.08360000E+001
7.10000000 3.80000000 -9.31700000E+000
7.10000000 3.90000000 -7.93000000E+000
7.10000000 4.00000000 -6.66900000E+000
7.10000000 4.10000000 -5.52800000E+000
7.10000000 4.20000000 -4.50100000E+000
7.10000000 4.30000000 -3.58200000E+000
7.10000000 4.40000000 -2.76500000E+000
7.10000000 4.50000000 -2.04400000E+000
7.10000000 4.60000000 -1.41300000E+000
7.10000000 4.70000000 -8.66000000E-001
7.10000000 4.80000000 -3.97000000E-001
7.10000000 4.90000000 5.55111512E-017
7.10000000 5.00000000 3.31000000E-001
7.10000000 5.10000000 6.02000000E-001
7.10000000 5.20000000 8.19000000E-001
7.10000000 5.30000000 9.88000000E-001
7.10000000 5.40000000 1.11500000E+000
7.10000000 5.50000000 1.20600000E+000
7.10000000 5.60000000 1.26700000E+000
7.10000000 5.70000000 1.30400000E+000
7.10000000 5.80000000 1.32300000E+000
7.10000000 5.90000000 1.33000000E+000
7.10000000 6.00000000 1.33100000E+000
7.10000000 6.10000000 1.33200000E+000
7.10000000 6.20000000 1.33900000E+000
7.10000000 6.30000000 1.35800000E+000
7.10000000 6.40000000 1.39500000E+000
7.10000000 6.50000000 1.45600000E+000
7.10000000 6.60000000 1.54700000E+000
7.10000000 6.70000000 1.67400000E+000
7.10000000 6.80000000 1.84300000E+000
7.10000000 6.90000000 2.06000000E+000
7.10000000 7.00000000 2.33100000E+000
7.10000000 7.10000000 2.66200000E+000
7.10000000 7.20000000 3.05900000E+000
7.10000000 7.30000000 3.52800000E+000
7.10000000 7.40000000 4.07500000E+000
7.10000000 7.50000000 4.70600000E+000
7.10000000 7.60000000 5.42700000E+000
7.10000000 7.70000000 6.24400000E+000
7.10000000 7.80000000 7.16300000E+000
7.10000000 7.90000000 8.19000000E+000
7.10000000 8.00000000 9.33100000E+000
7.10000000 8.10000000 1.05920000E+001
7.10000000 8.20000000 1.19790000E+001
7.10000000 8.30000000 1.34980000E+001
7.10000000 8.40000000 1.51550000E+001
7.10000000 8.50000000 1.69560000E+001
7.10000000 8.60000000 1.89070000E+001
7.10000000 8.70000000 2.10140000E+001
7.10000000 8.80000000 2.32830000E+001
7.10000000 8.90000000 2.57200000E+001
7.10000000 9.00000000 2.83310000E+001
7.10000000 9.10000000 3.11220000E+001
7.10000000 9.20000000 3.40990000E+001
7.10000000 9.30000000 3.72680000E+001
7.10000000 9.40000000 4.06350000E+001
7.10000000 9.50000000 4.42060000E+001
7.10000000 9.60000000 4.79870000E+001
7.10000000 9.70000000 5.19840000E+001
7.10000000 9.80000000 5.62030000E+001
7.10000000 9.90000000 6.06500000E+001
7.10000000 10.00000000 6.53310000E+001
7.10000000 10.10000000 7.02520000E+001
7.10000000 10.20000000 7.54190000E+001
7.10000000 10.30000000 8.08380000E+001
7.10000000 10.40000000 8.65150000E+001
7.10000000 10.50000000 9.24560000E+001
7.10000000 10.60000000 9.86670000E+001
7.10000000 10.70000000 1.05154000E+002
7.10000000 10.80000000 1.11923000E+002
7.10000000 10.90000000 1.18980000E+002
7.10000000 11.00000000 1.26331000E+002
7.20000000 1.00000000 -1.23272000E+002
7.20000000 1.10000000 -1.15921000E+002
7.20000000 1.20000000 -1.08864000E+002
7.20000000 1.30000000 -1.02095000E+002
7.20000000 1.40000000 -9.56080000E+001
7.20000000 1.50000000 -8.93970000E+001
7.20000000 1.60000000 -8.34560000E+001
7.20000000 1.70000000 -7.77790000E+001
7.20000000 1.80000000 -7.23600000E+001
7.20000000 1.90000000 -6.71930000E+001
7.20000000 2.00000000 -6.22720000E+001
7.20000000 2.10000000 -5.75910000E+001
7.20000000 2.20000000 -5.31440000E+001
7.20000000 2.30000000 -4.89250000E+001
7.20000000 2.40000000 -4.49280000E+001
7.20000000 2.50000000 -4.11470000E+001
7.20000000 2.60000000 -3.75760000E+001
7.20000000 2.70000000 -3.42090000E+001
7.20000000 2.80000000 -3.10400000E+001
7.20000000 2.90000000 -2.80630000E+001
7.20000000 3.00000000 -2.52720000E+001
7.20000000 3.10000000 -2.26610000E+001
7.20000000 3.20000000 -2.02240000E+001
7.20000000 3.30000000 -1.79550000E+001
7.20000000 3.40000000 -1.58480000E+001
7.20000000 3.50000000 -1.38970000E+001
7.20000000 3.60000000 -1.20960000E+001
7.20000000 3.70000000 -1.04390000E+001
7.20000000 3.80000000 -8.92000000E+000
7.20000000 3.90000000 -7.53300000E+000
7.20000000 4.00000000 -6.27200000E+000
7.20000000 4.10000000 -5.13100000E+000
7.20000000 4.20000000 -4.10400000E+000
7.20000000 4.30000000 -3.18500000E+000
7.20000000 4.40000000 -2.36800000E+000
7.20000000 4.50000000 -1.64700000E+000
7.20000000 4.60000000 -1.01600000E+000
7.20000000 4.70000000 -4.69000000E-001
7.20000000 4.80000000 -5.55111512E-017
7.20000000 4.90000000 3.97000000E-001
7.20000000 5.00000000 7.28000000E-001
7.20000000 5.10000000 9.99000000E-001
7.20000000 5.20000000 1.21600000E+000
7.20000000 5.30000000 1.38500000E+000
7.20000000 5.40000000 1.51200000E+000
7.20000000 5.50000000 1.60300000E+000
7.20000000 5.60000000 1.66400000E+000
7.20000000 5.70000000 1.70100000E+000
7.20000000 5.80000000 1.72000000E+000
7.20000000 5.90000000 1.72700000E+000
7.20000000 6.00000000 1.72800000E+000
7.20000000 6.10000000 1.72900000E+000
7.20000000 6.20000000 1.73600000E+000
7.20000000 6.30000000 1.75500000E+000
7.20000000 6.40000000 1.79200000E+000
7.20000000 6.50000000 1.85300000E+000
7.20000000 6.60000000 1.94400000E+000
7.20000000 6.70000000 2.07100000E+000
7.20000000 6.80000000 2.24000000E+000
7.20000000 6.90000000 2.45700000E+000
7.20000000 7.00000000 2.72800000E+000
7.20000000 7.10000000 3.05900000E+000
7.20000000 7.20000000 3.45600000E+000
7.20000000 7.30000000 3.92500000E+000
7.20000000 7.40000000 4.47200000E+000
7.20000000 7.50000000 5.10300000E+000
7.20000000 7.60000000 5.82400000E+000
7.20000000 7.70000000 6.64100000E+000
7.20000000 7.80000000 7.56000000E+000
7.20000000 7.90000000 8.58700000E+000
7.20000000 8.00000000 9.72800000E+000
7.20000000 8.10000000 1.09890000E+001
7.20000000 8.20000000 1.23760000E+001
7.20000000 8.30000000 1.38950000E+001
7.20000000 8.40000000 1.55520000E+001
7.20000000 8.50000000 1.73530000E+001
7.20000000 8.60000000 1.93040000E+001
7.20000000 8.70000000 2.14110000E+001
7.20000000 8.80000000 2.36800000E+001
7.20000000 8.90000000 2.61170000E+001
7.20000000 9.00000000 2.87280000E+001
7.20000000 9.10000000 3.15190000E+001
7.20000000 9.20000000 3.44960000E+001
7.20000000 9.30000000 3.76650000E+001
7.20000000 9.40000000 4.10320000E+001
7.20000000 9.50000000 4.46030000E+001
7.20000000 9.60000000 4.83840000E+001
7.20000000 9.70000000 5.23810000E+001
7.20000000 9.80000000 5.66000000E+001
7.20000000 9.90000000 6.10470000E+001
7.20000000 10.00000000 6.57280000E+001
7.20000000 10.10000000 7.06490000E+001
7.20000000 10.20000000 7.58160000E+001
7.20000000 10.30000000 8.12350000E+001
7.20000000 10.40000000 8.69120000E+001
7.20000000 10.50000000 9.28530000E+001
7.20000000 10.60000000 9.90640000E+001
7.20000000 10.70000000 1.05551000E+002
7.20000000 10.80000000 1.12320000E+002
7.20000000 10.90000000 1.19377000E+002
7.20000000 11.00000000 1.26728000E+002
7.30000000 1.00000000 -1.22803000E+002
7.30000000 1.10000000 -1.15452000E+002
7.30000000 1.20000000 -1.08395000E+002
7.30000000 1.30000000 -1.01626000E+002
7.30000000 1.40000000 -9.51390000E+001
7.30000000 1.50000000 -8.89280000E+001
7.30000000 1.60000000 -8.29870000E+001
7.30000000 1.70000000 -7.73100000E+001
7.30000000 1.80000000 -7.18910000E+001
7.30000000 1.90000000 -6.67240000E+001
7.30000000 2.00000000 -6.18030000E+001
7.30000000 2.10000000 -5.71220000E+001
7.30000000 2.20000000 -5.26750000E+001
7.30000000 2.30000000 -4.84560000E+001
7.30000000 2.40000000 -4.44590000E+001
7.30000000 2.50000000 -4.06780000E+001
7.30000000 2.60000000 -3.71070000E+001
7.30000000 2.70000000 -3.37400000E+001
7.30000000 2.80000000 -3.05710000E+001
7.30000000 2.90000000 -2.75940000E+001
7.30000000 3.00000000 -2.48030000E+001
7.30000000 3.10000000 -2.21920000E+001
7.30000000 3.20000000 -1.97550000E+001
7.30000000 3.30000000 -1.74860000E+001
7.30000000 3.40000000 -1.53790000E+001
7.30000000 3.50000000 -1.34280000E+001
7.30000000 3.60000000 -1.16270000E+001
7.30000000 3.70000000 -9.97000000E+000
7.30000000 3.80000000 -8.45100000E+000
7.30000000 3.90000000 -7.06400000E+000
7.30000000 4.00000000 -5.80300000E+000
7.30000000 4.10000000 -4.66200000E+000
7.30000000 4.20000000 -3.63500000E+000
7.30000000 4.30000000 -2.71600000E+000
7.30000000 4.40000000 -1.89900000E+000
7.30000000 4.50000000 -1.17800000E+000
7.30000000 4.60000000 -5.47000000E-001
7.30000000 4.70000000 -4.99600361E-016
7.30000000 4.80000000 4.69000000E-001
7.30000000 4.90000000 8.66000000E-001
7.30000000 5.00000000 1.19700000E+000
7.30000000 5.10000000 1.46800000E+000
7.30000000 5.20000000 1.68500000E+000
7.30000000 5.30000000 1.85400000E+000
7.30000000 5.40000000 1.98100000E+000
7.30000000 5.50000000 2.07200000E+000
7.30000000 5.60000000 2.13300000E+000
7.30000000 5.70000000 2.17000000E+000
7.30000000 5.80000000 2.18900000E+000
7.30000000 5.90000000 2.19600000E+000
7.30000000 6.00000000 2.19700000E+000
7.30000000 6.10000000 2.19800000E+000
7.30000000 6.20000000 2.20500000E+000
7.30000000 6.30000000 2.22400000E+000
7.30000000 6.40000000 2.26100000E+000
7.30000000 6.50000000 2.32200000E+000
7.30000000 6.60000000 2.41300000E+000
7.30000000 6.70000000 2.54000000E+000
7.30000000 6.80000000 2.70900000E+000
7.30000000 6.90000000 2.92600000E+000
7.30000000 7.00000000 3.19700000E+000
7.30000000 7.10000000 3.52800000E+000
7.30000000 7.20000000 3.92500000E+000
7.30000000 7.30000000 4.39400000E+000
7.30000000 7.40000000 4.94100000E+000
7.30000000 7.50000000 5.57200000E+000
7.30000000 7.60000000 6.29300000E+000
7.30000000 7.70000000 7.11000000E+000
7.30000000 7.80000000 8.02900000E+000
7.30000000 7.90000000 9.05600000E+000
7.30000000 8.00000000 1.01970000E+001
7.30000000 8.10000000 1.14580000E+001
7.30000000 8.20000000 1.28450000E+001
7.30000000 8.30000000 1.43640000E+001
7.30000000 8.40000000 1.60210000E+001
7.30000000 8.50000000 1.78220000E+001
7.30000000 8.60000000 1.97730000E+001
7.30000000 8.70000000 2.18800000E+001
7.30000000 8.80000000 2.41490000E+001
7.30000000 8.90000000 2.65860000E+001
7.30000000 9.00000000 2.91970000E+001
7.30000000 9.10000000 3.19880000E+001
7.30000000 9.20000000 3.49650000E+001
7.30000000 9.30000000 3.81340000E+001
7.30000000 9.40000000 4.15010000E+001
7.30000000 9.50000000 4.50720000E+001
7.30000000 9.60000000 4.88530000E+001
7.30000000 9.70000000 5.28500000E+001
7.30000000 9.80000000 5.70690000E+001
7.30000000 9.90000000 6.15160000E+001
7.30000000 10.00000000 6.61970000E+001
7.30000000 10.10000000 7.11180000E+001
7.30000000 10.20000000 7.62850000E+001
7.30000000 10.30000000 8.17040000E+001
7.30000000 10.40000000 8.73810000E+001
7.30000000 10.50000000 9.33220000E+001
7.30000000 10.60000000 9.95330000E+001
7.30000000 10.70000000 1.06020000E+002
7.30000000 10.80000000 1.12789000E+002
7.30000000 10.90000000 1.19846000E+002
7.30000000 11.00000000 1.27197000E+002
7.40000000 1.00000000 -1.22256000E+002
7.40000000 1.10000000 -1.14905000E+002
7.40000000 1.20000000 -1.07848000E+002
7.40000000 1.30000000 -1.01079000E+002
7.40000000 1.40000000 -9.45920000E+001
7.40000000 1.50000000 -8.83810000E+001
7.40000000 1.60000000 -8.24400000E+001
7.40000000 1.70000000 -7.67630000E+001
7.40000000 1.80000000 -7.13440000E+001
7.40000000 1.90000000 -6.61770000E+001
7.40000000 2.00000000 -6.12560000E+001
7.40000000 2.10000000 -5.65750000E+001
7.40000000 2.20000000 -5.21280000E+001
7.40000000 2.30000000 -4.79090000E+001
7.40000000 2.40000000 -4.39120000E+001
7.40000000 2.50000000 -4.01310000E+001
7.40000000 2.60000000 -3.65600000E+001
7.40000000 2.70000000 -3.31930000E+001
7.40000000 2.80000000 -3.00240000E+001
7.40000000 2.90000000 -2.70470000E+001
7.40000000 3.00000000 -2.42560000E+001
7.40000000 3.10000000 -2.16450000E+001
7.40000000 3.20000000 -1.92080000E+001
7.40000000 3.30000000 -1.69390000E+001
7.40000000 3.40000000 -1.48320000E+001
7.40000000 3.50000000 -1.28810000E+001
7.40000000 3.60000000 -1.10800000E+001
7.40000000 3.70000000 -9.42300000E+000
7.40000000 3.80000000 -7.90400000E+000
7.40000000 3.90000000 -6.51700000E+000
7.40000000 4.00000000 -5.25600000E+000
7.40000000 4.10000000 -4.11500000E+000
7.40000000 4.20000000 -3.08800000E+000
7.40000000 4.30000000 -2.16900000E+000
7.40000000 4.40000000 -1.35200000E+000
7.40000000 4.50000000 -6.31000000E-001
7.40000000 4.60000000 -3.88578059E-016
7.40000000 4.70000000 5.47000000E-001
7.40000000 4.80000000 1.01600000E+000
7.40000000 4.90000000 1.41300000E+000
7.40000000 5.00000000 1.74400000E+000
7.40000000 5.10000000 2.01500000E+000
7.40000000 5.20000000 2.23200000E+000
7.40000000 5.30000000 2.40100000E+000
7.40000000 5.40000000 2.52800000E+000
7.40000000 5.50000000 2.61900000E+000
7.40000000 5.60000000 2.68000000E+000
7.40000000 5.70000000 2.71700000E+000
7.40000000 5.80000000 2.73600000E+000
7.40000000 5.90000000 2.74300000E+000
7.40000000 6.00000000 2.74400000E+000
7.40000000 6.10000000 2.74500000E+000
7.40000000 6.20000000 2.75200000E+000
7.40000000 6.30000000 2.77100000E+000
7.40000000 6.40000000 2.80800000E+000
7.40000000 6.50000000 2.86900000E+000
7.40000000 6.60000000 2.96000000E+000
7.40000000 6.70000000 3.08700000E+000
7.40000000 6.80000000 3.25600000E+000
7.40000000 6.90000000 3.47300000E+000
7.40000000 7.00000000 3.74400000E+000
7.40000000 7.10000000 4.07500000E+000
7.40000000 7.20000000 4.47200000E+000
7.40000000 7.30000000 4.94100000E+000
7.40000000 7.40000000 5.48800000E+000
7.40000000 7.50000000 6.11900000E+000
7.40000000 7.60000000 6.84000000E+000
7.40000000 7.70000000 7.65700000E+000
7.40000000 7.80000000 8.57600000E+000
7.40000000 7.90000000 9.60300000E+000
7.40000000 8.00000000 1.07440000E+001
7.40000000 8.10000000 1.20050000E+001
7.40000000 8.20000000 1.33920000E+001
7.40000000 8.30000000 1.49110000E+001
7.40000000 8.40000000 1.65680000E+001
7.40000000 8.50000000 1.83690000E+001
7.40000000 8.60000000 2.03200000E+001
7.40000000 8.70000000 2.24270000E+001
7.40000000 8.80000000 2.46960000E+001
7.40000000 8.90000000 2.71330000E+001
7.40000000 9.00000000 2.97440000E+001
7.40000000 9.10000000 3.25350000E+001
7.40000000 9.20000000 3.55120000E+001
7.40000000 9.30000000 3.86810000E+001
7.40000000 9.40000000 4.20480000E+001
7.40000000 9.50000000 4.56190000E+001
7.40000000 9.60000000 4.94000000E+001
7.40000000 9.70000000 5.33970000E+001
7.40000000 9.80000000 5.76160000E+001
7.40000000 9.90000000 6.20630000E+001
7.40000000 10.00000000 6.67440000E+001
7.40000000 10.10000000 7.16650000E+001
7.40000000 10.20000000 7.68320000E+001
7.40000000 10.30000000 8.22510000E+001
7.40000000 10.40000000 8.79280000E+001
7.40000000 10.50000000 9.38690000E+001
7.40000000 10.60000000 1.00080000E+002
7.40000000 10.70000000 1.06567000E+002
7.40000000 10.80000000 1.13336000E+002
7.40000000 10.90000000 1.20393000E+002
7.40000000 11.00000000 1.27744000E+002
7.50000000 1.00000000 -1.21625000E+002
7.50000000 1.10000000 -1.14274000E+002
7.50000000 1.20000000 -1.07217000E+002
7.50000000 1.30000000 -1.00448000E+002
7.50000000 1.40000000 -9.39610000E+001
7.50000000 1.50000000 -8.77500000E+001
7.50000000 1.60000000 -8.18090000E+001
7.50000000 1.70000000 -7.61320000E+001
7.50000000 1.80000000 -7.07130000E+001
7.50000000 1.90000000 -6.55460000E+001
7.50000000 2.00000000 -6.06250000E+001
7.50000000 2.10000000 -5.59440000E+001
7.50000000 2.20000000 -5.14970000E+001
7.50000000 2.30000000 -4.72780000E+001
7.50000000 2.40000000 -4.32810000E+001
7.50000000 2.50000000 -3.95000000E+001
7.50000000 2.60000000 -3.59290000E+001
7.50000000 2.70000000 -3.25620000E+001
7.50000000 2.80000000 -2.93930000E+001
7.50000000 2.90000000 -2.64160000E+001
7.50000000 3.00000000 -2.36250000E+001
7.50000000 3.10000000 -2.10140000E+001
7.50000000 3.20000000 -1.85770000E+001
7.50000000 3.30000000 -1.63080000E+001
7.50000000 3.40000000 -1.42010000E+001
7.50000000 3.50000000 -1.22500000E+001
7.50000000 3.60000000 -1.04490000E+001
7.50000000 3.70000000 -8.79200000E+000
7.50000000 3.80000000 -7.27300000E+000
7.50000000 3.90000000 -5.88600000E+000
7.50000000 4.00000000 -4.62500000E+000
7.50000000 4.10000000 -3.48400000E+000
7.50000000 4.20000000 -2.45700000E+000
7.50000000 4.30000000 -1.53800000E+000
7.50000000 4.40000000 -7.21000000E-001
7.50000000 4.50000000 3.38618023E-015
7.50000000 4.60000000 6.31000000E-001
7.50000000 4.70000000 1.17800000E+000
7.50000000 4.80000000 1.64700000E+000
7.50000000 4.90000000 2.04400000E+000
7.50000000 5.00000000 2.37500000E+000
7.50000000 5.10000000 2.64600000E+000
7.50000000 5.20000000 2.86300000E+000
7.50000000 5.30000000 3.03200000E+000
7.50000000 5.40000000 3.15900000E+000
7.50000000 5.50000000 3.25000000E+000
7.50000000 5.60000000 3.31100000E+000
7.50000000 5.70000000 3.34800000E+000
7.50000000 5.80000000 3.36700000E+000
7.50000000 5.90000000 3.37400000E+000
7.50000000 6.00000000 3.37500000E+000
7.50000000 6.10000000 3.37600000E+000
7.50000000 6.20000000 3.38300000E+000
7.50000000 6.30000000 3.40200000E+000
7.50000000 6.40000000 3.43900000E+000
7.50000000 6.50000000 3.50000000E+000
7.50000000 6.60000000 3.59100000E+000
7.50000000 6.70000000 3.71800000E+000
7.50000000 6.80000000 3.88700000E+000
7.50000000 6.90000000 4.10400000E+000
7.50000000 7.00000000 4.37500000E+000
7.50000000 7.10000000 4.70600000E+000
7.50000000 7.20000000 5.10300000E+000
7.50000000 7.30000000 5.57200000E+000
7.50000000 7.40000000 6.11900000E+000
7.50000000 7.50000000 6.75000000E+000
7.50000000 7.60000000 7.47100000E+000
7.50000000 7.70000000 8.28800000E+000
7.50000000 7.80000000 9.20700000E+000
7.50000000 7.90000000 1.02340000E+001
7.50000000 8.00000000 1.13750000E+001
7.50000000 8.10000000 1.26360000E+001
7.50000000 8.20000000 1.40230000E+001
7.50000000 8.30000000 1.55420000E+001
7.50000000 8.40000000 1.71990000E+001
7.50000000 8.50000000 1.90000000E+001
7.50000000 8.60000000 2.09510000E+001
7.50000000 8.70000000 2.30580000E+001
7.50000000 8.80000000 2.53270000E+001
7.50000000 8.90000000 2.77640000E+001
7.50000000 9.00000000 3.03750000E+001
7.50000000 9.10000000 3.31660000E+001
7.50000000 9.20000000 3.61430000E+001
7.50000000 9.30000000 3.93120000E+001
7.50000000 9.40000000 4.26790000E+001
7.50000000 9.50000000 4.62500000E+001
7.50000000 9.60000000 5.00310000E+001
7.50000000 9.70000000 5.40280000E+001
7.50000000 9.80000000 5.82470000E+001
7.50000000 9.90000000 6.26940000E+001
7.50000000 10.00000000 6.73750000E+001
7.50000000 10.10000000 7.22960000E+001
7.50000000 10.20000000 7.74630000E+001
7.50000000 10.30000000 8.28820000E+001
7.50000000 10.40000000 8.85590000E+001
7.50000000 10.50000000 9.45000000E+001
7.50000000 10.60000000 1.00711000E+002
7.50000000 10.70000000 1.07198000E+002
7.50000000 10.80000000 1.13967000E+002
7.50000000 10.90000000 1.21024000E+002
7.50000000 11.00000000 1.28375000E+002
7.60000000 1.00000000 -1.20904000E+002
7.60000000 1.10000000 -1.13553000E+002
7.60000000 1.20000000 -1.06496000E+002
7.60000000 1.30000000 -9.97270000E+001
7.60000000 1.40000000 -9.32400000E+001
7.60000000 1.50000000 -8.70290000E+001
7.60000000 1.60000000 -8.10880000E+001
7.60000000 1.70000000 -7.54110000E+001
7.60000000 1.80000000 -6.99920000E+001
7.60000000 1.90000000 -6.48250000E+001
7.60000000 2.00000000 -5.99040000E+001
7.60000000 2.10000000 -5.52230000E+001
7.60000000 2.20000000 -5.07760000E+001
7.60000000 2.30000000 -4.65570000E+001
7.60000000 2.40000000 -4.25600000E+001
7.60000000 2.50000000 -3.87790000E+001
7.60000000 2.60000000 -3.52080000E+001
7.60000000 2.70000000 -3.18410000E+001
7.60000000 2.80000000 -2.86720000E+001
7.60000000 2.90000000 -2.56950000E+001
7.60000000 3.00000000 -2.29040000E+001
7.60000000 3.10000000 -2.02930000E+001
7.60000000 3.20000000 -1.78560000E+001
7.60000000 3.30000000 -1.55870000E+001
7.60000000 3.40000000 -1.34800000E+001
7.60000000 3.50000000 -1.15290000E+001
7.60000000 3.60000000 -9.72800000E+000
7.60000000 3.70000000 -8.07100000E+000
7.60000000 3.80000000 -6.55200000E+000
7.60000000 3.90000000 -5.16500000E+000
7.60000000 4.00000000 -3.90400000E+000
7.60000000 4.10000000 -2.76300000E+000
7.60000000 4.20000000 -1.73600000E+000
7.60000000 4.30000000 -8.17000000E-001
7.60000000 4.40000000 4.55191440E-015
7.60000000 4.50000000 7.21000000E-001
7.60000000 4.60000000 1.35200000E+000
7.60000000 4.70000000 1.89900000E+000
7.60000000 4.80000000 2.36800000E+000
7.60000000 4.90000000 2.76500000E+000
7.60000000 5.00000000 3.09600000E+000
7.60000000 5.10000000 3.36700000E+000
7.60000000 5.20000000 3.58400000E+000
7.60000000 5.30000000 3.75300000E+000
7.60000000 5.40000000 3.88000000E+000
7.60000000 5.50000000 3.97100000E+000
7.60000000 5.60000000 4.03200000E+000
7.60000000 5.70000000 4.06900000E+000
7.60000000 5.80000000 4.08800000E+000
7.60000000 5.90000000 4.09500000E+000
7.60000000 6.00000000 4.09600000E+000
7.60000000 6.10000000 4.09700000E+000
7.60000000 6.20000000 4.10400000E+000
7.60000000 6.30000000 4.12300000E+000
7.60000000 6.40000000 4.16000000E+000
7.60000000 6.50000000 4.22100000E+000
7.60000000 6.60000000 4.31200000E+000
7.60000000 6.70000000 4.43900000E+000
7.60000000 6.80000000 4.60800000E+000
7.60000000 6.90000000 4.82500000E+000
7.60000000 7.00000000 5.09600000E+000
7.60000000 7.10000000 5.42700000E+000
7.60000000 7.20000000 5.82400000E+000
7.60000000 7.30000000 6.29300000E+000
7.60000000 7.40000000 6.84000000E+000
7.60000000 7.50000000 7.47100000E+000
7.60000000 7.60000000 8.19200000E+000
7.60000000 7.70000000 9.00900000E+000
7.60000000 7.80000000 9.92800000E+000
7.60000000 7.90000000 1.09550000E+001
7.60000000 8.00000000 1.20960000E+001
7.60000000 8.10000000 1.33570000E+001
7.60000000 8.20000000 1.47440000E+001
7.60000000 8.30000000 1.62630000E+001
7.60000000 8.40000000 1.79200000E+001
7.60000000 8.50000000 1.97210000E+001
7.60000000 8.60000000 2.16720000E+001
7.60000000 8.70000000 2.37790000E+001
7.60000000 8.80000000 2.60480000E+001
7.60000000 8.90000000 2.84850000E+001
7.60000000 9.00000000 3.10960000E+001
7.60000000 9.10000000 3.38870000E+001
7.60000000 9.20000000 3.68640000E+001
7.60000000 9.30000000 4.00330000E+001
7.60000000 9.40000000 4.34000000E+001
7.60000000 9.50000000 4.69710000E+001
7.60000000 9.60000000 5.07520000E+001
7.60000000 9.70000000 5.47490000E+001
7.60000000 9.80000000 5.89680000E+001
7.60000000 9.90000000 6.34150000E+001
7.60000000 10.00000000 6.80960000E+001
7.60000000 10.10000000 7.30170000E+001
7.60000000 10.20000000 7.81840000E+001
7.60000000 10.30000000 8.36030000E+001
7.60000000 10.40000000 8.92800000E+001
7.60000000 10.50000000 9.52210000E+001
7.60000000 10.60000000 1.01432000E+002
7.60000000 10.70000000 1.07919000E+002
7.60000000 10.80000000 1.14688000E+002
7.60000000 10.90000000 1.21745000E+002
7.60000000 11.00000000 1.29096000E+002
7.70000000 1.00000000 -1.20087000E+002
7.70000000 1.10000000 -1.12736000E+002
7.70000000 1.20000000 -1.05679000E+002
7.70000000 1.30000000 -9.89100000E+001
7.70000000 1.40000000 -9.24230000E+001
7.70000000 1.50000000 -8.62120000E+001
7.70000000 1.60000000 -8.02710000E+001
7.70000000 1.70000000 -7.45940000E+001
7.70000000 1.80000000 -6.91750000E+001
7.70000000 1.90000000 -6.40080000E+001
7.70000000 2.00000000 -5.90870000E+001
7.70000000 2.10000000 -5.44060000E+001
7.70000000 2.20000000 -4.99590000E+001
7.70000000 2.30000000 -4.57400000E+001
7.70000000 2.40000000 -4.17430000E+001
7.70000000 2.50000000 -3.79620000E+001
7.70000000 2.60000000 -3.43910000E+001
7.70000000 2.70000000 -3.10240000E+001
7.70000000 2.80000000 -2.78550000E+001
7.70000000 2.90000000 -2.48780000E+001
7.70000000 3.00000000 -2.20870000E+001
7.70000000 3.10000000 -1.94760000E+001
7.70000000 3.20000000 -1.70390000E+001
7.70000000 3.30000000 -1.47700000E+001
7.70000000 3.40000000 -1.26630000E+001
7.70000000 3.50000000 -1.07120000E+001
7.70000000 3.60000000 -8.91100000E+000
7.70000000 3.70000000 -7.25400000E+000
7.70000000 3.80000000 -5.73500000E+000
7.70000000 3.90000000 -4.34800000E+000
7.70000000 4.00000000 -3.08700000E+000
7.70000000 4.10000000 -1.94600000E+000
7.70000000 4.20000000 -9.19000000E-001
7.70000000 4.30000000 3.05311332E-015
7.70000000 4.40000000 8.17000000E-001
7.70000000 4.50000000 1.53800000E+000
7.70000000 4.60000000 2.16900000E+000
7.70000000 4.70000000 2.71600000E+000
7.70000000 4.80000000 3.18500000E+000
7.70000000 4.90000000 3.58200000E+000
7.70000000 5.00000000 3.91300000E+000
7.70000000 5.10000000 4.18400000E+000
7.70000000 5.20000000 4.40100000E+000
7.70000000 5.30000000 4.57000000E+000
7.70000000 5.40000000 4.69700000E+000
7.70000000 5.50000000 4.78800000E+000
7.70000000 5.60000000 4.84900000E+000
7.70000000 5.70000000 4.88600000E+000
7.70000000 5.80000000 4.90500000E+000
7.70000000 5.90000000 4.91200000E+000
7.70000000 6.00000000 4.91300000E+000
7.70000000 6.10000000 4.91400000E+000
7.70000000 6.20000000 4.92100000E+000
7.70000000 6.30000000 4.94000000E+000
7.70000000 6.40000000 4.97700000E+000
7.70000000 6.50000000 5.03800000E+000
7.70000000 6.60000000 5.12900000E+000
7.70000000 6.70000000 5.25600000E+000
7.70000000 6.80000000 5.42500000E+000
7.70000000 6.90000000 5.64200000E+000
7.70000000 7.00000000 5.91300000E+000
7.70000000 7.10000000 6.24400000E+000
7.70000000 7.20000000 6.64100000E+000
7.70000000 7.30000000 7.11000000E+000
7.70000000 7.40000000 7.65700000E+000
7.70000000 7.50000000 8.28800000E+000
7.70000000 7.60000000 9.00900000E+000
7.70000000 7.70000000 9.82600000E+000
7.70000000 7.80000000 1.07450000E+001
7.70000000 7.90000000 1.17720000E+001
7.70000000 8.00000000 1.29130000E+001
7.70000000 8.10000000 1.41740000E+001
7.70000000 8.20000000 1.55610000E+001
7.70000000 8.30000000 1.70800000E+001
7.70000000 8.40000000 1.87370000E+001
7.70000000 8.50000000 2.05380000E+001
7.70000000 8.60000000 2.24890000E+001
7.70000000 8.70000000 2.45960000E+001
7.70000000 8.80000000 2.68650000E+001
7.70000000 8.90000000 2.93020000E+001
7.70000000 9.00000000 3.19130000E+001
7.70000000 9.10000000 3.47040000E+001
7.70000000 9.20000000 3.76810000E+001
7.70000000 9.30000000 4.08500000E+001
7.70000000 9.40000000 4.42170000E+001
7.70000000 9.50000000 4.77880000E+001
7.70000000 9.60000000 5.15690000E+001
7.70000000 9.70000000 5.55660000E+001
7.70000000 9.80000000 5.97850000E+001
7.70000000 9.90000000 6.42320000E+001
7.70000000 10.00000000 6.89130000E+001
7.70000000 10.10000000 7.38340000E+001
7.70000000 10.20000000 7.90010000E+001
7.70000000 10.30000000 8.44200000E+001
7.70000000 10.40000000 9.00970000E+001
7.70000000 10.50000000 9.60380000E+001
7.70000000 10.60000000 1.02249000E+002
7.70000000 10.70000000 1.08736000E+002
7.70000000 10.80000000 1.15505000E+002
7.70000000 10.90000000 1.22562000E+002
7.70000000 11.00000000 1.29913000E+002
7.80000000 1.00000000 -1.19168000E+002
7.80000000 1.10000000 -1.11817000E+002
7.80000000 1.20000000 -1.04760000E+002
7.80000000 1.30000000 -9.79910000E+001
7.80000000 1.40000000 -9.15040000E+001
7.80000000 1.50000000 -8.52930000E+001
7.80000000 1.60000000 -7.93520000E+001
7.80000000 1.70000000 -7.36750000E+001
7.80000000 1.80000000 -6.82560000E+001
7.80000000 1.90000000 -6.30890000E+001
7.80000000 2.00000000 -5.81680000E+001
7.80000000 2.10000000 -5.34870000E+001
7.80000000 2.20000000 -4.90400000E+001
7.80000000 2.30000000 -4.48210000E+001
7.80000000 2.40000000 -4.08240000E+001
7.80000000 2.50000000 -3.70430000E+001
7.80000000 2.60000000 -3.34720000E+001
7.80000000 2.70000000 -3.01050000E+001
7.80000000 2.80000000 -2.69360000E+001
7.80000000 2.90000000 -2.39590000E+001
7.80000000 3.00000000 -2.11680000E+001
7.80000000 3.10000000 -1.85570000E+001
7.80000000 3.20000000 -1.61200000E+001
7.80000000 3.30000000 -1.38510000E+001
7.80000000 3.40000000 -1.17440000E+001
7.80000000 3.50000000 -9.79300000E+000
7.80000000 3.60000000 -7.99200000E+000
7.80000000 3.70000000 -6.33500000E+000
7.80000000 3.80000000 -4.81600000E+000
7.80000000 3.90000000 -3.42900000E+000
7.80000000 4.00000000 -2.16800000E+000
7.80000000 4.10000000 -1.02700000E+000
7.80000000 4.20000000 5.60662627E-015
7.80000000 4.30000000 9.19000000E-001
7.80000000 4.40000000 1.73600000E+000
7.80000000 4.50000000 2.45700000E+000
7.80000000 4.60000000 3.08800000E+000
7.80000000 4.70000000 3.63500000E+000
7.80000000 4.80000000 4.10400000E+000
7.80000000 4.90000000 4.50100000E+000
7.80000000 5.00000000 4.83200000E+000
7.80000000 5.10000000 5.10300000E+000
7.80000000 5.20000000 5.32000000E+000
7.80000000 5.30000000 5.48900000E+000
7.80000000 5.40000000 5.61600000E+000
7.80000000 5.50000000 5.70700000E+000
7.80000000 5.60000000 5.76800000E+000
7.80000000 5.70000000 5.80500000E+000
7.80000000 5.80000000 5.82400000E+000
7.80000000 5.90000000 5.83100000E+000
7.80000000 6.00000000 5.83200000E+000
7.80000000 6.10000000 5.83300000E+000
7.80000000 6.20000000 5.84000000E+000
7.80000000 6.30000000 5.85900000E+000
7.80000000 6.40000000 5.89600000E+000
7.80000000 6.50000000 5.95700000E+000
7.80000000 6.60000000 6.04800000E+000
7.80000000 6.70000000 6.17500000E+000
7.80000000 6.80000000 6.34400000E+000
7.80000000 6.90000000 6.56100000E+000
7.80000000 7.00000000 6.83200000E+000
7.80000000 7.10000000 7.16300000E+000
7.80000000 7.20000000 7.56000000E+000
7.80000000 7.30000000 8.02900000E+000
7.80000000 7.40000000 8.57600000E+000
7.80000000 7.50000000 9.20700000E+000
7.80000000 7.60000000 9.92800000E+000
7.80000000 7.70000000 1.07450000E+001
7.80000000 7.80000000 1.16640000E+001
7.80000000 7.90000000 1.26910000E+001
7.80000000 8.00000000 1.38320000E+001
7.80000000 8.10000000 1.50930000E+001
7.80000000 8.20000000 1.64800000E+001
7.80000000 8.30000000 1.79990000E+001
7.80000000 8.40000000 1.96560000E+001
7.80000000 8.50000000 2.14570000E+001
7.80000000 8.60000000 2.34080000E+001
7.80000000 8.70000000 2.55150000E+001
7.80000000 8.80000000 2.77840000E+001
7.80000000 8.90000000 3.02210000E+001
7.80000000 9.00000000 3.28320000E+001
7.80000000 9.10000000 3.56230000E+001
7.80000000 9.20000000 3.86000000E+001
7.80000000 9.30000000 4.17690000E+001
7.80000000 9.40000000 4.51360000E+001
7.80000000 9.50000000 4.87070000E+001
7.80000000 9.60000000 5.24880000E+001
7.80000000 9.70000000 5.64850000E+001
7.80000000 9.80000000 6.07040000E+001
7.80000000 9.90000000 6.51510000E+001
7.80000000 10.00000000 6.98320000E+001
7.80000000 10.10000000 7.47530000E+001
7.80000000 10.20000000 7.99200000E+001
7.80000000 10.30000000 8.53390000E+001
7.80000000 10.40000000 9.10160000E+001
7.80000000 10.50000000 9.69570000E+001
7.80000000 10.60000000 1.03168000E+002
7.80000000 10.70000000 1.09655000E+002
7.80000000 10.80000000 1.16424000E+002
7.80000000 10.90000000 1.23481000E+002
7.80000000 11.00000000 1.30832000E+002
7.90000000 1.00000000 -1.18141000E+002
7.90000000 1.10000000 -1.10790000E+002
7.90000000 1.20000000 -1.03733000E+002
7.90000000 1.30000000 -9.69640000E+001
7.90000000 1.40000000 -9.04770000E+001
7.90000000 1.50000000 -8.42660000E+001
7.90000000 1.60000000 -7.83250000E+001
7.90000000 1.70000000 -7.26480000E+001
7.90000000 1.80000000 -6.72290000E+001
7.90000000 1.90000000 -6.20620000E+001
7.90000000 2.00000000 -5.71410000E+001
7.90000000 2.10000000 -5.24600000E+001
7.90000000 2.20000000 -4.80130000E+001
7.90000000 2.30000000 -4.37940000E+001
7.90000000 2.40000000 -3.97970000E+001
7.90000000 2.50000000 -3.60160000E+001
7.90000000 2.60000000 -3.24450000E+001
7.90000000 2.70000000 -2.90780000E+001
7.90000000 2.80000000 -2.59090000E+001
7.90000000 2.90000000 -2.29320000E+001
7.90000000 3.00000000 -2.01410000E+001
7.90000000 3.10000000 -1.75300000E+001
7.90000000 3.20000000 -1.50930000E+001
7.90000000 3.30000000 -1.28240000E+001
7.90000000 3.40000000 -1.07170000E+001
7.90000000 3.50000000 -8.76600000E+000
7.90000000 3.60000000 -6.96500000E+000
7.90000000 3.70000000 -5.30800000E+000
7.90000000 3.80000000 -3.78900000E+000
7.90000000 3.90000000 -2.40200000E+000
7.90000000 4.00000000 -1.14100000E+000
7.90000000 4.10000000 4.27435864E-015
7.90000000 4.20000000 1.02700000E+000
7.90000000 4.30000000 1.94600000E+000
7.90000000 4.40000000 2.76300000E+000
7.90000000 4.50000000 3.48400000E+000
7.90000000 4.60000000 4.11500000E+000
7.90000000 4.70000000 4.66200000E+000
7.90000000 4.80000000 5.13100000E+000
7.90000000 4.90000000 5.52800000E+000
7.90000000 5.00000000 5.85900000E+000
7.90000000 5.10000000 6.13000000E+000
7.90000000 5.20000000 6.34700000E+000
7.90000000 5.30000000 6.51600000E+000
7.90000000 5.40000000 6.64300000E+000
7.90000000 5.50000000 6.73400000E+000
7.90000000 5.60000000 6.79500000E+000
7.90000000 5.70000000 6.83200000E+000
7.90000000 5.80000000 6.85100000E+000
7.90000000 5.90000000 6.85800000E+000
7.90000000 6.00000000 6.85900000E+000
7.90000000 6.10000000 6.86000000E+000
7.90000000 6.20000000 6.86700000E+000
7.90000000 6.30000000 6.88600000E+000
7.90000000 6.40000000 6.92300000E+000
7.90000000 6.50000000 6.98400000E+000
7.90000000 6.60000000 7.07500000E+000
7.90000000 6.70000000 7.20200000E+000
7.90000000 6.80000000 7.37100000E+000
7.90000000 6.90000000 7.58800000E+000
7.90000000 7.00000000 7.85900000E+000
7.90000000 7.10000000 8.19000000E+000
7.90000000 7.20000000 8.58700000E+000
7.90000000 7.30000000 9.05600000E+000
7.90000000 7.40000000 9.60300000E+000
7.90000000 7.50000000 1.02340000E+001
7.90000000 7.60000000 1.09550000E+001
7.90000000 7.70000000 1.17720000E+001
7.90000000 7.80000000 1.26910000E+001
7.90000000 7.90000000 1.37180000E+001
7.90000000 8.00000000 1.48590000E+001
7.90000000 8.10000000 1.61200000E+001
7.90000000 8.20000000 1.75070000E+001
7.90000000 8.30000000 1.90260000E+001
7.90000000 8.40000000 2.06830000E+001
7.90000000 8.50000000 2.24840000E+001
7.90000000 8.60000000 2.44350000E+001
7.90000000 8.70000000 2.65420000E+001
7.90000000 8.80000000 2.88110000E+001
7.90000000 8.90000000 3.12480000E+001
7.90000000 9.00000000 3.38590000E+001
7.90000000 9.10000000 3.66500000E+001
7.90000000 9.20000000 3.96270000E+001
7.90000000 9.30000000 4.27960000E+001
7.90000000 9.40000000 4.61630000E+001
7.90000000 9.50000000 4.97340000E+001
7.90000000 9.60000000 5.35150000E+001
7.90000000 9.70000000 5.75120000E+001
7.90000000 9.80000000 6.17310000E+001
7.90000000 9.90000000 6.61780000E+001
7.90000000 10.00000000 7.08590000E+001
7.90000000 10.10000000 7.57800000E+001
7.90000000 10.20000000 8.09470000E+001
7.90000000 10.30000000 8.63660000E+001
7.90000000 10.40000000 9.20430000E+001
7.90000000 10.50000000 9.79840000E+001
7.90000000 10.60000000 1.04195000E+002
7.90000000 10.70000000 1.10682000E+002
7.90000000 10.80000000 1.17451000E+002
7.90000000 10.90000000 1.24508000E+002
7.90000000 11.00000000 1.31859000E+002
8.00000000 1.00000000 -1.17000000E+002
8.00000000 1.10000000 -1.09649000E+002
8.00000000 1.20000000 -1.02592000E+002
8.00000000 1.30000000 -9.58230000E+001
8.00000000 1.40000000 -8.93360000E+001
8.00000000 1.50000000 -8.31250000E+001
8.00000000 1.60000000 -7.71840000E+001
8.00000000 1.70000000 -7.15070000E+001
8.00000000 1.80000000 -6.60880000E+001
8.00000000 1.90000000 -6.09210000E+001
8.00000000 2.00000000 -5.60000000E+001
8.00000000 2.10000000 -5.13190000E+001
8.00000000 2.20000000 -4.68720000E+001
8.00000000 2.30000000 -4.26530000E+001
8.00000000 2.40000000 -3.86560000E+001
8.00000000 2.50000000 -3.48750000E+001
8.00000000 2.60000000 -3.13040000E+001
8.00000000 2.70000000 -2.79370000E+001
8.00000000 2.80000000 -2.47680000E+001
8.00000000 2.90000000 -2.17910000E+001
8.00000000 3.00000000 -1.90000000E+001
8.00000000 3.10000000 -1.63890000E+001
8.00000000 3.20000000 -1.39520000E+001
8.00000000 3.30000000 -1.16830000E+001
8.00000000 3.40000000 -9.57600000E+000
8.00000000 3.50000000 -7.62500000E+000
8.00000000 3.60000000 -5.82400000E+000
8.00000000 3.70000000 -4.16700000E+000
8.00000000 3.80000000 -2.64800000E+000
8.00000000 3.90000000 -1.26100000E+000
8.00000000 4.00000000 6.21724894E-015
8.00000000 4.10000000 1.14100000E+000
8.00000000 4.20000000 2.16800000E+000
8.00000000 4.30000000 3.08700000E+000
8.00000000 4.40000000 3.90400000E+000
8.00000000 4.50000000 4.62500000E+000
8.00000000 4.60000000 5.25600000E+000
8.00000000 4.70000000 5.80300000E+000
8.00000000 4.80000000 6.27200000E+000
8.00000000 4.90000000 6.66900000E+000
8.00000000 5.00000000 7.00000000E+000
8.00000000 5.10000000 7.27100000E+000
8.00000000 5.20000000 7.48800000E+000
8.00000000 5.30000000 7.65700000E+000
8.00000000 5.40000000 7.78400000E+000
8.00000000 5.50000000 7.87500000E+000
8.00000000 5.60000000 7.93600000E+000
8.00000000 5.70000000 7.97300000E+000
8.00000000 5.80000000 7.99200000E+000
8.00000000 5.90000000 7.99900000E+000
8.00000000 6.00000000 8.00000000E+000
8.00000000 6.10000000 8.00100000E+000
8.00000000 6.20000000 8.00800000E+000
8.00000000 6.30000000 8.02700000E+000
8.00000000 6.40000000 8.06400000E+000
8.00000000 6.50000000 8.12500000E+000
8.00000000 6.60000000 8.21600000E+000
8.00000000 6.70000000 8.34300000E+000
8.00000000 6.80000000 8.51200000E+000
8.00000000 6.90000000 8.72900000E+000
8.00000000 7.00000000 9.00000000E+000
8.00000000 7.10000000 9.33100000E+000
8.00000000 7.20000000 9.72800000E+000
8.00000000 7.30000000 1.01970000E+001
8.00000000 7.40000000 1.07440000E+001
8.00000000 7.50000000 1.13750000E+001
8.00000000 7.60000000 1.20960000E+001
8.00000000 7.70000000 1.29130000E+001
8.00000000 7.80000000 1.38320000E+001
8.00000000 7.90000000 1.48590000E+001
8.00000000 8.00000000 1.60000000E+001
8.00000000 8.10000000 1.72610000E+001
8.00000000 8.20000000 1.86480000E+001
8.00000000 8.30000000 2.01670000E+001
8.00000000 8.40000000 2.18240000E+001
8.00000000 8.50000000 2.36250000E+001
8.00000000 8.60000000 2.55760000E+001
8.00000000 8.70000000 2.76830000E+001
8.00000000 8.80000000 2.99520000E+001
8.00000000 8.90000000 3.23890000E+001
8.00000000 9.00000000 3.50000000E+001
8.00000000 9.10000000 3.77910000E+001
8.00000000 9.20000000 4.07680000E+001
8.00000000 9.30000000 4.39370000E+001
8.00000000 9.40000000 4.73040000E+001
8.00000000 9.50000000 5.08750000E+001
8.00000000 9.60000000 5.46560000E+001
8.00000000 9.70000000 5.86530000E+001
8.00000000 9.80000000 6.28720000E+001
8.00000000 9.90000000 6.73190000E+001
8.00000000 10.00000000 7.20000000E+001
8.00000000 10.10000000 7.69210000E+001
8.00000000 10.20000000 8.20880000E+001
8.00000000 10.30000000 8.75070000E+001
8.00000000 10.40000000 9.31840000E+001
8.00000000 10.50000000 9.91250000E+001
8.00000000 10.60000000 1.05336000E+002
8.00000000 10.70000000 1.11823000E+002
8.00000000 10.80000000 1.18592000E+002
8.00000000 10.90000000 1.25649000E+002
8.00000000 11.00000000 1.33000000E+002
8.10000000 1.00000000 -1.15739000E+002
8.10000000 1.10000000 -1.08388000E+002
8.10000000 1.20000000 -1.01331000E+002
8.10000000 1.30000000 -9.45620000E+001
8.10000000 1.40000000 -8.80750000E+001
8.10000000 1.50000000 -8.18640000E+001
8.10000000 1.60000000 -7.59230000E+001
8.10000000 1.70000000 -7.02460000E+001
8.10000000 1.80000000 -6.48270000E+001
8.10000000 1.90000000 -5.96600000E+001
8.10000000 2.00000000 -5.47390000E+001
8.10000000 2.10000000 -5.00580000E+001
8.10000000 2.20000000 -4.56110000E+001
8.10000000 2.30000000 -4.13920000E+001
8.10000000 2.40000000 -3.73950000E+001
8.10000000 2.50000000 -3.36140000E+001
8.10000000 2.60000000 -3.00430000E+001
8.10000000 2.70000000 -2.66760000E+001
8.10000000 2.80000000 -2.35070000E+001
8.10000000 2.90000000 -2.05300000E+001
8.10000000 3.00000000 -1.77390000E+001
8.10000000 3.10000000 -1.51280000E+001
8.10000000 3.20000000 -1.26910000E+001
8.10000000 3.30000000 -1.04220000E+001
8.10000000 3.40000000 -8.31500000E+000
8.10000000 3.50000000 -6.36400000E+000
8.10000000 3.60000000 -4.56300000E+000
8.10000000 3.70000000 -2.90600000E+000
8.10000000 3.80000000 -1.38700000E+000
8.10000000 3.90000000 -5.99520433E-015
8.10000000 4.00000000 1.26100000E+000
8.10000000 4.10000000 2.40200000E+000
8.10000000 4.20000000 3.42900000E+000
8.10000000 4.30000000 4.34800000E+000
8.10000000 4.40000000 5.16500000E+000
8.10000000 4.50000000 5.88600000E+000
8.10000000 4.60000000 6.51700000E+000
8.10000000 4.70000000 7.06400000E+000
8.10000000 4.80000000 7.53300000E+000
8.10000000 4.90000000 7.93000000E+000
8.10000000 5.00000000 8.26100000E+000
8.10000000 5.10000000 8.53200000E+000
8.10000000 5.20000000 8.74900000E+000
8.10000000 5.30000000 8.91800000E+000
8.10000000 5.40000000 9.04500000E+000
8.10000000 5.50000000 9.13600000E+000
8.10000000 5.60000000 9.19700000E+000
8.10000000 5.70000000 9.23400000E+000
8.10000000 5.80000000 9.25300000E+000
8.10000000 5.90000000 9.26000000E+000
8.10000000 6.00000000 9.26100000E+000
8.10000000 6.10000000 9.26200000E+000
8.10000000 6.20000000 9.26900000E+000
8.10000000 6.30000000 9.28800000E+000
8.10000000 6.40000000 9.32500000E+000
8.10000000 6.50000000 9.38600000E+000
8.10000000 6.60000000 9.47700000E+000
8.10000000 6.70000000 9.60400000E+000
8.10000000 6.80000000 9.77300000E+000
8.10000000 6.90000000 9.99000000E+000
8.10000000 7.00000000 1.02610000E+001
8.10000000 7.10000000 1.05920000E+001
8.10000000 7.20000000 1.09890000E+001
8.10000000 7.30000000 1.14580000E+001
8.10000000 7.40000000 1.20050000E+001
8.10000000 7.50000000 1.26360000E+001
8.10000000 7.60000000 1.33570000E+001
8.10000000 7.70000000 1.41740000E+001
8.10000000 7.80000000 1.50930000E+001
8.10000000 7.90000000 1.61200000E+001
8.10000000 8.00000000 1.72610000E+001
8.10000000 8.10000000 1.85220000E+001
8.10000000 8.20000000 1.99090000E+001
8.10000000 8.30000000 2.14280000E+001
8.10000000 8.40000000 2.30850000E+001
8.10000000 8.50000000 2.48860000E+001
8.10000000 8.60000000 2.68370000E+001
8.10000000 8.70000000 2.89440000E+001
8.10000000 8.80000000 3.12130000E+001
8.10000000 8.90000000 3.36500000E+001
8.10000000 9.00000000 3.62610000E+001
8.10000000 9.10000000 3.90520000E+001
8.10000000 9.20000000 4.20290000E+001
8.10000000 9.30000000 4.51980000E+001
8.10000000 9.40000000 4.85650000E+001
8.10000000 9.50000000 5.21360000E+001
8.10000000 9.60000000 5.59170000E+001
8.10000000 9.70000000 5.99140000E+001
8.10000000 9.80000000 6.41330000E+001
8.10000000 9.90000000 6.85800000E+001
8.10000000 10.00000000 7.32610000E+001
8.10000000 10.10000000 7.81820000E+001
8.10000000 10.20000000 8.33490000E+001
8.10000000 10.30000000 8.87680000E+001
8.10000000 10.40000000 9.44450000E+001
8.10000000 10.50000000 1.00386000E+002
8.10000000 10.60000000 1.06597000E+002
8.10000000 10.70000000 1.13084000E+002
8.10000000 10.80000000 1.19853000E+002
8.10000000 10.90000000 1.26910000E+002
8.10000000 11.00000000 1.34261000E+002
8.20000000 1.00000000 -1.14352000E+002
8.20000000 1.10000000 -1.07001000E+002
8.20000000 1.20000000 -9.99440000E+001
8.20000000 1.30000000 -9.31750000E+001
8.20000000 1.40000000 -8.66880000E+001
8.20000000 1.50000000 -8.04770000E+001
8.20000000 1.60000000 -7.45360000E+001
8.20000000 1.70000000 -6.88590000E+001
8.20000000 1.80000000 -6.34400000E+001
8.20000000 1.90000000 -5.82730000E+001
8.20000000 2.00000000 -5.33520000E+001
8.20000000 2.10000000 -4.86710000E+001
8.20000000 2.20000000 -4.42240000E+001
8.20000000 2.30000000 -4.00050000E+001
8.20000000 2.40000000 -3.60080000E+001
8.20000000 2.50000000 -3.22270000E+001
8.20000000 2.60000000 -2.86560000E+001
8.20000000 2.70000000 -2.52890000E+001
8.20000000 2.80000000 -2.21200000E+001
8.20000000 2.90000000 -1.91430000E+001
8.20000000 3.00000000 -1.63520000E+001
8.20000000 3.10000000 -1.37410000E+001
8.20000000 3.20000000 -1.13040000E+001
8.20000000 3.30000000 -9.03500000E+000
8.20000000 3.40000000 -6.92800000E+000
8.20000000 3.50000000 -4.97700000E+000
8.20000000 3.60000000 -3.17600000E+000
8.20000000 3.70000000 -1.51900000E+000
8.20000000 3.80000000 2.27595720E-015
8.20000000 3.90000000 1.38700000E+000
8.20000000 4.00000000 2.64800000E+000
8.20000000 4.10000000 3.78900000E+000
8.20000000 4.20000000 4.81600000E+000
8.20000000 4.30000000 5.73500000E+000
8.20000000 4.40000000 6.55200000E+000
8.20000000 4.50000000 7.27300000E+000
8.20000000 4.60000000 7.90400000E+000
8.20000000 4.70000000 8.45100000E+000
8.20000000 4.80000000 8.92000000E+000
8.20000000 4.90000000 9.31700000E+000
8.20000000 5.00000000 9.64800000E+000
8.20000000 5.10000000 9.91900000E+000
8.20000000 5.20000000 1.01360000E+001
8.20000000 5.30000000 1.03050000E+001
8.20000000 5.40000000 1.04320000E+001
8.20000000 5.50000000 1.05230000E+001
8.20000000 5.60000000 1.05840000E+001
8.20000000 5.70000000 1.06210000E+001
8.20000000 5.80000000 1.06400000E+001
8.20000000 5.90000000 1.06470000E+001
8.20000000 6.00000000 1.06480000E+001
8.20000000 6.10000000 1.06490000E+001
8.20000000 6.20000000 1.06560000E+001
8.20000000 6.30000000 1.06750000E+001
8.20000000 6.40000000 1.07120000E+001
8.20000000 6.50000000 1.07730000E+001
8.20000000 6.60000000 1.08640000E+001
8.20000000 6.70000000 1.09910000E+001
8.20000000 6.80000000 1.11600000E+001
8.20000000 6.90000000 1.13770000E+001
8.20000000 7.00000000 1.16480000E+001
8.20000000 7.10000000 1.19790000E+001
8.20000000 7.20000000 1.23760000E+001
8.20000000 7.30000000 1.28450000E+001
8.20000000 7.40000000 1.33920000E+001
8.20000000 7.50000000 1.40230000E+001
8.20000000 7.60000000 1.47440000E+001
8.20000000 7.70000000 1.55610000E+001
8.20000000 7.80000000 1.64800000E+001
8.20000000 7.90000000 1.75070000E+001
8.20000000 8.00000000 1.86480000E+001
8.20000000 8.10000000 1.99090000E+001
8.20000000 8.20000000 2.12960000E+001
8.20000000 8.30000000 2.28150000E+001
8.20000000 8.40000000 2.44720000E+001
8.20000000 8.50000000 2.62730000E+001
8.20000000 8.60000000 2.82240000E+001
8.20000000 8.70000000 3.03310000E+001
8.20000000 8.80000000 3.26000000E+001
8.20000000 8.90000000 3.50370000E+001
8.20000000 9.00000000 3.76480000E+001
8.20000000 9.10000000 4.04390000E+001
8.20000000 9.20000000 4.34160000E+001
8.20000000 9.30000000 4.65850000E+001
8.20000000 9.40000000 4.99520000E+001
8.20000000 9.50000000 5.35230000E+001
8.20000000 9.60000000 5.73040000E+001
8.20000000 9.70000000 6.13010000E+001
8.20000000 9.80000000 6.55200000E+001
8.20000000 9.90000000 6.99670000E+001
8.20000000 10.00000000 7.46480000E+001
8.20000000 10.10000000 7.95690000E+001
8.20000000 10.20000000 8.47360000E+001
8.20000000 10.30000000 9.01550000E+001
8.20000000 10.40000000 9.58320000E+001
8.20000000 10.50000000 1.01773000E+002
8.20000000 10.60000000 1.07984000E+002
8.20000000 10.70000000 1.14471000E+002
8.20000000 10.80000000 1.21240000E+002
8.20000000 10.90000000 1.28297000E+002
8.20000000 11.00000000 1.35648000E+002
8.30000000 1.00000000 -1.12833000E+002
8.30000000 1.10000000 -1.05482000E+002
8.30000000 1.20000000 -9.84250000E+001
8.30000000 1.30000000 -9.16560000E+001
8.30000000 1.40000000 -8.51690000E+001
8.30000000 1.50000000 -7.89580000E+001
8.30000000 1.60000000 -7.30170000E+001
8.30000000 1.70000000 -6.73400000E+001
8.30000000 1.80000000 -6.19210000E+001
8.30000000 1.90000000 -5.67540000E+001
8.30000000 2.00000000 -5.18330000E+001
8.30000000 2.10000000 -4.71520000E+001
8.30000000 2.20000000 -4.27050000E+001
8.30000000 2.30000000 -3.84860000E+001
8.30000000 2.40000000 -3.44890000E+001
8.30000000 2.50000000 -3.07080000E+001
8.30000000 2.60000000 -2.71370000E+001
8.30000000 2.70000000 -2.37700000E+001
8.30000000 2.80000000 -2.06010000E+001
8.30000000 2.90000000 -1.76240000E+001
8.30000000 3.00000000 -1.48330000E+001
8.30000000 3.10000000 -1.22220000E+001
8.30000000 3.20000000 -9.78500000E+000
8.30000000 3.30000000 -7.51600000E+000
8.30000000 3.40000000 -5.40900000E+000
8.30000000 3.50000000 -3.45800000E+000
8.30000000 3.60000000 -1.65700000E+000
8.30000000 3.70000000 7.21644966E-016
8.30000000 3.80000000 1.51900000E+000
8.30000000 3.90000000 2.90600000E+000
8.30000000 4.00000000 4.16700000E+000
8.30000000 4.10000000 5.30800000E+000
8.30000000 4.20000000 6.33500000E+000
8.30000000 4.30000000 7.25400000E+000
8.30000000 4.40000000 8.07100000E+000
8.30000000 4.50000000 8.79200000E+000
8.30000000 4.60000000 9.42300000E+000
8.30000000 4.70000000 9.97000000E+000
8.30000000 4.80000000 1.04390000E+001
8.30000000 4.90000000 1.08360000E+001
8.30000000 5.00000000 1.11670000E+001
8.30000000 5.10000000 1.14380000E+001
8.30000000 5.20000000 1.16550000E+001
8.30000000 5.30000000 1.18240000E+001
8.30000000 5.40000000 1.19510000E+001
8.30000000 5.50000000 1.20420000E+001
8.30000000 5.60000000 1.21030000E+001
8.30000000 5.70000000 1.21400000E+001
8.30000000 5.80000000 1.21590000E+001
8.30000000 5.90000000 1.21660000E+001
8.30000000 6.00000000 1.21670000E+001
8.30000000 6.10000000 1.21680000E+001
8.30000000 6.20000000 1.21750000E+001
8.30000000 6.30000000 1.21940000E+001
8.30000000 6.40000000 1.22310000E+001
8.30000000 6.50000000 1.22920000E+001
8.30000000 6.60000000 1.23830000E+001
8.30000000 6.70000000 1.25100000E+001
8.30000000 6.80000000 1.26790000E+001
8.30000000 6.90000000 1.28960000E+001
8.30000000 7.00000000 1.31670000E+001
8.30000000 7.10000000 1.34980000E+001
8.30000000 7.20000000 1.38950000E+001
8.30000000 7.30000000 1.43640000E+001
8.30000000 7.40000000 1.49110000E+001
8.30000000 7.50000000 1.55420000E+001
8.30000000 7.60000000 1.62630000E+001
8.30000000 7.70000000 1.70800000E+001
8.30000000 7.80000000 1.79990000E+001
8.30000000 7.90000000 1.90260000E+001
8.30000000 8.00000000 2.01670000E+001
8.30000000 8.10000000 2.14280000E+001
8.30000000 8.20000000 2.28150000E+001
8.30000000 8.30000000 2.43340000E+001
8.30000000 8.40000000 2.59910000E+001
8.30000000 8.50000000 2.77920000E+001
8.30000000 8.60000000 2.97430000E+001
8.30000000 8.70000000 3.18500000E+001
8.30000000 8.80000000 3.41190000E+001
8.30000000 8.90000000 3.65560000E+001
8.30000000 9.00000000 3.91670000E+001
8.30000000 9.10000000 4.19580000E+001
8.30000000 9.20000000 4.49350000E+001
8.30000000 9.30000000 4.81040000E+001
8.30000000 9.40000000 5.14710000E+001
8.30000000 9.50000000 5.50420000E+001
8.30000000 9.60000000 5.88230000E+001
8.30000000 9.70000000 6.28200000E+001
8.30000000 9.80000000 6.70390000E+001
8.30000000 9.90000000 7.14860000E+001
8.30000000 10.00000000 7.61670000E+001
8.30000000 10.10000000 8.10880000E+001
8.30000000 10.20000000 8.62550000E+001
8.30000000 10.30000000 9.16740000E+001
8.30000000 10.40000000 9.73510000E+001
8.30000000 10.50000000 1.03292000E+002
8.30000000 10.60000000 1.09503000E+002
8.30000000 10.70000000 1.15990000E+002
8.30000000 10.80000000 1.22759000E+002
8.30000000 10.90000000 1.29816000E+002
8.30000000 11.00000000 1.37167000E+002
8.40000000 1.00000000 -1.11176000E+002
8.40000000 1.10000000 -1.03825000E+002
8.40000000 1.20000000 -9.67680000E+001
8.40000000 1.30000000 -8.99990000E+001
8.40000000 1.40000000 -8.35120000E+001
8.40000000 1.50000000 -7.73010000E+001
8.40000000 1.60000000 -7.13600000E+001
8.40000000 1.70000000 -6.56830000E+001
8.40000000 1.80000000 -6.02640000E+001
8.40000000 1.90000000 -5.50970000E+001
8.40000000 2.00000000 -5.01760000E+001
8.40000000 2.10000000 -4.54950000E+001
8.40000000 2.20000000 -4.10480000E+001
8.40000000 2.30000000 -3.68290000E+001
8.40000000 2.40000000 -3.28320000E+001
8.40000000 2.50000000 -2.90510000E+001
8.40000000 2.60000000 -2.54800000E+001
8.40000000 2.70000000 -2.21130000E+001
8.40000000 2.80000000 -1.89440000E+001
8.40000000 2.90000000 -1.59670000E+001
8.40000000 3.00000000 -1.31760000E+001
8.40000000 3.10000000 -1.05650000E+001
8.40000000 3.20000000 -8.12800000E+000
8.40000000 3.30000000 -5.85900000E+000
8.40000000 3.40000000 -3.75200000E+000
8.40000000 3.50000000 -1.80100000E+000
8.40000000 3.60000000 1.27675648E-015
8.40000000 3.70000000 1.65700000E+000
8.40000000 3.80000000 3.17600000E+000
8.40000000 3.90000000 4.56300000E+000
8.40000000 4.00000000 5.82400000E+000
8.40000000 4.10000000 6.96500000E+000
8.40000000 4.20000000 7.99200000E+000
8.40000000 4.30000000 8.91100000E+000
8.40000000 4.40000000 9.72800000E+000
8.40000000 4.50000000 1.04490000E+001
8.40000000 4.60000000 1.10800000E+001
8.40000000 4.70000000 1.16270000E+001
8.40000000 4.80000000 1.20960000E+001
8.40000000 4.90000000 1.24930000E+001
8.40000000 5.00000000 1.28240000E+001
8.40000000 5.10000000 1.30950000E+001
8.40000000 5.20000000 1.33120000E+001
8.40000000 5.30000000 1.34810000E+001
8.40000000 5.40000000 1.36080000E+001
8.40000000 5.50000000 1.36990000E+001
8.40000000 5.60000000 1.37600000E+001
8.40000000 5.70000000 1.37970000E+001
8.40000000 5.80000000 1.38160000E+001
8.40000000 5.90000000 1.38230000E+001
8.40000000 6.00000000 1.38240000E+001
8.40000000 6.10000000 1.38250000E+001
8.40000000 6.20000000 1.38320000E+001
8.40000000 6.30000000 1.38510000E+001
8.40000000 6.40000000 1.38880000E+001
8.40000000 6.50000000 1.39490000E+001
8.40000000 6.60000000 1.40400000E+001
8.40000000 6.70000000 1.41670000E+001
8.40000000 6.80000000 1.43360000E+001
8.40000000 6.90000000 1.45530000E+001
8.40000000 7.00000000 1.48240000E+001
8.40000000 7.10000000 1.51550000E+001
8.40000000 7.20000000 1.55520000E+001
8.40000000 7.30000000 1.60210000E+001
8.40000000 7.40000000 1.65680000E+001
8.40000000 7.50000000 1.71990000E+001
8.40000000 7.60000000 1.79200000E+001
8.40000000 7.70000000 1.87370000E+001
8.40000000 7.80000000 1.96560000E+001
8.40000000 7.90000000 2.06830000E+001
8.40000000 8.00000000 2.18240000E+001
8.40000000 8.10000000 2.30850000E+001
8.40000000 8.20000000 2.44720000E+001
8.40000000 8.30000000 2.59910000E+001
8.40000000 8.40000000 2.76480000E+001
8.40000000 8.50000000 2.94490000E+001
8.40000000 8.60000000 3.14000000E+001
8.40000000 8.70000000 3.35070000E+001
8.40000000 8.80000000 3.57760000E+001
8.40000000 8.90000000 3.82130000E+001
8.40000000 9.00000000 4.08240000E+001
8.40000000 9.10000000 4.36150000E+001
8.40000000 9.20000000 4.65920000E+001
8.40000000 9.30000000 4.97610000E+001
8.40000000 9.40000000 5.31280000E+001
8.40000000 9.50000000 5.66990000E+001
8.40000000 9.60000000 6.04800000E+001
8.40000000 9.70000000 6.44770000E+001
8.40000000 9.80000000 6.86960000E+001
8.40000000 9.90000000 7.31430000E+001
8.40000000 10.00000000 7.78240000E+001
8.40000000 10.10000000 8.27450000E+001
8.40000000 10.20000000 8.79120000E+001
8.40000000 10.30000000 9.33310000E+001
8.40000000 10.40000000 9.90080000E+001
8.40000000 10.50000000 1.04949000E+002
8.40000000 10.60000000 1.11160000E+002
8.40000000 10.70000000 1.17647000E+002
8.40000000 10.80000000 1.24416000E+002
8.40000000 10.90000000 1.31473000E+002
8.40000000 11.00000000 1.38824000E+002
8.50000000 1.00000000 -1.09375000E+002
8.50000000 1.10000000 -1.02024000E+002
8.50000000 1.20000000 -9.49670000E+001
8.50000000 1.30000000 -8.81980000E+001
8.50000000 1.40000000 -8.17110000E+001
8.50000000 1.50000000 -7.55000000E+001
8.50000000 1.60000000 -6.95590000E+001
8.50000000 1.70000000 -6.38820000E+001
8.50000000 1.80000000 -5.84630000E+001
8.50000000 1.90000000 -5.32960000E+001
8.50000000 2.00000000 -4.83750000E+001
8.50000000 2.10000000 -4.36940000E+001
8.50000000 2.20000000 -3.92470000E+001
8.50000000 2.30000000 -3.50280000E+001
8.50000000 2.40000000 -3.10310000E+001
8.50000000 2.50000000 -2.72500000E+001
8.50000000 2.60000000 -2.36790000E+001
8.50000000 2.70000000 -2.03120000E+001
8.50000000 2.80000000 -1.71430000E+001
8.50000000 2.90000000 -1.41660000E+001
8.50000000 3.00000000 -1.13750000E+001
8.50000000 3.10000000 -8.76400000E+000
8.50000000 3.20000000 -6.32700000E+000
8.50000000 3.30000000 -4.05800000E+000
8.50000000 3.40000000 -1.95100000E+000
8.50000000 3.50000000 2.16493490E-015
8.50000000 3.60000000 1.80100000E+000
8.50000000 3.70000000 3.45800000E+000
8.50000000 3.80000000 4.97700000E+000
8.50000000 3.90000000 6.36400000E+000
8.50000000 4.00000000 7.62500000E+000
8.50000000 4.10000000 8.76600000E+000
8.50000000 4.20000000 9.79300000E+000
8.50000000 4.30000000 1.07120000E+001
8.50000000 4.40000000 1.15290000E+001
8.50000000 4.50000000 1.22500000E+001
8.50000000 4.60000000 1.28810000E+001
8.50000000 4.70000000 1.34280000E+001
8.50000000 4.80000000 1.38970000E+001
8.50000000 4.90000000 1.42940000E+001
8.50000000 5.00000000 1.46250000E+001
8.50000000 5.10000000 1.48960000E+001
8.50000000 5.20000000 1.51130000E+001
8.50000000 5.30000000 1.52820000E+001
8.50000000 5.40000000 1.54090000E+001
8.50000000 5.50000000 1.55000000E+001
8.50000000 5.60000000 1.55610000E+001
8.50000000 5.70000000 1.55980000E+001
8.50000000 5.80000000 1.56170000E+001
8.50000000 5.90000000 1.56240000E+001
8.50000000 6.00000000 1.56250000E+001
8.50000000 6.10000000 1.56260000E+001
8.50000000 6.20000000 1.56330000E+001
8.50000000 6.30000000 1.56520000E+001
8.50000000 6.40000000 1.56890000E+001
8.50000000 6.50000000 1.57500000E+001
8.50000000 6.60000000 1.58410000E+001
8.50000000 6.70000000 1.59680000E+001
8.50000000 6.80000000 1.61370000E+001
8.50000000 6.90000000 1.63540000E+001
8.50000000 7.00000000 1.66250000E+001
8.50000000 7.10000000 1.69560000E+001
8.50000000 7.20000000 1.73530000E+001
8.50000000 7.30000000 1.78220000E+001
8.50000000 7.40000000 1.83690000E+001
8.50000000 7.50000000 1.90000000E+001
8.50000000 7.60000000 1.97210000E+001
8.50000000 7.70000000 2.05380000E+001
8.50000000 7.80000000 2.14570000E+001
8.50000000 7.90000000 2.24840000E+001
8.50000000 8.00000000 2.36250000E+001
8.50000000 8.10000000 2.48860000E+001
8.50000000 8.20000000 2.62730000E+001
8.50000000 8.30000000 2.77920000E+001
8.50000000 8.40000000 2.94490000E+001
8.50000000 8.50000000 3.12500000E+001
8.50000000 8.60000000 3.32010000E+001
8.50000000 8.70000000 3.53080000E+001
8.50000000 8.80000000 3.75770000E+001
8.50000000 8.90000000 4.00140000E+001
8.50000000 9.00000000 4.26250000E+001
8.50000000 9.10000000 4.54160000E+001
8.50000000 9.20000000 4.83930000E+001
8.50000000 9.30000000 5.15620000E+001
8.50000000 9.40000000 5.49290000E+001
8.50000000 9.50000000 5.85000000E+001
8.50000000 9.60000000 6.22810000E+001
8.50000000 9.70000000 6.62780000E+001
8.50000000 9.80000000 7.04970000E+001
8.50000000 9.90000000 7.49440000E+001
8.50000000 10.00000000 7.96250000E+001
8.50000000 10.10000000 8.45460000E+001
8.50000000 10.20000000 8.97130000E+001
8.50000000 10.30000000 9.51320000E+001
8.50000000 10.40000000 1.00809000E+002
8.50000000 10.50000000 1.06750000E+002
8.50000000 10.60000000 1.12961000E+002
8.50000000 10.70000000 1.19448000E+002
8.50000000 10.80000000 1.26217000E+002
8.50000000 10.90000000 1.33274000E+002
8.50000000 11.00000000 1.40625000E+002
8.60000000 1.00000000 -1.07424000E+002
8.60000000 1.10000000 -1.00073000E+002
8.60000000 1.20000000 -9.30160000E+001
8.60000000 1.30000000 -8.62470000E+001
8.60000000 1.40000000 -7.97600000E+001
8.60000000 1.50000000 -7.35490000E+001
8.60000000 1.60000000 -6.76080000E+001
8.60000000 1.70000000 -6.19310000E+001
8.60000000 1.80000000 -5.65120000E+001
8.60000000 1.90000000 -5.13450000E+001
8.60000000 2.00000000 -4.64240000E+001
8.60000000 2.10000000 -4.17430000E+001
8.60000000 2.20000000 -3.72960000E+001
8.60000000 2.30000000 -3.30770000E+001
8.60000000 2.40000000 -2.90800000E+001
8.60000000 2.50000000 -2.52990000E+001
8.60000000 2.60000000 -2.17280000E+001
8.60000000 2.70000000 -1.83610000E+001
8.60000000 2.80000000 -1.51920000E+001
8.60000000 2.90000000 -1.22150000E+001
8.60000000 3.00000000 -9.42400000E+000
8.60000000 3.10000000 -6.81300000E+000
8.60000000 3.20000000 -4.37600000E+000
8.60000000 3.30000000 -2.10700000E+000
8.60000000 3.40000000 4.82947016E-015
8.60000000 3.50000000 1.95100000E+000
8.60000000 3.60000000 3.75200000E+000
8.60000000 3.70000000 5.40900000E+000
8.60000000 3.80000000 6.92800000E+000
8.60000000 3.90000000 8.31500000E+000
8.60000000 4.00000000 9.57600000E+000
8.60000000 4.10000000 1.07170000E+001
8.60000000 4.20000000 1.17440000E+001
8.60000000 4.30000000 1.26630000E+001
8.60000000 4.40000000 1.34800000E+001
8.60000000 4.50000000 1.42010000E+001
8.60000000 4.60000000 1.48320000E+001
8.60000000 4.70000000 1.53790000E+001
8.60000000 4.80000000 1.58480000E+001
8.60000000 4.90000000 1.62450000E+001
8.60000000 5.00000000 1.65760000E+001
8.60000000 5.10000000 1.68470000E+001
8.60000000 5.20000000 1.70640000E+001
8.60000000 5.30000000 1.72330000E+001
8.60000000 5.40000000 1.73600000E+001
8.60000000 5.50000000 1.74510000E+001
8.60000000 5.60000000 1.75120000E+001
8.60000000 5.70000000 1.75490000E+001
8.60000000 5.80000000 1.75680000E+001
8.60000000 5.90000000 1.75750000E+001
8.60000000 6.00000000 1.75760000E+001
8.60000000 6.10000000 1.75770000E+001
8.60000000 6.20000000 1.75840000E+001
8.60000000 6.30000000 1.76030000E+001
8.60000000 6.40000000 1.76400000E+001
8.60000000 6.50000000 1.77010000E+001
8.60000000 6.60000000 1.77920000E+001
8.60000000 6.70000000 1.79190000E+001
8.60000000 6.80000000 1.80880000E+001
8.60000000 6.90000000 1.83050000E+001
8.60000000 7.00000000 1.85760000E+001
8.60000000 7.10000000 1.89070000E+001
8.60000000 7.20000000 1.93040000E+001
8.60000000 7.30000000 1.97730000E+001
8.60000000 7.40000000 2.03200000E+001
8.60000000 7.50000000 2.09510000E+001
8.60000000 7.60000000 2.16720000E+001
8.60000000 7.70000000 2.24890000E+001
8.60000000 7.80000000 2.34080000E+001
8.60000000 7.90000000 2.44350000E+001
8.60000000 8.00000000 2.55760000E+001
8.60000000 8.10000000 2.68370000E+001
8.60000000 8.20000000 2.82240000E+001
8.60000000 8.30000000 2.97430000E+001
8.60000000 8.40000000 3.14000000E+001
8.60000000 8.50000000 3.32010000E+001
8.60000000 8.60000000 3.51520000E+001
8.60000000 8.70000000 3.72590000E+001
8.60000000 8.80000000 3.95280000E+001
8.60000000 8.90000000 4.19650000E+001
8.60000000 9.00000000 4.45760000E+001
8.60000000 9.10000000 4.73670000E+001
8.60000000 9.20000000 5.03440000E+001
8.60000000 9.30000000 5.35130000E+001
8.60000000 9.40000000 5.68800000E+001
8.60000000 9.50000000 6.04510000E+001
8.60000000 9.60000000 6.42320000E+001
8.60000000 9.70000000 6.82290000E+001
8.60000000 9.80000000 7.24480000E+001
8.60000000 9.90000000 7.68950000E+001
8.60000000 10.00000000 8.15760000E+001
8.60000000 10.10000000 8.64970000E+001
8.60000000 10.20000000 9.16640000E+001
8.60000000 10.30000000 9.70830000E+001
8.60000000 10.40000000 1.02760000E+002
8.60000000 10.50000000 1.08701000E+002
8.60000000 10.60000000 1.14912000E+002
8.60000000 10.70000000 1.21399000E+002
8.60000000 10.80000000 1.28168000E+002
8.60000000 10.90000000 1.35225000E+002
8.60000000 11.00000000 1.42576000E+002
8.70000000 1.00000000 -1.05317000E+002
8.70000000 1.10000000 -9.79660000E+001
8.70000000 1.20000000 -9.09090000E+001
8.70000000 1.30000000 -8.41400000E+001
8.70000000 1.40000000 -7.76530000E+001
8.70000000 1.50000000 -7.14420000E+001
8.70000000 1.60000000 -6.55010000E+001
8.70000000 1.70000000 -5.98240000E+001
8.70000000 1.80000000 -5.44050000E+001
8.70000000 1.90000000 -4.92380000E+001
8.70000000 2.00000000 -4.43170000E+001
8.70000000 2.10000000 -3.96360000E+001
8.70000000 2.20000000 -3.51890000E+001
8.70000000 2.30000000 -3.09700000E+001
8.70000000 2.40000000 -2.69730000E+001
8.70000000 2.50000000 -2.31920000E+001
8.70000000 2.60000000 -1.96210000E+001
8.70000000 2.70000000 -1.62540000E+001
8.70000000 2.80000000 -1.30850000E+001
8.70000000 2.90000000 -1.01080000E+001
8.70000000 3.00000000 -7.31700000E+000
8.70000000 3.10000000 -4.70600000E+000
8.70000000 3.20000000 -2.26900000E+000
8.70000000 3.30000000 1.72084569E-015
8.70000000 3.40000000 2.10700000E+000
8.70000000 3.50000000 4.05800000E+000
8.70000000 3.60000000 5.85900000E+000
8.70000000 3.70000000 7.51600000E+000
8.70000000 3.80000000 9.03500000E+000
8.70000000 3.90000000 1.04220000E+001
8.70000000 4.00000000 1.16830000E+001
8.70000000 4.10000000 1.28240000E+001
8.70000000 4.20000000 1.38510000E+001
8.70000000 4.30000000 1.47700000E+001
8.70000000 4.40000000 1.55870000E+001
8.70000000 4.50000000 1.63080000E+001
8.70000000 4.60000000 1.69390000E+001
8.70000000 4.70000000 1.74860000E+001
8.70000000 4.80000000 1.79550000E+001
8.70000000 4.90000000 1.83520000E+001
8.70000000 5.00000000 1.86830000E+001
8.70000000 5.10000000 1.89540000E+001
8.70000000 5.20000000 1.91710000E+001
8.70000000 5.30000000 1.93400000E+001
8.70000000 5.40000000 1.94670000E+001
8.70000000 5.50000000 1.95580000E+001
8.70000000 5.60000000 1.96190000E+001
8.70000000 5.70000000 1.96560000E+001
8.70000000 5.80000000 1.96750000E+001
8.70000000 5.90000000 1.96820000E+001
8.70000000 6.00000000 1.96830000E+001
8.70000000 6.10000000 1.96840000E+001
8.70000000 6.20000000 1.96910000E+001
8.70000000 6.30000000 1.97100000E+001
8.70000000 6.40000000 1.97470000E+001
8.70000000 6.50000000 1.98080000E+001
8.70000000 6.60000000 1.98990000E+001
8.70000000 6.70000000 2.00260000E+001
8.70000000 6.80000000 2.01950000E+001
8.70000000 6.90000000 2.04120000E+001
8.70000000 7.00000000 2.06830000E+001
8.70000000 7.10000000 2.10140000E+001
8.70000000 7.20000000 2.14110000E+001
8.70000000 7.30000000 2.18800000E+001
8.70000000 7.40000000 2.24270000E+001
8.70000000 7.50000000 2.30580000E+001
8.70000000 7.60000000 2.37790000E+001
8.70000000 7.70000000 2.45960000E+001
8.70000000 7.80000000 2.55150000E+001
8.70000000 7.90000000 2.65420000E+001
8.70000000 8.00000000 2.76830000E+001
8.70000000 8.10000000 2.89440000E+001
8.70000000 8.20000000 3.03310000E+001
8.70000000 8.30000000 3.18500000E+001
8.70000000 8.40000000 3.35070000E+001
8.70000000 8.50000000 3.53080000E+001
8.70000000 8.60000000 3.72590000E+001
8.70000000 8.70000000 3.93660000E+001
8.70000000 8.80000000 4.16350000E+001
8.70000000 8.90000000 4.40720000E+001
8.70000000 9.00000000 4.66830000E+001
8.70000000 9.10000000 4.94740000E+001
8.70000000 9.20000000 5.24510000E+001
8.70000000 9.30000000 5.56200000E+001
8.70000000 9.40000000 5.89870000E+001
8.70000000 9.50000000 6.25580000E+001
8.70000000 9.60000000 6.63390000E+001
8.70000000 9.70000000 7.03360000E+001
8.70000000 9.80000000 7.45550000E+001
8.70000000 9.90000000 7.90020000E+001
8.70000000 10.00000000 8.36830000E+001
8.70000000 10.10000000 8.86040000E+001
8.70000000 10.20000000 9.37710000E+001
8.70000000 10.30000000 9.91900000E+001
8.70000000 10.40000000 1.04867000E+002
8.70000000 10.50000000 1.10808000E+002
8.70000000 10.60000000 1.17019000E+002
8.70000000 10.70000000 1.23506000E+002
8.70000000 10.80000000 1.30275000E+002
8.70000000 10.90000000 1.37332000E+002
8.70000000 11.00000000 1.44683000E+002
8.80000000 1.00000000 -1.03048000E+002
8.80000000 1.10000000 -9.56970000E+001
8.80000000 1.20000000 -8.86400000E+001
8.80000000 1.30000000 -8.18710000E+001
8.80000000 1.40000000 -7.53840000E+001
8.80000000 1.50000000 -6.91730000E+001
8.80000000 1.60000000 -6.32320000E+001
8.80000000 1.70000000 -5.75550000E+001
8.80000000 1.80000000 -5.21360000E+001
8.80000000 1.90000000 -4.69690000E+001
8.80000000 2.00000000 -4.20480000E+001
8.80000000 2.10000000 -3.73670000E+001
8.80000000 2.20000000 -3.29200000E+001
8.80000000 2.30000000 -2.87010000E+001
8.80000000 2.40000000 -2.47040000E+001
8.80000000 2.50000000 -2.09230000E+001
8.80000000 2.60000000 -1.73520000E+001
8.80000000 2.70000000 -1.39850000E+001
8.80000000 2.80000000 -1.08160000E+001
8.80000000 2.90000000 -7.83900000E+000
8.80000000 3.00000000 -5.04800000E+000
8.80000000 3.10000000 -2.43700000E+000
8.80000000 3.20000000 7.77156117E-015
8.80000000 3.30000000 2.26900000E+000
8.80000000 3.40000000 4.37600000E+000
8.80000000 3.50000000 6.32700000E+000
8.80000000 3.60000000 8.12800000E+000
8.80000000 3.70000000 9.78500000E+000
8.80000000 3.80000000 1.13040000E+001
8.80000000 3.90000000 1.26910000E+001
8.80000000 4.00000000 1.39520000E+001
8.80000000 4.10000000 1.50930000E+001
8.80000000 4.20000000 1.61200000E+001
8.80000000 4.30000000 1.70390000E+001
8.80000000 4.40000000 1.78560000E+001
8.80000000 4.50000000 1.85770000E+001
8.80000000 4.60000000 1.92080000E+001
8.80000000 4.70000000 1.97550000E+001
8.80000000 4.80000000 2.02240000E+001
8.80000000 4.90000000 2.06210000E+001
8.80000000 5.00000000 2.09520000E+001
8.80000000 5.10000000 2.12230000E+001
8.80000000 5.20000000 2.14400000E+001
8.80000000 5.30000000 2.16090000E+001
8.80000000 5.40000000 2.17360000E+001
8.80000000 5.50000000 2.18270000E+001
8.80000000 5.60000000 2.18880000E+001
8.80000000 5.70000000 2.19250000E+001
8.80000000 5.80000000 2.19440000E+001
8.80000000 5.90000000 2.19510000E+001
8.80000000 6.00000000 2.19520000E+001
8.80000000 6.10000000 2.19530000E+001
8.80000000 6.20000000 2.19600000E+001
8.80000000 6.30000000 2.19790000E+001
8.80000000 6.40000000 2.20160000E+001
8.80000000 6.50000000 2.20770000E+001
8.80000000 6.60000000 2.21680000E+001
8.80000000 6.70000000 2.22950000E+001
8.80000000 6.80000000 2.24640000E+001
8.80000000 6.90000000 2.26810000E+001
8.80000000 7.00000000 2.29520000E+001
8.80000000 7.10000000 2.32830000E+001
8.80000000 7.20000000 2.36800000E+001
8.80000000 7.30000000 2.41490000E+001
8.80000000 7.40000000 2.46960000E+001
8.80000000 7.50000000 2.53270000E+001
8.80000000 7.60000000 2.60480000E+001
8.80000000 7.70000000 2.68650000E+001
8.80000000 7.80000000 2.77840000E+001
8.80000000 7.90000000 2.88110000E+001
8.80000000 8.00000000 2.99520000E+001
8.80000000 8.10000000 3.12130000E+001
8.80000000 8.20000000 3.26000000E+001
8.80000000 8.30000000 3.41190000E+001
8.80000000 8.40000000 3.57760000E+001
8.80000000 8.50000000 3.75770000E+001
8.80000000 8.60000000 3.95280000E+001
8.80000000 8.70000000 4.16350000E+001
8.80000000 8.80000000 4.39040000E+001
8.80000000 8.90000000 4.63410000E+001
8.80000000 9.00000000 4.89520000E+001
8.80000000 9.10000000 5.17430000E+001
8.80000000 9.20000000 5.47200000E+001
8.80000000 9.30000000 5.78890000E+001
8.80000000 9.40000000 6.12560000E+001
8.80000000 9.50000000 6.48270000E+001
8.80000000 9.60000000 6.86080000E+001
8.80000000 9.70000000 7.26050000E+001
8.80000000 9.80000000 7.68240000E+001
8.80000000 9.90000000 8.12710000E+001
8.80000000 10.00000000 8.59520000E+001
8.80000000 10.10000000 9.08730000E+001
8.80000000 10.20000000 9.60400000E+001
8.80000000 10.30000000 1.01459000E+002
8.80000000 10.40000000 1.07136000E+002
8.80000000 10.50000000 1.13077000E+002
8.80000000 10.60000000 1.19288000E+002
8.80000000 10.70000000 1.25775000E+002
8.80000000 10.80000000 1.32544000E+002
8.80000000 10.90000000 1.39601000E+002
8.80000000 11.00000000 1.46952000E+002
8.90000000 1.00000000 -1.00611000E+002
8.90000000 1.10000000 -9.32600000E+001
8.90000000 1.20000000 -8.62030000E+001
8.90000000 1.30000000 -7.94340000E+001
8.90000000 1.40000000 -7.29470000E+001
8.90000000 1.50000000 -6.67360000E+001
8.90000000 1.60000000 -6.07950000E+001
8.90000000 1.70000000 -5.51180000E+001
8.90000000 1.80000000 -4.96990000E+001
8.90000000 1.90000000 -4.45320000E+001
8.90000000 2.00000000 -3.96110000E+001
8.90000000 2.10000000 -3.49300000E+001
8.90000000 2.20000000 -3.04830000E+001
8.90000000 2.30000000 -2.62640000E+001
8.90000000 2.40000000 -2.22670000E+001
8.90000000 2.50000000 -1.84860000E+001
8.90000000 2.60000000 -1.49150000E+001
8.90000000 2.70000000 -1.15480000E+001
8.90000000 2.80000000 -8.37900000E+000
8.90000000 2.90000000 -5.40200000E+000
8.90000000 3.00000000 -2.61100000E+000
8.90000000 3.10000000 8.60422844E-015
8.90000000 3.20000000 2.43700000E+000
8.90000000 3.30000000 4.70600000E+000
8.90000000 3.40000000 6.81300000E+000
8.90000000 3.50000000 8.76400000E+000
8.90000000 3.60000000 1.05650000E+001
8.90000000 3.70000000 1.22220000E+001
8.90000000 3.80000000 1.37410000E+001
8.90000000 3.90000000 1.51280000E+001
8.90000000 4.00000000 1.63890000E+001
8.90000000 4.10000000 1.75300000E+001
8.90000000 4.20000000 1.85570000E+001
8.90000000 4.30000000 1.94760000E+001
8.90000000 4.40000000 2.02930000E+001
8.90000000 4.50000000 2.10140000E+001
8.90000000 4.60000000 2.16450000E+001
8.90000000 4.70000000 2.21920000E+001
8.90000000 4.80000000 2.26610000E+001
8.90000000 4.90000000 2.30580000E+001
8.90000000 5.00000000 2.33890000E+001
8.90000000 5.10000000 2.36600000E+001
8.90000000 5.20000000 2.38770000E+001
8.90000000 5.30000000 2.40460000E+001
8.90000000 5.40000000 2.41730000E+001
8.90000000 5.50000000 2.42640000E+001
8.90000000 5.60000000 2.43250000E+001
8.90000000 5.70000000 2.43620000E+001
8.90000000 5.80000000 2.43810000E+001
8.90000000 5.90000000 2.43880000E+001
8.90000000 6.00000000 2.43890000E+001
8.90000000 6.10000000 2.43900000E+001
8.90000000 6.20000000 2.43970000E+001
8.90000000 6.30000000 2.44160000E+001
8.90000000 6.40000000 2.44530000E+001
8.90000000 6.50000000 2.45140000E+001
8.90000000 6.60000000 2.46050000E+001
8.90000000 6.70000000 2.47320000E+001
8.90000000 6.80000000 2.49010000E+001
8.90000000 6.90000000 2.51180000E+001
8.90000000 7.00000000 2.53890000E+001
8.90000000 7.10000000 2.57200000E+001
8.90000000 7.20000000 2.61170000E+001
8.90000000 7.30000000 2.65860000E+001
8.90000000 7.40000000 2.71330000E+001
8.90000000 7.50000000 2.77640000E+001
8.90000000 7.60000000 2.84850000E+001
8.90000000 7.70000000 2.93020000E+001
8.90000000 7.80000000 3.02210000E+001
8.90000000 7.90000000 3.12480000E+001
8.90000000 8.00000000 3.23890000E+001
8.90000000 8.10000000 3.36500000E+001
8.90000000 8.20000000 3.50370000E+001
8.90000000 8.30000000 3.65560000E+001
8.90000000 8.40000000 3.82130000E+001
8.90000000 8.50000000 4.00140000E+001
8.90000000 8.60000000 4.19650000E+001
8.90000000 8.70000000 4.40720000E+001
8.90000000 8.80000000 4.63410000E+001
8.90000000 8.90000000 4.87780000E+001
8.90000000 9.00000000 5.13890000E+001
8.90000000 9.10000000 5.41800000E+001
8.90000000 9.20000000 5.71570000E+001
8.90000000 9.30000000 6.03260000E+001
8.90000000 9.40000000 6.36930000E+001
8.90000000 9.50000000 6.72640000E+001
8.90000000 9.60000000 7.10450000E+001
8.90000000 9.70000000 7.50420000E+001
8.90000000 9.80000000 7.92610000E+001
8.90000000 9.90000000 8.37080000E+001
8.90000000 10.00000000 8.83890000E+001
8.90000000 10.10000000 9.33100000E+001
8.90000000 10.20000000 9.84770000E+001
8.90000000 10.30000000 1.03896000E+002
8.90000000 10.40000000 1.09573000E+002
8.90000000 10.50000000 1.15514000E+002
8.90000000 10.60000000 1.21725000E+002
8.90000000 10.70000000 1.28212000E+002
8.90000000 10.80000000 1.34981000E+002
8.90000000 10.90000000 1.42038000E+002
8.90000000 11.00000000 1.49389000E+002
9.00000000 1.00000000 -9.80000000E+001
9.00000000 1.10000000 -9.06490000E+001
9.00000000 1.20000000 -8.35920000E+001
9.00000000 1.30000000 -7.68230000E+001
9.00000000 1.40000000 -7.03360000E+001
9.00000000 1.50000000 -6.41250000E+001
9.00000000 1.60000000 -5.81840000E+001
9.00000000 1.70000000 -5.25070000E+001
9.00000000 1.80000000 -4.70880000E+001
9.00000000 1.90000000 -4.19210000E+001
9.00000000 2.00000000 -3.70000000E+001
9.00000000 2.10000000 -3.23190000E+001
9.00000000 2.20000000 -2.78720000E+001
9.00000000 2.30000000 -2.36530000E+001
9.00000000 2.40000000 -1.96560000E+001
9.00000000 2.50000000 -1.58750000E+001
9.00000000 2.60000000 -1.23040000E+001
9.00000000 2.70000000 -8.93700000E+000
9.00000000 2.80000000 -5.76800000E+000
9.00000000 2.90000000 -2.79100000E+000
9.00000000 3.00000000 1.67088565E-014
9.00000000 3.10000000 2.61100000E+000
9.00000000 3.20000000 5.04800000E+000
9.00000000 3.30000000 7.31700000E+000
9.00000000 3.40000000 9.42400000E+000
9.00000000 3.50000000 1.13750000E+001
9.00000000 3.60000000 1.31760000E+001
9.00000000 3.70000000 1.48330000E+001
9.00000000 3.80000000 1.63520000E+001
9.00000000 3.90000000 1.77390000E+001
9.00000000 4.00000000 1.90000000E+001
9.00000000 4.10000000 2.01410000E+001
9.00000000 4.20000000 2.11680000E+001
9.00000000 4.30000000 2.20870000E+001
9.00000000 4.40000000 2.29040000E+001
9.00000000 4.50000000 2.36250000E+001
9.00000000 4.60000000 2.42560000E+001
9.00000000 4.70000000 2.48030000E+001
9.00000000 4.80000000 2.52720000E+001
9.00000000 4.90000000 2.56690000E+001
9.00000000 5.00000000 2.60000000E+001
9.00000000 5.10000000 2.62710000E+001
9.00000000 5.20000000 2.64880000E+001
9.00000000 5.30000000 2.66570000E+001
9.00000000 5.40000000 2.67840000E+001
9.00000000 5.50000000 2.68750000E+001
9.00000000 5.60000000 2.69360000E+001
9.00000000 5.70000000 2.69730000E+001
9.00000000 5.80000000 2.69920000E+001
9.00000000 5.90000000 2.69990000E+001
9.00000000 6.00000000 2.70000000E+001
9.00000000 6.10000000 2.70010000E+001
9.00000000 6.20000000 2.70080000E+001
9.00000000 6.30000000 2.70270000E+001
9.00000000 6.40000000 2.70640000E+001
9.00000000 6.50000000 2.71250000E+001
9.00000000 6.60000000 2.72160000E+001
9.00000000 6.70000000 2.73430000E+001
9.00000000 6.80000000 2.75120000E+001
9.00000000 6.90000000 2.77290000E+001
9.00000000 7.00000000 2.80000000E+001
9.00000000 7.10000000 2.83310000E+001
9.00000000 7.20000000 2.87280000E+001
9.00000000 7.30000000 2.91970000E+001
9.00000000 7.40000000 2.97440000E+001
9.00000000 7.50000000 3.03750000E+001
9.00000000 7.60000000 3.10960000E+001
9.00000000 7.70000000 3.19130000E+001
9.00000000 7.80000000 3.28320000E+001
9.00000000 7.90000000 3.38590000E+001
9.00000000 8.00000000 3.50000000E+001
9.00000000 8.10000000 3.62610000E+001
9.00000000 8.20000000 3.76480000E+001
9.00000000 8.30000000 3.91670000E+001
9.00000000 8.40000000 4.08240000E+001
9.00000000 8.50000000 4.26250000E+001
9.00000000 8.60000000 4.45760000E+001
9.00000000 8.70000000 4.66830000E+001
9.00000000 8.80000000 4.89520000E+001
9.00000000 8.90000000 5.13890000E+001
9.00000000 9.00000000 5.40000000E+001
9.00000000 9.10000000 5.67910000E+001
9.00000000 9.20000000 5.97680000E+001
9.00000000 9.30000000 6.29370000E+001
9.00000000 9.40000000 6.63040000E+001
9.00000000 9.50000000 6.98750000E+001
9.00000000 9.60000000 7.36560000E+001
9.00000000 9.70000000 7.76530000E+001
9.00000000 9.80000000 8.18720000E+001
9.00000000 9.90000000 8.63190000E+001
9.00000000 10.00000000 9.10000000E+001
9.00000000 10.10000000 9.59210000E+001
9.00000000 10.20000000 1.01088000E+002
9.00000000 10.30000000 1.06507000E+002
9.00000000 10.40000000 1.12184000E+002
9.00000000 10.50000000 1.18125000E+002
9.00000000 10.60000000 1.24336000E+002
9.00000000 10.70000000 1.30823000E+002
9.00000000 10.80000000 1.37592000E+002
9.00000000 10.90000000 1.44649000E+002
9.00000000 11.00000000 1.52000000E+002
9.10000000 1.00000000 -9.52090000E+001
9.10000000 1.10000000 -8.78580000E+001
9.10000000 1.20000000 -8.08010000E+001
9.10000000 1.30000000 -7.40320000E+001
9.10000000 1.40000000 -6.75450000E+001
9.10000000 1.50000000 -6.13340000E+001
9.10000000 1.60000000 -5.53930000E+001
9.10000000 1.70000000 -4.97160000E+001
9.10000000 1.80000000 -4.42970000E+001
9.10000000 1.90000000 -3.91300000E+001
9.10000000 2.00000000 -3.42090000E+001
9.10000000 2.10000000 -2.95280000E+001
9.10000000 2.20000000 -2.50810000E+001
9.10000000 2.30000000 -2.08620000E+001
9.10000000 2.40000000 -1.68650000E+001
9.10000000 2.50000000 -1.30840000E+001
9.10000000 2.60000000 -9.51300000E+000
9.10000000 2.70000000 -6.14600000E+000
9.10000000 2.80000000 -2.97700000E+000
9.10000000 2.90000000 2.19269047E-014
9.10000000 3.00000000 2.79100000E+000
9.10000000 3.10000000 5.40200000E+000
9.10000000 3.20000000 7.83900000E+000
9.10000000 3.30000000 1.01080000E+001
9.10000000 3.40000000 1.22150000E+001
9.10000000 3.50000000 1.41660000E+001
9.10000000 3.60000000 1.59670000E+001
9.10000000 3.70000000 1.76240000E+001
9.10000000 3.80000000 1.91430000E+001
9.10000000 3.90000000 2.05300000E+001
9.10000000 4.00000000 2.17910000E+001
9.10000000 4.10000000 2.29320000E+001
9.10000000 4.20000000 2.39590000E+001
9.10000000 4.30000000 2.48780000E+001
9.10000000 4.40000000 2.56950000E+001
9.10000000 4.50000000 2.64160000E+001
9.10000000 4.60000000 2.70470000E+001
9.10000000 4.70000000 2.75940000E+001
9.10000000 4.80000000 2.80630000E+001
9.10000000 4.90000000 2.84600000E+001
9.10000000 5.00000000 2.87910000E+001
9.10000000 5.10000000 2.90620000E+001
9.10000000 5.20000000 2.92790000E+001
9.10000000 5.30000000 2.94480000E+001
9.10000000 5.40000000 2.95750000E+001
9.10000000 5.50000000 2.96660000E+001
9.10000000 5.60000000 2.97270000E+001
9.10000000 5.70000000 2.97640000E+001
9.10000000 5.80000000 2.97830000E+001
9.10000000 5.90000000 2.97900000E+001
9.10000000 6.00000000 2.97910000E+001
9.10000000 6.10000000 2.97920000E+001
9.10000000 6.20000000 2.97990000E+001
9.10000000 6.30000000 2.98180000E+001
9.10000000 6.40000000 2.98550000E+001
9.10000000 6.50000000 2.99160000E+001
9.10000000 6.60000000 3.00070000E+001
9.10000000 6.70000000 3.01340000E+001
9.10000000 6.80000000 3.03030000E+001
9.10000000 6.90000000 3.05200000E+001
9.10000000 7.00000000 3.07910000E+001
9.10000000 7.10000000 3.11220000E+001
9.10000000 7.20000000 3.15190000E+001
9.10000000 7.30000000 3.19880000E+001
9.10000000 7.40000000 3.25350000E+001
9.10000000 7.50000000 3.31660000E+001
9.10000000 7.60000000 3.38870000E+001
9.10000000 7.70000000 3.47040000E+001
9.10000000 7.80000000 3.56230000E+001
9.10000000 7.90000000 3.66500000E+001
9.10000000 8.00000000 3.77910000E+001
9.10000000 8.10000000 3.90520000E+001
9.10000000 8.20000000 4.04390000E+001
9.10000000 8.30000000 4.19580000E+001
9.10000000 8.40000000 4.36150000E+001
9.10000000 8.50000000 4.54160000E+001
9.10000000 8.60000000 4.73670000E+001
9.10000000 8.70000000 4.94740000E+001
9.10000000 8.80000000 5.17430000E+001
9.10000000 8.90000000 5.41800000E+001
9.10000000 9.00000000 5.67910000E+001
9.10000000 9.10000000 5.95820000E+001
9.10000000 9.20000000 6.25590000E+001
9.10000000 9.30000000 6.57280000E+001
9.10000000 9.40000000 6.90950000E+001
9.10000000 9.50000000 7.26660000E+001
9.10000000 9.60000000 7.64470000E+001
9.10000000 9.70000000 8.04440000E+001
9.10000000 9.80000000 8.46630000E+001
9.10000000 9.90000000 8.91100000E+001
9.10000000 10.00000000 9.37910000E+001
9.10000000 10.10000000 9.87120000E+001
9.10000000 10.20000000 1.03879000E+002
9.10000000 10.30000000 1.09298000E+002
9.10000000 10.40000000 1.14975000E+002
9.10000000 10.50000000 1.20916000E+002
9.10000000 10.60000000 1.27127000E+002
9.10000000 10.70000000 1.33614000E+002
9.10000000 10.80000000 1.40383000E+002
9.10000000 10.90000000 1.47440000E+002
9.10000000 11.00000000 1.54791000E+002
9.20000000 1.00000000 -9.22320000E+001
9.20000000 1.10000000 -8.48810000E+001
9.20000000 1.20000000 -7.78240000E+001
9.20000000 1.30000000 -7.10550000E+001
9.20000000 1.40000000 -6.45680000E+001
9.20000000 1.50000000 -5.83570000E+001
9.20000000 1.60000000 -5.24160000E+001
9.20000000 1.70000000 -4.67390000E+001
9.20000000 1.80000000 -4.13200000E+001
9.20000000 1.90000000 -3.61530000E+001
9.20000000 2.00000000 -3.12320000E+001
9.20000000 2.10000000 -2.65510000E+001
9.20000000 2.20000000 -2.21040000E+001
9.20000000 2.30000000 -1.78850000E+001
9.20000000 2.40000000 -1.38880000E+001
9.20000000 2.50000000 -1.01070000E+001
9.20000000 2.60000000 -6.53600000E+000
9.20000000 2.70000000 -3.16900000E+000
9.20000000 2.80000000 2.18158824E-014
9.20000000 2.90000000 2.97700000E+000
9.20000000 3.00000000 5.76800000E+000
9.20000000 3.10000000 8.37900000E+000
9.20000000 3.20000000 1.08160000E+001
9.20000000 3.30000000 1.30850000E+001
9.20000000 3.40000000 1.51920000E+001
9.20000000 3.50000000 1.71430000E+001
9.20000000 3.60000000 1.89440000E+001
9.20000000 3.70000000 2.06010000E+001
9.20000000 3.80000000 2.21200000E+001
9.20000000 3.90000000 2.35070000E+001
9.20000000 4.00000000 2.47680000E+001
9.20000000 4.10000000 2.59090000E+001
9.20000000 4.20000000 2.69360000E+001
9.20000000 4.30000000 2.78550000E+001
9.20000000 4.40000000 2.86720000E+001
9.20000000 4.50000000 2.93930000E+001
9.20000000 4.60000000 3.00240000E+001
9.20000000 4.70000000 3.05710000E+001
9.20000000 4.80000000 3.10400000E+001
9.20000000 4.90000000 3.14370000E+001
9.20000000 5.00000000 3.17680000E+001
9.20000000 5.10000000 3.20390000E+001
9.20000000 5.20000000 3.22560000E+001
9.20000000 5.30000000 3.24250000E+001
9.20000000 5.40000000 3.25520000E+001
9.20000000 5.50000000 3.26430000E+001
9.20000000 5.60000000 3.27040000E+001
9.20000000 5.70000000 3.27410000E+001
9.20000000 5.80000000 3.27600000E+001
9.20000000 5.90000000 3.27670000E+001
9.20000000 6.00000000 3.27680000E+001
9.20000000 6.10000000 3.27690000E+001
9.20000000 6.20000000 3.27760000E+001
9.20000000 6.30000000 3.27950000E+001
9.20000000 6.40000000 3.28320000E+001
9.20000000 6.50000000 3.28930000E+001
9.20000000 6.60000000 3.29840000E+001
9.20000000 6.70000000 3.31110000E+001
9.20000000 6.80000000 3.32800000E+001
9.20000000 6.90000000 3.34970000E+001
9.20000000 7.00000000 3.37680000E+001
9.20000000 7.10000000 3.40990000E+001
9.20000000 7.20000000 3.44960000E+001
9.20000000 7.30000000 3.49650000E+001
9.20000000 7.40000000 3.55120000E+001
9.20000000 7.50000000 3.61430000E+001
9.20000000 7.60000000 3.68640000E+001
9.20000000 7.70000000 3.76810000E+001
9.20000000 7.80000000 3.86000000E+001
9.20000000 7.90000000 3.96270000E+001
9.20000000 8.00000000 4.07680000E+001
9.20000000 8.10000000 4.20290000E+001
9.20000000 8.20000000 4.34160000E+001
9.20000000 8.30000000 4.49350000E+001
9.20000000 8.40000000 4.65920000E+001
9.20000000 8.50000000 4.83930000E+001
9.20000000 8.60000000 5.03440000E+001
9.20000000 8.70000000 5.24510000E+001
9.20000000 8.80000000 5.47200000E+001
9.20000000 8.90000000 5.71570000E+001
9.20000000 9.00000000 5.97680000E+001
9.20000000 9.10000000 6.25590000E+001
9.20000000 9.20000000 6.55360000E+001
9.20000000 9.30000000 6.87050000E+001
9.20000000 9.40000000 7.20720000E+001
9.20000000 9.50000000 7.56430000E+001
9.20000000 9.60000000 7.94240000E+001
9.20000000 9.70000000 8.34210000E+001
9.20000000 9.80000000 8.76400000E+001
9.20000000 9.90000000 9.20870000E+001
9.20000000 10.00000000 9.67680000E+001
9.20000000 10.10000000 1.01689000E+002
9.20000000 10.20000000 1.06856000E+002
9.20000000 10.30000000 1.12275000E+002
9.20000000 10.40000000 1.17952000E+002
9.20000000 10.50000000 1.23893000E+002
9.20000000 10.60000000 1.30104000E+002
9.20000000 10.70000000 1.36591000E+002
9.20000000 10.80000000 1.43360000E+002
9.20000000 10.90000000 1.50417000E+002
9.20000000 11.00000000 1.57768000E+002
9.30000000 1.00000000 -8.90630000E+001
9.30000000 1.10000000 -8.17120000E+001
9.30000000 1.20000000 -7.46550000E+001
9.30000000 1.30000000 -6.78860000E+001
9.30000000 1.40000000 -6.13990000E+001
9.30000000 1.50000000 -5.51880000E+001
9.30000000 1.60000000 -4.92470000E+001
9.30000000 1.70000000 -4.35700000E+001
9.30000000 1.80000000 -3.81510000E+001
9.30000000 1.90000000 -3.29840000E+001
9.30000000 2.00000000 -2.80630000E+001
9.30000000 2.10000000 -2.33820000E+001
9.30000000 2.20000000 -1.89350000E+001
9.30000000 2.30000000 -1.47160000E+001
9.30000000 2.40000000 -1.07190000E+001
9.30000000 2.50000000 -6.93800000E+000
9.30000000 2.60000000 -3.36700000E+000
9.30000000 2.70000000 4.15223411E-014
9.30000000 2.80000000 3.16900000E+000
9.30000000 2.90000000 6.14600000E+000
9.30000000 3.00000000 8.93700000E+000
9.30000000 3.10000000 1.15480000E+001
9.30000000 3.20000000 1.39850000E+001
9.30000000 3.30000000 1.62540000E+001
9.30000000 3.40000000 1.83610000E+001
9.30000000 3.50000000 2.03120000E+001
9.30000000 3.60000000 2.21130000E+001
9.30000000 3.70000000 2.37700000E+001
9.30000000 3.80000000 2.52890000E+001
9.30000000 3.90000000 2.66760000E+001
9.30000000 4.00000000 2.79370000E+001
9.30000000 4.10000000 2.90780000E+001
9.30000000 4.20000000 3.01050000E+001
9.30000000 4.30000000 3.10240000E+001
9.30000000 4.40000000 3.18410000E+001
9.30000000 4.50000000 3.25620000E+001
9.30000000 4.60000000 3.31930000E+001
9.30000000 4.70000000 3.37400000E+001
9.30000000 4.80000000 3.42090000E+001
9.30000000 4.90000000 3.46060000E+001
9.30000000 5.00000000 3.49370000E+001
9.30000000 5.10000000 3.52080000E+001
9.30000000 5.20000000 3.54250000E+001
9.30000000 5.30000000 3.55940000E+001
9.30000000 5.40000000 3.57210000E+001
9.30000000 5.50000000 3.58120000E+001
9.30000000 5.60000000 3.58730000E+001
9.30000000 5.70000000 3.59100000E+001
9.30000000 5.80000000 3.59290000E+001
9.30000000 5.90000000 3.59360000E+001
9.30000000 6.00000000 3.59370000E+001
9.30000000 6.10000000 3.59380000E+001
9.30000000 6.20000000 3.59450000E+001
9.30000000 6.30000000 3.59640000E+001
9.30000000 6.40000000 3.60010000E+001
9.30000000 6.50000000 3.60620000E+001
9.30000000 6.60000000 3.61530000E+001
9.30000000 6.70000000 3.62800000E+001
9.30000000 6.80000000 3.64490000E+001
9.30000000 6.90000000 3.66660000E+001
9.30000000 7.00000000 3.69370000E+001
9.30000000 7.10000000 3.72680000E+001
9.30000000 7.20000000 3.76650000E+001
9.30000000 7.30000000 3.81340000E+001
9.30000000 7.40000000 3.86810000E+001
9.30000000 7.50000000 3.93120000E+001
9.30000000 7.60000000 4.00330000E+001
9.30000000 7.70000000 4.08500000E+001
9.30000000 7.80000000 4.17690000E+001
9.30000000 7.90000000 4.27960000E+001
9.30000000 8.00000000 4.39370000E+001
9.30000000 8.10000000 4.51980000E+001
9.30000000 8.20000000 4.65850000E+001
9.30000000 8.30000000 4.81040000E+001
9.30000000 8.40000000 4.97610000E+001
9.30000000 8.50000000 5.15620000E+001
9.30000000 8.60000000 5.35130000E+001
9.30000000 8.70000000 5.56200000E+001
9.30000000 8.80000000 5.78890000E+001
9.30000000 8.90000000 6.03260000E+001
9.30000000 9.00000000 6.29370000E+001
9.30000000 9.10000000 6.57280000E+001
9.30000000 9.20000000 6.87050000E+001
9.30000000 9.30000000 7.18740000E+001
9.30000000 9.40000000 7.52410000E+001
9.30000000 9.50000000 7.88120000E+001
9.30000000 9.60000000 8.25930000E+001
9.30000000 9.70000000 8.65900000E+001
9.30000000 9.80000000 9.08090000E+001
9.30000000 9.90000000 9.52560000E+001
9.30000000 10.00000000 9.99370000E+001
9.30000000 10.10000000 1.04858000E+002
9.30000000 10.20000000 1.10025000E+002
9.30000000 10.30000000 1.15444000E+002
9.30000000 10.40000000 1.21121000E+002
9.30000000 10.50000000 1.27062000E+002
9.30000000 10.60000000 1.33273000E+002
9.30000000 10.70000000 1.39760000E+002
9.30000000 10.80000000 1.46529000E+002
9.30000000 10.90000000 1.53586000E+002
9.30000000 11.00000000 1.60937000E+002
9.40000000 1.00000000 -8.56960000E+001
9.40000000 1.10000000 -7.83450000E+001
9.40000000 1.20000000 -7.12880000E+001
9.40000000 1.30000000 -6.45190000E+001
9.40000000 1.40000000 -5.80320000E+001
9.40000000 1.50000000 -5.18210000E+001
9.40000000 1.60000000 -4.58800000E+001
9.40000000 1.70000000 -4.02030000E+001
9.40000000 1.80000000 -3.47840000E+001
9.40000000 1.90000000 -2.96170000E+001
9.40000000 2.00000000 -2.46960000E+001
9.40000000 2.10000000 -2.00150000E+001
9.40000000 2.20000000 -1.55680000E+001
9.40000000 2.30000000 -1.13490000E+001
9.40000000 2.40000000 -7.35200000E+000
9.40000000 2.50000000 -3.57100000E+000
9.40000000 2.60000000 1.83186799E-015
9.40000000 2.70000000 3.36700000E+000
9.40000000 2.80000000 6.53600000E+000
9.40000000 2.90000000 9.51300000E+000
9.40000000 3.00000000 1.23040000E+001
9.40000000 3.10000000 1.49150000E+001
9.40000000 3.20000000 1.73520000E+001
9.40000000 3.30000000 1.96210000E+001
9.40000000 3.40000000 2.17280000E+001
9.40000000 3.50000000 2.36790000E+001
9.40000000 3.60000000 2.54800000E+001
9.40000000 3.70000000 2.71370000E+001
9.40000000 3.80000000 2.86560000E+001
9.40000000 3.90000000 3.00430000E+001
9.40000000 4.00000000 3.13040000E+001
9.40000000 4.10000000 3.24450000E+001
9.40000000 4.20000000 3.34720000E+001
9.40000000 4.30000000 3.43910000E+001
9.40000000 4.40000000 3.52080000E+001
9.40000000 4.50000000 3.59290000E+001
9.40000000 4.60000000 3.65600000E+001
9.40000000 4.70000000 3.71070000E+001
9.40000000 4.80000000 3.75760000E+001
9.40000000 4.90000000 3.79730000E+001
9.40000000 5.00000000 3.83040000E+001
9.40000000 5.10000000 3.85750000E+001
9.40000000 5.20000000 3.87920000E+001
9.40000000 5.30000000 3.89610000E+001
9.40000000 5.40000000 3.90880000E+001
9.40000000 5.50000000 3.91790000E+001
9.40000000 5.60000000 3.92400000E+001
9.40000000 5.70000000 3.92770000E+001
9.40000000 5.80000000 3.92960000E+001
9.40000000 5.90000000 3.93030000E+001
9.40000000 6.00000000 3.93040000E+001
9.40000000 6.10000000 3.93050000E+001
9.40000000 6.20000000 3.93120000E+001
9.40000000 6.30000000 3.93310000E+001
9.40000000 6.40000000 3.93680000E+001
9.40000000 6.50000000 3.94290000E+001
9.40000000 6.60000000 3.95200000E+001
9.40000000 6.70000000 3.96470000E+001
9.40000000 6.80000000 3.98160000E+001
9.40000000 6.90000000 4.00330000E+001
9.40000000 7.00000000 4.03040000E+001
9.40000000 7.10000000 4.06350000E+001
9.40000000 7.20000000 4.10320000E+001
9.40000000 7.30000000 4.15010000E+001
9.40000000 7.40000000 4.20480000E+001
9.40000000 7.50000000 4.26790000E+001
9.40000000 7.60000000 4.34000000E+001
9.40000000 7.70000000 4.42170000E+001
9.40000000 7.80000000 4.51360000E+001
9.40000000 7.90000000 4.61630000E+001
9.40000000 8.00000000 4.73040000E+001
9.40000000 8.10000000 4.85650000E+001
9.40000000 8.20000000 4.99520000E+001
9.40000000 8.30000000 5.14710000E+001
9.40000000 8.40000000 5.31280000E+001
9.40000000 8.50000000 5.49290000E+001
9.40000000 8.60000000 5.68800000E+001
9.40000000 8.70000000 5.89870000E+001
9.40000000 8.80000000 6.12560000E+001
9.40000000 8.90000000 6.36930000E+001
9.40000000 9.00000000 6.63040000E+001
9.40000000 9.10000000 6.90950000E+001
9.40000000 9.20000000 7.20720000E+001
9.40000000 9.30000000 7.52410000E+001
9.40000000 9.40000000 7.86080000E+001
9.40000000 9.50000000 8.21790000E+001
9.40000000 9.60000000 8.59600000E+001
9.40000000 9.70000000 8.99570000E+001
9.40000000 9.80000000 9.41760000E+001
9.40000000 9.90000000 9.86230000E+001
9.40000000 10.00000000 1.03304000E+002
9.40000000 10.10000000 1.08225000E+002
9.40000000 10.20000000 1.13392000E+002
9.40000000 10.30000000 1.18811000E+002
9.40000000 10.40000000 1.24488000E+002
9.40000000 10.50000000 1.30429000E+002
9.40000000 10.60000000 1.36640000E+002
9.40000000 10.70000000 1.43127000E+002
9.40000000 10.80000000 1.49896000E+002
9.40000000 10.90000000 1.56953000E+002
9.40000000 11.00000000 1.64304000E+002
9.50000000 1.00000000 -8.21250000E+001
9.50000000 1.10000000 -7.47740000E+001
9.50000000 1.20000000 -6.77170000E+001
9.50000000 1.30000000 -6.09480000E+001
9.50000000 1.40000000 -5.44610000E+001
9.50000000 1.50000000 -4.82500000E+001
9.50000000 1.60000000 -4.23090000E+001
9.50000000 1.70000000 -3.66320000E+001
9.50000000 1.80000000 -3.12130000E+001
9.50000000 1.90000000 -2.60460000E+001
9.50000000 2.00000000 -2.11250000E+001
9.50000000 2.10000000 -1.64440000E+001
9.50000000 2.20000000 -1.19970000E+001
9.50000000 2.30000000 -7.77800000E+000
9.50000000 2.40000000 -3.78100000E+000
9.50000000 2.50000000 -1.72084569E-015
9.50000000 2.60000000 3.57100000E+000
9.50000000 2.70000000 6.93800000E+000
9.50000000 2.80000000 1.01070000E+001
9.50000000 2.90000000 1.30840000E+001
9.50000000 3.00000000 1.58750000E+001
9.50000000 3.10000000 1.84860000E+001
9.50000000 3.20000000 2.09230000E+001
9.50000000 3.30000000 2.31920000E+001
9.50000000 3.40000000 2.52990000E+001
9.50000000 3.50000000 2.72500000E+001
9.50000000 3.60000000 2.90510000E+001
9.50000000 3.70000000 3.07080000E+001
9.50000000 3.80000000 3.22270000E+001
9.50000000 3.90000000 3.36140000E+001
9.50000000 4.00000000 3.48750000E+001
9.50000000 4.10000000 3.60160000E+001
9.50000000 4.20000000 3.70430000E+001
9.50000000 4.30000000 3.79620000E+001
9.50000000 4.40000000 3.87790000E+001
9.50000000 4.50000000 3.95000000E+001
9.50000000 4.60000000 4.01310000E+001
9.50000000 4.70000000 4.06780000E+001
9.50000000 4.80000000 4.11470000E+001
9.50000000 4.90000000 4.15440000E+001
9.50000000 5.00000000 4.18750000E+001
9.50000000 5.10000000 4.21460000E+001
9.50000000 5.20000000 4.23630000E+001
9.50000000 5.30000000 4.25320000E+001
9.50000000 5.40000000 4.26590000E+001
9.50000000 5.50000000 4.27500000E+001
9.50000000 5.60000000 4.28110000E+001
9.50000000 5.70000000 4.28480000E+001
9.50000000 5.80000000 4.28670000E+001
9.50000000 5.90000000 4.28740000E+001
9.50000000 6.00000000 4.28750000E+001
9.50000000 6.10000000 4.28760000E+001
9.50000000 6.20000000 4.28830000E+001
9.50000000 6.30000000 4.29020000E+001
9.50000000 6.40000000 4.29390000E+001
9.50000000 6.50000000 4.30000000E+001
9.50000000 6.60000000 4.30910000E+001
9.50000000 6.70000000 4.32180000E+001
9.50000000 6.80000000 4.33870000E+001
9.50000000 6.90000000 4.36040000E+001
9.50000000 7.00000000 4.38750000E+001
9.50000000 7.10000000 4.42060000E+001
9.50000000 7.20000000 4.46030000E+001
9.50000000 7.30000000 4.50720000E+001
9.50000000 7.40000000 4.56190000E+001
9.50000000 7.50000000 4.62500000E+001
9.50000000 7.60000000 4.69710000E+001
9.50000000 7.70000000 4.77880000E+001
9.50000000 7.80000000 4.87070000E+001
9.50000000 7.90000000 4.97340000E+001
9.50000000 8.00000000 5.08750000E+001
9.50000000 8.10000000 5.21360000E+001
9.50000000 8.20000000 5.35230000E+001
9.50000000 8.30000000 5.50420000E+001
9.50000000 8.40000000 5.66990000E+001
9.50000000 8.50000000 5.85000000E+001
9.50000000 8.60000000 6.04510000E+001
9.50000000 8.70000000 6.25580000E+001
9.50000000 8.80000000 6.48270000E+001
9.50000000 8.90000000 6.72640000E+001
9.50000000 9.00000000 6.98750000E+001
9.50000000 9.10000000 7.26660000E+001
9.50000000 9.20000000 7.56430000E+001
9.50000000 9.30000000 7.88120000E+001
9.50000000 9.40000000 8.21790000E+001
9.50000000 9.50000000 8.57500000E+001
9.50000000 9.60000000 8.95310000E+001
9.50000000 9.70000000 9.35280000E+001
9.50000000 9.80000000 9.77470000E+001
9.50000000 9.90000000 1.02194000E+002
9.50000000 10.00000000 1.06875000E+002
9.50000000 10.10000000 1.11796000E+002
9.50000000 10.20000000 1.16963000E+002
9.50000000 10.30000000 1.22382000E+002
9.50000000 10.40000000 1.28059000E+002
9.50000000 10.50000000 1.34000000E+002
9.50000000 10.60000000 1.40211000E+002
9.50000000 10.70000000 1.46698000E+002
9.50000000 10.80000000 1.53467000E+002
9.50000000 10.90000000 1.60524000E+002
9.50000000 11.00000000 1.67875000E+002
9.60000000 1.00000000 -7.83440000E+001
9.60000000 1.10000000 -7.09930000E+001
9.60000000 1.20000000 -6.39360000E+001
9.60000000 1.30000000 -5.71670000E+001
9.60000000 1.40000000 -5.06800000E+001
9.60000000 1.50000000 -4.44690000E+001
9.60000000 1.60000000 -3.85280000E+001
9.60000000 1.70000000 -3.28510000E+001
9.60000000 1.80000000 -2.74320000E+001
9.60000000 1.90000000 -2.22650000E+001
9.60000000 2.00000000 -1.73440000E+001
9.60000000 2.10000000 -1.26630000E+001
9.60000000 2.20000000 -8.21600000E+000
9.60000000 2.30000000 -3.99700000E+000
9.60000000 2.40000000 3.83026943E-015
9.60000000 2.50000000 3.78100000E+000
9.60000000 2.60000000 7.35200000E+000
9.60000000 2.70000000 1.07190000E+001
9.60000000 2.80000000 1.38880000E+001
9.60000000 2.90000000 1.68650000E+001
9.60000000 3.00000000 1.96560000E+001
9.60000000 3.10000000 2.22670000E+001
9.60000000 3.20000000 2.47040000E+001
9.60000000 3.30000000 2.69730000E+001
9.60000000 3.40000000 2.90800000E+001
9.60000000 3.50000000 3.10310000E+001
9.60000000 3.60000000 3.28320000E+001
9.60000000 3.70000000 3.44890000E+001
9.60000000 3.80000000 3.60080000E+001
9.60000000 3.90000000 3.73950000E+001
9.60000000 4.00000000 3.86560000E+001
9.60000000 4.10000000 3.97970000E+001
9.60000000 4.20000000 4.08240000E+001
9.60000000 4.30000000 4.17430000E+001
9.60000000 4.40000000 4.25600000E+001
9.60000000 4.50000000 4.32810000E+001
9.60000000 4.60000000 4.39120000E+001
9.60000000 4.70000000 4.44590000E+001
9.60000000 4.80000000 4.49280000E+001
9.60000000 4.90000000 4.53250000E+001
9.60000000 5.00000000 4.56560000E+001
9.60000000 5.10000000 4.59270000E+001
9.60000000 5.20000000 4.61440000E+001
9.60000000 5.30000000 4.63130000E+001
9.60000000 5.40000000 4.64400000E+001
9.60000000 5.50000000 4.65310000E+001
9.60000000 5.60000000 4.65920000E+001
9.60000000 5.70000000 4.66290000E+001
9.60000000 5.80000000 4.66480000E+001
9.60000000 5.90000000 4.66550000E+001
9.60000000 6.00000000 4.66560000E+001
9.60000000 6.10000000 4.66570000E+001
9.60000000 6.20000000 4.66640000E+001
9.60000000 6.30000000 4.66830000E+001
9.60000000 6.40000000 4.67200000E+001
9.60000000 6.50000000 4.67810000E+001
9.60000000 6.60000000 4.68720000E+001
9.60000000 6.70000000 4.69990000E+001
9.60000000 6.80000000 4.71680000E+001
9.60000000 6.90000000 4.73850000E+001
9.60000000 7.00000000 4.76560000E+001
9.60000000 7.10000000 4.79870000E+001
9.60000000 7.20000000 4.83840000E+001
9.60000000 7.30000000 4.88530000E+001
9.60000000 7.40000000 4.94000000E+001
9.60000000 7.50000000 5.00310000E+001
9.60000000 7.60000000 5.07520000E+001
9.60000000 7.70000000 5.15690000E+001
9.60000000 7.80000000 5.24880000E+001
9.60000000 7.90000000 5.35150000E+001
9.60000000 8.00000000 5.46560000E+001
9.60000000 8.10000000 5.59170000E+001
9.60000000 8.20000000 5.73040000E+001
9.60000000 8.30000000 5.88230000E+001
9.60000000 8.40000000 6.04800000E+001
9.60000000 8.50000000 6.22810000E+001
9.60000000 8.60000000 6.42320000E+001
9.60000000 8.70000000 6.63390000E+001
9.60000000 8.80000000 6.86080000E+001
9.60000000 8.90000000 7.10450000E+001
9.60000000 9.00000000 7.36560000E+001
9.60000000 9.10000000 7.64470000E+001
9.60000000 9.20000000 7.94240000E+001
9.60000000 9.30000000 8.25930000E+001
9.60000000 9.40000000 8.59600000E+001
9.60000000 9.50000000 8.95310000E+001
9.60000000 9.60000000 9.33120000E+001
9.60000000 9.70000000 9.73090000E+001
9.60000000 9.80000000 1.01528000E+002
9.60000000 9.90000000 1.05975000E+002
9.60000000 10.00000000 1.10656000E+002
9.60000000 10.10000000 1.15577000E+002
9.60000000 10.20000000 1.20744000E+002
9.60000000 10.30000000 1.26163000E+002
9.60000000 10.40000000 1.31840000E+002
9.60000000 10.50000000 1.37781000E+002
9.60000000 10.60000000 1.43992000E+002
9.60000000 10.70000000 1.50479000E+002
9.60000000 10.80000000 1.57248000E+002
9.60000000 10.90000000 1.64305000E+002
9.60000000 11.00000000 1.71656000E+002
9.70000000 1.00000000 -7.43470000E+001
9.70000000 1.10000000 -6.69960000E+001
9.70000000 1.20000000 -5.99390000E+001
9.70000000 1.30000000 -5.31700000E+001
9.70000000 1.40000000 -4.66830000E+001
9.70000000 1.50000000 -4.04720000E+001
9.70000000 1.60000000 -3.45310000E+001
9.70000000 1.70000000 -2.88540000E+001
9.70000000 1.80000000 -2.34350000E+001
9.70000000 1.90000000 -1.82680000E+001
9.70000000 2.00000000 -1.33470000E+001
9.70000000 2.10000000 -8.66600000E+000
9.70000000 2.20000000 -4.21900000E+000
9.70000000 2.30000000 2.38697950E-015
9.70000000 2.40000000 3.99700000E+000
9.70000000 2.50000000 7.77800000E+000
9.70000000 2.60000000 1.13490000E+001
9.70000000 2.70000000 1.47160000E+001
9.70000000 2.80000000 1.78850000E+001
9.70000000 2.90000000 2.08620000E+001
9.70000000 3.00000000 2.36530000E+001
9.70000000 3.10000000 2.62640000E+001
9.70000000 3.20000000 2.87010000E+001
9.70000000 3.30000000 3.09700000E+001
9.70000000 3.40000000 3.30770000E+001
9.70000000 3.50000000 3.50280000E+001
9.70000000 3.60000000 3.68290000E+001
9.70000000 3.70000000 3.84860000E+001
9.70000000 3.80000000 4.00050000E+001
9.70000000 3.90000000 4.13920000E+001
9.70000000 4.00000000 4.26530000E+001
9.70000000 4.10000000 4.37940000E+001
9.70000000 4.20000000 4.48210000E+001
9.70000000 4.30000000 4.57400000E+001
9.70000000 4.40000000 4.65570000E+001
9.70000000 4.50000000 4.72780000E+001
9.70000000 4.60000000 4.79090000E+001
9.70000000 4.70000000 4.84560000E+001
9.70000000 4.80000000 4.89250000E+001
9.70000000 4.90000000 4.93220000E+001
9.70000000 5.00000000 4.96530000E+001
9.70000000 5.10000000 4.99240000E+001
9.70000000 5.20000000 5.01410000E+001
9.70000000 5.30000000 5.03100000E+001
9.70000000 5.40000000 5.04370000E+001
9.70000000 5.50000000 5.05280000E+001
9.70000000 5.60000000 5.05890000E+001
9.70000000 5.70000000 5.06260000E+001
9.70000000 5.80000000 5.06450000E+001
9.70000000 5.90000000 5.06520000E+001
9.70000000 6.00000000 5.06530000E+001
9.70000000 6.10000000 5.06540000E+001
9.70000000 6.20000000 5.06610000E+001
9.70000000 6.30000000 5.06800000E+001
9.70000000 6.40000000 5.07170000E+001
9.70000000 6.50000000 5.07780000E+001
9.70000000 6.60000000 5.08690000E+001
9.70000000 6.70000000 5.09960000E+001
9.70000000 6.80000000 5.11650000E+001
9.70000000 6.90000000 5.13820000E+001
9.70000000 7.00000000 5.16530000E+001
9.70000000 7.10000000 5.19840000E+001
9.70000000 7.20000000 5.23810000E+001
9.70000000 7.30000000 5.28500000E+001
9.70000000 7.40000000 5.33970000E+001
9.70000000 7.50000000 5.40280000E+001
9.70000000 7.60000000 5.47490000E+001
9.70000000 7.70000000 5.55660000E+001
9.70000000 7.80000000 5.64850000E+001
9.70000000 7.90000000 5.75120000E+001
9.70000000 8.00000000 5.86530000E+001
9.70000000 8.10000000 5.99140000E+001
9.70000000 8.20000000 6.13010000E+001
9.70000000 8.30000000 6.28200000E+001
9.70000000 8.40000000 6.44770000E+001
9.70000000 8.50000000 6.62780000E+001
9.70000000 8.60000000 6.82290000E+001
9.70000000 8.70000000 7.03360000E+001
9.70000000 8.80000000 7.26050000E+001
9.70000000 8.90000000 7.50420000E+001
9.70000000 9.00000000 7.76530000E+001
9.70000000 9.10000000 8.04440000E+001
9.70000000 9.20000000 8.34210000E+001
9.70000000 9.30000000 8.65900000E+001
9.70000000 9.40000000 8.99570000E+001
9.70000000 9.50000000 9.35280000E+001
9.70000000 9.60000000 9.73090000E+001
9.70000000 9.70000000 1.01306000E+002
9.70000000 9.80000000 1.05525000E+002
9.70000000 9.90000000 1.09972000E+002
9.70000000 10.00000000 1.14653000E+002
9.70000000 10.10000000 1.19574000E+002
9.70000000 10.20000000 1.24741000E+002
9.70000000 10.30000000 1.30160000E+002
9.70000000 10.40000000 1.35837000E+002
9.70000000 10.50000000 1.41778000E+002
9.70000000 10.60000000 1.47989000E+002
9.70000000 10.70000000 1.54476000E+002
9.70000000 10.80000000 1.61245000E+002
9.70000000 10.90000000 1.68302000E+002
9.70000000 11.00000000 1.75653000E+002
9.80000000 1.00000000 -7.01280000E+001
9.80000000 1.10000000 -6.27770000E+001
9.80000000 1.20000000 -5.57200000E+001
9.80000000 1.30000000 -4.89510000E+001
9.80000000 1.40000000 -4.24640000E+001
9.80000000 1.50000000 -3.62530000E+001
9.80000000 1.60000000 -3.03120000E+001
9.80000000 1.70000000 -2.46350000E+001
9.80000000 1.80000000 -1.92160000E+001
9.80000000 1.90000000 -1.40490000E+001
9.80000000 2.00000000 -9.12800000E+000
9.80000000 2.10000000 -4.44700000E+000
9.80000000 2.20000000 3.83026943E-015
9.80000000 2.30000000 4.21900000E+000
9.80000000 2.40000000 8.21600000E+000
9.80000000 2.50000000 1.19970000E+001
9.80000000 2.60000000 1.55680000E+001
9.80000000 2.70000000 1.89350000E+001
9.80000000 2.80000000 2.21040000E+001
9.80000000 2.90000000 2.50810000E+001
9.80000000 3.00000000 2.78720000E+001
9.80000000 3.10000000 3.04830000E+001
9.80000000 3.20000000 3.29200000E+001
9.80000000 3.30000000 3.51890000E+001
9.80000000 3.40000000 3.72960000E+001
9.80000000 3.50000000 3.92470000E+001
9.80000000 3.60000000 4.10480000E+001
9.80000000 3.70000000 4.27050000E+001
9.80000000 3.80000000 4.42240000E+001
9.80000000 3.90000000 4.56110000E+001
9.80000000 4.00000000 4.68720000E+001
9.80000000 4.10000000 4.80130000E+001
9.80000000 4.20000000 4.90400000E+001
9.80000000 4.30000000 4.99590000E+001
9.80000000 4.40000000 5.07760000E+001
9.80000000 4.50000000 5.14970000E+001
9.80000000 4.60000000 5.21280000E+001
9.80000000 4.70000000 5.26750000E+001
9.80000000 4.80000000 5.31440000E+001
9.80000000 4.90000000 5.35410000E+001
9.80000000 5.00000000 5.38720000E+001
9.80000000 5.10000000 5.41430000E+001
9.80000000 5.20000000 5.43600000E+001
9.80000000 5.30000000 5.45290000E+001
9.80000000 5.40000000 5.46560000E+001
9.80000000 5.50000000 5.47470000E+001
9.80000000 5.60000000 5.48080000E+001
9.80000000 5.70000000 5.48450000E+001
9.80000000 5.80000000 5.48640000E+001
9.80000000 5.90000000 5.48710000E+001
9.80000000 6.00000000 5.48720000E+001
9.80000000 6.10000000 5.48730000E+001
9.80000000 6.20000000 5.48800000E+001
9.80000000 6.30000000 5.48990000E+001
9.80000000 6.40000000 5.49360000E+001
9.80000000 6.50000000 5.49970000E+001
9.80000000 6.60000000 5.50880000E+001
9.80000000 6.70000000 5.52150000E+001
9.80000000 6.80000000 5.53840000E+001
9.80000000 6.90000000 5.56010000E+001
9.80000000 7.00000000 5.58720000E+001
9.80000000 7.10000000 5.62030000E+001
9.80000000 7.20000000 5.66000000E+001
9.80000000 7.30000000 5.70690000E+001
9.80000000 7.40000000 5.76160000E+001
9.80000000 7.50000000 5.82470000E+001
9.80000000 7.60000000 5.89680000E+001
9.80000000 7.70000000 5.97850000E+001
9.80000000 7.80000000 6.07040000E+001
9.80000000 7.90000000 6.17310000E+001
9.80000000 8.00000000 6.28720000E+001
9.80000000 8.10000000 6.41330000E+001
9.80000000 8.20000000 6.55200000E+001
9.80000000 8.30000000 6.70390000E+001
9.80000000 8.40000000 6.86960000E+001
9.80000000 8.50000000 7.04970000E+001
9.80000000 8.60000000 7.24480000E+001
9.80000000 8.70000000 7.45550000E+001
9.80000000 8.80000000 7.68240000E+001
9.80000000 8.90000000 7.92610000E+001
9.80000000 9.00000000 8.18720000E+001
9.80000000 9.10000000 8.46630000E+001
9.80000000 9.20000000 8.76400000E+001
9.80000000 9.30000000 9.08090000E+001
9.80000000 9.40000000 9.41760000E+001
9.80000000 9.50000000 9.77470000E+001
9.80000000 9.60000000 1.01528000E+002
9.80000000 9.70000000 1.05525000E+002
9.80000000 9.80000000 1.09744000E+002
9.80000000 9.90000000 1.14191000E+002
9.80000000 10.00000000 1.18872000E+002
9.80000000 10.10000000 1.23793000E+002
9.80000000 10.20000000 1.28960000E+002
9.80000000 10.30000000 1.34379000E+002
9.80000000 10.40000000 1.40056000E+002
9.80000000 10.50000000 1.45997000E+002
9.80000000 10.60000000 1.52208000E+002
9.80000000 10.70000000 1.58695000E+002
9.80000000 10.80000000 1.65464000E+002
9.80000000 10.90000000 1.72521000E+002
9.80000000 11.00000000 1.79872000E+002
9.90000000 1.00000000 -6.56810000E+001
9.90000000 1.10000000 -5.83300000E+001
9.90000000 1.20000000 -5.12730000E+001
9.90000000 1.30000000 -4.45040000E+001
9.90000000 1.40000000 -3.80170000E+001
9.90000000 1.50000000 -3.18060000E+001
9.90000000 1.60000000 -2.58650000E+001
9.90000000 1.70000000 -2.01880000E+001
9.90000000 1.80000000 -1.47690000E+001
9.90000000 1.90000000 -9.60200000E+000
9.90000000 2.00000000 -4.68100000E+000
9.90000000 2.10000000 1.25455202E-014
9.90000000 2.20000000 4.44700000E+000
9.90000000 2.30000000 8.66600000E+000
9.90000000 2.40000000 1.26630000E+001
9.90000000 2.50000000 1.64440000E+001
9.90000000 2.60000000 2.00150000E+001
9.90000000 2.70000000 2.33820000E+001
9.90000000 2.80000000 2.65510000E+001
9.90000000 2.90000000 2.95280000E+001
9.90000000 3.00000000 3.23190000E+001
9.90000000 3.10000000 3.49300000E+001
9.90000000 3.20000000 3.73670000E+001
9.90000000 3.30000000 3.96360000E+001
9.90000000 3.40000000 4.17430000E+001
9.90000000 3.50000000 4.36940000E+001
9.90000000 3.60000000 4.54950000E+001
9.90000000 3.70000000 4.71520000E+001
9.90000000 3.80000000 4.86710000E+001
9.90000000 3.90000000 5.00580000E+001
9.90000000 4.00000000 5.13190000E+001
9.90000000 4.10000000 5.24600000E+001
9.90000000 4.20000000 5.34870000E+001
9.90000000 4.30000000 5.44060000E+001
9.90000000 4.40000000 5.52230000E+001
9.90000000 4.50000000 5.59440000E+001
9.90000000 4.60000000 5.65750000E+001
9.90000000 4.70000000 5.71220000E+001
9.90000000 4.80000000 5.75910000E+001
9.90000000 4.90000000 5.79880000E+001
9.90000000 5.00000000 5.83190000E+001
9.90000000 5.10000000 5.85900000E+001
9.90000000 5.20000000 5.88070000E+001
9.90000000 5.30000000 5.89760000E+001
9.90000000 5.40000000 5.91030000E+001
9.90000000 5.50000000 5.91940000E+001
9.90000000 5.60000000 5.92550000E+001
9.90000000 5.70000000 5.92920000E+001
9.90000000 5.80000000 5.93110000E+001
9.90000000 5.90000000 5.93180000E+001
9.90000000 6.00000000 5.93190000E+001
9.90000000 6.10000000 5.93200000E+001
9.90000000 6.20000000 5.93270000E+001
9.90000000 6.30000000 5.93460000E+001
9.90000000 6.40000000 5.93830000E+001
9.90000000 6.50000000 5.94440000E+001
9.90000000 6.60000000 5.95350000E+001
9.90000000 6.70000000 5.96620000E+001
9.90000000 6.80000000 5.98310000E+001
9.90000000 6.90000000 6.00480000E+001
9.90000000 7.00000000 6.03190000E+001
9.90000000 7.10000000 6.06500000E+001
9.90000000 7.20000000 6.10470000E+001
9.90000000 7.30000000 6.15160000E+001
9.90000000 7.40000000 6.20630000E+001
9.90000000 7.50000000 6.26940000E+001
9.90000000 7.60000000 6.34150000E+001
9.90000000 7.70000000 6.42320000E+001
9.90000000 7.80000000 6.51510000E+001
9.90000000 7.90000000 6.61780000E+001
9.90000000 8.00000000 6.73190000E+001
9.90000000 8.10000000 6.85800000E+001
9.90000000 8.20000000 6.99670000E+001
9.90000000 8.30000000 7.14860000E+001
9.90000000 8.40000000 7.31430000E+001
9.90000000 8.50000000 7.49440000E+001
9.90000000 8.60000000 7.68950000E+001
9.90000000 8.70000000 7.90020000E+001
9.90000000 8.80000000 8.12710000E+001
9.90000000 8.90000000 8.37080000E+001
9.90000000 9.00000000 8.63190000E+001
9.90000000 9.10000000 8.91100000E+001
9.90000000 9.20000000 9.20870000E+001
9.90000000 9.30000000 9.52560000E+001
9.90000000 9.40000000 9.86230000E+001
9.90000000 9.50000000 1.02194000E+002
9.90000000 9.60000000 1.05975000E+002
9.90000000 9.70000000 1.09972000E+002
9.90000000 9.80000000 1.14191000E+002
9.90000000 9.90000000 1.18638000E+002
9.90000000 10.00000000 1.23319000E+002
9.90000000 10.10000000 1.28240000E+002
9.90000000 10.20000000 1.33407000E+002
9.90000000 10.30000000 1.38826000E+002
9.90000000 10.40000000 1.44503000E+002
9.90000000 10.50000000 1.50444000E+002
9.90000000 10.60000000 1.56655000E+002
9.90000000 10.70000000 1.63142000E+002
9.90000000 10.80000000 1.69911000E+002
9.90000000 10.90000000 1.76968000E+002
9.90000000 11.00000000 1.84319000E+002
10.00000000 1.00000000 -6.10000000E+001
10.00000000 1.10000000 -5.36490000E+001
10.00000000 1.20000000 -4.65920000E+001
10.00000000 1.30000000 -3.98230000E+001
10.00000000 1.40000000 -3.33360000E+001
10.00000000 1.50000000 -2.71250000E+001
10.00000000 1.60000000 -2.11840000E+001
10.00000000 1.70000000 -1.55070000E+001
10.00000000 1.80000000 -1.00880000E+001
10.00000000 1.90000000 -4.92100000E+000
10.00000000 2.00000000 1.72639680E-014
10.00000000 2.10000000 4.68100000E+000
10.00000000 2.20000000 9.12800000E+000
10.00000000 2.30000000 1.33470000E+001
10.00000000 2.40000000 1.73440000E+001
10.00000000 2.50000000 2.11250000E+001
10.00000000 2.60000000 2.46960000E+001
10.00000000 2.70000000 2.80630000E+001
10.00000000 2.80000000 3.12320000E+001
10.00000000 2.90000000 3.42090000E+001
10.00000000 3.00000000 3.70000000E+001
10.00000000 3.10000000 3.96110000E+001
10.00000000 3.20000000 4.20480000E+001
10.00000000 3.30000000 4.43170000E+001
10.00000000 3.40000000 4.64240000E+001
10.00000000 3.50000000 4.83750000E+001
10.00000000 3.60000000 5.01760000E+001
10.00000000 3.70000000 5.18330000E+001
10.00000000 3.80000000 5.33520000E+001
10.00000000 3.90000000 5.47390000E+001
10.00000000 4.00000000 5.60000000E+001
10.00000000 4.10000000 5.71410000E+001
10.00000000 4.20000000 5.81680000E+001
10.00000000 4.30000000 5.90870000E+001
10.00000000 4.40000000 5.99040000E+001
10.00000000 4.50000000 6.06250000E+001
10.00000000 4.60000000 6.12560000E+001
10.00000000 4.70000000 6.18030000E+001
10.00000000 4.80000000 6.22720000E+001
10.00000000 4.90000000 6.26690000E+001
10.00000000 5.00000000 6.30000000E+001
10.00000000 5.10000000 6.32710000E+001
10.00000000 5.20000000 6.34880000E+001
10.00000000 5.30000000 6.36570000E+001
10.00000000 5.40000000 6.37840000E+001
10.00000000 5.50000000 6.38750000E+001
10.00000000 5.60000000 6.39360000E+001
10.00000000 5.70000000 6.39730000E+001
10.00000000 5.80000000 6.39920000E+001
10.00000000 5.90000000 6.39990000E+001
10.00000000 6.00000000 6.40000000E+001
10.00000000 6.10000000 6.40010000E+001
10.00000000 6.20000000 6.40080000E+001
10.00000000 6.30000000 6.40270000E+001
10.00000000 6.40000000 6.40640000E+001
10.00000000 6.50000000 6.41250000E+001
10.00000000 6.60000000 6.42160000E+001
10.00000000 6.70000000 6.43430000E+001
10.00000000 6.80000000 6.45120000E+001
10.00000000 6.90000000 6.47290000E+001
10.00000000 7.00000000 6.50000000E+001
10.00000000 7.10000000 6.53310000E+001
10.00000000 7.20000000 6.57280000E+001
10.00000000 7.30000000 6.61970000E+001
10.00000000 7.40000000 6.67440000E+001
10.00000000 7.50000000 6.73750000E+001
10.00000000 7.60000000 6.80960000E+001
10.00000000 7.70000000 6.89130000E+001
10.00000000 7.80000000 6.98320000E+001
10.00000000 7.90000000 7.08590000E+001
10.00000000 8.00000000 7.20000000E+001
10.00000000 8.10000000 7.32610000E+001
10.00000000 8.20000000 7.46480000E+001
10.00000000 8.30000000 7.61670000E+001
10.00000000 8.40000000 7.78240000E+001
10.00000000 8.50000000 7.96250000E+001
10.00000000 8.60000000 8.15760000E+001
10.00000000 8.70000000 8.36830000E+001
10.00000000 8.80000000 8.59520000E+001
10.00000000 8.90000000 8.83890000E+001
10.00000000 9.00000000 9.10000000E+001
10.00000000 9.10000000 9.37910000E+001
10.00000000 9.20000000 9.67680000E+001
10.00000000 9.30000000 9.99370000E+001
10.00000000 9.40000000 1.03304000E+002
10.00000000 9.50000000 1.06875000E+002
10.00000000 9.60000000 1.10656000E+002
10.00000000 9.70000000 1.14653000E+002
10.00000000 9.80000000 1.18872000E+002
10.00000000 9.90000000 1.23319000E+002
10.00000000 10.00000000 1.28000000E+002
10.00000000 10.10000000 1.32921000E+002
10.00000000 10.20000000 1.38088000E+002
10.00000000 10.30000000 1.43507000E+002
10.00000000 10.40000000 1.49184000E+002
10.00000000 10.50000000 1.55125000E+002
10.00000000 10.60000000 1.61336000E+002
10.00000000 10.70000000 1.67823000E+002
10.00000000 10.80000000 1.74592000E+002
10.00000000 10.90000000 1.81649000E+002
10.00000000 11.00000000 1.89000000E+002
10.10000000 1.00000000 -5.60790000E+001
10.10000000 1.10000000 -4.87280000E+001
10.10000000 1.20000000 -4.16710000E+001
10.10000000 1.30000000 -3.49020000E+001
10.10000000 1.40000000 -2.84150000E+001
10.10000000 1.50000000 -2.22040000E+001
10.10000000 1.60000000 -1.62630000E+001
10.10000000 1.70000000 -1.05860000E+001
10.10000000 1.80000000 -5.16700000E+000
10.10000000 1.90000000 1.57374114E-014
10.10000000 2.00000000 4.92100000E+000
10.10000000 2.10000000 9.60200000E+000
10.10000000 2.20000000 1.40490000E+001
10.10000000 2.30000000 1.82680000E+001
10.10000000 2.40000000 2.22650000E+001
10.10000000 2.50000000 2.60460000E+001
10.10000000 2.60000000 2.96170000E+001
10.10000000 2.70000000 3.29840000E+001
10.10000000 2.80000000 3.61530000E+001
10.10000000 2.90000000 3.91300000E+001
10.10000000 3.00000000 4.19210000E+001
10.10000000 3.10000000 4.45320000E+001
10.10000000 3.20000000 4.69690000E+001
10.10000000 3.30000000 4.92380000E+001
10.10000000 3.40000000 5.13450000E+001
10.10000000 3.50000000 5.32960000E+001
10.10000000 3.60000000 5.50970000E+001
10.10000000 3.70000000 5.67540000E+001
10.10000000 3.80000000 5.82730000E+001
10.10000000 3.90000000 5.96600000E+001
10.10000000 4.00000000 6.09210000E+001
10.10000000 4.10000000 6.20620000E+001
10.10000000 4.20000000 6.30890000E+001
10.10000000 4.30000000 6.40080000E+001
10.10000000 4.40000000 6.48250000E+001
10.10000000 4.50000000 6.55460000E+001
10.10000000 4.60000000 6.61770000E+001
10.10000000 4.70000000 6.67240000E+001
10.10000000 4.80000000 6.71930000E+001
10.10000000 4.90000000 6.75900000E+001
10.10000000 5.00000000 6.79210000E+001
10.10000000 5.10000000 6.81920000E+001
10.10000000 5.20000000 6.84090000E+001
10.10000000 5.30000000 6.85780000E+001
10.10000000 5.40000000 6.87050000E+001
10.10000000 5.50000000 6.87960000E+001
10.10000000 5.60000000 6.88570000E+001
10.10000000 5.70000000 6.88940000E+001
10.10000000 5.80000000 6.89130000E+001
10.10000000 5.90000000 6.89200000E+001
10.10000000 6.00000000 6.89210000E+001
10.10000000 6.10000000 6.89220000E+001
10.10000000 6.20000000 6.89290000E+001
10.10000000 6.30000000 6.89480000E+001
10.10000000 6.40000000 6.89850000E+001
10.10000000 6.50000000 6.90460000E+001
10.10000000 6.60000000 6.91370000E+001
10.10000000 6.70000000 6.92640000E+001
10.10000000 6.80000000 6.94330000E+001
10.10000000 6.90000000 6.96500000E+001
10.10000000 7.00000000 6.99210000E+001
10.10000000 7.10000000 7.02520000E+001
10.10000000 7.20000000 7.06490000E+001
10.10000000 7.30000000 7.11180000E+001
10.10000000 7.40000000 7.16650000E+001
10.10000000 7.50000000 7.22960000E+001
10.10000000 7.60000000 7.30170000E+001
10.10000000 7.70000000 7.38340000E+001
10.10000000 7.80000000 7.47530000E+001
10.10000000 7.90000000 7.57800000E+001
10.10000000 8.00000000 7.69210000E+001
10.10000000 8.10000000 7.81820000E+001
10.10000000 8.20000000 7.95690000E+001
10.10000000 8.30000000 8.10880000E+001
10.10000000 8.40000000 8.27450000E+001
10.10000000 8.50000000 8.45460000E+001
10.10000000 8.60000000 8.64970000E+001
10.10000000 8.70000000 8.86040000E+001
10.10000000 8.80000000 9.08730000E+001
10.10000000 8.90000000 9.33100000E+001
10.10000000 9.00000000 9.59210000E+001
10.10000000 9.10000000 9.87120000E+001
10.10000000 9.20000000 1.01689000E+002
10.10000000 9.30000000 1.04858000E+002
10.10000000 9.40000000 1.08225000E+002
10.10000000 9.50000000 1.11796000E+002
10.10000000 9.60000000 1.15577000E+002
10.10000000 9.70000000 1.19574000E+002
10.10000000 9.80000000 1.23793000E+002
10.10000000 9.90000000 1.28240000E+002
10.10000000 10.00000000 1.32921000E+002
10.10000000 10.10000000 1.37842000E+002
10.10000000 10.20000000 1.43009000E+002
10.10000000 10.30000000 1.48428000E+002
10.10000000 10.40000000 1.54105000E+002
10.10000000 10.50000000 1.60046000E+002
10.10000000 10.60000000 1.66257000E+002
10.10000000 10.70000000 1.72744000E+002
10.10000000 10.80000000 1.79513000E+002
10.10000000 10.90000000 1.86570000E+002
10.10000000 11.00000000 1.93921000E+002
10.20000000 1.00000000 -5.09120000E+001
10.20000000 1.10000000 -4.35610000E+001
10.20000000 1.20000000 -3.65040000E+001
10.20000000 1.30000000 -2.97350000E+001
10.20000000 1.40000000 -2.32480000E+001
10.20000000 1.50000000 -1.70370000E+001
10.20000000 1.60000000 -1.10960000E+001
10.20000000 1.70000000 -5.41900000E+000
10.20000000 1.80000000 2.80747647E-014
10.20000000 1.90000000 5.16700000E+000
10.20000000 2.00000000 1.00880000E+001
10.20000000 2.10000000 1.47690000E+001
10.20000000 2.20000000 1.92160000E+001
10.20000000 2.30000000 2.34350000E+001
10.20000000 2.40000000 2.74320000E+001
10.20000000 2.50000000 3.12130000E+001
10.20000000 2.60000000 3.47840000E+001
10.20000000 2.70000000 3.81510000E+001
10.20000000 2.80000000 4.13200000E+001
10.20000000 2.90000000 4.42970000E+001
10.20000000 3.00000000 4.70880000E+001
10.20000000 3.10000000 4.96990000E+001
10.20000000 3.20000000 5.21360000E+001
10.20000000 3.30000000 5.44050000E+001
10.20000000 3.40000000 5.65120000E+001
10.20000000 3.50000000 5.84630000E+001
10.20000000 3.60000000 6.02640000E+001
10.20000000 3.70000000 6.19210000E+001
10.20000000 3.80000000 6.34400000E+001
10.20000000 3.90000000 6.48270000E+001
10.20000000 4.00000000 6.60880000E+001
10.20000000 4.10000000 6.72290000E+001
10.20000000 4.20000000 6.82560000E+001
10.20000000 4.30000000 6.91750000E+001
10.20000000 4.40000000 6.99920000E+001
10.20000000 4.50000000 7.07130000E+001
10.20000000 4.60000000 7.13440000E+001
10.20000000 4.70000000 7.18910000E+001
10.20000000 4.80000000 7.23600000E+001
10.20000000 4.90000000 7.27570000E+001
10.20000000 5.00000000 7.30880000E+001
10.20000000 5.10000000 7.33590000E+001
10.20000000 5.20000000 7.35760000E+001
10.20000000 5.30000000 7.37450000E+001
10.20000000 5.40000000 7.38720000E+001
10.20000000 5.50000000 7.39630000E+001
10.20000000 5.60000000 7.40240000E+001
10.20000000 5.70000000 7.40610000E+001
10.20000000 5.80000000 7.40800000E+001
10.20000000 5.90000000 7.40870000E+001
10.20000000 6.00000000 7.40880000E+001
10.20000000 6.10000000 7.40890000E+001
10.20000000 6.20000000 7.40960000E+001
10.20000000 6.30000000 7.41150000E+001
10.20000000 6.40000000 7.41520000E+001
10.20000000 6.50000000 7.42130000E+001
10.20000000 6.60000000 7.43040000E+001
10.20000000 6.70000000 7.44310000E+001
10.20000000 6.80000000 7.46000000E+001
10.20000000 6.90000000 7.48170000E+001
10.20000000 7.00000000 7.50880000E+001
10.20000000 7.10000000 7.54190000E+001
10.20000000 7.20000000 7.58160000E+001
10.20000000 7.30000000 7.62850000E+001
10.20000000 7.40000000 7.68320000E+001
10.20000000 7.50000000 7.74630000E+001
10.20000000 7.60000000 7.81840000E+001
10.20000000 7.70000000 7.90010000E+001
10.20000000 7.80000000 7.99200000E+001
10.20000000 7.90000000 8.09470000E+001
10.20000000 8.00000000 8.20880000E+001
10.20000000 8.10000000 8.33490000E+001
10.20000000 8.20000000 8.47360000E+001
10.20000000 8.30000000 8.62550000E+001
10.20000000 8.40000000 8.79120000E+001
10.20000000 8.50000000 8.97130000E+001
10.20000000 8.60000000 9.16640000E+001
10.20000000 8.70000000 9.37710000E+001
10.20000000 8.80000000 9.60400000E+001
10.20000000 8.90000000 9.84770000E+001
10.20000000 9.00000000 1.01088000E+002
10.20000000 9.10000000 1.03879000E+002
10.20000000 9.20000000 1.06856000E+002
10.20000000 9.30000000 1.10025000E+002
10.20000000 9.40000000 1.13392000E+002
10.20000000 9.50000000 1.16963000E+002
10.20000000 9.60000000 1.20744000E+002
10.20000000 9.70000000 1.24741000E+002
10.20000000 9.80000000 1.28960000E+002
10.20000000 9.90000000 1.33407000E+002
10.20000000 10.00000000 1.38088000E+002
10.20000000 10.10000000 1.43009000E+002
10.20000000 10.20000000 1.48176000E+002
10.20000000 10.30000000 1.53595000E+002
10.20000000 10.40000000 1.59272000E+002
10.20000000 10.50000000 1.65213000E+002
10.20000000 10.60000000 1.71424000E+002
10.20000000 10.70000000 1.77911000E+002
10.20000000 10.80000000 1.84680000E+002
10.20000000 10.90000000 1.91737000E+002
10.20000000 11.00000000 1.99088000E+002
10.30000000 1.00000000 -4.54930000E+001
10.30000000 1.10000000 -3.81420000E+001
10.30000000 1.20000000 -3.10850000E+001
10.30000000 1.30000000 -2.43160000E+001
10.30000000 1.40000000 -1.78290000E+001
10.30000000 1.50000000 -1.16180000E+001
10.30000000 1.60000000 -5.67700000E+000
10.30000000 1.70000000 3.23074900E-014
10.30000000 1.80000000 5.41900000E+000
10.30000000 1.90000000 1.05860000E+001
10.30000000 2.00000000 1.55070000E+001
10.30000000 2.10000000 2.01880000E+001
10.30000000 2.20000000 2.46350000E+001
10.30000000 2.30000000 2.88540000E+001
10.30000000 2.40000000 3.28510000E+001
10.30000000 2.50000000 3.66320000E+001
10.30000000 2.60000000 4.02030000E+001
10.30000000 2.70000000 4.35700000E+001
10.30000000 2.80000000 4.67390000E+001
10.30000000 2.90000000 4.97160000E+001
10.30000000 3.00000000 5.25070000E+001
10.30000000 3.10000000 5.51180000E+001
10.30000000 3.20000000 5.75550000E+001
10.30000000 3.30000000 5.98240000E+001
10.30000000 3.40000000 6.19310000E+001
10.30000000 3.50000000 6.38820000E+001
10.30000000 3.60000000 6.56830000E+001
10.30000000 3.70000000 6.73400000E+001
10.30000000 3.80000000 6.88590000E+001
10.30000000 3.90000000 7.02460000E+001
10.30000000 4.00000000 7.15070000E+001
10.30000000 4.10000000 7.26480000E+001
10.30000000 4.20000000 7.36750000E+001
10.30000000 4.30000000 7.45940000E+001
10.30000000 4.40000000 7.54110000E+001
10.30000000 4.50000000 7.61320000E+001
10.30000000 4.60000000 7.67630000E+001
10.30000000 4.70000000 7.73100000E+001
10.30000000 4.80000000 7.77790000E+001
10.30000000 4.90000000 7.81760000E+001
10.30000000 5.00000000 7.85070000E+001
10.30000000 5.10000000 7.87780000E+001
10.30000000 5.20000000 7.89950000E+001
10.30000000 5.30000000 7.91640000E+001
10.30000000 5.40000000 7.92910000E+001
10.30000000 5.50000000 7.93820000E+001
10.30000000 5.60000000 7.94430000E+001
10.30000000 5.70000000 7.94800000E+001
10.30000000 5.80000000 7.94990000E+001
10.30000000 5.90000000 7.95060000E+001
10.30000000 6.00000000 7.95070000E+001
10.30000000 6.10000000 7.95080000E+001
10.30000000 6.20000000 7.95150000E+001
10.30000000 6.30000000 7.95340000E+001
10.30000000 6.40000000 7.95710000E+001
10.30000000 6.50000000 7.96320000E+001
10.30000000 6.60000000 7.97230000E+001
10.30000000 6.70000000 7.98500000E+001
10.30000000 6.80000000 8.00190000E+001
10.30000000 6.90000000 8.02360000E+001
10.30000000 7.00000000 8.05070000E+001
10.30000000 7.10000000 8.08380000E+001
10.30000000 7.20000000 8.12350000E+001
10.30000000 7.30000000 8.17040000E+001
10.30000000 7.40000000 8.22510000E+001
10.30000000 7.50000000 8.28820000E+001
10.30000000 7.60000000 8.36030000E+001
10.30000000 7.70000000 8.44200000E+001
10.30000000 7.80000000 8.53390000E+001
10.30000000 7.90000000 8.63660000E+001
10.30000000 8.00000000 8.75070000E+001
10.30000000 8.10000000 8.87680000E+001
10.30000000 8.20000000 9.01550000E+001
10.30000000 8.30000000 9.16740000E+001
10.30000000 8.40000000 9.33310000E+001
10.30000000 8.50000000 9.51320000E+001
10.30000000 8.60000000 9.70830000E+001
10.30000000 8.70000000 9.91900000E+001
10.30000000 8.80000000 1.01459000E+002
10.30000000 8.90000000 1.03896000E+002
10.30000000 9.00000000 1.06507000E+002
10.30000000 9.10000000 1.09298000E+002
10.30000000 9.20000000 1.12275000E+002
10.30000000 9.30000000 1.15444000E+002
10.30000000 9.40000000 1.18811000E+002
10.30000000 9.50000000 1.22382000E+002
10.30000000 9.60000000 1.26163000E+002
10.30000000 9.70000000 1.30160000E+002
10.30000000 9.80000000 1.34379000E+002
10.30000000 9.90000000 1.38826000E+002
10.30000000 10.00000000 1.43507000E+002
10.30000000 10.10000000 1.48428000E+002
10.30000000 10.20000000 1.53595000E+002
10.30000000 10.30000000 1.59014000E+002
10.30000000 10.40000000 1.64691000E+002
10.30000000 10.50000000 1.70632000E+002
10.30000000 10.60000000 1.76843000E+002
10.30000000 10.70000000 1.83330000E+002
10.30000000 10.80000000 1.90099000E+002
10.30000000 10.90000000 1.97156000E+002
10.30000000 11.00000000 2.04507000E+002
10.40000000 1.00000000 -3.98160000E+001
10.40000000 1.10000000 -3.24650000E+001
10.40000000 1.20000000 -2.54080000E+001
10.40000000 1.30000000 -1.86390000E+001
10.40000000 1.40000000 -1.21520000E+001
10.40000000 1.50000000 -5.94100000E+000
10.40000000 1.60000000 4.02108902E-014
10.40000000 1.70000000 5.67700000E+000
10.40000000 1.80000000 1.10960000E+001
10.40000000 1.90000000 1.62630000E+001
10.40000000 2.00000000 2.11840000E+001
10.40000000 2.10000000 2.58650000E+001
10.40000000 2.20000000 3.03120000E+001
10.40000000 2.30000000 3.45310000E+001
10.40000000 2.40000000 3.85280000E+001
10.40000000 2.50000000 4.23090000E+001
10.40000000 2.60000000 4.58800000E+001
10.40000000 2.70000000 4.92470000E+001
10.40000000 2.80000000 5.24160000E+001
10.40000000 2.90000000 5.53930000E+001
10.40000000 3.00000000 5.81840000E+001
10.40000000 3.10000000 6.07950000E+001
10.40000000 3.20000000 6.32320000E+001
10.40000000 3.30000000 6.55010000E+001
10.40000000 3.40000000 6.76080000E+001
10.40000000 3.50000000 6.95590000E+001
10.40000000 3.60000000 7.13600000E+001
10.40000000 3.70000000 7.30170000E+001
10.40000000 3.80000000 7.45360000E+001
10.40000000 3.90000000 7.59230000E+001
10.40000000 4.00000000 7.71840000E+001
10.40000000 4.10000000 7.83250000E+001
10.40000000 4.20000000 7.93520000E+001
10.40000000 4.30000000 8.02710000E+001
10.40000000 4.40000000 8.10880000E+001
10.40000000 4.50000000 8.18090000E+001
10.40000000 4.60000000 8.24400000E+001
10.40000000 4.70000000 8.29870000E+001
10.40000000 4.80000000 8.34560000E+001
10.40000000 4.90000000 8.38530000E+001
10.40000000 5.00000000 8.41840000E+001
10.40000000 5.10000000 8.44550000E+001
10.40000000 5.20000000 8.46720000E+001
10.40000000 5.30000000 8.48410000E+001
10.40000000 5.40000000 8.49680000E+001
10.40000000 5.50000000 8.50590000E+001
10.40000000 5.60000000 8.51200000E+001
10.40000000 5.70000000 8.51570000E+001
10.40000000 5.80000000 8.51760000E+001
10.40000000 5.90000000 8.51830000E+001
10.40000000 6.00000000 8.51840000E+001
10.40000000 6.10000000 8.51850000E+001
10.40000000 6.20000000 8.51920000E+001
10.40000000 6.30000000 8.52110000E+001
10.40000000 6.40000000 8.52480000E+001
10.40000000 6.50000000 8.53090000E+001
10.40000000 6.60000000 8.54000000E+001
10.40000000 6.70000000 8.55270000E+001
10.40000000 6.80000000 8.56960000E+001
10.40000000 6.90000000 8.59130000E+001
10.40000000 7.00000000 8.61840000E+001
10.40000000 7.10000000 8.65150000E+001
10.40000000 7.20000000 8.69120000E+001
10.40000000 7.30000000 8.73810000E+001
10.40000000 7.40000000 8.79280000E+001
10.40000000 7.50000000 8.85590000E+001
10.40000000 7.60000000 8.92800000E+001
10.40000000 7.70000000 9.00970000E+001
10.40000000 7.80000000 9.10160000E+001
10.40000000 7.90000000 9.20430000E+001
10.40000000 8.00000000 9.31840000E+001
10.40000000 8.10000000 9.44450000E+001
10.40000000 8.20000000 9.58320000E+001
10.40000000 8.30000000 9.73510000E+001
10.40000000 8.40000000 9.90080000E+001
10.40000000 8.50000000 1.00809000E+002
10.40000000 8.60000000 1.02760000E+002
10.40000000 8.70000000 1.04867000E+002
10.40000000 8.80000000 1.07136000E+002
10.40000000 8.90000000 1.09573000E+002
10.40000000 9.00000000 1.12184000E+002
10.40000000 9.10000000 1.14975000E+002
10.40000000 9.20000000 1.17952000E+002
10.40000000 9.30000000 1.21121000E+002
10.40000000 9.40000000 1.24488000E+002
10.40000000 9.50000000 1.28059000E+002
10.40000000 9.60000000 1.31840000E+002
10.40000000 9.70000000 1.35837000E+002
10.40000000 9.80000000 1.40056000E+002
10.40000000 9.90000000 1.44503000E+002
10.40000000 10.00000000 1.49184000E+002
10.40000000 10.10000000 1.54105000E+002
10.40000000 10.20000000 1.59272000E+002
10.40000000 10.30000000 1.64691000E+002
10.40000000 10.40000000 1.70368000E+002
10.40000000 10.50000000 1.76309000E+002
10.40000000 10.60000000 1.82520000E+002
10.40000000 10.70000000 1.89007000E+002
10.40000000 10.80000000 1.95776000E+002
10.40000000 10.90000000 2.02833000E+002
10.40000000 11.00000000 2.10184000E+002
10.50000000 1.00000000 -3.38750000E+001
10.50000000 1.10000000 -2.65240000E+001
10.50000000 1.20000000 -1.94670000E+001
10.50000000 1.30000000 -1.26980000E+001
10.50000000 1.40000000 -6.21100000E+000
10.50000000 1.50000000 4.33368619E-014
10.50000000 1.60000000 5.94100000E+000
10.50000000 1.70000000 1.16180000E+001
10.50000000 1.80000000 1.70370000E+001
10.50000000 1.90000000 2.22040000E+001
10.50000000 2.00000000 2.71250000E+001
10.50000000 2.10000000 3.18060000E+001
10.50000000 2.20000000 3.62530000E+001
10.50000000 2.30000000 4.04720000E+001
10.50000000 2.40000000 4.44690000E+001
10.50000000 2.50000000 4.82500000E+001
10.50000000 2.60000000 5.18210000E+001
10.50000000 2.70000000 5.51880000E+001
10.50000000 2.80000000 5.83570000E+001
10.50000000 2.90000000 6.13340000E+001
10.50000000 3.00000000 6.41250000E+001
10.50000000 3.10000000 6.67360000E+001
10.50000000 3.20000000 6.91730000E+001
10.50000000 3.30000000 7.14420000E+001
10.50000000 3.40000000 7.35490000E+001
10.50000000 3.50000000 7.55000000E+001
10.50000000 3.60000000 7.73010000E+001
10.50000000 3.70000000 7.89580000E+001
10.50000000 3.80000000 8.04770000E+001
10.50000000 3.90000000 8.18640000E+001
10.50000000 4.00000000 8.31250000E+001
10.50000000 4.10000000 8.42660000E+001
10.50000000 4.20000000 8.52930000E+001
10.50000000 4.30000000 8.62120000E+001
10.50000000 4.40000000 8.70290000E+001
10.50000000 4.50000000 8.77500000E+001
10.50000000 4.60000000 8.83810000E+001
10.50000000 4.70000000 8.89280000E+001
10.50000000 4.80000000 8.93970000E+001
10.50000000 4.90000000 8.97940000E+001
10.50000000 5.00000000 9.01250000E+001
10.50000000 5.10000000 9.03960000E+001
10.50000000 5.20000000 9.06130000E+001
10.50000000 5.30000000 9.07820000E+001
10.50000000 5.40000000 9.09090000E+001
10.50000000 5.50000000 9.10000000E+001
10.50000000 5.60000000 9.10610000E+001
10.50000000 5.70000000 9.10980000E+001
10.50000000 5.80000000 9.11170000E+001
10.50000000 5.90000000 9.11240000E+001
10.50000000 6.00000000 9.11250000E+001
10.50000000 6.10000000 9.11260000E+001
10.50000000 6.20000000 9.11330000E+001
10.50000000 6.30000000 9.11520000E+001
10.50000000 6.40000000 9.11890000E+001
10.50000000 6.50000000 9.12500000E+001
10.50000000 6.60000000 9.13410000E+001
10.50000000 6.70000000 9.14680000E+001
10.50000000 6.80000000 9.16370000E+001
10.50000000 6.90000000 9.18540000E+001
10.50000000 7.00000000 9.21250000E+001
10.50000000 7.10000000 9.24560000E+001
10.50000000 7.20000000 9.28530000E+001
10.50000000 7.30000000 9.33220000E+001
10.50000000 7.40000000 9.38690000E+001
10.50000000 7.50000000 9.45000000E+001
10.50000000 7.60000000 9.52210000E+001
10.50000000 7.70000000 9.60380000E+001
10.50000000 7.80000000 9.69570000E+001
10.50000000 7.90000000 9.79840000E+001
10.50000000 8.00000000 9.91250000E+001
10.50000000 8.10000000 1.00386000E+002
10.50000000 8.20000000 1.01773000E+002
10.50000000 8.30000000 1.03292000E+002
10.50000000 8.40000000 1.04949000E+002
10.50000000 8.50000000 1.06750000E+002
10.50000000 8.60000000 1.08701000E+002
10.50000000 8.70000000 1.10808000E+002
10.50000000 8.80000000 1.13077000E+002
10.50000000 8.90000000 1.15514000E+002
10.50000000 9.00000000 1.18125000E+002
10.50000000 9.10000000 1.20916000E+002
10.50000000 9.20000000 1.23893000E+002
10.50000000 9.30000000 1.27062000E+002
10.50000000 9.40000000 1.30429000E+002
10.50000000 9.50000000 1.34000000E+002
10.50000000 9.60000000 1.37781000E+002
10.50000000 9.70000000 1.41778000E+002
10.50000000 9.80000000 1.45997000E+002
10.50000000 9.90000000 1.50444000E+002
10.50000000 10.00000000 1.55125000E+002
10.50000000 10.10000000 1.60046000E+002
10.50000000 10.20000000 1.65213000E+002
10.50000000 10.30000000 1.70632000E+002
10.50000000 10.40000000 1.76309000E+002
10.50000000 10.50000000 1.82250000E+002
10.50000000 10.60000000 1.88461000E+002
10.50000000 10.70000000 1.94948000E+002
10.50000000 10.80000000 2.01717000E+002
10.50000000 10.90000000 2.08774000E+002
10.50000000 11.00000000 2.16125000E+002
10.60000000 1.00000000 -2.76640000E+001
10.60000000 1.10000000 -2.03130000E+001
10.60000000 1.20000000 -1.32560000E+001
10.60000000 1.30000000 -6.48700000E+000
10.60000000 1.40000000 -1.75363196E-014
10.60000000 1.50000000 6.21100000E+000
10.60000000 1.60000000 1.21520000E+001
10.60000000 1.70000000 1.78290000E+001
10.60000000 1.80000000 2.32480000E+001
10.60000000 1.90000000 2.84150000E+001
10.60000000 2.00000000 3.33360000E+001
10.60000000 2.10000000 3.80170000E+001
10.60000000 2.20000000 4.24640000E+001
10.60000000 2.30000000 4.66830000E+001
10.60000000 2.40000000 5.06800000E+001
10.60000000 2.50000000 5.44610000E+001
10.60000000 2.60000000 5.80320000E+001
10.60000000 2.70000000 6.13990000E+001
10.60000000 2.80000000 6.45680000E+001
10.60000000 2.90000000 6.75450000E+001
10.60000000 3.00000000 7.03360000E+001
10.60000000 3.10000000 7.29470000E+001
10.60000000 3.20000000 7.53840000E+001
10.60000000 3.30000000 7.76530000E+001
10.60000000 3.40000000 7.97600000E+001
10.60000000 3.50000000 8.17110000E+001
10.60000000 3.60000000 8.35120000E+001
10.60000000 3.70000000 8.51690000E+001
10.60000000 3.80000000 8.66880000E+001
10.60000000 3.90000000 8.80750000E+001
10.60000000 4.00000000 8.93360000E+001
10.60000000 4.10000000 9.04770000E+001
10.60000000 4.20000000 9.15040000E+001
10.60000000 4.30000000 9.24230000E+001
10.60000000 4.40000000 9.32400000E+001
10.60000000 4.50000000 9.39610000E+001
10.60000000 4.60000000 9.45920000E+001
10.60000000 4.70000000 9.51390000E+001
10.60000000 4.80000000 9.56080000E+001
10.60000000 4.90000000 9.60050000E+001
10.60000000 5.00000000 9.63360000E+001
10.60000000 5.10000000 9.66070000E+001
10.60000000 5.20000000 9.68240000E+001
10.60000000 5.30000000 9.69930000E+001
10.60000000 5.40000000 9.71200000E+001
10.60000000 5.50000000 9.72110000E+001
10.60000000 5.60000000 9.72720000E+001
10.60000000 5.70000000 9.73090000E+001
10.60000000 5.80000000 9.73280000E+001
10.60000000 5.90000000 9.73350000E+001
10.60000000 6.00000000 9.73360000E+001
10.60000000 6.10000000 9.73370000E+001
10.60000000 6.20000000 9.73440000E+001
10.60000000 6.30000000 9.73630000E+001
10.60000000 6.40000000 9.74000000E+001
10.60000000 6.50000000 9.74610000E+001
10.60000000 6.60000000 9.75520000E+001
10.60000000 6.70000000 9.76790000E+001
10.60000000 6.80000000 9.78480000E+001
10.60000000 6.90000000 9.80650000E+001
10.60000000 7.00000000 9.83360000E+001
10.60000000 7.10000000 9.86670000E+001
10.60000000 7.20000000 9.90640000E+001
10.60000000 7.30000000 9.95330000E+001
10.60000000 7.40000000 1.00080000E+002
10.60000000 7.50000000 1.00711000E+002
10.60000000 7.60000000 1.01432000E+002
10.60000000 7.70000000 1.02249000E+002
10.60000000 7.80000000 1.03168000E+002
10.60000000 7.90000000 1.04195000E+002
10.60000000 8.00000000 1.05336000E+002
10.60000000 8.10000000 1.06597000E+002
10.60000000 8.20000000 1.07984000E+002
10.60000000 8.30000000 1.09503000E+002
10.60000000 8.40000000 1.11160000E+002
10.60000000 8.50000000 1.12961000E+002
10.60000000 8.60000000 1.14912000E+002
10.60000000 8.70000000 1.17019000E+002
10.60000000 8.80000000 1.19288000E+002
10.60000000 8.90000000 1.21725000E+002
10.60000000 9.00000000 1.24336000E+002
10.60000000 9.10000000 1.27127000E+002
10.60000000 9.20000000 1.30104000E+002
10.60000000 9.30000000 1.33273000E+002
10.60000000 9.40000000 1.36640000E+002
10.60000000 9.50000000 1.40211000E+002
10.60000000 9.60000000 1.43992000E+002
10.60000000 9.70000000 1.47989000E+002
10.60000000 9.80000000 1.52208000E+002
10.60000000 9.90000000 1.56655000E+002
10.60000000 10.00000000 1.61336000E+002
10.60000000 10.10000000 1.66257000E+002
10.60000000 10.20000000 1.71424000E+002
10.60000000 10.30000000 1.76843000E+002
10.60000000 10.40000000 1.82520000E+002
10.60000000 10.50000000 1.88461000E+002
10.60000000 10.60000000 1.94672000E+002
10.60000000 10.70000000 2.01159000E+002
10.60000000 10.80000000 2.07928000E+002
10.60000000 10.90000000 2.14985000E+002
10.60000000 11.00000000 2.22336000E+002
10.70000000 1.00000000 -2.11770000E+001
10.70000000 1.10000000 -1.38260000E+001
10.70000000 1.20000000 -6.76900000E+000
10.70000000 1.30000000 -1.63662486E-014
10.70000000 1.40000000 6.48700000E+000
10.70000000 1.50000000 1.26980000E+001
10.70000000 1.60000000 1.86390000E+001
10.70000000 1.70000000 2.43160000E+001
10.70000000 1.80000000 2.97350000E+001
10.70000000 1.90000000 3.49020000E+001
10.70000000 2.00000000 3.98230000E+001
10.70000000 2.10000000 4.45040000E+001
10.70000000 2.20000000 4.89510000E+001
10.70000000 2.30000000 5.31700000E+001
10.70000000 2.40000000 5.71670000E+001
10.70000000 2.50000000 6.09480000E+001
10.70000000 2.60000000 6.45190000E+001
10.70000000 2.70000000 6.78860000E+001
10.70000000 2.80000000 7.10550000E+001
10.70000000 2.90000000 7.40320000E+001
10.70000000 3.00000000 7.68230000E+001
10.70000000 3.10000000 7.94340000E+001
10.70000000 3.20000000 8.18710000E+001
10.70000000 3.30000000 8.41400000E+001
10.70000000 3.40000000 8.62470000E+001
10.70000000 3.50000000 8.81980000E+001
10.70000000 3.60000000 8.99990000E+001
10.70000000 3.70000000 9.16560000E+001
10.70000000 3.80000000 9.31750000E+001
10.70000000 3.90000000 9.45620000E+001
10.70000000 4.00000000 9.58230000E+001
10.70000000 4.10000000 9.69640000E+001
10.70000000 4.20000000 9.79910000E+001
10.70000000 4.30000000 9.89100000E+001
10.70000000 4.40000000 9.97270000E+001
10.70000000 4.50000000 1.00448000E+002
10.70000000 4.60000000 1.01079000E+002
10.70000000 4.70000000 1.01626000E+002
10.70000000 4.80000000 1.02095000E+002
10.70000000 4.90000000 1.02492000E+002
10.70000000 5.00000000 1.02823000E+002
10.70000000 5.10000000 1.03094000E+002
10.70000000 5.20000000 1.03311000E+002
10.70000000 5.30000000 1.03480000E+002
10.70000000 5.40000000 1.03607000E+002
10.70000000 5.50000000 1.03698000E+002
10.70000000 5.60000000 1.03759000E+002
10.70000000 5.70000000 1.03796000E+002
10.70000000 5.80000000 1.03815000E+002
10.70000000 5.90000000 1.03822000E+002
10.70000000 6.00000000 1.03823000E+002
10.70000000 6.10000000 1.03824000E+002
10.70000000 6.20000000 1.03831000E+002
10.70000000 6.30000000 1.03850000E+002
10.70000000 6.40000000 1.03887000E+002
10.70000000 6.50000000 1.03948000E+002
10.70000000 6.60000000 1.04039000E+002
10.70000000 6.70000000 1.04166000E+002
10.70000000 6.80000000 1.04335000E+002
10.70000000 6.90000000 1.04552000E+002
10.70000000 7.00000000 1.04823000E+002
10.70000000 7.10000000 1.05154000E+002
10.70000000 7.20000000 1.05551000E+002
10.70000000 7.30000000 1.06020000E+002
10.70000000 7.40000000 1.06567000E+002
10.70000000 7.50000000 1.07198000E+002
10.70000000 7.60000000 1.07919000E+002
10.70000000 7.70000000 1.08736000E+002
10.70000000 7.80000000 1.09655000E+002
10.70000000 7.90000000 1.10682000E+002
10.70000000 8.00000000 1.11823000E+002
10.70000000 8.10000000 1.13084000E+002
10.70000000 8.20000000 1.14471000E+002
10.70000000 8.30000000 1.15990000E+002
10.70000000 8.40000000 1.17647000E+002
10.70000000 8.50000000 1.19448000E+002
10.70000000 8.60000000 1.21399000E+002
10.70000000 8.70000000 1.23506000E+002
10.70000000 8.80000000 1.25775000E+002
10.70000000 8.90000000 1.28212000E+002
10.70000000 9.00000000 1.30823000E+002
10.70000000 9.10000000 1.33614000E+002
10.70000000 9.20000000 1.36591000E+002
10.70000000 9.30000000 1.39760000E+002
10.70000000 9.40000000 1.43127000E+002
10.70000000 9.50000000 1.46698000E+002
10.70000000 9.60000000 1.50479000E+002
10.70000000 9.70000000 1.54476000E+002
10.70000000 9.80000000 1.58695000E+002
10.70000000 9.90000000 1.63142000E+002
10.70000000 10.00000000 1.67823000E+002
10.70000000 10.10000000 1.72744000E+002
10.70000000 10.20000000 1.77911000E+002
10.70000000 10.30000000 1.83330000E+002
10.70000000 10.40000000 1.89007000E+002
10.70000000 10.50000000 1.94948000E+002
10.70000000 10.60000000 2.01159000E+002
10.70000000 10.70000000 2.07646000E+002
10.70000000 10.80000000 2.14415000E+002
10.70000000 10.90000000 2.21472000E+002
10.70000000 11.00000000 2.28823000E+002
10.80000000 1.00000000 -1.44080000E+001
10.80000000 1.10000000 -7.05700000E+000
10.80000000 1.20000000 -6.32241655E-015
10.80000000 1.30000000 6.76900000E+000
10.80000000 1.40000000 1.32560000E+001
10.80000000 1.50000000 1.94670000E+001
10.80000000 1.60000000 2.54080000E+001
10.80000000 1.70000000 3.10850000E+001
10.80000000 1.80000000 3.65040000E+001
10.80000000 1.90000000 4.16710000E+001
10.80000000 2.00000000 4.65920000E+001
10.80000000 2.10000000 5.12730000E+001
10.80000000 2.20000000 5.57200000E+001
10.80000000 2.30000000 5.99390000E+001
10.80000000 2.40000000 6.39360000E+001
10.80000000 2.50000000 6.77170000E+001
10.80000000 2.60000000 7.12880000E+001
10.80000000 2.70000000 7.46550000E+001
10.80000000 2.80000000 7.78240000E+001
10.80000000 2.90000000 8.08010000E+001
10.80000000 3.00000000 8.35920000E+001
10.80000000 3.10000000 8.62030000E+001
10.80000000 3.20000000 8.86400000E+001
10.80000000 3.30000000 9.09090000E+001
10.80000000 3.40000000 9.30160000E+001
10.80000000 3.50000000 9.49670000E+001
10.80000000 3.60000000 9.67680000E+001
10.80000000 3.70000000 9.84250000E+001
10.80000000 3.80000000 9.99440000E+001
10.80000000 3.90000000 1.01331000E+002
10.80000000 4.00000000 1.02592000E+002
10.80000000 4.10000000 1.03733000E+002
10.80000000 4.20000000 1.04760000E+002
10.80000000 4.30000000 1.05679000E+002
10.80000000 4.40000000 1.06496000E+002
10.80000000 4.50000000 1.07217000E+002
10.80000000 4.60000000 1.07848000E+002
10.80000000 4.70000000 1.08395000E+002
10.80000000 4.80000000 1.08864000E+002
10.80000000 4.90000000 1.09261000E+002
10.80000000 5.00000000 1.09592000E+002
10.80000000 5.10000000 1.09863000E+002
10.80000000 5.20000000 1.10080000E+002
10.80000000 5.30000000 1.10249000E+002
10.80000000 5.40000000 1.10376000E+002
10.80000000 5.50000000 1.10467000E+002
10.80000000 5.60000000 1.10528000E+002
10.80000000 5.70000000 1.10565000E+002
10.80000000 5.80000000 1.10584000E+002
10.80000000 5.90000000 1.10591000E+002
10.80000000 6.00000000 1.10592000E+002
10.80000000 6.10000000 1.10593000E+002
10.80000000 6.20000000 1.10600000E+002
10.80000000 6.30000000 1.10619000E+002
10.80000000 6.40000000 1.10656000E+002
10.80000000 6.50000000 1.10717000E+002
10.80000000 6.60000000 1.10808000E+002
10.80000000 6.70000000 1.10935000E+002
10.80000000 6.80000000 1.11104000E+002
10.80000000 6.90000000 1.11321000E+002
10.80000000 7.00000000 1.11592000E+002
10.80000000 7.10000000 1.11923000E+002
10.80000000 7.20000000 1.12320000E+002
10.80000000 7.30000000 1.12789000E+002
10.80000000 7.40000000 1.13336000E+002
10.80000000 7.50000000 1.13967000E+002
10.80000000 7.60000000 1.14688000E+002
10.80000000 7.70000000 1.15505000E+002
10.80000000 7.80000000 1.16424000E+002
10.80000000 7.90000000 1.17451000E+002
10.80000000 8.00000000 1.18592000E+002
10.80000000 8.10000000 1.19853000E+002
10.80000000 8.20000000 1.21240000E+002
10.80000000 8.30000000 1.22759000E+002
10.80000000 8.40000000 1.24416000E+002
10.80000000 8.50000000 1.26217000E+002
10.80000000 8.60000000 1.28168000E+002
10.80000000 8.70000000 1.30275000E+002
10.80000000 8.80000000 1.32544000E+002
10.80000000 8.90000000 1.34981000E+002
10.80000000 9.00000000 1.37592000E+002
10.80000000 9.10000000 1.40383000E+002
10.80000000 9.20000000 1.43360000E+002
10.80000000 9.30000000 1.46529000E+002
10.80000000 9.40000000 1.49896000E+002
10.80000000 9.50000000 1.53467000E+002
10.80000000 9.60000000 1.57248000E+002
10.80000000 9.70000000 1.61245000E+002
10.80000000 9.80000000 1.65464000E+002
10.80000000 9.90000000 1.69911000E+002
10.80000000 10.00000000 1.74592000E+002
10.80000000 10.10000000 1.79513000E+002
10.80000000 10.20000000 1.84680000E+002
10.80000000 10.30000000 1.90099000E+002
10.80000000 10.40000000 1.95776000E+002
10.80000000 10.50000000 2.01717000E+002
10.80000000 10.60000000 2.07928000E+002
10.80000000 10.70000000 2.14415000E+002
10.80000000 10.80000000 2.21184000E+002
10.80000000 10.90000000 2.28241000E+002
10.80000000 11.00000000 2.35592000E+002
10.90000000 1.00000000 -7.35100000E+000
10.90000000 1.10000000 -4.47742971E-015
10.90000000 1.20000000 7.05700000E+000
10.90000000 1.30000000 1.38260000E+001
10.90000000 1.40000000 2.03130000E+001
10.90000000 1.50000000 2.65240000E+001
10.90000000 1.60000000 3.24650000E+001
10.90000000 1.70000000 3.81420000E+001
10.90000000 1.80000000 4.35610000E+001
10.90000000 1.90000000 4.87280000E+001
10.90000000 2.00000000 5.36490000E+001
10.90000000 2.10000000 5.83300000E+001
10.90000000 2.20000000 6.27770000E+001
10.90000000 2.30000000 6.69960000E+001
10.90000000 2.40000000 7.09930000E+001
10.90000000 2.50000000 7.47740000E+001
10.90000000 2.60000000 7.83450000E+001
10.90000000 2.70000000 8.17120000E+001
10.90000000 2.80000000 8.48810000E+001
10.90000000 2.90000000 8.78580000E+001
10.90000000 3.00000000 9.06490000E+001
10.90000000 3.10000000 9.32600000E+001
10.90000000 3.20000000 9.56970000E+001
10.90000000 3.30000000 9.79660000E+001
10.90000000 3.40000000 1.00073000E+002
10.90000000 3.50000000 1.02024000E+002
10.90000000 3.60000000 1.03825000E+002
10.90000000 3.70000000 1.05482000E+002
10.90000000 3.80000000 1.07001000E+002
10.90000000 3.90000000 1.08388000E+002
10.90000000 4.00000000 1.09649000E+002
10.90000000 4.10000000 1.10790000E+002
10.90000000 4.20000000 1.11817000E+002
10.90000000 4.30000000 1.12736000E+002
10.90000000 4.40000000 1.13553000E+002
10.90000000 4.50000000 1.14274000E+002
10.90000000 4.60000000 1.14905000E+002
10.90000000 4.70000000 1.15452000E+002
10.90000000 4.80000000 1.15921000E+002
10.90000000 4.90000000 1.16318000E+002
10.90000000 5.00000000 1.16649000E+002
10.90000000 5.10000000 1.16920000E+002
10.90000000 5.20000000 1.17137000E+002
10.90000000 5.30000000 1.17306000E+002
10.90000000 5.40000000 1.17433000E+002
10.90000000 5.50000000 1.17524000E+002
10.90000000 5.60000000 1.17585000E+002
10.90000000 5.70000000 1.17622000E+002
10.90000000 5.80000000 1.17641000E+002
10.90000000 5.90000000 1.17648000E+002
10.90000000 6.00000000 1.17649000E+002
10.90000000 6.10000000 1.17650000E+002
10.90000000 6.20000000 1.17657000E+002
10.90000000 6.30000000 1.17676000E+002
10.90000000 6.40000000 1.17713000E+002
10.90000000 6.50000000 1.17774000E+002
10.90000000 6.60000000 1.17865000E+002
10.90000000 6.70000000 1.17992000E+002
10.90000000 6.80000000 1.18161000E+002
10.90000000 6.90000000 1.18378000E+002
10.90000000 7.00000000 1.18649000E+002
10.90000000 7.10000000 1.18980000E+002
10.90000000 7.20000000 1.19377000E+002
10.90000000 7.30000000 1.19846000E+002
10.90000000 7.40000000 1.20393000E+002
10.90000000 7.50000000 1.21024000E+002
10.90000000 7.60000000 1.21745000E+002
10.90000000 7.70000000 1.22562000E+002
10.90000000 7.80000000 1.23481000E+002
10.90000000 7.90000000 1.24508000E+002
10.90000000 8.00000000 1.25649000E+002
10.90000000 8.10000000 1.26910000E+002
10.90000000 8.20000000 1.28297000E+002
10.90000000 8.30000000 1.29816000E+002
10.90000000 8.40000000 1.31473000E+002
10.90000000 8.50000000 1.33274000E+002
10.90000000 8.60000000 1.35225000E+002
10.90000000 8.70000000 1.37332000E+002
10.90000000 8.80000000 1.39601000E+002
10.90000000 8.90000000 1.42038000E+002
10.90000000 9.00000000 1.44649000E+002
10.90000000 9.10000000 1.47440000E+002
10.90000000 9.20000000 1.50417000E+002
10.90000000 9.30000000 1.53586000E+002
10.90000000 9.40000000 1.56953000E+002
10.90000000 9.50000000 1.60524000E+002
10.90000000 9.60000000 1.64305000E+002
10.90000000 9.70000000 1.68302000E+002
10.90000000 9.80000000 1.72521000E+002
10.90000000 9.90000000 1.76968000E+002
10.90000000 10.00000000 1.81649000E+002
10.90000000 10.10000000 1.86570000E+002
10.90000000 10.20000000 1.91737000E+002
10.90000000 10.30000000 1.97156000E+002
10.90000000 10.40000000 2.02833000E+002
10.90000000 10.50000000 2.08774000E+002
10.90000000 10.60000000 2.14985000E+002
10.90000000 10.70000000 2.21472000E+002
10.90000000 10.80000000 2.28241000E+002
10.90000000 10.90000000 2.35298000E+002
10.90000000 11.00000000 2.42649000E+002
11.00000000 1.00000000 0.00000000E+000
11.00000000 1.10000000 7.35100000E+000
11.00000000 1.20000000 1.44080000E+001
11.00000000 1.30000000 2.11770000E+001
11.00000000 1.40000000 2.76640000E+001
11.00000000 1.50000000 3.38750000E+001
11.00000000 1.60000000 3.98160000E+001
11.00000000 1.70000000 4.54930000E+001
11.00000000 1.80000000 5.09120000E+001
11.00000000 1.90000000 5.60790000E+001
11.00000000 2.00000000 6.10000000E+001
11.00000000 2.10000000 6.56810000E+001
11.00000000 2.20000000 7.01280000E+001
11.00000000 2.30000000 7.43470000E+001
11.00000000 2.40000000 7.83440000E+001
11.00000000 2.50000000 8.21250000E+001
11.00000000 2.60000000 8.56960000E+001
11.00000000 2.70000000 8.90630000E+001
11.00000000 2.80000000 9.22320000E+001
11.00000000 2.90000000 9.52090000E+001
11.00000000 3.00000000 9.80000000E+001
11.00000000 3.10000000 1.00611000E+002
11.00000000 3.20000000 1.03048000E+002
11.00000000 3.30000000 1.05317000E+002
11.00000000 3.40000000 1.07424000E+002
11.00000000 3.50000000 1.09375000E+002
11.00000000 3.60000000 1.11176000E+002
11.00000000 3.70000000 1.12833000E+002
11.00000000 3.80000000 1.14352000E+002
11.00000000 3.90000000 1.15739000E+002
11.00000000 4.00000000 1.17000000E+002
11.00000000 4.10000000 1.18141000E+002
11.00000000 4.20000000 1.19168000E+002
11.00000000 4.30000000 1.20087000E+002
11.00000000 4.40000000 1.20904000E+002
11.00000000 4.50000000 1.21625000E+002
11.00000000 4.60000000 1.22256000E+002
11.00000000 4.70000000 1.22803000E+002
11.00000000 4.80000000 1.23272000E+002
11.00000000 4.90000000 1.23669000E+002
11.00000000 5.00000000 1.24000000E+002
11.00000000 5.10000000 1.24271000E+002
11.00000000 5.20000000 1.24488000E+002
11.00000000 5.30000000 1.24657000E+002
11.00000000 5.40000000 1.24784000E+002
11.00000000 5.50000000 1.24875000E+002
11.00000000 5.60000000 1.24936000E+002
11.00000000 5.70000000 1.24973000E+002
11.00000000 5.80000000 1.24992000E+002
11.00000000 5.90000000 1.24999000E+002
11.00000000 6.00000000 1.25000000E+002
11.00000000 6.10000000 1.25001000E+002
11.00000000 6.20000000 1.25008000E+002
11.00000000 6.30000000 1.25027000E+002
11.00000000 6.40000000 1.25064000E+002
11.00000000 6.50000000 1.25125000E+002
11.00000000 6.60000000 1.25216000E+002
11.00000000 6.70000000 1.25343000E+002
11.00000000 6.80000000 1.25512000E+002
11.00000000 6.90000000 1.25729000E+002
11.00000000 7.00000000 1.26000000E+002
11.00000000 7.10000000 1.26331000E+002
11.00000000 7.20000000 1.26728000E+002
11.00000000 7.30000000 1.27197000E+002
11.00000000 7.40000000 1.27744000E+002
11.00000000 7.50000000 1.28375000E+002
11.00000000 7.60000000 1.29096000E+002
11.00000000 7.70000000 1.29913000E+002
11.00000000 7.80000000 1.30832000E+002
11.00000000 7.90000000 1.31859000E+002
11.00000000 8.00000000 1.33000000E+002
11.00000000 8.10000000 1.34261000E+002
11.00000000 8.20000000 1.35648000E+002
11.00000000 8.30000000 1.37167000E+002
11.00000000 8.40000000 1.38824000E+002
11.00000000 8.50000000 1.40625000E+002
11.00000000 8.60000000 1.42576000E+002
11.00000000 8.70000000 1.44683000E+002
11.00000000 8.80000000 1.46952000E+002
11.00000000 8.90000000 1.49389000E+002
11.00000000 9.00000000 1.52000000E+002
11.00000000 9.10000000 1.54791000E+002
11.00000000 9.20000000 1.57768000E+002
11.00000000 9.30000000 1.60937000E+002
11.00000000 9.40000000 1.64304000E+002
11.00000000 9.50000000 1.67875000E+002
11.00000000 9.60000000 1.71656000E+002
11.00000000 9.70000000 1.75653000E+002
11.00000000 9.80000000 1.79872000E+002
11.00000000 9.90000000 1.84319000E+002
11.00000000 10.00000000 1.89000000E+002
11.00000000 10.10000000 1.93921000E+002
11.00000000 10.20000000 1.99088000E+002
11.00000000 10.30000000 2.04507000E+002
11.00000000 10.40000000 2.10184000E+002
11.00000000 10.50000000 2.16125000E+002
11.00000000 10.60000000 2.22336000E+002
11.00000000 10.70000000 2.28823000E+002
11.00000000 10.80000000 2.35592000E+002
11.00000000 10.90000000 2.42649000E+002
11.00000000 11.00000000 2.50000000E+002
