1.00000000 1.00000000 -2.50000000E+002
1.00000000 1.10000000 -2.43022959E+002
1.00000000 1.20000000 -2.36045918E+002
1.00000000 1.30000000 -2.29068878E+002
1.00000000 1.40000000 -2.22518222E+002
1.00000000 1.50000000 -2.16536079E+002
1.00000000 1.60000000 -2.10553936E+002
1.00000000 1.70000000 -2.04571793E+002
1.00000000 1.80000000 -1.99376822E+002
1.00000000 1.90000000 -1.94313047E+002
1.00000000 2.00000000 -1.89249271E+002
1.00000000 2.10000000 -1.84426020E+002
1.00000000 2.20000000 -1.80204082E+002
1.00000000 2.30000000 -1.75982143E+002
1.00000000 2.40000000 -1.71760204E+002
1.00000000 2.50000000 -1.68084913E+002
1.00000000 2.60000000 -1.64628280E+002
1.00000000 2.70000000 -1.61171647E+002
1.00000000 2.80000000 -1.57813411E+002
1.00000000 2.90000000 -1.55045554E+002
1.00000000 3.00000000 -1.52277697E+002
1.00000000 3.10000000 -1.49509840E+002
1.00000000 3.20000000 -1.47091837E+002
1.00000000 3.30000000 -1.44936224E+002
1.00000000 3.40000000 -1.42780612E+002
1.00000000 3.50000000 -1.40625000E+002
1.00000000 3.60000000 -1.39005102E+002
1.00000000 3.70000000 -1.37385204E+002
1.00000000 3.80000000 -1.35765306E+002
1.00000000 3.90000000 -1.34342201E+002
1.00000000 4.00000000 -1.33181487E+002
1.00000000 4.10000000 -1.32020773E+002
1.00000000 4.20000000 -1.30860058E+002
1.00000000 4.30000000 -1.30027332E+002
1.00000000 4.40000000 -1.29249271E+002
1.00000000 4.50000000 -1.28471210E+002
1.00000000 4.60000000 -1.27780612E+002
1.00000000 4.70000000 -1.27308673E+002
1.00000000 4.80000000 -1.26836735E+002
1.00000000 4.90000000 -1.26364796E+002
1.00000000 5.00000000 -1.26056851E+002
1.00000000 5.10000000 -1.25814504E+002
1.00000000 5.20000000 -1.25572157E+002
1.00000000 5.30000000 -1.25351676E+002
1.00000000 5.40000000 -1.25262391E+002
1.00000000 5.50000000 -1.25173105E+002
1.00000000 5.60000000 -1.25083819E+002
1.00000000 5.70000000 -1.25038265E+002
1.00000000 5.80000000 -1.25025510E+002
1.00000000 5.90000000 -1.25012755E+002
1.00000000 6.00000000 -1.25000000E+002
1.00000000 6.10000000 -1.24987245E+002
1.00000000 6.20000000 -1.24974490E+002
1.00000000 6.30000000 -1.24961735E+002
1.00000000 6.40000000 -1.24916181E+002
1.00000000 6.50000000 -1.24826895E+002
1.00000000 6.60000000 -1.24737609E+002
1.00000000 6.70000000 -1.24648324E+002
1.00000000 6.80000000 -1.24427843E+002
1.00000000 6.90000000 -1.24185496E+002
1.00000000 7.00000000 -1.23943149E+002
1.00000000 7.10000000 -1.23635204E+002
1.00000000 7.20000000 -1.23163265E+002
1.00000000 7.30000000 -1.22691327E+002
1.00000000 7.40000000 -1.22219388E+002
1.00000000 7.50000000 -1.21528790E+002
1.00000000 7.60000000 -1.20750729E+002
1.00000000 7.70000000 -1.19972668E+002
1.00000000 7.80000000 -1.19139942E+002
1.00000000 7.90000000 -1.17979227E+002
1.00000000 8.00000000 -1.16818513E+002
1.00000000 8.10000000 -1.15657799E+002
1.00000000 8.20000000 -1.14234694E+002
1.00000000 8.30000000 -1.12614796E+002
1.00000000 8.40000000 -1.10994898E+002
1.00000000 8.50000000 -1.09375000E+002
1.00000000 8.60000000 -1.07219388E+002
1.00000000 8.70000000 -1.05063776E+002
1.00000000 8.80000000 -1.02908163E+002
1.00000000 8.90000000 -1.00490160E+002
1.00000000 9.00000000 -9.77223032E+001
1.00000000 9.10000000 -9.49544461E+001
1.00000000 9.20000000 -9.21865889E+001
1.00000000 9.30000000 -8.88283528E+001
1.00000000 9.40000000 -8.53717201E+001
1.00000000 9.50000000 -8.19150875E+001
1.00000000 9.60000000 -7.82397959E+001
1.00000000 9.70000000 -7.40178571E+001
1.00000000 9.80000000 -6.97959184E+001
1.00000000 9.90000000 -6.55739796E+001
1.00000000 10.00000000 -6.07507289E+001
1.00000000 10.10000000 -5.56869534E+001
1.00000000 10.20000000 -5.06231778E+001
1.00000000 10.30000000 -4.54282070E+001
1.00000000 10.40000000 -3.94460641E+001
1.00000000 10.50000000 -3.34639213E+001
1.00000000 10.60000000 -2.74817784E+001
1.00000000 10.70000000 -2.09311224E+001
1.00000000 10.80000000 -1.39540816E+001
1.00000000 10.90000000 -6.97704082E+000
1.00000000 11.00000000 0.00000000E+000
1.10000000 1.00000000 -2.43022959E+002
1.10000000 1.10000000 -2.36045918E+002
1.10000000 1.20000000 -2.29068878E+002
1.10000000 1.30000000 -2.22091837E+002
1.10000000 1.40000000 -2.15541181E+002
1.10000000 1.50000000 -2.09559038E+002
1.10000000 1.60000000 -2.03576895E+002
1.10000000 1.70000000 -1.97594752E+002
1.10000000 1.80000000 -1.92399781E+002
1.10000000 1.90000000 -1.87336006E+002
1.10000000 2.00000000 -1.82272230E+002
1.10000000 2.10000000 -1.77448980E+002
1.10000000 2.20000000 -1.73227041E+002
1.10000000 2.30000000 -1.69005102E+002
1.10000000 2.40000000 -1.64783163E+002
1.10000000 2.50000000 -1.61107872E+002
1.10000000 2.60000000 -1.57651239E+002
1.10000000 2.70000000 -1.54194606E+002
1.10000000 2.80000000 -1.50836370E+002
1.10000000 2.90000000 -1.48068513E+002
1.10000000 3.00000000 -1.45300656E+002
1.10000000 3.10000000 -1.42532799E+002
1.10000000 3.20000000 -1.40114796E+002
1.10000000 3.30000000 -1.37959184E+002
1.10000000 3.40000000 -1.35803571E+002
1.10000000 3.50000000 -1.33647959E+002
1.10000000 3.60000000 -1.32028061E+002
1.10000000 3.70000000 -1.30408163E+002
1.10000000 3.80000000 -1.28788265E+002
1.10000000 3.90000000 -1.27365160E+002
1.10000000 4.00000000 -1.26204446E+002
1.10000000 4.10000000 -1.25043732E+002
1.10000000 4.20000000 -1.23883017E+002
1.10000000 4.30000000 -1.23050292E+002
1.10000000 4.40000000 -1.22272230E+002
1.10000000 4.50000000 -1.21494169E+002
1.10000000 4.60000000 -1.20803571E+002
1.10000000 4.70000000 -1.20331633E+002
1.10000000 4.80000000 -1.19859694E+002
1.10000000 4.90000000 -1.19387755E+002
1.10000000 5.00000000 -1.19079810E+002
1.10000000 5.10000000 -1.18837464E+002
1.10000000 5.20000000 -1.18595117E+002
1.10000000 5.30000000 -1.18374636E+002
1.10000000 5.40000000 -1.18285350E+002
1.10000000 5.50000000 -1.18196064E+002
1.10000000 5.60000000 -1.18106778E+002
1.10000000 5.70000000 -1.18061224E+002
1.10000000 5.80000000 -1.18048469E+002
1.10000000 5.90000000 -1.18035714E+002
1.10000000 6.00000000 -1.18022959E+002
1.10000000 6.10000000 -1.18010204E+002
1.10000000 6.20000000 -1.17997449E+002
1.10000000 6.30000000 -1.17984694E+002
1.10000000 6.40000000 -1.17939140E+002
1.10000000 6.50000000 -1.17849854E+002
1.10000000 6.60000000 -1.17760569E+002
1.10000000 6.70000000 -1.17671283E+002
1.10000000 6.80000000 -1.17450802E+002
1.10000000 6.90000000 -1.17208455E+002
1.10000000 7.00000000 -1.16966108E+002
1.10000000 7.10000000 -1.16658163E+002
1.10000000 7.20000000 -1.16186224E+002
1.10000000 7.30000000 -1.15714286E+002
1.10000000 7.40000000 -1.15242347E+002
1.10000000 7.50000000 -1.14551749E+002
1.10000000 7.60000000 -1.13773688E+002
1.10000000 7.70000000 -1.12995627E+002
1.10000000 7.80000000 -1.12162901E+002
1.10000000 7.90000000 -1.11002187E+002
1.10000000 8.00000000 -1.09841472E+002
1.10000000 8.10000000 -1.08680758E+002
1.10000000 8.20000000 -1.07257653E+002
1.10000000 8.30000000 -1.05637755E+002
1.10000000 8.40000000 -1.04017857E+002
1.10000000 8.50000000 -1.02397959E+002
1.10000000 8.60000000 -1.00242347E+002
1.10000000 8.70000000 -9.80867347E+001
1.10000000 8.80000000 -9.59311224E+001
1.10000000 8.90000000 -9.35131195E+001
1.10000000 9.00000000 -9.07452624E+001
1.10000000 9.10000000 -8.79774052E+001
1.10000000 9.20000000 -8.52095481E+001
1.10000000 9.30000000 -8.18513120E+001
1.10000000 9.40000000 -7.83946793E+001
1.10000000 9.50000000 -7.49380466E+001
1.10000000 9.60000000 -7.12627551E+001
1.10000000 9.70000000 -6.70408163E+001
1.10000000 9.80000000 -6.28188776E+001
1.10000000 9.90000000 -5.85969388E+001
1.10000000 10.00000000 -5.37736880E+001
1.10000000 10.10000000 -4.87099125E+001
1.10000000 10.20000000 -4.36461370E+001
1.10000000 10.30000000 -3.84511662E+001
1.10000000 10.40000000 -3.24690233E+001
1.10000000 10.50000000 -2.64868805E+001
1.10000000 10.60000000 -2.05047376E+001
1.10000000 10.70000000 -1.39540816E+001
1.10000000 10.80000000 -6.97704082E+000
1.10000000 10.90000000 -2.24709140E-013
1.10000000 11.00000000 6.97704082E+000
1.20000000 1.00000000 -2.36045918E+002
1.20000000 1.10000000 -2.29068878E+002
1.20000000 1.20000000 -2.22091837E+002
1.20000000 1.30000000 -2.15114796E+002
1.20000000 1.40000000 -2.08564140E+002
1.20000000 1.50000000 -2.02581997E+002
1.20000000 1.60000000 -1.96599854E+002
1.20000000 1.70000000 -1.90617711E+002
1.20000000 1.80000000 -1.85422741E+002
1.20000000 1.90000000 -1.80358965E+002
1.20000000 2.00000000 -1.75295190E+002
1.20000000 2.10000000 -1.70471939E+002
1.20000000 2.20000000 -1.66250000E+002
1.20000000 2.30000000 -1.62028061E+002
1.20000000 2.40000000 -1.57806122E+002
1.20000000 2.50000000 -1.54130831E+002
1.20000000 2.60000000 -1.50674198E+002
1.20000000 2.70000000 -1.47217566E+002
1.20000000 2.80000000 -1.43859329E+002
1.20000000 2.90000000 -1.41091472E+002
1.20000000 3.00000000 -1.38323615E+002
1.20000000 3.10000000 -1.35555758E+002
1.20000000 3.20000000 -1.33137755E+002
1.20000000 3.30000000 -1.30982143E+002
1.20000000 3.40000000 -1.28826531E+002
1.20000000 3.50000000 -1.26670918E+002
1.20000000 3.60000000 -1.25051020E+002
1.20000000 3.70000000 -1.23431122E+002
1.20000000 3.80000000 -1.21811224E+002
1.20000000 3.90000000 -1.20388120E+002
1.20000000 4.00000000 -1.19227405E+002
1.20000000 4.10000000 -1.18066691E+002
1.20000000 4.20000000 -1.16905977E+002
1.20000000 4.30000000 -1.16073251E+002
1.20000000 4.40000000 -1.15295190E+002
1.20000000 4.50000000 -1.14517128E+002
1.20000000 4.60000000 -1.13826531E+002
1.20000000 4.70000000 -1.13354592E+002
1.20000000 4.80000000 -1.12882653E+002
1.20000000 4.90000000 -1.12410714E+002
1.20000000 5.00000000 -1.12102770E+002
1.20000000 5.10000000 -1.11860423E+002
1.20000000 5.20000000 -1.11618076E+002
1.20000000 5.30000000 -1.11397595E+002
1.20000000 5.40000000 -1.11308309E+002
1.20000000 5.50000000 -1.11219023E+002
1.20000000 5.60000000 -1.11129738E+002
1.20000000 5.70000000 -1.11084184E+002
1.20000000 5.80000000 -1.11071429E+002
1.20000000 5.90000000 -1.11058673E+002
1.20000000 6.00000000 -1.11045918E+002
1.20000000 6.10000000 -1.11033163E+002
1.20000000 6.20000000 -1.11020408E+002
1.20000000 6.30000000 -1.11007653E+002
1.20000000 6.40000000 -1.10962099E+002
1.20000000 6.50000000 -1.10872813E+002
1.20000000 6.60000000 -1.10783528E+002
1.20000000 6.70000000 -1.10694242E+002
1.20000000 6.80000000 -1.10473761E+002
1.20000000 6.90000000 -1.10231414E+002
1.20000000 7.00000000 -1.09989067E+002
1.20000000 7.10000000 -1.09681122E+002
1.20000000 7.20000000 -1.09209184E+002
1.20000000 7.30000000 -1.08737245E+002
1.20000000 7.40000000 -1.08265306E+002
1.20000000 7.50000000 -1.07574708E+002
1.20000000 7.60000000 -1.06796647E+002
1.20000000 7.70000000 -1.06018586E+002
1.20000000 7.80000000 -1.05185860E+002
1.20000000 7.90000000 -1.04025146E+002
1.20000000 8.00000000 -1.02864431E+002
1.20000000 8.10000000 -1.01703717E+002
1.20000000 8.20000000 -1.00280612E+002
1.20000000 8.30000000 -9.86607143E+001
1.20000000 8.40000000 -9.70408163E+001
1.20000000 8.50000000 -9.54209184E+001
1.20000000 8.60000000 -9.32653061E+001
1.20000000 8.70000000 -9.11096939E+001
1.20000000 8.80000000 -8.89540816E+001
1.20000000 8.90000000 -8.65360787E+001
1.20000000 9.00000000 -8.37682216E+001
1.20000000 9.10000000 -8.10003644E+001
1.20000000 9.20000000 -7.82325073E+001
1.20000000 9.30000000 -7.48742711E+001
1.20000000 9.40000000 -7.14176385E+001
1.20000000 9.50000000 -6.79610058E+001
1.20000000 9.60000000 -6.42857143E+001
1.20000000 9.70000000 -6.00637755E+001
1.20000000 9.80000000 -5.58418367E+001
1.20000000 9.90000000 -5.16198980E+001
1.20000000 10.00000000 -4.67966472E+001
1.20000000 10.10000000 -4.17328717E+001
1.20000000 10.20000000 -3.66690962E+001
1.20000000 10.30000000 -3.14741254E+001
1.20000000 10.40000000 -2.54919825E+001
1.20000000 10.50000000 -1.95098397E+001
1.20000000 10.60000000 -1.35276968E+001
1.20000000 10.70000000 -6.97704082E+000
1.20000000 10.80000000 2.18491891E-013
1.20000000 10.90000000 6.97704082E+000
1.20000000 11.00000000 1.39540816E+001
1.30000000 1.00000000 -2.29068878E+002
1.30000000 1.10000000 -2.22091837E+002
1.30000000 1.20000000 -2.15114796E+002
1.30000000 1.30000000 -2.08137755E+002
1.30000000 1.40000000 -2.01587099E+002
1.30000000 1.50000000 -1.95604956E+002
1.30000000 1.60000000 -1.89622813E+002
1.30000000 1.70000000 -1.83640671E+002
1.30000000 1.80000000 -1.78445700E+002
1.30000000 1.90000000 -1.73381924E+002
1.30000000 2.00000000 -1.68318149E+002
1.30000000 2.10000000 -1.63494898E+002
1.30000000 2.20000000 -1.59272959E+002
1.30000000 2.30000000 -1.55051020E+002
1.30000000 2.40000000 -1.50829082E+002
1.30000000 2.50000000 -1.47153790E+002
1.30000000 2.60000000 -1.43697157E+002
1.30000000 2.70000000 -1.40240525E+002
1.30000000 2.80000000 -1.36882289E+002
1.30000000 2.90000000 -1.34114431E+002
1.30000000 3.00000000 -1.31346574E+002
1.30000000 3.10000000 -1.28578717E+002
1.30000000 3.20000000 -1.26160714E+002
1.30000000 3.30000000 -1.24005102E+002
1.30000000 3.40000000 -1.21849490E+002
1.30000000 3.50000000 -1.19693878E+002
1.30000000 3.60000000 -1.18073980E+002
1.30000000 3.70000000 -1.16454082E+002
1.30000000 3.80000000 -1.14834184E+002
1.30000000 3.90000000 -1.13411079E+002
1.30000000 4.00000000 -1.12250364E+002
1.30000000 4.10000000 -1.11089650E+002
1.30000000 4.20000000 -1.09928936E+002
1.30000000 4.30000000 -1.09096210E+002
1.30000000 4.40000000 -1.08318149E+002
1.30000000 4.50000000 -1.07540087E+002
1.30000000 4.60000000 -1.06849490E+002
1.30000000 4.70000000 -1.06377551E+002
1.30000000 4.80000000 -1.05905612E+002
1.30000000 4.90000000 -1.05433673E+002
1.30000000 5.00000000 -1.05125729E+002
1.30000000 5.10000000 -1.04883382E+002
1.30000000 5.20000000 -1.04641035E+002
1.30000000 5.30000000 -1.04420554E+002
1.30000000 5.40000000 -1.04331268E+002
1.30000000 5.50000000 -1.04241983E+002
1.30000000 5.60000000 -1.04152697E+002
1.30000000 5.70000000 -1.04107143E+002
1.30000000 5.80000000 -1.04094388E+002
1.30000000 5.90000000 -1.04081633E+002
1.30000000 6.00000000 -1.04068878E+002
1.30000000 6.10000000 -1.04056122E+002
1.30000000 6.20000000 -1.04043367E+002
1.30000000 6.30000000 -1.04030612E+002
1.30000000 6.40000000 -1.03985058E+002
1.30000000 6.50000000 -1.03895773E+002
1.30000000 6.60000000 -1.03806487E+002
1.30000000 6.70000000 -1.03717201E+002
1.30000000 6.80000000 -1.03496720E+002
1.30000000 6.90000000 -1.03254373E+002
1.30000000 7.00000000 -1.03012026E+002
1.30000000 7.10000000 -1.02704082E+002
1.30000000 7.20000000 -1.02232143E+002
1.30000000 7.30000000 -1.01760204E+002
1.30000000 7.40000000 -1.01288265E+002
1.30000000 7.50000000 -1.00597668E+002
1.30000000 7.60000000 -9.98196064E+001
1.30000000 7.70000000 -9.90415452E+001
1.30000000 7.80000000 -9.82088192E+001
1.30000000 7.90000000 -9.70481050E+001
1.30000000 8.00000000 -9.58873907E+001
1.30000000 8.10000000 -9.47266764E+001
1.30000000 8.20000000 -9.33035714E+001
1.30000000 8.30000000 -9.16836735E+001
1.30000000 8.40000000 -9.00637755E+001
1.30000000 8.50000000 -8.84438776E+001
1.30000000 8.60000000 -8.62882653E+001
1.30000000 8.70000000 -8.41326531E+001
1.30000000 8.80000000 -8.19770408E+001
1.30000000 8.90000000 -7.95590379E+001
1.30000000 9.00000000 -7.67911808E+001
1.30000000 9.10000000 -7.40233236E+001
1.30000000 9.20000000 -7.12554665E+001
1.30000000 9.30000000 -6.78972303E+001
1.30000000 9.40000000 -6.44405977E+001
1.30000000 9.50000000 -6.09839650E+001
1.30000000 9.60000000 -5.73086735E+001
1.30000000 9.70000000 -5.30867347E+001
1.30000000 9.80000000 -4.88647959E+001
1.30000000 9.90000000 -4.46428571E+001
1.30000000 10.00000000 -3.98196064E+001
1.30000000 10.10000000 -3.47558309E+001
1.30000000 10.20000000 -2.96920554E+001
1.30000000 10.30000000 -2.44970845E+001
1.30000000 10.40000000 -1.85149417E+001
1.30000000 10.50000000 -1.25327988E+001
1.30000000 10.60000000 -6.55065598E+000
1.30000000 10.70000000 -1.13242749E-013
1.30000000 10.80000000 6.97704082E+000
1.30000000 10.90000000 1.39540816E+001
1.30000000 11.00000000 2.09311224E+001
1.40000000 1.00000000 -2.22518222E+002
1.40000000 1.10000000 -2.15541181E+002
1.40000000 1.20000000 -2.08564140E+002
1.40000000 1.30000000 -2.01587099E+002
1.40000000 1.40000000 -1.95036443E+002
1.40000000 1.50000000 -1.89054300E+002
1.40000000 1.60000000 -1.83072157E+002
1.40000000 1.70000000 -1.77090015E+002
1.40000000 1.80000000 -1.71895044E+002
1.40000000 1.90000000 -1.66831268E+002
1.40000000 2.00000000 -1.61767493E+002
1.40000000 2.10000000 -1.56944242E+002
1.40000000 2.20000000 -1.52722303E+002
1.40000000 2.30000000 -1.48500364E+002
1.40000000 2.40000000 -1.44278426E+002
1.40000000 2.50000000 -1.40603134E+002
1.40000000 2.60000000 -1.37146501E+002
1.40000000 2.70000000 -1.33689869E+002
1.40000000 2.80000000 -1.30331633E+002
1.40000000 2.90000000 -1.27563776E+002
1.40000000 3.00000000 -1.24795918E+002
1.40000000 3.10000000 -1.22028061E+002
1.40000000 3.20000000 -1.19610058E+002
1.40000000 3.30000000 -1.17454446E+002
1.40000000 3.40000000 -1.15298834E+002
1.40000000 3.50000000 -1.13143222E+002
1.40000000 3.60000000 -1.11523324E+002
1.40000000 3.70000000 -1.09903426E+002
1.40000000 3.80000000 -1.08283528E+002
1.40000000 3.90000000 -1.06860423E+002
1.40000000 4.00000000 -1.05699708E+002
1.40000000 4.10000000 -1.04538994E+002
1.40000000 4.20000000 -1.03378280E+002
1.40000000 4.30000000 -1.02545554E+002
1.40000000 4.40000000 -1.01767493E+002
1.40000000 4.50000000 -1.00989431E+002
1.40000000 4.60000000 -1.00298834E+002
1.40000000 4.70000000 -9.98268950E+001
1.40000000 4.80000000 -9.93549563E+001
1.40000000 4.90000000 -9.88830175E+001
1.40000000 5.00000000 -9.85750729E+001
1.40000000 5.10000000 -9.83327259E+001
1.40000000 5.20000000 -9.80903790E+001
1.40000000 5.30000000 -9.78698980E+001
1.40000000 5.40000000 -9.77806122E+001
1.40000000 5.50000000 -9.76913265E+001
1.40000000 5.60000000 -9.76020408E+001
1.40000000 5.70000000 -9.75564869E+001
1.40000000 5.80000000 -9.75437318E+001
1.40000000 5.90000000 -9.75309767E+001
1.40000000 6.00000000 -9.75182216E+001
1.40000000 6.10000000 -9.75054665E+001
1.40000000 6.20000000 -9.74927114E+001
1.40000000 6.30000000 -9.74799563E+001
1.40000000 6.40000000 -9.74344023E+001
1.40000000 6.50000000 -9.73451166E+001
1.40000000 6.60000000 -9.72558309E+001
1.40000000 6.70000000 -9.71665452E+001
1.40000000 6.80000000 -9.69460641E+001
1.40000000 6.90000000 -9.67037172E+001
1.40000000 7.00000000 -9.64613703E+001
1.40000000 7.10000000 -9.61534257E+001
1.40000000 7.20000000 -9.56814869E+001
1.40000000 7.30000000 -9.52095481E+001
1.40000000 7.40000000 -9.47376093E+001
1.40000000 7.50000000 -9.40470117E+001
1.40000000 7.60000000 -9.32689504E+001
1.40000000 7.70000000 -9.24908892E+001
1.40000000 7.80000000 -9.16581633E+001
1.40000000 7.90000000 -9.04974490E+001
1.40000000 8.00000000 -8.93367347E+001
1.40000000 8.10000000 -8.81760204E+001
1.40000000 8.20000000 -8.67529155E+001
1.40000000 8.30000000 -8.51330175E+001
1.40000000 8.40000000 -8.35131195E+001
1.40000000 8.50000000 -8.18932216E+001
1.40000000 8.60000000 -7.97376093E+001
1.40000000 8.70000000 -7.75819971E+001
1.40000000 8.80000000 -7.54263848E+001
1.40000000 8.90000000 -7.30083819E+001
1.40000000 9.00000000 -7.02405248E+001
1.40000000 9.10000000 -6.74726676E+001
1.40000000 9.20000000 -6.47048105E+001
1.40000000 9.30000000 -6.13465743E+001
1.40000000 9.40000000 -5.78899417E+001
1.40000000 9.50000000 -5.44333090E+001
1.40000000 9.60000000 -5.07580175E+001
1.40000000 9.70000000 -4.65360787E+001
1.40000000 9.80000000 -4.23141399E+001
1.40000000 9.90000000 -3.80922012E+001
1.40000000 10.00000000 -3.32689504E+001
1.40000000 10.10000000 -2.82051749E+001
1.40000000 10.20000000 -2.31413994E+001
1.40000000 10.30000000 -1.79464286E+001
1.40000000 10.40000000 -1.19642857E+001
1.40000000 10.50000000 -5.98214286E+000
1.40000000 10.60000000 1.28341782E-013
1.40000000 10.70000000 6.55065598E+000
1.40000000 10.80000000 1.35276968E+001
1.40000000 10.90000000 2.05047376E+001
1.40000000 11.00000000 2.74817784E+001
1.50000000 1.00000000 -2.16536079E+002
1.50000000 1.10000000 -2.09559038E+002
1.50000000 1.20000000 -2.02581997E+002
1.50000000 1.30000000 -1.95604956E+002
1.50000000 1.40000000 -1.89054300E+002
1.50000000 1.50000000 -1.83072157E+002
1.50000000 1.60000000 -1.77090015E+002
1.50000000 1.70000000 -1.71107872E+002
1.50000000 1.80000000 -1.65912901E+002
1.50000000 1.90000000 -1.60849125E+002
1.50000000 2.00000000 -1.55785350E+002
1.50000000 2.10000000 -1.50962099E+002
1.50000000 2.20000000 -1.46740160E+002
1.50000000 2.30000000 -1.42518222E+002
1.50000000 2.40000000 -1.38296283E+002
1.50000000 2.50000000 -1.34620991E+002
1.50000000 2.60000000 -1.31164359E+002
1.50000000 2.70000000 -1.27707726E+002
1.50000000 2.80000000 -1.24349490E+002
1.50000000 2.90000000 -1.21581633E+002
1.50000000 3.00000000 -1.18813776E+002
1.50000000 3.10000000 -1.16045918E+002
1.50000000 3.20000000 -1.13627915E+002
1.50000000 3.30000000 -1.11472303E+002
1.50000000 3.40000000 -1.09316691E+002
1.50000000 3.50000000 -1.07161079E+002
1.50000000 3.60000000 -1.05541181E+002
1.50000000 3.70000000 -1.03921283E+002
1.50000000 3.80000000 -1.02301385E+002
1.50000000 3.90000000 -1.00878280E+002
1.50000000 4.00000000 -9.97175656E+001
1.50000000 4.10000000 -9.85568513E+001
1.50000000 4.20000000 -9.73961370E+001
1.50000000 4.30000000 -9.65634111E+001
1.50000000 4.40000000 -9.57853499E+001
1.50000000 4.50000000 -9.50072886E+001
1.50000000 4.60000000 -9.43166910E+001
1.50000000 4.70000000 -9.38447522E+001
1.50000000 4.80000000 -9.33728134E+001
1.50000000 4.90000000 -9.29008746E+001
1.50000000 5.00000000 -9.25929300E+001
1.50000000 5.10000000 -9.23505831E+001
1.50000000 5.20000000 -9.21082362E+001
1.50000000 5.30000000 -9.18877551E+001
1.50000000 5.40000000 -9.17984694E+001
1.50000000 5.50000000 -9.17091837E+001
1.50000000 5.60000000 -9.16198980E+001
1.50000000 5.70000000 -9.15743440E+001
1.50000000 5.80000000 -9.15615889E+001
1.50000000 5.90000000 -9.15488338E+001
1.50000000 6.00000000 -9.15360787E+001
1.50000000 6.10000000 -9.15233236E+001
1.50000000 6.20000000 -9.15105685E+001
1.50000000 6.30000000 -9.14978134E+001
1.50000000 6.40000000 -9.14522595E+001
1.50000000 6.50000000 -9.13629738E+001
1.50000000 6.60000000 -9.12736880E+001
1.50000000 6.70000000 -9.11844023E+001
1.50000000 6.80000000 -9.09639213E+001
1.50000000 6.90000000 -9.07215743E+001
1.50000000 7.00000000 -9.04792274E+001
1.50000000 7.10000000 -9.01712828E+001
1.50000000 7.20000000 -8.96993440E+001
1.50000000 7.30000000 -8.92274052E+001
1.50000000 7.40000000 -8.87554665E+001
1.50000000 7.50000000 -8.80648688E+001
1.50000000 7.60000000 -8.72868076E+001
1.50000000 7.70000000 -8.65087464E+001
1.50000000 7.80000000 -8.56760204E+001
1.50000000 7.90000000 -8.45153061E+001
1.50000000 8.00000000 -8.33545918E+001
1.50000000 8.10000000 -8.21938776E+001
1.50000000 8.20000000 -8.07707726E+001
1.50000000 8.30000000 -7.91508746E+001
1.50000000 8.40000000 -7.75309767E+001
1.50000000 8.50000000 -7.59110787E+001
1.50000000 8.60000000 -7.37554665E+001
1.50000000 8.70000000 -7.15998542E+001
1.50000000 8.80000000 -6.94442420E+001
1.50000000 8.90000000 -6.70262391E+001
1.50000000 9.00000000 -6.42583819E+001
1.50000000 9.10000000 -6.14905248E+001
1.50000000 9.20000000 -5.87226676E+001
1.50000000 9.30000000 -5.53644315E+001
1.50000000 9.40000000 -5.19077988E+001
1.50000000 9.50000000 -4.84511662E+001
1.50000000 9.60000000 -4.47758746E+001
1.50000000 9.70000000 -4.05539359E+001
1.50000000 9.80000000 -3.63319971E+001
1.50000000 9.90000000 -3.21100583E+001
1.50000000 10.00000000 -2.72868076E+001
1.50000000 10.10000000 -2.22230321E+001
1.50000000 10.20000000 -1.71592566E+001
1.50000000 10.30000000 -1.19642857E+001
1.50000000 10.40000000 -5.98214286E+000
1.50000000 10.50000000 5.15143483E-014
1.50000000 10.60000000 5.98214286E+000
1.50000000 10.70000000 1.25327988E+001
1.50000000 10.80000000 1.95098397E+001
1.50000000 10.90000000 2.64868805E+001
1.50000000 11.00000000 3.34639213E+001
1.60000000 1.00000000 -2.10553936E+002
1.60000000 1.10000000 -2.03576895E+002
1.60000000 1.20000000 -1.96599854E+002
1.60000000 1.30000000 -1.89622813E+002
1.60000000 1.40000000 -1.83072157E+002
1.60000000 1.50000000 -1.77090015E+002
1.60000000 1.60000000 -1.71107872E+002
1.60000000 1.70000000 -1.65125729E+002
1.60000000 1.80000000 -1.59930758E+002
1.60000000 1.90000000 -1.54866983E+002
1.60000000 2.00000000 -1.49803207E+002
1.60000000 2.10000000 -1.44979956E+002
1.60000000 2.20000000 -1.40758017E+002
1.60000000 2.30000000 -1.36536079E+002
1.60000000 2.40000000 -1.32314140E+002
1.60000000 2.50000000 -1.28638848E+002
1.60000000 2.60000000 -1.25182216E+002
1.60000000 2.70000000 -1.21725583E+002
1.60000000 2.80000000 -1.18367347E+002
1.60000000 2.90000000 -1.15599490E+002
1.60000000 3.00000000 -1.12831633E+002
1.60000000 3.10000000 -1.10063776E+002
1.60000000 3.20000000 -1.07645773E+002
1.60000000 3.30000000 -1.05490160E+002
1.60000000 3.40000000 -1.03334548E+002
1.60000000 3.50000000 -1.01178936E+002
1.60000000 3.60000000 -9.95590379E+001
1.60000000 3.70000000 -9.79391399E+001
1.60000000 3.80000000 -9.63192420E+001
1.60000000 3.90000000 -9.48961370E+001
1.60000000 4.00000000 -9.37354227E+001
1.60000000 4.10000000 -9.25747085E+001
1.60000000 4.20000000 -9.14139942E+001
1.60000000 4.30000000 -9.05812682E+001
1.60000000 4.40000000 -8.98032070E+001
1.60000000 4.50000000 -8.90251458E+001
1.60000000 4.60000000 -8.83345481E+001
1.60000000 4.70000000 -8.78626093E+001
1.60000000 4.80000000 -8.73906706E+001
1.60000000 4.90000000 -8.69187318E+001
1.60000000 5.00000000 -8.66107872E+001
1.60000000 5.10000000 -8.63684402E+001
1.60000000 5.20000000 -8.61260933E+001
1.60000000 5.30000000 -8.59056122E+001
1.60000000 5.40000000 -8.58163265E+001
1.60000000 5.50000000 -8.57270408E+001
1.60000000 5.60000000 -8.56377551E+001
1.60000000 5.70000000 -8.55922012E+001
1.60000000 5.80000000 -8.55794461E+001
1.60000000 5.90000000 -8.55666910E+001
1.60000000 6.00000000 -8.55539359E+001
1.60000000 6.10000000 -8.55411808E+001
1.60000000 6.20000000 -8.55284257E+001
1.60000000 6.30000000 -8.55156706E+001
1.60000000 6.40000000 -8.54701166E+001
1.60000000 6.50000000 -8.53808309E+001
1.60000000 6.60000000 -8.52915452E+001
1.60000000 6.70000000 -8.52022595E+001
1.60000000 6.80000000 -8.49817784E+001
1.60000000 6.90000000 -8.47394315E+001
1.60000000 7.00000000 -8.44970845E+001
1.60000000 7.10000000 -8.41891399E+001
1.60000000 7.20000000 -8.37172012E+001
1.60000000 7.30000000 -8.32452624E+001
1.60000000 7.40000000 -8.27733236E+001
1.60000000 7.50000000 -8.20827259E+001
1.60000000 7.60000000 -8.13046647E+001
1.60000000 7.70000000 -8.05266035E+001
1.60000000 7.80000000 -7.96938776E+001
1.60000000 7.90000000 -7.85331633E+001
1.60000000 8.00000000 -7.73724490E+001
1.60000000 8.10000000 -7.62117347E+001
1.60000000 8.20000000 -7.47886297E+001
1.60000000 8.30000000 -7.31687318E+001
1.60000000 8.40000000 -7.15488338E+001
1.60000000 8.50000000 -6.99289359E+001
1.60000000 8.60000000 -6.77733236E+001
1.60000000 8.70000000 -6.56177114E+001
1.60000000 8.80000000 -6.34620991E+001
1.60000000 8.90000000 -6.10440962E+001
1.60000000 9.00000000 -5.82762391E+001
1.60000000 9.10000000 -5.55083819E+001
1.60000000 9.20000000 -5.27405248E+001
1.60000000 9.30000000 -4.93822886E+001
1.60000000 9.40000000 -4.59256560E+001
1.60000000 9.50000000 -4.24690233E+001
1.60000000 9.60000000 -3.87937318E+001
1.60000000 9.70000000 -3.45717930E+001
1.60000000 9.80000000 -3.03498542E+001
1.60000000 9.90000000 -2.61279155E+001
1.60000000 10.00000000 -2.13046647E+001
1.60000000 10.10000000 -1.62408892E+001
1.60000000 10.20000000 -1.11771137E+001
1.60000000 10.30000000 -5.98214286E+000
1.60000000 10.40000000 1.46549439E-013
1.60000000 10.50000000 5.98214286E+000
1.60000000 10.60000000 1.19642857E+001
1.60000000 10.70000000 1.85149417E+001
1.60000000 10.80000000 2.54919825E+001
1.60000000 10.90000000 3.24690233E+001
1.60000000 11.00000000 3.94460641E+001
1.70000000 1.00000000 -2.04571793E+002
1.70000000 1.10000000 -1.97594752E+002
1.70000000 1.20000000 -1.90617711E+002
1.70000000 1.30000000 -1.83640671E+002
1.70000000 1.40000000 -1.77090015E+002
1.70000000 1.50000000 -1.71107872E+002
1.70000000 1.60000000 -1.65125729E+002
1.70000000 1.70000000 -1.59143586E+002
1.70000000 1.80000000 -1.53948615E+002
1.70000000 1.90000000 -1.48884840E+002
1.70000000 2.00000000 -1.43821064E+002
1.70000000 2.10000000 -1.38997813E+002
1.70000000 2.20000000 -1.34775875E+002
1.70000000 2.30000000 -1.30553936E+002
1.70000000 2.40000000 -1.26331997E+002
1.70000000 2.50000000 -1.22656706E+002
1.70000000 2.60000000 -1.19200073E+002
1.70000000 2.70000000 -1.15743440E+002
1.70000000 2.80000000 -1.12385204E+002
1.70000000 2.90000000 -1.09617347E+002
1.70000000 3.00000000 -1.06849490E+002
1.70000000 3.10000000 -1.04081633E+002
1.70000000 3.20000000 -1.01663630E+002
1.70000000 3.30000000 -9.95080175E+001
1.70000000 3.40000000 -9.73524052E+001
1.70000000 3.50000000 -9.51967930E+001
1.70000000 3.60000000 -9.35768950E+001
1.70000000 3.70000000 -9.19569971E+001
1.70000000 3.80000000 -9.03370991E+001
1.70000000 3.90000000 -8.89139942E+001
1.70000000 4.00000000 -8.77532799E+001
1.70000000 4.10000000 -8.65925656E+001
1.70000000 4.20000000 -8.54318513E+001
1.70000000 4.30000000 -8.45991254E+001
1.70000000 4.40000000 -8.38210641E+001
1.70000000 4.50000000 -8.30430029E+001
1.70000000 4.60000000 -8.23524052E+001
1.70000000 4.70000000 -8.18804665E+001
1.70000000 4.80000000 -8.14085277E+001
1.70000000 4.90000000 -8.09365889E+001
1.70000000 5.00000000 -8.06286443E+001
1.70000000 5.10000000 -8.03862974E+001
1.70000000 5.20000000 -8.01439504E+001
1.70000000 5.30000000 -7.99234694E+001
1.70000000 5.40000000 -7.98341837E+001
1.70000000 5.50000000 -7.97448980E+001
1.70000000 5.60000000 -7.96556122E+001
1.70000000 5.70000000 -7.96100583E+001
1.70000000 5.80000000 -7.95973032E+001
1.70000000 5.90000000 -7.95845481E+001
1.70000000 6.00000000 -7.95717930E+001
1.70000000 6.10000000 -7.95590379E+001
1.70000000 6.20000000 -7.95462828E+001
1.70000000 6.30000000 -7.95335277E+001
1.70000000 6.40000000 -7.94879738E+001
1.70000000 6.50000000 -7.93986880E+001
1.70000000 6.60000000 -7.93094023E+001
1.70000000 6.70000000 -7.92201166E+001
1.70000000 6.80000000 -7.89996356E+001
1.70000000 6.90000000 -7.87572886E+001
1.70000000 7.00000000 -7.85149417E+001
1.70000000 7.10000000 -7.82069971E+001
1.70000000 7.20000000 -7.77350583E+001
1.70000000 7.30000000 -7.72631195E+001
1.70000000 7.40000000 -7.67911808E+001
1.70000000 7.50000000 -7.61005831E+001
1.70000000 7.60000000 -7.53225219E+001
1.70000000 7.70000000 -7.45444606E+001
1.70000000 7.80000000 -7.37117347E+001
1.70000000 7.90000000 -7.25510204E+001
1.70000000 8.00000000 -7.13903061E+001
1.70000000 8.10000000 -7.02295918E+001
1.70000000 8.20000000 -6.88064869E+001
1.70000000 8.30000000 -6.71865889E+001
1.70000000 8.40000000 -6.55666910E+001
1.70000000 8.50000000 -6.39467930E+001
1.70000000 8.60000000 -6.17911808E+001
1.70000000 8.70000000 -5.96355685E+001
1.70000000 8.80000000 -5.74799563E+001
1.70000000 8.90000000 -5.50619534E+001
1.70000000 9.00000000 -5.22940962E+001
1.70000000 9.10000000 -4.95262391E+001
1.70000000 9.20000000 -4.67583819E+001
1.70000000 9.30000000 -4.34001458E+001
1.70000000 9.40000000 -3.99435131E+001
1.70000000 9.50000000 -3.64868805E+001
1.70000000 9.60000000 -3.28115889E+001
1.70000000 9.70000000 -2.85896501E+001
1.70000000 9.80000000 -2.43677114E+001
1.70000000 9.90000000 -2.01457726E+001
1.70000000 10.00000000 -1.53225219E+001
1.70000000 10.10000000 -1.02587464E+001
1.70000000 10.20000000 -5.19497085E+000
1.70000000 10.30000000 -1.41886503E-013
1.70000000 10.40000000 5.98214286E+000
1.70000000 10.50000000 1.19642857E+001
1.70000000 10.60000000 1.79464286E+001
1.70000000 10.70000000 2.44970845E+001
1.70000000 10.80000000 3.14741254E+001
1.70000000 10.90000000 3.84511662E+001
1.70000000 11.00000000 4.54282070E+001
1.80000000 1.00000000 -1.99376822E+002
1.80000000 1.10000000 -1.92399781E+002
1.80000000 1.20000000 -1.85422741E+002
1.80000000 1.30000000 -1.78445700E+002
1.80000000 1.40000000 -1.71895044E+002
1.80000000 1.50000000 -1.65912901E+002
1.80000000 1.60000000 -1.59930758E+002
1.80000000 1.70000000 -1.53948615E+002
1.80000000 1.80000000 -1.48753644E+002
1.80000000 1.90000000 -1.43689869E+002
1.80000000 2.00000000 -1.38626093E+002
1.80000000 2.10000000 -1.33802843E+002
1.80000000 2.20000000 -1.29580904E+002
1.80000000 2.30000000 -1.25358965E+002
1.80000000 2.40000000 -1.21137026E+002
1.80000000 2.50000000 -1.17461735E+002
1.80000000 2.60000000 -1.14005102E+002
1.80000000 2.70000000 -1.10548469E+002
1.80000000 2.80000000 -1.07190233E+002
1.80000000 2.90000000 -1.04422376E+002
1.80000000 3.00000000 -1.01654519E+002
1.80000000 3.10000000 -9.88866618E+001
1.80000000 3.20000000 -9.64686589E+001
1.80000000 3.30000000 -9.43130466E+001
1.80000000 3.40000000 -9.21574344E+001
1.80000000 3.50000000 -9.00018222E+001
1.80000000 3.60000000 -8.83819242E+001
1.80000000 3.70000000 -8.67620262E+001
1.80000000 3.80000000 -8.51421283E+001
1.80000000 3.90000000 -8.37190233E+001
1.80000000 4.00000000 -8.25583090E+001
1.80000000 4.10000000 -8.13975948E+001
1.80000000 4.20000000 -8.02368805E+001
1.80000000 4.30000000 -7.94041545E+001
1.80000000 4.40000000 -7.86260933E+001
1.80000000 4.50000000 -7.78480321E+001
1.80000000 4.60000000 -7.71574344E+001
1.80000000 4.70000000 -7.66854956E+001
1.80000000 4.80000000 -7.62135569E+001
1.80000000 4.90000000 -7.57416181E+001
1.80000000 5.00000000 -7.54336735E+001
1.80000000 5.10000000 -7.51913265E+001
1.80000000 5.20000000 -7.49489796E+001
1.80000000 5.30000000 -7.47284985E+001
1.80000000 5.40000000 -7.46392128E+001
1.80000000 5.50000000 -7.45499271E+001
1.80000000 5.60000000 -7.44606414E+001
1.80000000 5.70000000 -7.44150875E+001
1.80000000 5.80000000 -7.44023324E+001
1.80000000 5.90000000 -7.43895773E+001
1.80000000 6.00000000 -7.43768222E+001
1.80000000 6.10000000 -7.43640671E+001
1.80000000 6.20000000 -7.43513120E+001
1.80000000 6.30000000 -7.43385569E+001
1.80000000 6.40000000 -7.42930029E+001
1.80000000 6.50000000 -7.42037172E+001
1.80000000 6.60000000 -7.41144315E+001
1.80000000 6.70000000 -7.40251458E+001
1.80000000 6.80000000 -7.38046647E+001
1.80000000 6.90000000 -7.35623178E+001
1.80000000 7.00000000 -7.33199708E+001
1.80000000 7.10000000 -7.30120262E+001
1.80000000 7.20000000 -7.25400875E+001
1.80000000 7.30000000 -7.20681487E+001
1.80000000 7.40000000 -7.15962099E+001
1.80000000 7.50000000 -7.09056122E+001
1.80000000 7.60000000 -7.01275510E+001
1.80000000 7.70000000 -6.93494898E+001
1.80000000 7.80000000 -6.85167638E+001
1.80000000 7.90000000 -6.73560496E+001
1.80000000 8.00000000 -6.61953353E+001
1.80000000 8.10000000 -6.50346210E+001
1.80000000 8.20000000 -6.36115160E+001
1.80000000 8.30000000 -6.19916181E+001
1.80000000 8.40000000 -6.03717201E+001
1.80000000 8.50000000 -5.87518222E+001
1.80000000 8.60000000 -5.65962099E+001
1.80000000 8.70000000 -5.44405977E+001
1.80000000 8.80000000 -5.22849854E+001
1.80000000 8.90000000 -4.98669825E+001
1.80000000 9.00000000 -4.70991254E+001
1.80000000 9.10000000 -4.43312682E+001
1.80000000 9.20000000 -4.15634111E+001
1.80000000 9.30000000 -3.82051749E+001
1.80000000 9.40000000 -3.47485423E+001
1.80000000 9.50000000 -3.12919096E+001
1.80000000 9.60000000 -2.76166181E+001
1.80000000 9.70000000 -2.33946793E+001
1.80000000 9.80000000 -1.91727405E+001
1.80000000 9.90000000 -1.49508017E+001
1.80000000 10.00000000 -1.01275510E+001
1.80000000 10.10000000 -5.06377551E+000
1.80000000 10.20000000 -2.44249065E-014
1.80000000 10.30000000 5.19497085E+000
1.80000000 10.40000000 1.11771137E+001
1.80000000 10.50000000 1.71592566E+001
1.80000000 10.60000000 2.31413994E+001
1.80000000 10.70000000 2.96920554E+001
1.80000000 10.80000000 3.66690962E+001
1.80000000 10.90000000 4.36461370E+001
1.80000000 11.00000000 5.06231778E+001
1.90000000 1.00000000 -1.94313047E+002
1.90000000 1.10000000 -1.87336006E+002
1.90000000 1.20000000 -1.80358965E+002
1.90000000 1.30000000 -1.73381924E+002
1.90000000 1.40000000 -1.66831268E+002
1.90000000 1.50000000 -1.60849125E+002
1.90000000 1.60000000 -1.54866983E+002
1.90000000 1.70000000 -1.48884840E+002
1.90000000 1.80000000 -1.43689869E+002
1.90000000 1.90000000 -1.38626093E+002
1.90000000 2.00000000 -1.33562318E+002
1.90000000 2.10000000 -1.28739067E+002
1.90000000 2.20000000 -1.24517128E+002
1.90000000 2.30000000 -1.20295190E+002
1.90000000 2.40000000 -1.16073251E+002
1.90000000 2.50000000 -1.12397959E+002
1.90000000 2.60000000 -1.08941327E+002
1.90000000 2.70000000 -1.05484694E+002
1.90000000 2.80000000 -1.02126458E+002
1.90000000 2.90000000 -9.93586006E+001
1.90000000 3.00000000 -9.65907434E+001
1.90000000 3.10000000 -9.38228863E+001
1.90000000 3.20000000 -9.14048834E+001
1.90000000 3.30000000 -8.92492711E+001
1.90000000 3.40000000 -8.70936589E+001
1.90000000 3.50000000 -8.49380466E+001
1.90000000 3.60000000 -8.33181487E+001
1.90000000 3.70000000 -8.16982507E+001
1.90000000 3.80000000 -8.00783528E+001
1.90000000 3.90000000 -7.86552478E+001
1.90000000 4.00000000 -7.74945335E+001
1.90000000 4.10000000 -7.63338192E+001
1.90000000 4.20000000 -7.51731050E+001
1.90000000 4.30000000 -7.43403790E+001
1.90000000 4.40000000 -7.35623178E+001
1.90000000 4.50000000 -7.27842566E+001
1.90000000 4.60000000 -7.20936589E+001
1.90000000 4.70000000 -7.16217201E+001
1.90000000 4.80000000 -7.11497813E+001
1.90000000 4.90000000 -7.06778426E+001
1.90000000 5.00000000 -7.03698980E+001
1.90000000 5.10000000 -7.01275510E+001
1.90000000 5.20000000 -6.98852041E+001
1.90000000 5.30000000 -6.96647230E+001
1.90000000 5.40000000 -6.95754373E+001
1.90000000 5.50000000 -6.94861516E+001
1.90000000 5.60000000 -6.93968659E+001
1.90000000 5.70000000 -6.93513120E+001
1.90000000 5.80000000 -6.93385569E+001
1.90000000 5.90000000 -6.93258017E+001
1.90000000 6.00000000 -6.93130466E+001
1.90000000 6.10000000 -6.93002915E+001
1.90000000 6.20000000 -6.92875364E+001
1.90000000 6.30000000 -6.92747813E+001
1.90000000 6.40000000 -6.92292274E+001
1.90000000 6.50000000 -6.91399417E+001
1.90000000 6.60000000 -6.90506560E+001
1.90000000 6.70000000 -6.89613703E+001
1.90000000 6.80000000 -6.87408892E+001
1.90000000 6.90000000 -6.84985423E+001
1.90000000 7.00000000 -6.82561953E+001
1.90000000 7.10000000 -6.79482507E+001
1.90000000 7.20000000 -6.74763120E+001
1.90000000 7.30000000 -6.70043732E+001
1.90000000 7.40000000 -6.65324344E+001
1.90000000 7.50000000 -6.58418367E+001
1.90000000 7.60000000 -6.50637755E+001
1.90000000 7.70000000 -6.42857143E+001
1.90000000 7.80000000 -6.34529883E+001
1.90000000 7.90000000 -6.22922741E+001
1.90000000 8.00000000 -6.11315598E+001
1.90000000 8.10000000 -5.99708455E+001
1.90000000 8.20000000 -5.85477405E+001
1.90000000 8.30000000 -5.69278426E+001
1.90000000 8.40000000 -5.53079446E+001
1.90000000 8.50000000 -5.36880466E+001
1.90000000 8.60000000 -5.15324344E+001
1.90000000 8.70000000 -4.93768222E+001
1.90000000 8.80000000 -4.72212099E+001
1.90000000 8.90000000 -4.48032070E+001
1.90000000 9.00000000 -4.20353499E+001
1.90000000 9.10000000 -3.92674927E+001
1.90000000 9.20000000 -3.64996356E+001
1.90000000 9.30000000 -3.31413994E+001
1.90000000 9.40000000 -2.96847668E+001
1.90000000 9.50000000 -2.62281341E+001
1.90000000 9.60000000 -2.25528426E+001
1.90000000 9.70000000 -1.83309038E+001
1.90000000 9.80000000 -1.41089650E+001
1.90000000 9.90000000 -9.88702624E+000
1.90000000 10.00000000 -5.06377551E+000
1.90000000 10.10000000 1.11022302E-013
1.90000000 10.20000000 5.06377551E+000
1.90000000 10.30000000 1.02587464E+001
1.90000000 10.40000000 1.62408892E+001
1.90000000 10.50000000 2.22230321E+001
1.90000000 10.60000000 2.82051749E+001
1.90000000 10.70000000 3.47558309E+001
1.90000000 10.80000000 4.17328717E+001
1.90000000 10.90000000 4.87099125E+001
1.90000000 11.00000000 5.56869534E+001
2.00000000 1.00000000 -1.89249271E+002
2.00000000 1.10000000 -1.82272230E+002
2.00000000 1.20000000 -1.75295190E+002
2.00000000 1.30000000 -1.68318149E+002
2.00000000 1.40000000 -1.61767493E+002
2.00000000 1.50000000 -1.55785350E+002
2.00000000 1.60000000 -1.49803207E+002
2.00000000 1.70000000 -1.43821064E+002
2.00000000 1.80000000 -1.38626093E+002
2.00000000 1.90000000 -1.33562318E+002
2.00000000 2.00000000 -1.28498542E+002
2.00000000 2.10000000 -1.23675292E+002
2.00000000 2.20000000 -1.19453353E+002
2.00000000 2.30000000 -1.15231414E+002
2.00000000 2.40000000 -1.11009475E+002
2.00000000 2.50000000 -1.07334184E+002
2.00000000 2.60000000 -1.03877551E+002
2.00000000 2.70000000 -1.00420918E+002
2.00000000 2.80000000 -9.70626822E+001
2.00000000 2.90000000 -9.42948251E+001
2.00000000 3.00000000 -9.15269679E+001
2.00000000 3.10000000 -8.87591108E+001
2.00000000 3.20000000 -8.63411079E+001
2.00000000 3.30000000 -8.41854956E+001
2.00000000 3.40000000 -8.20298834E+001
2.00000000 3.50000000 -7.98742711E+001
2.00000000 3.60000000 -7.82543732E+001
2.00000000 3.70000000 -7.66344752E+001
2.00000000 3.80000000 -7.50145773E+001
2.00000000 3.90000000 -7.35914723E+001
2.00000000 4.00000000 -7.24307580E+001
2.00000000 4.10000000 -7.12700437E+001
2.00000000 4.20000000 -7.01093294E+001
2.00000000 4.30000000 -6.92766035E+001
2.00000000 4.40000000 -6.84985423E+001
2.00000000 4.50000000 -6.77204810E+001
2.00000000 4.60000000 -6.70298834E+001
2.00000000 4.70000000 -6.65579446E+001
2.00000000 4.80000000 -6.60860058E+001
2.00000000 4.90000000 -6.56140671E+001
2.00000000 5.00000000 -6.53061224E+001
2.00000000 5.10000000 -6.50637755E+001
2.00000000 5.20000000 -6.48214286E+001
2.00000000 5.30000000 -6.46009475E+001
2.00000000 5.40000000 -6.45116618E+001
2.00000000 5.50000000 -6.44223761E+001
2.00000000 5.60000000 -6.43330904E+001
2.00000000 5.70000000 -6.42875364E+001
2.00000000 5.80000000 -6.42747813E+001
2.00000000 5.90000000 -6.42620262E+001
2.00000000 6.00000000 -6.42492711E+001
2.00000000 6.10000000 -6.42365160E+001
2.00000000 6.20000000 -6.42237609E+001
2.00000000 6.30000000 -6.42110058E+001
2.00000000 6.40000000 -6.41654519E+001
2.00000000 6.50000000 -6.40761662E+001
2.00000000 6.60000000 -6.39868805E+001
2.00000000 6.70000000 -6.38975948E+001
2.00000000 6.80000000 -6.36771137E+001
2.00000000 6.90000000 -6.34347668E+001
2.00000000 7.00000000 -6.31924198E+001
2.00000000 7.10000000 -6.28844752E+001
2.00000000 7.20000000 -6.24125364E+001
2.00000000 7.30000000 -6.19405977E+001
2.00000000 7.40000000 -6.14686589E+001
2.00000000 7.50000000 -6.07780612E+001
2.00000000 7.60000000 -6.00000000E+001
2.00000000 7.70000000 -5.92219388E+001
2.00000000 7.80000000 -5.83892128E+001
2.00000000 7.90000000 -5.72284985E+001
2.00000000 8.00000000 -5.60677843E+001
2.00000000 8.10000000 -5.49070700E+001
2.00000000 8.20000000 -5.34839650E+001
2.00000000 8.30000000 -5.18640671E+001
2.00000000 8.40000000 -5.02441691E+001
2.00000000 8.50000000 -4.86242711E+001
2.00000000 8.60000000 -4.64686589E+001
2.00000000 8.70000000 -4.43130466E+001
2.00000000 8.80000000 -4.21574344E+001
2.00000000 8.90000000 -3.97394315E+001
2.00000000 9.00000000 -3.69715743E+001
2.00000000 9.10000000 -3.42037172E+001
2.00000000 9.20000000 -3.14358601E+001
2.00000000 9.30000000 -2.80776239E+001
2.00000000 9.40000000 -2.46209913E+001
2.00000000 9.50000000 -2.11643586E+001
2.00000000 9.60000000 -1.74890671E+001
2.00000000 9.70000000 -1.32671283E+001
2.00000000 9.80000000 -9.04518950E+000
2.00000000 9.90000000 -4.82325073E+000
2.00000000 10.00000000 3.37507799E-013
2.00000000 10.10000000 5.06377551E+000
2.00000000 10.20000000 1.01275510E+001
2.00000000 10.30000000 1.53225219E+001
2.00000000 10.40000000 2.13046647E+001
2.00000000 10.50000000 2.72868076E+001
2.00000000 10.60000000 3.32689504E+001
2.00000000 10.70000000 3.98196064E+001
2.00000000 10.80000000 4.67966472E+001
2.00000000 10.90000000 5.37736880E+001
2.00000000 11.00000000 6.07507289E+001
2.10000000 1.00000000 -1.84426020E+002
2.10000000 1.10000000 -1.77448980E+002
2.10000000 1.20000000 -1.70471939E+002
2.10000000 1.30000000 -1.63494898E+002
2.10000000 1.40000000 -1.56944242E+002
2.10000000 1.50000000 -1.50962099E+002
2.10000000 1.60000000 -1.44979956E+002
2.10000000 1.70000000 -1.38997813E+002
2.10000000 1.80000000 -1.33802843E+002
2.10000000 1.90000000 -1.28739067E+002
2.10000000 2.00000000 -1.23675292E+002
2.10000000 2.10000000 -1.18852041E+002
2.10000000 2.20000000 -1.14630102E+002
2.10000000 2.30000000 -1.10408163E+002
2.10000000 2.40000000 -1.06186224E+002
2.10000000 2.50000000 -1.02510933E+002
2.10000000 2.60000000 -9.90543003E+001
2.10000000 2.70000000 -9.55976676E+001
2.10000000 2.80000000 -9.22394315E+001
2.10000000 2.90000000 -8.94715743E+001
2.10000000 3.00000000 -8.67037172E+001
2.10000000 3.10000000 -8.39358601E+001
2.10000000 3.20000000 -8.15178571E+001
2.10000000 3.30000000 -7.93622449E+001
2.10000000 3.40000000 -7.72066327E+001
2.10000000 3.50000000 -7.50510204E+001
2.10000000 3.60000000 -7.34311224E+001
2.10000000 3.70000000 -7.18112245E+001
2.10000000 3.80000000 -7.01913265E+001
2.10000000 3.90000000 -6.87682216E+001
2.10000000 4.00000000 -6.76075073E+001
2.10000000 4.10000000 -6.64467930E+001
2.10000000 4.20000000 -6.52860787E+001
2.10000000 4.30000000 -6.44533528E+001
2.10000000 4.40000000 -6.36752915E+001
2.10000000 4.50000000 -6.28972303E+001
2.10000000 4.60000000 -6.22066327E+001
2.10000000 4.70000000 -6.17346939E+001
2.10000000 4.80000000 -6.12627551E+001
2.10000000 4.90000000 -6.07908163E+001
2.10000000 5.00000000 -6.04828717E+001
2.10000000 5.10000000 -6.02405248E+001
2.10000000 5.20000000 -5.99981778E+001
2.10000000 5.30000000 -5.97776968E+001
2.10000000 5.40000000 -5.96884111E+001
2.10000000 5.50000000 -5.95991254E+001
2.10000000 5.60000000 -5.95098397E+001
2.10000000 5.70000000 -5.94642857E+001
2.10000000 5.80000000 -5.94515306E+001
2.10000000 5.90000000 -5.94387755E+001
2.10000000 6.00000000 -5.94260204E+001
2.10000000 6.10000000 -5.94132653E+001
2.10000000 6.20000000 -5.94005102E+001
2.10000000 6.30000000 -5.93877551E+001
2.10000000 6.40000000 -5.93422012E+001
2.10000000 6.50000000 -5.92529155E+001
2.10000000 6.60000000 -5.91636297E+001
2.10000000 6.70000000 -5.90743440E+001
2.10000000 6.80000000 -5.88538630E+001
2.10000000 6.90000000 -5.86115160E+001
2.10000000 7.00000000 -5.83691691E+001
2.10000000 7.10000000 -5.80612245E+001
2.10000000 7.20000000 -5.75892857E+001
2.10000000 7.30000000 -5.71173469E+001
2.10000000 7.40000000 -5.66454082E+001
2.10000000 7.50000000 -5.59548105E+001
2.10000000 7.60000000 -5.51767493E+001
2.10000000 7.70000000 -5.43986880E+001
2.10000000 7.80000000 -5.35659621E+001
2.10000000 7.90000000 -5.24052478E+001
2.10000000 8.00000000 -5.12445335E+001
2.10000000 8.10000000 -5.00838192E+001
2.10000000 8.20000000 -4.86607143E+001
2.10000000 8.30000000 -4.70408163E+001
2.10000000 8.40000000 -4.54209184E+001
2.10000000 8.50000000 -4.38010204E+001
2.10000000 8.60000000 -4.16454082E+001
2.10000000 8.70000000 -3.94897959E+001
2.10000000 8.80000000 -3.73341837E+001
2.10000000 8.90000000 -3.49161808E+001
2.10000000 9.00000000 -3.21483236E+001
2.10000000 9.10000000 -2.93804665E+001
2.10000000 9.20000000 -2.66126093E+001
2.10000000 9.30000000 -2.32543732E+001
2.10000000 9.40000000 -1.97977405E+001
2.10000000 9.50000000 -1.63411079E+001
2.10000000 9.60000000 -1.26658163E+001
2.10000000 9.70000000 -8.44387755E+000
2.10000000 9.80000000 -4.22193878E+000
2.10000000 9.90000000 5.59552404E-014
2.10000000 10.00000000 4.82325073E+000
2.10000000 10.10000000 9.88702624E+000
2.10000000 10.20000000 1.49508017E+001
2.10000000 10.30000000 2.01457726E+001
2.10000000 10.40000000 2.61279155E+001
2.10000000 10.50000000 3.21100583E+001
2.10000000 10.60000000 3.80922012E+001
2.10000000 10.70000000 4.46428571E+001
2.10000000 10.80000000 5.16198980E+001
2.10000000 10.90000000 5.85969388E+001
2.10000000 11.00000000 6.55739796E+001
2.20000000 1.00000000 -1.80204082E+002
2.20000000 1.10000000 -1.73227041E+002
2.20000000 1.20000000 -1.66250000E+002
2.20000000 1.30000000 -1.59272959E+002
2.20000000 1.40000000 -1.52722303E+002
2.20000000 1.50000000 -1.46740160E+002
2.20000000 1.60000000 -1.40758017E+002
2.20000000 1.70000000 -1.34775875E+002
2.20000000 1.80000000 -1.29580904E+002
2.20000000 1.90000000 -1.24517128E+002
2.20000000 2.00000000 -1.19453353E+002
2.20000000 2.10000000 -1.14630102E+002
2.20000000 2.20000000 -1.10408163E+002
2.20000000 2.30000000 -1.06186224E+002
2.20000000 2.40000000 -1.01964286E+002
2.20000000 2.50000000 -9.82889942E+001
2.20000000 2.60000000 -9.48323615E+001
2.20000000 2.70000000 -9.13757289E+001
2.20000000 2.80000000 -8.80174927E+001
2.20000000 2.90000000 -8.52496356E+001
2.20000000 3.00000000 -8.24817784E+001
2.20000000 3.10000000 -7.97139213E+001
2.20000000 3.20000000 -7.72959184E+001
2.20000000 3.30000000 -7.51403061E+001
2.20000000 3.40000000 -7.29846939E+001
2.20000000 3.50000000 -7.08290816E+001
2.20000000 3.60000000 -6.92091837E+001
2.20000000 3.70000000 -6.75892857E+001
2.20000000 3.80000000 -6.59693878E+001
2.20000000 3.90000000 -6.45462828E+001
2.20000000 4.00000000 -6.33855685E+001
2.20000000 4.10000000 -6.22248542E+001
2.20000000 4.20000000 -6.10641399E+001
2.20000000 4.30000000 -6.02314140E+001
2.20000000 4.40000000 -5.94533528E+001
2.20000000 4.50000000 -5.86752915E+001
2.20000000 4.60000000 -5.79846939E+001
2.20000000 4.70000000 -5.75127551E+001
2.20000000 4.80000000 -5.70408163E+001
2.20000000 4.90000000 -5.65688776E+001
2.20000000 5.00000000 -5.62609329E+001
2.20000000 5.10000000 -5.60185860E+001
2.20000000 5.20000000 -5.57762391E+001
2.20000000 5.30000000 -5.55557580E+001
2.20000000 5.40000000 -5.54664723E+001
2.20000000 5.50000000 -5.53771866E+001
2.20000000 5.60000000 -5.52879009E+001
2.20000000 5.70000000 -5.52423469E+001
2.20000000 5.80000000 -5.52295918E+001
2.20000000 5.90000000 -5.52168367E+001
2.20000000 6.00000000 -5.52040816E+001
2.20000000 6.10000000 -5.51913265E+001
2.20000000 6.20000000 -5.51785714E+001
2.20000000 6.30000000 -5.51658163E+001
2.20000000 6.40000000 -5.51202624E+001
2.20000000 6.50000000 -5.50309767E+001
2.20000000 6.60000000 -5.49416910E+001
2.20000000 6.70000000 -5.48524052E+001
2.20000000 6.80000000 -5.46319242E+001
2.20000000 6.90000000 -5.43895773E+001
2.20000000 7.00000000 -5.41472303E+001
2.20000000 7.10000000 -5.38392857E+001
2.20000000 7.20000000 -5.33673469E+001
2.20000000 7.30000000 -5.28954082E+001
2.20000000 7.40000000 -5.24234694E+001
2.20000000 7.50000000 -5.17328717E+001
2.20000000 7.60000000 -5.09548105E+001
2.20000000 7.70000000 -5.01767493E+001
2.20000000 7.80000000 -4.93440233E+001
2.20000000 7.90000000 -4.81833090E+001
2.20000000 8.00000000 -4.70225948E+001
2.20000000 8.10000000 -4.58618805E+001
2.20000000 8.20000000 -4.44387755E+001
2.20000000 8.30000000 -4.28188776E+001
2.20000000 8.40000000 -4.11989796E+001
2.20000000 8.50000000 -3.95790816E+001
2.20000000 8.60000000 -3.74234694E+001
2.20000000 8.70000000 -3.52678571E+001
2.20000000 8.80000000 -3.31122449E+001
2.20000000 8.90000000 -3.06942420E+001
2.20000000 9.00000000 -2.79263848E+001
2.20000000 9.10000000 -2.51585277E+001
2.20000000 9.20000000 -2.23906706E+001
2.20000000 9.30000000 -1.90324344E+001
2.20000000 9.40000000 -1.55758017E+001
2.20000000 9.50000000 -1.21191691E+001
2.20000000 9.60000000 -8.44387755E+000
2.20000000 9.70000000 -4.22193878E+000
2.20000000 9.80000000 1.50546242E-013
2.20000000 9.90000000 4.22193878E+000
2.20000000 10.00000000 9.04518950E+000
2.20000000 10.10000000 1.41089650E+001
2.20000000 10.20000000 1.91727405E+001
2.20000000 10.30000000 2.43677114E+001
2.20000000 10.40000000 3.03498542E+001
2.20000000 10.50000000 3.63319971E+001
2.20000000 10.60000000 4.23141399E+001
2.20000000 10.70000000 4.88647959E+001
2.20000000 10.80000000 5.58418367E+001
2.20000000 10.90000000 6.28188776E+001
2.20000000 11.00000000 6.97959184E+001
2.30000000 1.00000000 -1.75982143E+002
2.30000000 1.10000000 -1.69005102E+002
2.30000000 1.20000000 -1.62028061E+002
2.30000000 1.30000000 -1.55051020E+002
2.30000000 1.40000000 -1.48500364E+002
2.30000000 1.50000000 -1.42518222E+002
2.30000000 1.60000000 -1.36536079E+002
2.30000000 1.70000000 -1.30553936E+002
2.30000000 1.80000000 -1.25358965E+002
2.30000000 1.90000000 -1.20295190E+002
2.30000000 2.00000000 -1.15231414E+002
2.30000000 2.10000000 -1.10408163E+002
2.30000000 2.20000000 -1.06186224E+002
2.30000000 2.30000000 -1.01964286E+002
2.30000000 2.40000000 -9.77423469E+001
2.30000000 2.50000000 -9.40670554E+001
2.30000000 2.60000000 -9.06104227E+001
2.30000000 2.70000000 -8.71537901E+001
2.30000000 2.80000000 -8.37955539E+001
2.30000000 2.90000000 -8.10276968E+001
2.30000000 3.00000000 -7.82598397E+001
2.30000000 3.10000000 -7.54919825E+001
2.30000000 3.20000000 -7.30739796E+001
2.30000000 3.30000000 -7.09183673E+001
2.30000000 3.40000000 -6.87627551E+001
2.30000000 3.50000000 -6.66071429E+001
2.30000000 3.60000000 -6.49872449E+001
2.30000000 3.70000000 -6.33673469E+001
2.30000000 3.80000000 -6.17474490E+001
2.30000000 3.90000000 -6.03243440E+001
2.30000000 4.00000000 -5.91636297E+001
2.30000000 4.10000000 -5.80029155E+001
2.30000000 4.20000000 -5.68422012E+001
2.30000000 4.30000000 -5.60094752E+001
2.30000000 4.40000000 -5.52314140E+001
2.30000000 4.50000000 -5.44533528E+001
2.30000000 4.60000000 -5.37627551E+001
2.30000000 4.70000000 -5.32908163E+001
2.30000000 4.80000000 -5.28188776E+001
2.30000000 4.90000000 -5.23469388E+001
2.30000000 5.00000000 -5.20389942E+001
2.30000000 5.10000000 -5.17966472E+001
2.30000000 5.20000000 -5.15543003E+001
2.30000000 5.30000000 -5.13338192E+001
2.30000000 5.40000000 -5.12445335E+001
2.30000000 5.50000000 -5.11552478E+001
2.30000000 5.60000000 -5.10659621E+001
2.30000000 5.70000000 -5.10204082E+001
2.30000000 5.80000000 -5.10076531E+001
2.30000000 5.90000000 -5.09948980E+001
2.30000000 6.00000000 -5.09821429E+001
2.30000000 6.10000000 -5.09693878E+001
2.30000000 6.20000000 -5.09566327E+001
2.30000000 6.30000000 -5.09438776E+001
2.30000000 6.40000000 -5.08983236E+001
2.30000000 6.50000000 -5.08090379E+001
2.30000000 6.60000000 -5.07197522E+001
2.30000000 6.70000000 -5.06304665E+001
2.30000000 6.80000000 -5.04099854E+001
2.30000000 6.90000000 -5.01676385E+001
2.30000000 7.00000000 -4.99252915E+001
2.30000000 7.10000000 -4.96173469E+001
2.30000000 7.20000000 -4.91454082E+001
2.30000000 7.30000000 -4.86734694E+001
2.30000000 7.40000000 -4.82015306E+001
2.30000000 7.50000000 -4.75109329E+001
2.30000000 7.60000000 -4.67328717E+001
2.30000000 7.70000000 -4.59548105E+001
2.30000000 7.80000000 -4.51220845E+001
2.30000000 7.90000000 -4.39613703E+001
2.30000000 8.00000000 -4.28006560E+001
2.30000000 8.10000000 -4.16399417E+001
2.30000000 8.20000000 -4.02168367E+001
2.30000000 8.30000000 -3.85969388E+001
2.30000000 8.40000000 -3.69770408E+001
2.30000000 8.50000000 -3.53571429E+001
2.30000000 8.60000000 -3.32015306E+001
2.30000000 8.70000000 -3.10459184E+001
2.30000000 8.80000000 -2.88903061E+001
2.30000000 8.90000000 -2.64723032E+001
2.30000000 9.00000000 -2.37044461E+001
2.30000000 9.10000000 -2.09365889E+001
2.30000000 9.20000000 -1.81687318E+001
2.30000000 9.30000000 -1.48104956E+001
2.30000000 9.40000000 -1.13538630E+001
2.30000000 9.50000000 -7.89723032E+000
2.30000000 9.60000000 -4.22193878E+000
2.30000000 9.70000000 2.06501483E-013
2.30000000 9.80000000 4.22193878E+000
2.30000000 9.90000000 8.44387755E+000
2.30000000 10.00000000 1.32671283E+001
2.30000000 10.10000000 1.83309038E+001
2.30000000 10.20000000 2.33946793E+001
2.30000000 10.30000000 2.85896501E+001
2.30000000 10.40000000 3.45717930E+001
2.30000000 10.50000000 4.05539359E+001
2.30000000 10.60000000 4.65360787E+001
2.30000000 10.70000000 5.30867347E+001
2.30000000 10.80000000 6.00637755E+001
2.30000000 10.90000000 6.70408163E+001
2.30000000 11.00000000 7.40178571E+001
2.40000000 1.00000000 -1.71760204E+002
2.40000000 1.10000000 -1.64783163E+002
2.40000000 1.20000000 -1.57806122E+002
2.40000000 1.30000000 -1.50829082E+002
2.40000000 1.40000000 -1.44278426E+002
2.40000000 1.50000000 -1.38296283E+002
2.40000000 1.60000000 -1.32314140E+002
2.40000000 1.70000000 -1.26331997E+002
2.40000000 1.80000000 -1.21137026E+002
2.40000000 1.90000000 -1.16073251E+002
2.40000000 2.00000000 -1.11009475E+002
2.40000000 2.10000000 -1.06186224E+002
2.40000000 2.20000000 -1.01964286E+002
2.40000000 2.30000000 -9.77423469E+001
2.40000000 2.40000000 -9.35204082E+001
2.40000000 2.50000000 -8.98451166E+001
2.40000000 2.60000000 -8.63884840E+001
2.40000000 2.70000000 -8.29318513E+001
2.40000000 2.80000000 -7.95736152E+001
2.40000000 2.90000000 -7.68057580E+001
2.40000000 3.00000000 -7.40379009E+001
2.40000000 3.10000000 -7.12700437E+001
2.40000000 3.20000000 -6.88520408E+001
2.40000000 3.30000000 -6.66964286E+001
2.40000000 3.40000000 -6.45408163E+001
2.40000000 3.50000000 -6.23852041E+001
2.40000000 3.60000000 -6.07653061E+001
2.40000000 3.70000000 -5.91454082E+001
2.40000000 3.80000000 -5.75255102E+001
2.40000000 3.90000000 -5.61024052E+001
2.40000000 4.00000000 -5.49416910E+001
2.40000000 4.10000000 -5.37809767E+001
2.40000000 4.20000000 -5.26202624E+001
2.40000000 4.30000000 -5.17875364E+001
2.40000000 4.40000000 -5.10094752E+001
2.40000000 4.50000000 -5.02314140E+001
2.40000000 4.60000000 -4.95408163E+001
2.40000000 4.70000000 -4.90688776E+001
2.40000000 4.80000000 -4.85969388E+001
2.40000000 4.90000000 -4.81250000E+001
2.40000000 5.00000000 -4.78170554E+001
2.40000000 5.10000000 -4.75747085E+001
2.40000000 5.20000000 -4.73323615E+001
2.40000000 5.30000000 -4.71118805E+001
2.40000000 5.40000000 -4.70225948E+001
2.40000000 5.50000000 -4.69333090E+001
2.40000000 5.60000000 -4.68440233E+001
2.40000000 5.70000000 -4.67984694E+001
2.40000000 5.80000000 -4.67857143E+001
2.40000000 5.90000000 -4.67729592E+001
2.40000000 6.00000000 -4.67602041E+001
2.40000000 6.10000000 -4.67474490E+001
2.40000000 6.20000000 -4.67346939E+001
2.40000000 6.30000000 -4.67219388E+001
2.40000000 6.40000000 -4.66763848E+001
2.40000000 6.50000000 -4.65870991E+001
2.40000000 6.60000000 -4.64978134E+001
2.40000000 6.70000000 -4.64085277E+001
2.40000000 6.80000000 -4.61880466E+001
2.40000000 6.90000000 -4.59456997E+001
2.40000000 7.00000000 -4.57033528E+001
2.40000000 7.10000000 -4.53954082E+001
2.40000000 7.20000000 -4.49234694E+001
2.40000000 7.30000000 -4.44515306E+001
2.40000000 7.40000000 -4.39795918E+001
2.40000000 7.50000000 -4.32889942E+001
2.40000000 7.60000000 -4.25109329E+001
2.40000000 7.70000000 -4.17328717E+001
2.40000000 7.80000000 -4.09001458E+001
2.40000000 7.90000000 -3.97394315E+001
2.40000000 8.00000000 -3.85787172E+001
2.40000000 8.10000000 -3.74180029E+001
2.40000000 8.20000000 -3.59948980E+001
2.40000000 8.30000000 -3.43750000E+001
2.40000000 8.40000000 -3.27551020E+001
2.40000000 8.50000000 -3.11352041E+001
2.40000000 8.60000000 -2.89795918E+001
2.40000000 8.70000000 -2.68239796E+001
2.40000000 8.80000000 -2.46683673E+001
2.40000000 8.90000000 -2.22503644E+001
2.40000000 9.00000000 -1.94825073E+001
2.40000000 9.10000000 -1.67146501E+001
2.40000000 9.20000000 -1.39467930E+001
2.40000000 9.30000000 -1.05885569E+001
2.40000000 9.40000000 -7.13192420E+000
2.40000000 9.50000000 -3.67529155E+000
2.40000000 9.60000000 2.06279438E-013
2.40000000 9.70000000 4.22193878E+000
2.40000000 9.80000000 8.44387755E+000
2.40000000 9.90000000 1.26658163E+001
2.40000000 10.00000000 1.74890671E+001
2.40000000 10.10000000 2.25528426E+001
2.40000000 10.20000000 2.76166181E+001
2.40000000 10.30000000 3.28115889E+001
2.40000000 10.40000000 3.87937318E+001
2.40000000 10.50000000 4.47758746E+001
2.40000000 10.60000000 5.07580175E+001
2.40000000 10.70000000 5.73086735E+001
2.40000000 10.80000000 6.42857143E+001
2.40000000 10.90000000 7.12627551E+001
2.40000000 11.00000000 7.82397959E+001
2.50000000 1.00000000 -1.68084913E+002
2.50000000 1.10000000 -1.61107872E+002
2.50000000 1.20000000 -1.54130831E+002
2.50000000 1.30000000 -1.47153790E+002
2.50000000 1.40000000 -1.40603134E+002
2.50000000 1.50000000 -1.34620991E+002
2.50000000 1.60000000 -1.28638848E+002
2.50000000 1.70000000 -1.22656706E+002
2.50000000 1.80000000 -1.17461735E+002
2.50000000 1.90000000 -1.12397959E+002
2.50000000 2.00000000 -1.07334184E+002
2.50000000 2.10000000 -1.02510933E+002
2.50000000 2.20000000 -9.82889942E+001
2.50000000 2.30000000 -9.40670554E+001
2.50000000 2.40000000 -8.98451166E+001
2.50000000 2.50000000 -8.61698251E+001
2.50000000 2.60000000 -8.27131924E+001
2.50000000 2.70000000 -7.92565598E+001
2.50000000 2.80000000 -7.58983236E+001
2.50000000 2.90000000 -7.31304665E+001
2.50000000 3.00000000 -7.03626093E+001
2.50000000 3.10000000 -6.75947522E+001
2.50000000 3.20000000 -6.51767493E+001
2.50000000 3.30000000 -6.30211370E+001
2.50000000 3.40000000 -6.08655248E+001
2.50000000 3.50000000 -5.87099125E+001
2.50000000 3.60000000 -5.70900146E+001
2.50000000 3.70000000 -5.54701166E+001
2.50000000 3.80000000 -5.38502187E+001
2.50000000 3.90000000 -5.24271137E+001
2.50000000 4.00000000 -5.12663994E+001
2.50000000 4.10000000 -5.01056851E+001
2.50000000 4.20000000 -4.89449708E+001
2.50000000 4.30000000 -4.81122449E+001
2.50000000 4.40000000 -4.73341837E+001
2.50000000 4.50000000 -4.65561224E+001
2.50000000 4.60000000 -4.58655248E+001
2.50000000 4.70000000 -4.53935860E+001
2.50000000 4.80000000 -4.49216472E+001
2.50000000 4.90000000 -4.44497085E+001
2.50000000 5.00000000 -4.41417638E+001
2.50000000 5.10000000 -4.38994169E+001
2.50000000 5.20000000 -4.36570700E+001
2.50000000 5.30000000 -4.34365889E+001
2.50000000 5.40000000 -4.33473032E+001
2.50000000 5.50000000 -4.32580175E+001
2.50000000 5.60000000 -4.31687318E+001
2.50000000 5.70000000 -4.31231778E+001
2.50000000 5.80000000 -4.31104227E+001
2.50000000 5.90000000 -4.30976676E+001
2.50000000 6.00000000 -4.30849125E+001
2.50000000 6.10000000 -4.30721574E+001
2.50000000 6.20000000 -4.30594023E+001
2.50000000 6.30000000 -4.30466472E+001
2.50000000 6.40000000 -4.30010933E+001
2.50000000 6.50000000 -4.29118076E+001
2.50000000 6.60000000 -4.28225219E+001
2.50000000 6.70000000 -4.27332362E+001
2.50000000 6.80000000 -4.25127551E+001
2.50000000 6.90000000 -4.22704082E+001
2.50000000 7.00000000 -4.20280612E+001
2.50000000 7.10000000 -4.17201166E+001
2.50000000 7.20000000 -4.12481778E+001
2.50000000 7.30000000 -4.07762391E+001
2.50000000 7.40000000 -4.03043003E+001
2.50000000 7.50000000 -3.96137026E+001
2.50000000 7.60000000 -3.88356414E+001
2.50000000 7.70000000 -3.80575802E+001
2.50000000 7.80000000 -3.72248542E+001
2.50000000 7.90000000 -3.60641399E+001
2.50000000 8.00000000 -3.49034257E+001
2.50000000 8.10000000 -3.37427114E+001
2.50000000 8.20000000 -3.23196064E+001
2.50000000 8.30000000 -3.06997085E+001
2.50000000 8.40000000 -2.90798105E+001
2.50000000 8.50000000 -2.74599125E+001
2.50000000 8.60000000 -2.53043003E+001
2.50000000 8.70000000 -2.31486880E+001
2.50000000 8.80000000 -2.09930758E+001
2.50000000 8.90000000 -1.85750729E+001
2.50000000 9.00000000 -1.58072157E+001
2.50000000 9.10000000 -1.30393586E+001
2.50000000 9.20000000 -1.02715015E+001
2.50000000 9.30000000 -6.91326531E+000
2.50000000 9.40000000 -3.45663265E+000
2.50000000 9.50000000 2.99760217E-014
2.50000000 9.60000000 3.67529155E+000
2.50000000 9.70000000 7.89723032E+000
2.50000000 9.80000000 1.21191691E+001
2.50000000 9.90000000 1.63411079E+001
2.50000000 10.00000000 2.11643586E+001
2.50000000 10.10000000 2.62281341E+001
2.50000000 10.20000000 3.12919096E+001
2.50000000 10.30000000 3.64868805E+001
2.50000000 10.40000000 4.24690233E+001
2.50000000 10.50000000 4.84511662E+001
2.50000000 10.60000000 5.44333090E+001
2.50000000 10.70000000 6.09839650E+001
2.50000000 10.80000000 6.79610058E+001
2.50000000 10.90000000 7.49380466E+001
2.50000000 11.00000000 8.19150875E+001
2.60000000 1.00000000 -1.64628280E+002
2.60000000 1.10000000 -1.57651239E+002
2.60000000 1.20000000 -1.50674198E+002
2.60000000 1.30000000 -1.43697157E+002
2.60000000 1.40000000 -1.37146501E+002
2.60000000 1.50000000 -1.31164359E+002
2.60000000 1.60000000 -1.25182216E+002
2.60000000 1.70000000 -1.19200073E+002
2.60000000 1.80000000 -1.14005102E+002
2.60000000 1.90000000 -1.08941327E+002
2.60000000 2.00000000 -1.03877551E+002
2.60000000 2.10000000 -9.90543003E+001
2.60000000 2.20000000 -9.48323615E+001
2.60000000 2.30000000 -9.06104227E+001
2.60000000 2.40000000 -8.63884840E+001
2.60000000 2.50000000 -8.27131924E+001
2.60000000 2.60000000 -7.92565598E+001
2.60000000 2.70000000 -7.57999271E+001
2.60000000 2.80000000 -7.24416910E+001
2.60000000 2.90000000 -6.96738338E+001
2.60000000 3.00000000 -6.69059767E+001
2.60000000 3.10000000 -6.41381195E+001
2.60000000 3.20000000 -6.17201166E+001
2.60000000 3.30000000 -5.95645044E+001
2.60000000 3.40000000 -5.74088921E+001
2.60000000 3.50000000 -5.52532799E+001
2.60000000 3.60000000 -5.36333819E+001
2.60000000 3.70000000 -5.20134840E+001
2.60000000 3.80000000 -5.03935860E+001
2.60000000 3.90000000 -4.89704810E+001
2.60000000 4.00000000 -4.78097668E+001
2.60000000 4.10000000 -4.66490525E+001
2.60000000 4.20000000 -4.54883382E+001
2.60000000 4.30000000 -4.46556122E+001
2.60000000 4.40000000 -4.38775510E+001
2.60000000 4.50000000 -4.30994898E+001
2.60000000 4.60000000 -4.24088921E+001
2.60000000 4.70000000 -4.19369534E+001
2.60000000 4.80000000 -4.14650146E+001
2.60000000 4.90000000 -4.09930758E+001
2.60000000 5.00000000 -4.06851312E+001
2.60000000 5.10000000 -4.04427843E+001
2.60000000 5.20000000 -4.02004373E+001
2.60000000 5.30000000 -3.99799563E+001
2.60000000 5.40000000 -3.98906706E+001
2.60000000 5.50000000 -3.98013848E+001
2.60000000 5.60000000 -3.97120991E+001
2.60000000 5.70000000 -3.96665452E+001
2.60000000 5.80000000 -3.96537901E+001
2.60000000 5.90000000 -3.96410350E+001
2.60000000 6.00000000 -3.96282799E+001
2.60000000 6.10000000 -3.96155248E+001
2.60000000 6.20000000 -3.96027697E+001
2.60000000 6.30000000 -3.95900146E+001
2.60000000 6.40000000 -3.95444606E+001
2.60000000 6.50000000 -3.94551749E+001
2.60000000 6.60000000 -3.93658892E+001
2.60000000 6.70000000 -3.92766035E+001
2.60000000 6.80000000 -3.90561224E+001
2.60000000 6.90000000 -3.88137755E+001
2.60000000 7.00000000 -3.85714286E+001
2.60000000 7.10000000 -3.82634840E+001
2.60000000 7.20000000 -3.77915452E+001
2.60000000 7.30000000 -3.73196064E+001
2.60000000 7.40000000 -3.68476676E+001
2.60000000 7.50000000 -3.61570700E+001
2.60000000 7.60000000 -3.53790087E+001
2.60000000 7.70000000 -3.46009475E+001
2.60000000 7.80000000 -3.37682216E+001
2.60000000 7.90000000 -3.26075073E+001
2.60000000 8.00000000 -3.14467930E+001
2.60000000 8.10000000 -3.02860787E+001
2.60000000 8.20000000 -2.88629738E+001
2.60000000 8.30000000 -2.72430758E+001
2.60000000 8.40000000 -2.56231778E+001
2.60000000 8.50000000 -2.40032799E+001
2.60000000 8.60000000 -2.18476676E+001
2.60000000 8.70000000 -1.96920554E+001
2.60000000 8.80000000 -1.75364431E+001
2.60000000 8.90000000 -1.51184402E+001
2.60000000 9.00000000 -1.23505831E+001
2.60000000 9.10000000 -9.58272595E+000
2.60000000 9.20000000 -6.81486880E+000
2.60000000 9.30000000 -3.45663265E+000
2.60000000 9.40000000 6.03961325E-014
2.60000000 9.50000000 3.45663265E+000
2.60000000 9.60000000 7.13192420E+000
2.60000000 9.70000000 1.13538630E+001
2.60000000 9.80000000 1.55758017E+001
2.60000000 9.90000000 1.97977405E+001
2.60000000 10.00000000 2.46209913E+001
2.60000000 10.10000000 2.96847668E+001
2.60000000 10.20000000 3.47485423E+001
2.60000000 10.30000000 3.99435131E+001
2.60000000 10.40000000 4.59256560E+001
2.60000000 10.50000000 5.19077988E+001
2.60000000 10.60000000 5.78899417E+001
2.60000000 10.70000000 6.44405977E+001
2.60000000 10.80000000 7.14176385E+001
2.60000000 10.90000000 7.83946793E+001
2.60000000 11.00000000 8.53717201E+001
2.70000000 1.00000000 -1.61171647E+002
2.70000000 1.10000000 -1.54194606E+002
2.70000000 1.20000000 -1.47217566E+002
2.70000000 1.30000000 -1.40240525E+002
2.70000000 1.40000000 -1.33689869E+002
2.70000000 1.50000000 -1.27707726E+002
2.70000000 1.60000000 -1.21725583E+002
2.70000000 1.70000000 -1.15743440E+002
2.70000000 1.80000000 -1.10548469E+002
2.70000000 1.90000000 -1.05484694E+002
2.70000000 2.00000000 -1.00420918E+002
2.70000000 2.10000000 -9.55976676E+001
2.70000000 2.20000000 -9.13757289E+001
2.70000000 2.30000000 -8.71537901E+001
2.70000000 2.40000000 -8.29318513E+001
2.70000000 2.50000000 -7.92565598E+001
2.70000000 2.60000000 -7.57999271E+001
2.70000000 2.70000000 -7.23432945E+001
2.70000000 2.80000000 -6.89850583E+001
2.70000000 2.90000000 -6.62172012E+001
2.70000000 3.00000000 -6.34493440E+001
2.70000000 3.10000000 -6.06814869E+001
2.70000000 3.20000000 -5.82634840E+001
2.70000000 3.30000000 -5.61078717E+001
2.70000000 3.40000000 -5.39522595E+001
2.70000000 3.50000000 -5.17966472E+001
2.70000000 3.60000000 -5.01767493E+001
2.70000000 3.70000000 -4.85568513E+001
2.70000000 3.80000000 -4.69369534E+001
2.70000000 3.90000000 -4.55138484E+001
2.70000000 4.00000000 -4.43531341E+001
2.70000000 4.10000000 -4.31924198E+001
2.70000000 4.20000000 -4.20317055E+001
2.70000000 4.30000000 -4.11989796E+001
2.70000000 4.40000000 -4.04209184E+001
2.70000000 4.50000000 -3.96428571E+001
2.70000000 4.60000000 -3.89522595E+001
2.70000000 4.70000000 -3.84803207E+001
2.70000000 4.80000000 -3.80083819E+001
2.70000000 4.90000000 -3.75364431E+001
2.70000000 5.00000000 -3.72284985E+001
2.70000000 5.10000000 -3.69861516E+001
2.70000000 5.20000000 -3.67438047E+001
2.70000000 5.30000000 -3.65233236E+001
2.70000000 5.40000000 -3.64340379E+001
2.70000000 5.50000000 -3.63447522E+001
2.70000000 5.60000000 -3.62554665E+001
2.70000000 5.70000000 -3.62099125E+001
2.70000000 5.80000000 -3.61971574E+001
2.70000000 5.90000000 -3.61844023E+001
2.70000000 6.00000000 -3.61716472E+001
2.70000000 6.10000000 -3.61588921E+001
2.70000000 6.20000000 -3.61461370E+001
2.70000000 6.30000000 -3.61333819E+001
2.70000000 6.40000000 -3.60878280E+001
2.70000000 6.50000000 -3.59985423E+001
2.70000000 6.60000000 -3.59092566E+001
2.70000000 6.70000000 -3.58199708E+001
2.70000000 6.80000000 -3.55994898E+001
2.70000000 6.90000000 -3.53571429E+001
2.70000000 7.00000000 -3.51147959E+001
2.70000000 7.10000000 -3.48068513E+001
2.70000000 7.20000000 -3.43349125E+001
2.70000000 7.30000000 -3.38629738E+001
2.70000000 7.40000000 -3.33910350E+001
2.70000000 7.50000000 -3.27004373E+001
2.70000000 7.60000000 -3.19223761E+001
2.70000000 7.70000000 -3.11443149E+001
2.70000000 7.80000000 -3.03115889E+001
2.70000000 7.90000000 -2.91508746E+001
2.70000000 8.00000000 -2.79901603E+001
2.70000000 8.10000000 -2.68294461E+001
2.70000000 8.20000000 -2.54063411E+001
2.70000000 8.30000000 -2.37864431E+001
2.70000000 8.40000000 -2.21665452E+001
2.70000000 8.50000000 -2.05466472E+001
2.70000000 8.60000000 -1.83910350E+001
2.70000000 8.70000000 -1.62354227E+001
2.70000000 8.80000000 -1.40798105E+001
2.70000000 8.90000000 -1.16618076E+001
2.70000000 9.00000000 -8.89395044E+000
2.70000000 9.10000000 -6.12609329E+000
2.70000000 9.20000000 -3.35823615E+000
2.70000000 9.30000000 -1.77635684E-015
2.70000000 9.40000000 3.45663265E+000
2.70000000 9.50000000 6.91326531E+000
2.70000000 9.60000000 1.05885569E+001
2.70000000 9.70000000 1.48104956E+001
2.70000000 9.80000000 1.90324344E+001
2.70000000 9.90000000 2.32543732E+001
2.70000000 10.00000000 2.80776239E+001
2.70000000 10.10000000 3.31413994E+001
2.70000000 10.20000000 3.82051749E+001
2.70000000 10.30000000 4.34001458E+001
2.70000000 10.40000000 4.93822886E+001
2.70000000 10.50000000 5.53644315E+001
2.70000000 10.60000000 6.13465743E+001
2.70000000 10.70000000 6.78972303E+001
2.70000000 10.80000000 7.48742711E+001
2.70000000 10.90000000 8.18513120E+001
2.70000000 11.00000000 8.88283528E+001
2.80000000 1.00000000 -1.57813411E+002
2.80000000 1.10000000 -1.50836370E+002
2.80000000 1.20000000 -1.43859329E+002
2.80000000 1.30000000 -1.36882289E+002
2.80000000 1.40000000 -1.30331633E+002
2.80000000 1.50000000 -1.24349490E+002
2.80000000 1.60000000 -1.18367347E+002
2.80000000 1.70000000 -1.12385204E+002
2.80000000 1.80000000 -1.07190233E+002
2.80000000 1.90000000 -1.02126458E+002
2.80000000 2.00000000 -9.70626822E+001
2.80000000 2.10000000 -9.22394315E+001
2.80000000 2.20000000 -8.80174927E+001
2.80000000 2.30000000 -8.37955539E+001
2.80000000 2.40000000 -7.95736152E+001
2.80000000 2.50000000 -7.58983236E+001
2.80000000 2.60000000 -7.24416910E+001
2.80000000 2.70000000 -6.89850583E+001
2.80000000 2.80000000 -6.56268222E+001
2.80000000 2.90000000 -6.28589650E+001
2.80000000 3.00000000 -6.00911079E+001
2.80000000 3.10000000 -5.73232507E+001
2.80000000 3.20000000 -5.49052478E+001
2.80000000 3.30000000 -5.27496356E+001
2.80000000 3.40000000 -5.05940233E+001
2.80000000 3.50000000 -4.84384111E+001
2.80000000 3.60000000 -4.68185131E+001
2.80000000 3.70000000 -4.51986152E+001
2.80000000 3.80000000 -4.35787172E+001
2.80000000 3.90000000 -4.21556122E+001
2.80000000 4.00000000 -4.09948980E+001
2.80000000 4.10000000 -3.98341837E+001
2.80000000 4.20000000 -3.86734694E+001
2.80000000 4.30000000 -3.78407434E+001
2.80000000 4.40000000 -3.70626822E+001
2.80000000 4.50000000 -3.62846210E+001
2.80000000 4.60000000 -3.55940233E+001
2.80000000 4.70000000 -3.51220845E+001
2.80000000 4.80000000 -3.46501458E+001
2.80000000 4.90000000 -3.41782070E+001
2.80000000 5.00000000 -3.38702624E+001
2.80000000 5.10000000 -3.36279155E+001
2.80000000 5.20000000 -3.33855685E+001
2.80000000 5.30000000 -3.31650875E+001
2.80000000 5.40000000 -3.30758017E+001
2.80000000 5.50000000 -3.29865160E+001
2.80000000 5.60000000 -3.28972303E+001
2.80000000 5.70000000 -3.28516764E+001
2.80000000 5.80000000 -3.28389213E+001
2.80000000 5.90000000 -3.28261662E+001
2.80000000 6.00000000 -3.28134111E+001
2.80000000 6.10000000 -3.28006560E+001
2.80000000 6.20000000 -3.27879009E+001
2.80000000 6.30000000 -3.27751458E+001
2.80000000 6.40000000 -3.27295918E+001
2.80000000 6.50000000 -3.26403061E+001
2.80000000 6.60000000 -3.25510204E+001
2.80000000 6.70000000 -3.24617347E+001
2.80000000 6.80000000 -3.22412536E+001
2.80000000 6.90000000 -3.19989067E+001
2.80000000 7.00000000 -3.17565598E+001
2.80000000 7.10000000 -3.14486152E+001
2.80000000 7.20000000 -3.09766764E+001
2.80000000 7.30000000 -3.05047376E+001
2.80000000 7.40000000 -3.00327988E+001
2.80000000 7.50000000 -2.93422012E+001
2.80000000 7.60000000 -2.85641399E+001
2.80000000 7.70000000 -2.77860787E+001
2.80000000 7.80000000 -2.69533528E+001
2.80000000 7.90000000 -2.57926385E+001
2.80000000 8.00000000 -2.46319242E+001
2.80000000 8.10000000 -2.34712099E+001
2.80000000 8.20000000 -2.20481050E+001
2.80000000 8.30000000 -2.04282070E+001
2.80000000 8.40000000 -1.88083090E+001
2.80000000 8.50000000 -1.71884111E+001
2.80000000 8.60000000 -1.50327988E+001
2.80000000 8.70000000 -1.28771866E+001
2.80000000 8.80000000 -1.07215743E+001
2.80000000 8.90000000 -8.30357143E+000
2.80000000 9.00000000 -5.53571429E+000
2.80000000 9.10000000 -2.76785714E+000
2.80000000 9.20000000 1.75637282E-013
2.80000000 9.30000000 3.35823615E+000
2.80000000 9.40000000 6.81486880E+000
2.80000000 9.50000000 1.02715015E+001
2.80000000 9.60000000 1.39467930E+001
2.80000000 9.70000000 1.81687318E+001
2.80000000 9.80000000 2.23906706E+001
2.80000000 9.90000000 2.66126093E+001
2.80000000 10.00000000 3.14358601E+001
2.80000000 10.10000000 3.64996356E+001
2.80000000 10.20000000 4.15634111E+001
2.80000000 10.30000000 4.67583819E+001
2.80000000 10.40000000 5.27405248E+001
2.80000000 10.50000000 5.87226676E+001
2.80000000 10.60000000 6.47048105E+001
2.80000000 10.70000000 7.12554665E+001
2.80000000 10.80000000 7.82325073E+001
2.80000000 10.90000000 8.52095481E+001
2.80000000 11.00000000 9.21865889E+001
2.90000000 1.00000000 -1.55045554E+002
2.90000000 1.10000000 -1.48068513E+002
2.90000000 1.20000000 -1.41091472E+002
2.90000000 1.30000000 -1.34114431E+002
2.90000000 1.40000000 -1.27563776E+002
2.90000000 1.50000000 -1.21581633E+002
2.90000000 1.60000000 -1.15599490E+002
2.90000000 1.70000000 -1.09617347E+002
2.90000000 1.80000000 -1.04422376E+002
2.90000000 1.90000000 -9.93586006E+001
2.90000000 2.00000000 -9.42948251E+001
2.90000000 2.10000000 -8.94715743E+001
2.90000000 2.20000000 -8.52496356E+001
2.90000000 2.30000000 -8.10276968E+001
2.90000000 2.40000000 -7.68057580E+001
2.90000000 2.50000000 -7.31304665E+001
2.90000000 2.60000000 -6.96738338E+001
2.90000000 2.70000000 -6.62172012E+001
2.90000000 2.80000000 -6.28589650E+001
2.90000000 2.90000000 -6.00911079E+001
2.90000000 3.00000000 -5.73232507E+001
2.90000000 3.10000000 -5.45553936E+001
2.90000000 3.20000000 -5.21373907E+001
2.90000000 3.30000000 -4.99817784E+001
2.90000000 3.40000000 -4.78261662E+001
2.90000000 3.50000000 -4.56705539E+001
2.90000000 3.60000000 -4.40506560E+001
2.90000000 3.70000000 -4.24307580E+001
2.90000000 3.80000000 -4.08108601E+001
2.90000000 3.90000000 -3.93877551E+001
2.90000000 4.00000000 -3.82270408E+001
2.90000000 4.10000000 -3.70663265E+001
2.90000000 4.20000000 -3.59056122E+001
2.90000000 4.30000000 -3.50728863E+001
2.90000000 4.40000000 -3.42948251E+001
2.90000000 4.50000000 -3.35167638E+001
2.90000000 4.60000000 -3.28261662E+001
2.90000000 4.70000000 -3.23542274E+001
2.90000000 4.80000000 -3.18822886E+001
2.90000000 4.90000000 -3.14103499E+001
2.90000000 5.00000000 -3.11024052E+001
2.90000000 5.10000000 -3.08600583E+001
2.90000000 5.20000000 -3.06177114E+001
2.90000000 5.30000000 -3.03972303E+001
2.90000000 5.40000000 -3.03079446E+001
2.90000000 5.50000000 -3.02186589E+001
2.90000000 5.60000000 -3.01293732E+001
2.90000000 5.70000000 -3.00838192E+001
2.90000000 5.80000000 -3.00710641E+001
2.90000000 5.90000000 -3.00583090E+001
2.90000000 6.00000000 -3.00455539E+001
2.90000000 6.10000000 -3.00327988E+001
2.90000000 6.20000000 -3.00200437E+001
2.90000000 6.30000000 -3.00072886E+001
2.90000000 6.40000000 -2.99617347E+001
2.90000000 6.50000000 -2.98724490E+001
2.90000000 6.60000000 -2.97831633E+001
2.90000000 6.70000000 -2.96938776E+001
2.90000000 6.80000000 -2.94733965E+001
2.90000000 6.90000000 -2.92310496E+001
2.90000000 7.00000000 -2.89887026E+001
2.90000000 7.10000000 -2.86807580E+001
2.90000000 7.20000000 -2.82088192E+001
2.90000000 7.30000000 -2.77368805E+001
2.90000000 7.40000000 -2.72649417E+001
2.90000000 7.50000000 -2.65743440E+001
2.90000000 7.60000000 -2.57962828E+001
2.90000000 7.70000000 -2.50182216E+001
2.90000000 7.80000000 -2.41854956E+001
2.90000000 7.90000000 -2.30247813E+001
2.90000000 8.00000000 -2.18640671E+001
2.90000000 8.10000000 -2.07033528E+001
2.90000000 8.20000000 -1.92802478E+001
2.90000000 8.30000000 -1.76603499E+001
2.90000000 8.40000000 -1.60404519E+001
2.90000000 8.50000000 -1.44205539E+001
2.90000000 8.60000000 -1.22649417E+001
2.90000000 8.70000000 -1.01093294E+001
2.90000000 8.80000000 -7.95371720E+000
2.90000000 8.90000000 -5.53571429E+000
2.90000000 9.00000000 -2.76785714E+000
2.90000000 9.10000000 2.66453526E-014
2.90000000 9.20000000 2.76785714E+000
2.90000000 9.30000000 6.12609329E+000
2.90000000 9.40000000 9.58272595E+000
2.90000000 9.50000000 1.30393586E+001
2.90000000 9.60000000 1.67146501E+001
2.90000000 9.70000000 2.09365889E+001
2.90000000 9.80000000 2.51585277E+001
2.90000000 9.90000000 2.93804665E+001
2.90000000 10.00000000 3.42037172E+001
2.90000000 10.10000000 3.92674927E+001
2.90000000 10.20000000 4.43312682E+001
2.90000000 10.30000000 4.95262391E+001
2.90000000 10.40000000 5.55083819E+001
2.90000000 10.50000000 6.14905248E+001
2.90000000 10.60000000 6.74726676E+001
2.90000000 10.70000000 7.40233236E+001
2.90000000 10.80000000 8.10003644E+001
2.90000000 10.90000000 8.79774052E+001
2.90000000 11.00000000 9.49544461E+001
3.00000000 1.00000000 -1.52277697E+002
3.00000000 1.10000000 -1.45300656E+002
3.00000000 1.20000000 -1.38323615E+002
3.00000000 1.30000000 -1.31346574E+002
3.00000000 1.40000000 -1.24795918E+002
3.00000000 1.50000000 -1.18813776E+002
3.00000000 1.60000000 -1.12831633E+002
3.00000000 1.70000000 -1.06849490E+002
3.00000000 1.80000000 -1.01654519E+002
3.00000000 1.90000000 -9.65907434E+001
3.00000000 2.00000000 -9.15269679E+001
3.00000000 2.10000000 -8.67037172E+001
3.00000000 2.20000000 -8.24817784E+001
3.00000000 2.30000000 -7.82598397E+001
3.00000000 2.40000000 -7.40379009E+001
3.00000000 2.50000000 -7.03626093E+001
3.00000000 2.60000000 -6.69059767E+001
3.00000000 2.70000000 -6.34493440E+001
3.00000000 2.80000000 -6.00911079E+001
3.00000000 2.90000000 -5.73232507E+001
3.00000000 3.00000000 -5.45553936E+001
3.00000000 3.10000000 -5.17875364E+001
3.00000000 3.20000000 -4.93695335E+001
3.00000000 3.30000000 -4.72139213E+001
3.00000000 3.40000000 -4.50583090E+001
3.00000000 3.50000000 -4.29026968E+001
3.00000000 3.60000000 -4.12827988E+001
3.00000000 3.70000000 -3.96629009E+001
3.00000000 3.80000000 -3.80430029E+001
3.00000000 3.90000000 -3.66198980E+001
3.00000000 4.00000000 -3.54591837E+001
3.00000000 4.10000000 -3.42984694E+001
3.00000000 4.20000000 -3.31377551E+001
3.00000000 4.30000000 -3.23050292E+001
3.00000000 4.40000000 -3.15269679E+001
3.00000000 4.50000000 -3.07489067E+001
3.00000000 4.60000000 -3.00583090E+001
3.00000000 4.70000000 -2.95863703E+001
3.00000000 4.80000000 -2.91144315E+001
3.00000000 4.90000000 -2.86424927E+001
3.00000000 5.00000000 -2.83345481E+001
3.00000000 5.10000000 -2.80922012E+001
3.00000000 5.20000000 -2.78498542E+001
3.00000000 5.30000000 -2.76293732E+001
3.00000000 5.40000000 -2.75400875E+001
3.00000000 5.50000000 -2.74508017E+001
3.00000000 5.60000000 -2.73615160E+001
3.00000000 5.70000000 -2.73159621E+001
3.00000000 5.80000000 -2.73032070E+001
3.00000000 5.90000000 -2.72904519E+001
3.00000000 6.00000000 -2.72776968E+001
3.00000000 6.10000000 -2.72649417E+001
3.00000000 6.20000000 -2.72521866E+001
3.00000000 6.30000000 -2.72394315E+001
3.00000000 6.40000000 -2.71938776E+001
3.00000000 6.50000000 -2.71045918E+001
3.00000000 6.60000000 -2.70153061E+001
3.00000000 6.70000000 -2.69260204E+001
3.00000000 6.80000000 -2.67055394E+001
3.00000000 6.90000000 -2.64631924E+001
3.00000000 7.00000000 -2.62208455E+001
3.00000000 7.10000000 -2.59129009E+001
3.00000000 7.20000000 -2.54409621E+001
3.00000000 7.30000000 -2.49690233E+001
3.00000000 7.40000000 -2.44970845E+001
3.00000000 7.50000000 -2.38064869E+001
3.00000000 7.60000000 -2.30284257E+001
3.00000000 7.70000000 -2.22503644E+001
3.00000000 7.80000000 -2.14176385E+001
3.00000000 7.90000000 -2.02569242E+001
3.00000000 8.00000000 -1.90962099E+001
3.00000000 8.10000000 -1.79354956E+001
3.00000000 8.20000000 -1.65123907E+001
3.00000000 8.30000000 -1.48924927E+001
3.00000000 8.40000000 -1.32725948E+001
3.00000000 8.50000000 -1.16526968E+001
3.00000000 8.60000000 -9.49708455E+000
3.00000000 8.70000000 -7.34147230E+000
3.00000000 8.80000000 -5.18586006E+000
3.00000000 8.90000000 -2.76785714E+000
3.00000000 9.00000000 1.35891298E-013
3.00000000 9.10000000 2.76785714E+000
3.00000000 9.20000000 5.53571429E+000
3.00000000 9.30000000 8.89395044E+000
3.00000000 9.40000000 1.23505831E+001
3.00000000 9.50000000 1.58072157E+001
3.00000000 9.60000000 1.94825073E+001
3.00000000 9.70000000 2.37044461E+001
3.00000000 9.80000000 2.79263848E+001
3.00000000 9.90000000 3.21483236E+001
3.00000000 10.00000000 3.69715743E+001
3.00000000 10.10000000 4.20353499E+001
3.00000000 10.20000000 4.70991254E+001
3.00000000 10.30000000 5.22940962E+001
3.00000000 10.40000000 5.82762391E+001
3.00000000 10.50000000 6.42583819E+001
3.00000000 10.60000000 7.02405248E+001
3.00000000 10.70000000 7.67911808E+001
3.00000000 10.80000000 8.37682216E+001
3.00000000 10.90000000 9.07452624E+001
3.00000000 11.00000000 9.77223032E+001
3.10000000 1.00000000 -1.49509840E+002
3.10000000 1.10000000 -1.42532799E+002
3.10000000 1.20000000 -1.35555758E+002
3.10000000 1.30000000 -1.28578717E+002
3.10000000 1.40000000 -1.22028061E+002
3.10000000 1.50000000 -1.16045918E+002
3.10000000 1.60000000 -1.10063776E+002
3.10000000 1.70000000 -1.04081633E+002
3.10000000 1.80000000 -9.88866618E+001
3.10000000 1.90000000 -9.38228863E+001
3.10000000 2.00000000 -8.87591108E+001
3.10000000 2.10000000 -8.39358601E+001
3.10000000 2.20000000 -7.97139213E+001
3.10000000 2.30000000 -7.54919825E+001
3.10000000 2.40000000 -7.12700437E+001
3.10000000 2.50000000 -6.75947522E+001
3.10000000 2.60000000 -6.41381195E+001
3.10000000 2.70000000 -6.06814869E+001
3.10000000 2.80000000 -5.73232507E+001
3.10000000 2.90000000 -5.45553936E+001
3.10000000 3.00000000 -5.17875364E+001
3.10000000 3.10000000 -4.90196793E+001
3.10000000 3.20000000 -4.66016764E+001
3.10000000 3.30000000 -4.44460641E+001
3.10000000 3.40000000 -4.22904519E+001
3.10000000 3.50000000 -4.01348397E+001
3.10000000 3.60000000 -3.85149417E+001
3.10000000 3.70000000 -3.68950437E+001
3.10000000 3.80000000 -3.52751458E+001
3.10000000 3.90000000 -3.38520408E+001
3.10000000 4.00000000 -3.26913265E+001
3.10000000 4.10000000 -3.15306122E+001
3.10000000 4.20000000 -3.03698980E+001
3.10000000 4.30000000 -2.95371720E+001
3.10000000 4.40000000 -2.87591108E+001
3.10000000 4.50000000 -2.79810496E+001
3.10000000 4.60000000 -2.72904519E+001
3.10000000 4.70000000 -2.68185131E+001
3.10000000 4.80000000 -2.63465743E+001
3.10000000 4.90000000 -2.58746356E+001
3.10000000 5.00000000 -2.55666910E+001
3.10000000 5.10000000 -2.53243440E+001
3.10000000 5.20000000 -2.50819971E+001
3.10000000 5.30000000 -2.48615160E+001
3.10000000 5.40000000 -2.47722303E+001
3.10000000 5.50000000 -2.46829446E+001
3.10000000 5.60000000 -2.45936589E+001
3.10000000 5.70000000 -2.45481050E+001
3.10000000 5.80000000 -2.45353499E+001
3.10000000 5.90000000 -2.45225948E+001
3.10000000 6.00000000 -2.45098397E+001
3.10000000 6.10000000 -2.44970845E+001
3.10000000 6.20000000 -2.44843294E+001
3.10000000 6.30000000 -2.44715743E+001
3.10000000 6.40000000 -2.44260204E+001
3.10000000 6.50000000 -2.43367347E+001
3.10000000 6.60000000 -2.42474490E+001
3.10000000 6.70000000 -2.41581633E+001
3.10000000 6.80000000 -2.39376822E+001
3.10000000 6.90000000 -2.36953353E+001
3.10000000 7.00000000 -2.34529883E+001
3.10000000 7.10000000 -2.31450437E+001
3.10000000 7.20000000 -2.26731050E+001
3.10000000 7.30000000 -2.22011662E+001
3.10000000 7.40000000 -2.17292274E+001
3.10000000 7.50000000 -2.10386297E+001
3.10000000 7.60000000 -2.02605685E+001
3.10000000 7.70000000 -1.94825073E+001
3.10000000 7.80000000 -1.86497813E+001
3.10000000 7.90000000 -1.74890671E+001
3.10000000 8.00000000 -1.63283528E+001
3.10000000 8.10000000 -1.51676385E+001
3.10000000 8.20000000 -1.37445335E+001
3.10000000 8.30000000 -1.21246356E+001
3.10000000 8.40000000 -1.05047376E+001
3.10000000 8.50000000 -8.88483965E+000
3.10000000 8.60000000 -6.72922741E+000
3.10000000 8.70000000 -4.57361516E+000
3.10000000 8.80000000 -2.41800292E+000
3.10000000 8.90000000 1.34114941E-013
3.10000000 9.00000000 2.76785714E+000
3.10000000 9.10000000 5.53571429E+000
3.10000000 9.20000000 8.30357143E+000
3.10000000 9.30000000 1.16618076E+001
3.10000000 9.40000000 1.51184402E+001
3.10000000 9.50000000 1.85750729E+001
3.10000000 9.60000000 2.22503644E+001
3.10000000 9.70000000 2.64723032E+001
3.10000000 9.80000000 3.06942420E+001
3.10000000 9.90000000 3.49161808E+001
3.10000000 10.00000000 3.97394315E+001
3.10000000 10.10000000 4.48032070E+001
3.10000000 10.20000000 4.98669825E+001
3.10000000 10.30000000 5.50619534E+001
3.10000000 10.40000000 6.10440962E+001
3.10000000 10.50000000 6.70262391E+001
3.10000000 10.60000000 7.30083819E+001
3.10000000 10.70000000 7.95590379E+001
3.10000000 10.80000000 8.65360787E+001
3.10000000 10.90000000 9.35131195E+001
3.10000000 11.00000000 1.00490160E+002
3.20000000 1.00000000 -1.47091837E+002
3.20000000 1.10000000 -1.40114796E+002
3.20000000 1.20000000 -1.33137755E+002
3.20000000 1.30000000 -1.26160714E+002
3.20000000 1.40000000 -1.19610058E+002
3.20000000 1.50000000 -1.13627915E+002
3.20000000 1.60000000 -1.07645773E+002
3.20000000 1.70000000 -1.01663630E+002
3.20000000 1.80000000 -9.64686589E+001
3.20000000 1.90000000 -9.14048834E+001
3.20000000 2.00000000 -8.63411079E+001
3.20000000 2.10000000 -8.15178571E+001
3.20000000 2.20000000 -7.72959184E+001
3.20000000 2.30000000 -7.30739796E+001
3.20000000 2.40000000 -6.88520408E+001
3.20000000 2.50000000 -6.51767493E+001
3.20000000 2.60000000 -6.17201166E+001
3.20000000 2.70000000 -5.82634840E+001
3.20000000 2.80000000 -5.49052478E+001
3.20000000 2.90000000 -5.21373907E+001
3.20000000 3.00000000 -4.93695335E+001
3.20000000 3.10000000 -4.66016764E+001
3.20000000 3.20000000 -4.41836735E+001
3.20000000 3.30000000 -4.20280612E+001
3.20000000 3.40000000 -3.98724490E+001
3.20000000 3.50000000 -3.77168367E+001
3.20000000 3.60000000 -3.60969388E+001
3.20000000 3.70000000 -3.44770408E+001
3.20000000 3.80000000 -3.28571429E+001
3.20000000 3.90000000 -3.14340379E+001
3.20000000 4.00000000 -3.02733236E+001
3.20000000 4.10000000 -2.91126093E+001
3.20000000 4.20000000 -2.79518950E+001
3.20000000 4.30000000 -2.71191691E+001
3.20000000 4.40000000 -2.63411079E+001
3.20000000 4.50000000 -2.55630466E+001
3.20000000 4.60000000 -2.48724490E+001
3.20000000 4.70000000 -2.44005102E+001
3.20000000 4.80000000 -2.39285714E+001
3.20000000 4.90000000 -2.34566327E+001
3.20000000 5.00000000 -2.31486880E+001
3.20000000 5.10000000 -2.29063411E+001
3.20000000 5.20000000 -2.26639942E+001
3.20000000 5.30000000 -2.24435131E+001
3.20000000 5.40000000 -2.23542274E+001
3.20000000 5.50000000 -2.22649417E+001
3.20000000 5.60000000 -2.21756560E+001
3.20000000 5.70000000 -2.21301020E+001
3.20000000 5.80000000 -2.21173469E+001
3.20000000 5.90000000 -2.21045918E+001
3.20000000 6.00000000 -2.20918367E+001
3.20000000 6.10000000 -2.20790816E+001
3.20000000 6.20000000 -2.20663265E+001
3.20000000 6.30000000 -2.20535714E+001
3.20000000 6.40000000 -2.20080175E+001
3.20000000 6.50000000 -2.19187318E+001
3.20000000 6.60000000 -2.18294461E+001
3.20000000 6.70000000 -2.17401603E+001
3.20000000 6.80000000 -2.15196793E+001
3.20000000 6.90000000 -2.12773324E+001
3.20000000 7.00000000 -2.10349854E+001
3.20000000 7.10000000 -2.07270408E+001
3.20000000 7.20000000 -2.02551020E+001
3.20000000 7.30000000 -1.97831633E+001
3.20000000 7.40000000 -1.93112245E+001
3.20000000 7.50000000 -1.86206268E+001
3.20000000 7.60000000 -1.78425656E+001
3.20000000 7.70000000 -1.70645044E+001
3.20000000 7.80000000 -1.62317784E+001
3.20000000 7.90000000 -1.50710641E+001
3.20000000 8.00000000 -1.39103499E+001
3.20000000 8.10000000 -1.27496356E+001
3.20000000 8.20000000 -1.13265306E+001
3.20000000 8.30000000 -9.70663265E+000
3.20000000 8.40000000 -8.08673469E+000
3.20000000 8.50000000 -6.46683673E+000
3.20000000 8.60000000 -4.31122449E+000
3.20000000 8.70000000 -2.15561224E+000
3.20000000 8.80000000 6.79456491E-014
3.20000000 8.90000000 2.41800292E+000
3.20000000 9.00000000 5.18586006E+000
3.20000000 9.10000000 7.95371720E+000
3.20000000 9.20000000 1.07215743E+001
3.20000000 9.30000000 1.40798105E+001
3.20000000 9.40000000 1.75364431E+001
3.20000000 9.50000000 2.09930758E+001
3.20000000 9.60000000 2.46683673E+001
3.20000000 9.70000000 2.88903061E+001
3.20000000 9.80000000 3.31122449E+001
3.20000000 9.90000000 3.73341837E+001
3.20000000 10.00000000 4.21574344E+001
3.20000000 10.10000000 4.72212099E+001
3.20000000 10.20000000 5.22849854E+001
3.20000000 10.30000000 5.74799563E+001
3.20000000 10.40000000 6.34620991E+001
3.20000000 10.50000000 6.94442420E+001
3.20000000 10.60000000 7.54263848E+001
3.20000000 10.70000000 8.19770408E+001
3.20000000 10.80000000 8.89540816E+001
3.20000000 10.90000000 9.59311224E+001
3.20000000 11.00000000 1.02908163E+002
3.30000000 1.00000000 -1.44936224E+002
3.30000000 1.10000000 -1.37959184E+002
3.30000000 1.20000000 -1.30982143E+002
3.30000000 1.30000000 -1.24005102E+002
3.30000000 1.40000000 -1.17454446E+002
3.30000000 1.50000000 -1.11472303E+002
3.30000000 1.60000000 -1.05490160E+002
3.30000000 1.70000000 -9.95080175E+001
3.30000000 1.80000000 -9.43130466E+001
3.30000000 1.90000000 -8.92492711E+001
3.30000000 2.00000000 -8.41854956E+001
3.30000000 2.10000000 -7.93622449E+001
3.30000000 2.20000000 -7.51403061E+001
3.30000000 2.30000000 -7.09183673E+001
3.30000000 2.40000000 -6.66964286E+001
3.30000000 2.50000000 -6.30211370E+001
3.30000000 2.60000000 -5.95645044E+001
3.30000000 2.70000000 -5.61078717E+001
3.30000000 2.80000000 -5.27496356E+001
3.30000000 2.90000000 -4.99817784E+001
3.30000000 3.00000000 -4.72139213E+001
3.30000000 3.10000000 -4.44460641E+001
3.30000000 3.20000000 -4.20280612E+001
3.30000000 3.30000000 -3.98724490E+001
3.30000000 3.40000000 -3.77168367E+001
3.30000000 3.50000000 -3.55612245E+001
3.30000000 3.60000000 -3.39413265E+001
3.30000000 3.70000000 -3.23214286E+001
3.30000000 3.80000000 -3.07015306E+001
3.30000000 3.90000000 -2.92784257E+001
3.30000000 4.00000000 -2.81177114E+001
3.30000000 4.10000000 -2.69569971E+001
3.30000000 4.20000000 -2.57962828E+001
3.30000000 4.30000000 -2.49635569E+001
3.30000000 4.40000000 -2.41854956E+001
3.30000000 4.50000000 -2.34074344E+001
3.30000000 4.60000000 -2.27168367E+001
3.30000000 4.70000000 -2.22448980E+001
3.30000000 4.80000000 -2.17729592E+001
3.30000000 4.90000000 -2.13010204E+001
3.30000000 5.00000000 -2.09930758E+001
3.30000000 5.10000000 -2.07507289E+001
3.30000000 5.20000000 -2.05083819E+001
3.30000000 5.30000000 -2.02879009E+001
3.30000000 5.40000000 -2.01986152E+001
3.30000000 5.50000000 -2.01093294E+001
3.30000000 5.60000000 -2.00200437E+001
3.30000000 5.70000000 -1.99744898E+001
3.30000000 5.80000000 -1.99617347E+001
3.30000000 5.90000000 -1.99489796E+001
3.30000000 6.00000000 -1.99362245E+001
3.30000000 6.10000000 -1.99234694E+001
3.30000000 6.20000000 -1.99107143E+001
3.30000000 6.30000000 -1.98979592E+001
3.30000000 6.40000000 -1.98524052E+001
3.30000000 6.50000000 -1.97631195E+001
3.30000000 6.60000000 -1.96738338E+001
3.30000000 6.70000000 -1.95845481E+001
3.30000000 6.80000000 -1.93640671E+001
3.30000000 6.90000000 -1.91217201E+001
3.30000000 7.00000000 -1.88793732E+001
3.30000000 7.10000000 -1.85714286E+001
3.30000000 7.20000000 -1.80994898E+001
3.30000000 7.30000000 -1.76275510E+001
3.30000000 7.40000000 -1.71556122E+001
3.30000000 7.50000000 -1.64650146E+001
3.30000000 7.60000000 -1.56869534E+001
3.30000000 7.70000000 -1.49088921E+001
3.30000000 7.80000000 -1.40761662E+001
3.30000000 7.90000000 -1.29154519E+001
3.30000000 8.00000000 -1.17547376E+001
3.30000000 8.10000000 -1.05940233E+001
3.30000000 8.20000000 -9.17091837E+000
3.30000000 8.30000000 -7.55102041E+000
3.30000000 8.40000000 -5.93112245E+000
3.30000000 8.50000000 -4.31122449E+000
3.30000000 8.60000000 -2.15561224E+000
3.30000000 8.70000000 9.63673585E-014
3.30000000 8.80000000 2.15561224E+000
3.30000000 8.90000000 4.57361516E+000
3.30000000 9.00000000 7.34147230E+000
3.30000000 9.10000000 1.01093294E+001
3.30000000 9.20000000 1.28771866E+001
3.30000000 9.30000000 1.62354227E+001
3.30000000 9.40000000 1.96920554E+001
3.30000000 9.50000000 2.31486880E+001
3.30000000 9.60000000 2.68239796E+001
3.30000000 9.70000000 3.10459184E+001
3.30000000 9.80000000 3.52678571E+001
3.30000000 9.90000000 3.94897959E+001
3.30000000 10.00000000 4.43130466E+001
3.30000000 10.10000000 4.93768222E+001
3.30000000 10.20000000 5.44405977E+001
3.30000000 10.30000000 5.96355685E+001
3.30000000 10.40000000 6.56177114E+001
3.30000000 10.50000000 7.15998542E+001
3.30000000 10.60000000 7.75819971E+001
3.30000000 10.70000000 8.41326531E+001
3.30000000 10.80000000 9.11096939E+001
3.30000000 10.90000000 9.80867347E+001
3.30000000 11.00000000 1.05063776E+002
3.40000000 1.00000000 -1.42780612E+002
3.40000000 1.10000000 -1.35803571E+002
3.40000000 1.20000000 -1.28826531E+002
3.40000000 1.30000000 -1.21849490E+002
3.40000000 1.40000000 -1.15298834E+002
3.40000000 1.50000000 -1.09316691E+002
3.40000000 1.60000000 -1.03334548E+002
3.40000000 1.70000000 -9.73524052E+001
3.40000000 1.80000000 -9.21574344E+001
3.40000000 1.90000000 -8.70936589E+001
3.40000000 2.00000000 -8.20298834E+001
3.40000000 2.10000000 -7.72066327E+001
3.40000000 2.20000000 -7.29846939E+001
3.40000000 2.30000000 -6.87627551E+001
3.40000000 2.40000000 -6.45408163E+001
3.40000000 2.50000000 -6.08655248E+001
3.40000000 2.60000000 -5.74088921E+001
3.40000000 2.70000000 -5.39522595E+001
3.40000000 2.80000000 -5.05940233E+001
3.40000000 2.90000000 -4.78261662E+001
3.40000000 3.00000000 -4.50583090E+001
3.40000000 3.10000000 -4.22904519E+001
3.40000000 3.20000000 -3.98724490E+001
3.40000000 3.30000000 -3.77168367E+001
3.40000000 3.40000000 -3.55612245E+001
3.40000000 3.50000000 -3.34056122E+001
3.40000000 3.60000000 -3.17857143E+001
3.40000000 3.70000000 -3.01658163E+001
3.40000000 3.80000000 -2.85459184E+001
3.40000000 3.90000000 -2.71228134E+001
3.40000000 4.00000000 -2.59620991E+001
3.40000000 4.10000000 -2.48013848E+001
3.40000000 4.20000000 -2.36406706E+001
3.40000000 4.30000000 -2.28079446E+001
3.40000000 4.40000000 -2.20298834E+001
3.40000000 4.50000000 -2.12518222E+001
3.40000000 4.60000000 -2.05612245E+001
3.40000000 4.70000000 -2.00892857E+001
3.40000000 4.80000000 -1.96173469E+001
3.40000000 4.90000000 -1.91454082E+001
3.40000000 5.00000000 -1.88374636E+001
3.40000000 5.10000000 -1.85951166E+001
3.40000000 5.20000000 -1.83527697E+001
3.40000000 5.30000000 -1.81322886E+001
3.40000000 5.40000000 -1.80430029E+001
3.40000000 5.50000000 -1.79537172E+001
3.40000000 5.60000000 -1.78644315E+001
3.40000000 5.70000000 -1.78188776E+001
3.40000000 5.80000000 -1.78061224E+001
3.40000000 5.90000000 -1.77933673E+001
3.40000000 6.00000000 -1.77806122E+001
3.40000000 6.10000000 -1.77678571E+001
3.40000000 6.20000000 -1.77551020E+001
3.40000000 6.30000000 -1.77423469E+001
3.40000000 6.40000000 -1.76967930E+001
3.40000000 6.50000000 -1.76075073E+001
3.40000000 6.60000000 -1.75182216E+001
3.40000000 6.70000000 -1.74289359E+001
3.40000000 6.80000000 -1.72084548E+001
3.40000000 6.90000000 -1.69661079E+001
3.40000000 7.00000000 -1.67237609E+001
3.40000000 7.10000000 -1.64158163E+001
3.40000000 7.20000000 -1.59438776E+001
3.40000000 7.30000000 -1.54719388E+001
3.40000000 7.40000000 -1.50000000E+001
3.40000000 7.50000000 -1.43094023E+001
3.40000000 7.60000000 -1.35313411E+001
3.40000000 7.70000000 -1.27532799E+001
3.40000000 7.80000000 -1.19205539E+001
3.40000000 7.90000000 -1.07598397E+001
3.40000000 8.00000000 -9.59912536E+000
3.40000000 8.10000000 -8.43841108E+000
3.40000000 8.20000000 -7.01530612E+000
3.40000000 8.30000000 -5.39540816E+000
3.40000000 8.40000000 -3.77551020E+000
3.40000000 8.50000000 -2.15561224E+000
3.40000000 8.60000000 7.68274333E-014
3.40000000 8.70000000 2.15561224E+000
3.40000000 8.80000000 4.31122449E+000
3.40000000 8.90000000 6.72922741E+000
3.40000000 9.00000000 9.49708455E+000
3.40000000 9.10000000 1.22649417E+001
3.40000000 9.20000000 1.50327988E+001
3.40000000 9.30000000 1.83910350E+001
3.40000000 9.40000000 2.18476676E+001
3.40000000 9.50000000 2.53043003E+001
3.40000000 9.60000000 2.89795918E+001
3.40000000 9.70000000 3.32015306E+001
3.40000000 9.80000000 3.74234694E+001
3.40000000 9.90000000 4.16454082E+001
3.40000000 10.00000000 4.64686589E+001
3.40000000 10.10000000 5.15324344E+001
3.40000000 10.20000000 5.65962099E+001
3.40000000 10.30000000 6.17911808E+001
3.40000000 10.40000000 6.77733236E+001
3.40000000 10.50000000 7.37554665E+001
3.40000000 10.60000000 7.97376093E+001
3.40000000 10.70000000 8.62882653E+001
3.40000000 10.80000000 9.32653061E+001
3.40000000 10.90000000 1.00242347E+002
3.40000000 11.00000000 1.07219388E+002
3.50000000 1.00000000 -1.40625000E+002
3.50000000 1.10000000 -1.33647959E+002
3.50000000 1.20000000 -1.26670918E+002
3.50000000 1.30000000 -1.19693878E+002
3.50000000 1.40000000 -1.13143222E+002
3.50000000 1.50000000 -1.07161079E+002
3.50000000 1.60000000 -1.01178936E+002
3.50000000 1.70000000 -9.51967930E+001
3.50000000 1.80000000 -9.00018222E+001
3.50000000 1.90000000 -8.49380466E+001
3.50000000 2.00000000 -7.98742711E+001
3.50000000 2.10000000 -7.50510204E+001
3.50000000 2.20000000 -7.08290816E+001
3.50000000 2.30000000 -6.66071429E+001
3.50000000 2.40000000 -6.23852041E+001
3.50000000 2.50000000 -5.87099125E+001
3.50000000 2.60000000 -5.52532799E+001
3.50000000 2.70000000 -5.17966472E+001
3.50000000 2.80000000 -4.84384111E+001
3.50000000 2.90000000 -4.56705539E+001
3.50000000 3.00000000 -4.29026968E+001
3.50000000 3.10000000 -4.01348397E+001
3.50000000 3.20000000 -3.77168367E+001
3.50000000 3.30000000 -3.55612245E+001
3.50000000 3.40000000 -3.34056122E+001
3.50000000 3.50000000 -3.12500000E+001
3.50000000 3.60000000 -2.96301020E+001
3.50000000 3.70000000 -2.80102041E+001
3.50000000 3.80000000 -2.63903061E+001
3.50000000 3.90000000 -2.49672012E+001
3.50000000 4.00000000 -2.38064869E+001
3.50000000 4.10000000 -2.26457726E+001
3.50000000 4.20000000 -2.14850583E+001
3.50000000 4.30000000 -2.06523324E+001
3.50000000 4.40000000 -1.98742711E+001
3.50000000 4.50000000 -1.90962099E+001
3.50000000 4.60000000 -1.84056122E+001
3.50000000 4.70000000 -1.79336735E+001
3.50000000 4.80000000 -1.74617347E+001
3.50000000 4.90000000 -1.69897959E+001
3.50000000 5.00000000 -1.66818513E+001
3.50000000 5.10000000 -1.64395044E+001
3.50000000 5.20000000 -1.61971574E+001
3.50000000 5.30000000 -1.59766764E+001
3.50000000 5.40000000 -1.58873907E+001
3.50000000 5.50000000 -1.57981050E+001
3.50000000 5.60000000 -1.57088192E+001
3.50000000 5.70000000 -1.56632653E+001
3.50000000 5.80000000 -1.56505102E+001
3.50000000 5.90000000 -1.56377551E+001
3.50000000 6.00000000 -1.56250000E+001
3.50000000 6.10000000 -1.56122449E+001
3.50000000 6.20000000 -1.55994898E+001
3.50000000 6.30000000 -1.55867347E+001
3.50000000 6.40000000 -1.55411808E+001
3.50000000 6.50000000 -1.54518950E+001
3.50000000 6.60000000 -1.53626093E+001
3.50000000 6.70000000 -1.52733236E+001
3.50000000 6.80000000 -1.50528426E+001
3.50000000 6.90000000 -1.48104956E+001
3.50000000 7.00000000 -1.45681487E+001
3.50000000 7.10000000 -1.42602041E+001
3.50000000 7.20000000 -1.37882653E+001
3.50000000 7.30000000 -1.33163265E+001
3.50000000 7.40000000 -1.28443878E+001
3.50000000 7.50000000 -1.21537901E+001
3.50000000 7.60000000 -1.13757289E+001
3.50000000 7.70000000 -1.05976676E+001
3.50000000 7.80000000 -9.76494169E+000
3.50000000 7.90000000 -8.60422741E+000
3.50000000 8.00000000 -7.44351312E+000
3.50000000 8.10000000 -6.28279883E+000
3.50000000 8.20000000 -4.85969388E+000
3.50000000 8.30000000 -3.23979592E+000
3.50000000 8.40000000 -1.61989796E+000
3.50000000 8.50000000 6.70665337E-014
3.50000000 8.60000000 2.15561224E+000
3.50000000 8.70000000 4.31122449E+000
3.50000000 8.80000000 6.46683673E+000
3.50000000 8.90000000 8.88483965E+000
3.50000000 9.00000000 1.16526968E+001
3.50000000 9.10000000 1.44205539E+001
3.50000000 9.20000000 1.71884111E+001
3.50000000 9.30000000 2.05466472E+001
3.50000000 9.40000000 2.40032799E+001
3.50000000 9.50000000 2.74599125E+001
3.50000000 9.60000000 3.11352041E+001
3.50000000 9.70000000 3.53571429E+001
3.50000000 9.80000000 3.95790816E+001
3.50000000 9.90000000 4.38010204E+001
3.50000000 10.00000000 4.86242711E+001
3.50000000 10.10000000 5.36880466E+001
3.50000000 10.20000000 5.87518222E+001
3.50000000 10.30000000 6.39467930E+001
3.50000000 10.40000000 6.99289359E+001
3.50000000 10.50000000 7.59110787E+001
3.50000000 10.60000000 8.18932216E+001
3.50000000 10.70000000 8.84438776E+001
3.50000000 10.80000000 9.54209184E+001
3.50000000 10.90000000 1.02397959E+002
3.50000000 11.00000000 1.09375000E+002
3.60000000 1.00000000 -1.39005102E+002
3.60000000 1.10000000 -1.32028061E+002
3.60000000 1.20000000 -1.25051020E+002
3.60000000 1.30000000 -1.18073980E+002
3.60000000 1.40000000 -1.11523324E+002
3.60000000 1.50000000 -1.05541181E+002
3.60000000 1.60000000 -9.95590379E+001
3.60000000 1.70000000 -9.35768950E+001
3.60000000 1.80000000 -8.83819242E+001
3.60000000 1.90000000 -8.33181487E+001
3.60000000 2.00000000 -7.82543732E+001
3.60000000 2.10000000 -7.34311224E+001
3.60000000 2.20000000 -6.92091837E+001
3.60000000 2.30000000 -6.49872449E+001
3.60000000 2.40000000 -6.07653061E+001
3.60000000 2.50000000 -5.70900146E+001
3.60000000 2.60000000 -5.36333819E+001
3.60000000 2.70000000 -5.01767493E+001
3.60000000 2.80000000 -4.68185131E+001
3.60000000 2.90000000 -4.40506560E+001
3.60000000 3.00000000 -4.12827988E+001
3.60000000 3.10000000 -3.85149417E+001
3.60000000 3.20000000 -3.60969388E+001
3.60000000 3.30000000 -3.39413265E+001
3.60000000 3.40000000 -3.17857143E+001
3.60000000 3.50000000 -2.96301020E+001
3.60000000 3.60000000 -2.80102041E+001
3.60000000 3.70000000 -2.63903061E+001
3.60000000 3.80000000 -2.47704082E+001
3.60000000 3.90000000 -2.33473032E+001
3.60000000 4.00000000 -2.21865889E+001
3.60000000 4.10000000 -2.10258746E+001
3.60000000 4.20000000 -1.98651603E+001
3.60000000 4.30000000 -1.90324344E+001
3.60000000 4.40000000 -1.82543732E+001
3.60000000 4.50000000 -1.74763120E+001
3.60000000 4.60000000 -1.67857143E+001
3.60000000 4.70000000 -1.63137755E+001
3.60000000 4.80000000 -1.58418367E+001
3.60000000 4.90000000 -1.53698980E+001
3.60000000 5.00000000 -1.50619534E+001
3.60000000 5.10000000 -1.48196064E+001
3.60000000 5.20000000 -1.45772595E+001
3.60000000 5.30000000 -1.43567784E+001
3.60000000 5.40000000 -1.42674927E+001
3.60000000 5.50000000 -1.41782070E+001
3.60000000 5.60000000 -1.40889213E+001
3.60000000 5.70000000 -1.40433673E+001
3.60000000 5.80000000 -1.40306122E+001
3.60000000 5.90000000 -1.40178571E+001
3.60000000 6.00000000 -1.40051020E+001
3.60000000 6.10000000 -1.39923469E+001
3.60000000 6.20000000 -1.39795918E+001
3.60000000 6.30000000 -1.39668367E+001
3.60000000 6.40000000 -1.39212828E+001
3.60000000 6.50000000 -1.38319971E+001
3.60000000 6.60000000 -1.37427114E+001
3.60000000 6.70000000 -1.36534257E+001
3.60000000 6.80000000 -1.34329446E+001
3.60000000 6.90000000 -1.31905977E+001
3.60000000 7.00000000 -1.29482507E+001
3.60000000 7.10000000 -1.26403061E+001
3.60000000 7.20000000 -1.21683673E+001
3.60000000 7.30000000 -1.16964286E+001
3.60000000 7.40000000 -1.12244898E+001
3.60000000 7.50000000 -1.05338921E+001
3.60000000 7.60000000 -9.75583090E+000
3.60000000 7.70000000 -8.97776968E+000
3.60000000 7.80000000 -8.14504373E+000
3.60000000 7.90000000 -6.98432945E+000
3.60000000 8.00000000 -5.82361516E+000
3.60000000 8.10000000 -4.66290087E+000
3.60000000 8.20000000 -3.23979592E+000
3.60000000 8.30000000 -1.61989796E+000
3.60000000 8.40000000 3.59712260E-014
3.60000000 8.50000000 1.61989796E+000
3.60000000 8.60000000 3.77551020E+000
3.60000000 8.70000000 5.93112245E+000
3.60000000 8.80000000 8.08673469E+000
3.60000000 8.90000000 1.05047376E+001
3.60000000 9.00000000 1.32725948E+001
3.60000000 9.10000000 1.60404519E+001
3.60000000 9.20000000 1.88083090E+001
3.60000000 9.30000000 2.21665452E+001
3.60000000 9.40000000 2.56231778E+001
3.60000000 9.50000000 2.90798105E+001
3.60000000 9.60000000 3.27551020E+001
3.60000000 9.70000000 3.69770408E+001
3.60000000 9.80000000 4.11989796E+001
3.60000000 9.90000000 4.54209184E+001
3.60000000 10.00000000 5.02441691E+001
3.60000000 10.10000000 5.53079446E+001
3.60000000 10.20000000 6.03717201E+001
3.60000000 10.30000000 6.55666910E+001
3.60000000 10.40000000 7.15488338E+001
3.60000000 10.50000000 7.75309767E+001
3.60000000 10.60000000 8.35131195E+001
3.60000000 10.70000000 9.00637755E+001
3.60000000 10.80000000 9.70408163E+001
3.60000000 10.90000000 1.04017857E+002
3.60000000 11.00000000 1.10994898E+002
3.70000000 1.00000000 -1.37385204E+002
3.70000000 1.10000000 -1.30408163E+002
3.70000000 1.20000000 -1.23431122E+002
3.70000000 1.30000000 -1.16454082E+002
3.70000000 1.40000000 -1.09903426E+002
3.70000000 1.50000000 -1.03921283E+002
3.70000000 1.60000000 -9.79391399E+001
3.70000000 1.70000000 -9.19569971E+001
3.70000000 1.80000000 -8.67620262E+001
3.70000000 1.90000000 -8.16982507E+001
3.70000000 2.00000000 -7.66344752E+001
3.70000000 2.10000000 -7.18112245E+001
3.70000000 2.20000000 -6.75892857E+001
3.70000000 2.30000000 -6.33673469E+001
3.70000000 2.40000000 -5.91454082E+001
3.70000000 2.50000000 -5.54701166E+001
3.70000000 2.60000000 -5.20134840E+001
3.70000000 2.70000000 -4.85568513E+001
3.70000000 2.80000000 -4.51986152E+001
3.70000000 2.90000000 -4.24307580E+001
3.70000000 3.00000000 -3.96629009E+001
3.70000000 3.10000000 -3.68950437E+001
3.70000000 3.20000000 -3.44770408E+001
3.70000000 3.30000000 -3.23214286E+001
3.70000000 3.40000000 -3.01658163E+001
3.70000000 3.50000000 -2.80102041E+001
3.70000000 3.60000000 -2.63903061E+001
3.70000000 3.70000000 -2.47704082E+001
3.70000000 3.80000000 -2.31505102E+001
3.70000000 3.90000000 -2.17274052E+001
3.70000000 4.00000000 -2.05666910E+001
3.70000000 4.10000000 -1.94059767E+001
3.70000000 4.20000000 -1.82452624E+001
3.70000000 4.30000000 -1.74125364E+001
3.70000000 4.40000000 -1.66344752E+001
3.70000000 4.50000000 -1.58564140E+001
3.70000000 4.60000000 -1.51658163E+001
3.70000000 4.70000000 -1.46938776E+001
3.70000000 4.80000000 -1.42219388E+001
3.70000000 4.90000000 -1.37500000E+001
3.70000000 5.00000000 -1.34420554E+001
3.70000000 5.10000000 -1.31997085E+001
3.70000000 5.20000000 -1.29573615E+001
3.70000000 5.30000000 -1.27368805E+001
3.70000000 5.40000000 -1.26475948E+001
3.70000000 5.50000000 -1.25583090E+001
3.70000000 5.60000000 -1.24690233E+001
3.70000000 5.70000000 -1.24234694E+001
3.70000000 5.80000000 -1.24107143E+001
3.70000000 5.90000000 -1.23979592E+001
3.70000000 6.00000000 -1.23852041E+001
3.70000000 6.10000000 -1.23724490E+001
3.70000000 6.20000000 -1.23596939E+001
3.70000000 6.30000000 -1.23469388E+001
3.70000000 6.40000000 -1.23013848E+001
3.70000000 6.50000000 -1.22120991E+001
3.70000000 6.60000000 -1.21228134E+001
3.70000000 6.70000000 -1.20335277E+001
3.70000000 6.80000000 -1.18130466E+001
3.70000000 6.90000000 -1.15706997E+001
3.70000000 7.00000000 -1.13283528E+001
3.70000000 7.10000000 -1.10204082E+001
3.70000000 7.20000000 -1.05484694E+001
3.70000000 7.30000000 -1.00765306E+001
3.70000000 7.40000000 -9.60459184E+000
3.70000000 7.50000000 -8.91399417E+000
3.70000000 7.60000000 -8.13593294E+000
3.70000000 7.70000000 -7.35787172E+000
3.70000000 7.80000000 -6.52514577E+000
3.70000000 7.90000000 -5.36443149E+000
3.70000000 8.00000000 -4.20371720E+000
3.70000000 8.10000000 -3.04300292E+000
3.70000000 8.20000000 -1.61989796E+000
3.70000000 8.30000000 2.90878432E-014
3.70000000 8.40000000 1.61989796E+000
3.70000000 8.50000000 3.23979592E+000
3.70000000 8.60000000 5.39540816E+000
3.70000000 8.70000000 7.55102041E+000
3.70000000 8.80000000 9.70663265E+000
3.70000000 8.90000000 1.21246356E+001
3.70000000 9.00000000 1.48924927E+001
3.70000000 9.10000000 1.76603499E+001
3.70000000 9.20000000 2.04282070E+001
3.70000000 9.30000000 2.37864431E+001
3.70000000 9.40000000 2.72430758E+001
3.70000000 9.50000000 3.06997085E+001
3.70000000 9.60000000 3.43750000E+001
3.70000000 9.70000000 3.85969388E+001
3.70000000 9.80000000 4.28188776E+001
3.70000000 9.90000000 4.70408163E+001
3.70000000 10.00000000 5.18640671E+001
3.70000000 10.10000000 5.69278426E+001
3.70000000 10.20000000 6.19916181E+001
3.70000000 10.30000000 6.71865889E+001
3.70000000 10.40000000 7.31687318E+001
3.70000000 10.50000000 7.91508746E+001
3.70000000 10.60000000 8.51330175E+001
3.70000000 10.70000000 9.16836735E+001
3.70000000 10.80000000 9.86607143E+001
3.70000000 10.90000000 1.05637755E+002
3.70000000 11.00000000 1.12614796E+002
3.80000000 1.00000000 -1.35765306E+002
3.80000000 1.10000000 -1.28788265E+002
3.80000000 1.20000000 -1.21811224E+002
3.80000000 1.30000000 -1.14834184E+002
3.80000000 1.40000000 -1.08283528E+002
3.80000000 1.50000000 -1.02301385E+002
3.80000000 1.60000000 -9.63192420E+001
3.80000000 1.70000000 -9.03370991E+001
3.80000000 1.80000000 -8.51421283E+001
3.80000000 1.90000000 -8.00783528E+001
3.80000000 2.00000000 -7.50145773E+001
3.80000000 2.10000000 -7.01913265E+001
3.80000000 2.20000000 -6.59693878E+001
3.80000000 2.30000000 -6.17474490E+001
3.80000000 2.40000000 -5.75255102E+001
3.80000000 2.50000000 -5.38502187E+001
3.80000000 2.60000000 -5.03935860E+001
3.80000000 2.70000000 -4.69369534E+001
3.80000000 2.80000000 -4.35787172E+001
3.80000000 2.90000000 -4.08108601E+001
3.80000000 3.00000000 -3.80430029E+001
3.80000000 3.10000000 -3.52751458E+001
3.80000000 3.20000000 -3.28571429E+001
3.80000000 3.30000000 -3.07015306E+001
3.80000000 3.40000000 -2.85459184E+001
3.80000000 3.50000000 -2.63903061E+001
3.80000000 3.60000000 -2.47704082E+001
3.80000000 3.70000000 -2.31505102E+001
3.80000000 3.80000000 -2.15306122E+001
3.80000000 3.90000000 -2.01075073E+001
3.80000000 4.00000000 -1.89467930E+001
3.80000000 4.10000000 -1.77860787E+001
3.80000000 4.20000000 -1.66253644E+001
3.80000000 4.30000000 -1.57926385E+001
3.80000000 4.40000000 -1.50145773E+001
3.80000000 4.50000000 -1.42365160E+001
3.80000000 4.60000000 -1.35459184E+001
3.80000000 4.70000000 -1.30739796E+001
3.80000000 4.80000000 -1.26020408E+001
3.80000000 4.90000000 -1.21301020E+001
3.80000000 5.00000000 -1.18221574E+001
3.80000000 5.10000000 -1.15798105E+001
3.80000000 5.20000000 -1.13374636E+001
3.80000000 5.30000000 -1.11169825E+001
3.80000000 5.40000000 -1.10276968E+001
3.80000000 5.50000000 -1.09384111E+001
3.80000000 5.60000000 -1.08491254E+001
3.80000000 5.70000000 -1.08035714E+001
3.80000000 5.80000000 -1.07908163E+001
3.80000000 5.90000000 -1.07780612E+001
3.80000000 6.00000000 -1.07653061E+001
3.80000000 6.10000000 -1.07525510E+001
3.80000000 6.20000000 -1.07397959E+001
3.80000000 6.30000000 -1.07270408E+001
3.80000000 6.40000000 -1.06814869E+001
3.80000000 6.50000000 -1.05922012E+001
3.80000000 6.60000000 -1.05029155E+001
3.80000000 6.70000000 -1.04136297E+001
3.80000000 6.80000000 -1.01931487E+001
3.80000000 6.90000000 -9.95080175E+000
3.80000000 7.00000000 -9.70845481E+000
3.80000000 7.10000000 -9.40051020E+000
3.80000000 7.20000000 -8.92857143E+000
3.80000000 7.30000000 -8.45663265E+000
3.80000000 7.40000000 -7.98469388E+000
3.80000000 7.50000000 -7.29409621E+000
3.80000000 7.60000000 -6.51603499E+000
3.80000000 7.70000000 -5.73797376E+000
3.80000000 7.80000000 -4.90524781E+000
3.80000000 7.90000000 -3.74453353E+000
3.80000000 8.00000000 -2.58381924E+000
3.80000000 8.10000000 -1.42310496E+000
3.80000000 8.20000000 2.87547763E-014
3.80000000 8.30000000 1.61989796E+000
3.80000000 8.40000000 3.23979592E+000
3.80000000 8.50000000 4.85969388E+000
3.80000000 8.60000000 7.01530612E+000
3.80000000 8.70000000 9.17091837E+000
3.80000000 8.80000000 1.13265306E+001
3.80000000 8.90000000 1.37445335E+001
3.80000000 9.00000000 1.65123907E+001
3.80000000 9.10000000 1.92802478E+001
3.80000000 9.20000000 2.20481050E+001
3.80000000 9.30000000 2.54063411E+001
3.80000000 9.40000000 2.88629738E+001
3.80000000 9.50000000 3.23196064E+001
3.80000000 9.60000000 3.59948980E+001
3.80000000 9.70000000 4.02168367E+001
3.80000000 9.80000000 4.44387755E+001
3.80000000 9.90000000 4.86607143E+001
3.80000000 10.00000000 5.34839650E+001
3.80000000 10.10000000 5.85477405E+001
3.80000000 10.20000000 6.36115160E+001
3.80000000 10.30000000 6.88064869E+001
3.80000000 10.40000000 7.47886297E+001
3.80000000 10.50000000 8.07707726E+001
3.80000000 10.60000000 8.67529155E+001
3.80000000 10.70000000 9.33035714E+001
3.80000000 10.80000000 1.00280612E+002
3.80000000 10.90000000 1.07257653E+002
3.80000000 11.00000000 1.14234694E+002
3.90000000 1.00000000 -1.34342201E+002
3.90000000 1.10000000 -1.27365160E+002
3.90000000 1.20000000 -1.20388120E+002
3.90000000 1.30000000 -1.13411079E+002
3.90000000 1.40000000 -1.06860423E+002
3.90000000 1.50000000 -1.00878280E+002
3.90000000 1.60000000 -9.48961370E+001
3.90000000 1.70000000 -8.89139942E+001
3.90000000 1.80000000 -8.37190233E+001
3.90000000 1.90000000 -7.86552478E+001
3.90000000 2.00000000 -7.35914723E+001
3.90000000 2.10000000 -6.87682216E+001
3.90000000 2.20000000 -6.45462828E+001
3.90000000 2.30000000 -6.03243440E+001
3.90000000 2.40000000 -5.61024052E+001
3.90000000 2.50000000 -5.24271137E+001
3.90000000 2.60000000 -4.89704810E+001
3.90000000 2.70000000 -4.55138484E+001
3.90000000 2.80000000 -4.21556122E+001
3.90000000 2.90000000 -3.93877551E+001
3.90000000 3.00000000 -3.66198980E+001
3.90000000 3.10000000 -3.38520408E+001
3.90000000 3.20000000 -3.14340379E+001
3.90000000 3.30000000 -2.92784257E+001
3.90000000 3.40000000 -2.71228134E+001
3.90000000 3.50000000 -2.49672012E+001
3.90000000 3.60000000 -2.33473032E+001
3.90000000 3.70000000 -2.17274052E+001
3.90000000 3.80000000 -2.01075073E+001
3.90000000 3.90000000 -1.86844023E+001
3.90000000 4.00000000 -1.75236880E+001
3.90000000 4.10000000 -1.63629738E+001
3.90000000 4.20000000 -1.52022595E+001
3.90000000 4.30000000 -1.43695335E+001
3.90000000 4.40000000 -1.35914723E+001
3.90000000 4.50000000 -1.28134111E+001
3.90000000 4.60000000 -1.21228134E+001
3.90000000 4.70000000 -1.16508746E+001
3.90000000 4.80000000 -1.11789359E+001
3.90000000 4.90000000 -1.07069971E+001
3.90000000 5.00000000 -1.03990525E+001
3.90000000 5.10000000 -1.01567055E+001
3.90000000 5.20000000 -9.91435860E+000
3.90000000 5.30000000 -9.69387755E+000
3.90000000 5.40000000 -9.60459184E+000
3.90000000 5.50000000 -9.51530612E+000
3.90000000 5.60000000 -9.42602041E+000
3.90000000 5.70000000 -9.38046647E+000
3.90000000 5.80000000 -9.36771137E+000
3.90000000 5.90000000 -9.35495627E+000
3.90000000 6.00000000 -9.34220117E+000
3.90000000 6.10000000 -9.32944606E+000
3.90000000 6.20000000 -9.31669096E+000
3.90000000 6.30000000 -9.30393586E+000
3.90000000 6.40000000 -9.25838192E+000
3.90000000 6.50000000 -9.16909621E+000
3.90000000 6.60000000 -9.07981050E+000
3.90000000 6.70000000 -8.99052478E+000
3.90000000 6.80000000 -8.77004373E+000
3.90000000 6.90000000 -8.52769679E+000
3.90000000 7.00000000 -8.28534985E+000
3.90000000 7.10000000 -7.97740525E+000
3.90000000 7.20000000 -7.50546647E+000
3.90000000 7.30000000 -7.03352770E+000
3.90000000 7.40000000 -6.56158892E+000
3.90000000 7.50000000 -5.87099125E+000
3.90000000 7.60000000 -5.09293003E+000
3.90000000 7.70000000 -4.31486880E+000
3.90000000 7.80000000 -3.48214286E+000
3.90000000 7.90000000 -2.32142857E+000
3.90000000 8.00000000 -1.16071429E+000
3.90000000 8.10000000 2.40363285E-014
3.90000000 8.20000000 1.42310496E+000
3.90000000 8.30000000 3.04300292E+000
3.90000000 8.40000000 4.66290087E+000
3.90000000 8.50000000 6.28279883E+000
3.90000000 8.60000000 8.43841108E+000
3.90000000 8.70000000 1.05940233E+001
3.90000000 8.80000000 1.27496356E+001
3.90000000 8.90000000 1.51676385E+001
3.90000000 9.00000000 1.79354956E+001
3.90000000 9.10000000 2.07033528E+001
3.90000000 9.20000000 2.34712099E+001
3.90000000 9.30000000 2.68294461E+001
3.90000000 9.40000000 3.02860787E+001
3.90000000 9.50000000 3.37427114E+001
3.90000000 9.60000000 3.74180029E+001
3.90000000 9.70000000 4.16399417E+001
3.90000000 9.80000000 4.58618805E+001
3.90000000 9.90000000 5.00838192E+001
3.90000000 10.00000000 5.49070700E+001
3.90000000 10.10000000 5.99708455E+001
3.90000000 10.20000000 6.50346210E+001
3.90000000 10.30000000 7.02295918E+001
3.90000000 10.40000000 7.62117347E+001
3.90000000 10.50000000 8.21938776E+001
3.90000000 10.60000000 8.81760204E+001
3.90000000 10.70000000 9.47266764E+001
3.90000000 10.80000000 1.01703717E+002
3.90000000 10.90000000 1.08680758E+002
3.90000000 11.00000000 1.15657799E+002
4.00000000 1.00000000 -1.33181487E+002
4.00000000 1.10000000 -1.26204446E+002
4.00000000 1.20000000 -1.19227405E+002
4.00000000 1.30000000 -1.12250364E+002
4.00000000 1.40000000 -1.05699708E+002
4.00000000 1.50000000 -9.97175656E+001
4.00000000 1.60000000 -9.37354227E+001
4.00000000 1.70000000 -8.77532799E+001
4.00000000 1.80000000 -8.25583090E+001
4.00000000 1.90000000 -7.74945335E+001
4.00000000 2.00000000 -7.24307580E+001
4.00000000 2.10000000 -6.76075073E+001
4.00000000 2.20000000 -6.33855685E+001
4.00000000 2.30000000 -5.91636297E+001
4.00000000 2.40000000 -5.49416910E+001
4.00000000 2.50000000 -5.12663994E+001
4.00000000 2.60000000 -4.78097668E+001
4.00000000 2.70000000 -4.43531341E+001
4.00000000 2.80000000 -4.09948980E+001
4.00000000 2.90000000 -3.82270408E+001
4.00000000 3.00000000 -3.54591837E+001
4.00000000 3.10000000 -3.26913265E+001
4.00000000 3.20000000 -3.02733236E+001
4.00000000 3.30000000 -2.81177114E+001
4.00000000 3.40000000 -2.59620991E+001
4.00000000 3.50000000 -2.38064869E+001
4.00000000 3.60000000 -2.21865889E+001
4.00000000 3.70000000 -2.05666910E+001
4.00000000 3.80000000 -1.89467930E+001
4.00000000 3.90000000 -1.75236880E+001
4.00000000 4.00000000 -1.63629738E+001
4.00000000 4.10000000 -1.52022595E+001
4.00000000 4.20000000 -1.40415452E+001
4.00000000 4.30000000 -1.32088192E+001
4.00000000 4.40000000 -1.24307580E+001
4.00000000 4.50000000 -1.16526968E+001
4.00000000 4.60000000 -1.09620991E+001
4.00000000 4.70000000 -1.04901603E+001
4.00000000 4.80000000 -1.00182216E+001
4.00000000 4.90000000 -9.54628280E+000
4.00000000 5.00000000 -9.23833819E+000
4.00000000 5.10000000 -8.99599125E+000
4.00000000 5.20000000 -8.75364431E+000
4.00000000 5.30000000 -8.53316327E+000
4.00000000 5.40000000 -8.44387755E+000
4.00000000 5.50000000 -8.35459184E+000
4.00000000 5.60000000 -8.26530612E+000
4.00000000 5.70000000 -8.21975219E+000
4.00000000 5.80000000 -8.20699708E+000
4.00000000 5.90000000 -8.19424198E+000
4.00000000 6.00000000 -8.18148688E+000
4.00000000 6.10000000 -8.16873178E+000
4.00000000 6.20000000 -8.15597668E+000
4.00000000 6.30000000 -8.14322157E+000
4.00000000 6.40000000 -8.09766764E+000
4.00000000 6.50000000 -8.00838192E+000
4.00000000 6.60000000 -7.91909621E+000
4.00000000 6.70000000 -7.82981050E+000
4.00000000 6.80000000 -7.60932945E+000
4.00000000 6.90000000 -7.36698251E+000
4.00000000 7.00000000 -7.12463557E+000
4.00000000 7.10000000 -6.81669096E+000
4.00000000 7.20000000 -6.34475219E+000
4.00000000 7.30000000 -5.87281341E+000
4.00000000 7.40000000 -5.40087464E+000
4.00000000 7.50000000 -4.71027697E+000
4.00000000 7.60000000 -3.93221574E+000
4.00000000 7.70000000 -3.15415452E+000
4.00000000 7.80000000 -2.32142857E+000
4.00000000 7.90000000 -1.16071429E+000
4.00000000 8.00000000 2.97539771E-014
4.00000000 8.10000000 1.16071429E+000
4.00000000 8.20000000 2.58381924E+000
4.00000000 8.30000000 4.20371720E+000
4.00000000 8.40000000 5.82361516E+000
4.00000000 8.50000000 7.44351312E+000
4.00000000 8.60000000 9.59912536E+000
4.00000000 8.70000000 1.17547376E+001
4.00000000 8.80000000 1.39103499E+001
4.00000000 8.90000000 1.63283528E+001
4.00000000 9.00000000 1.90962099E+001
4.00000000 9.10000000 2.18640671E+001
4.00000000 9.20000000 2.46319242E+001
4.00000000 9.30000000 2.79901603E+001
4.00000000 9.40000000 3.14467930E+001
4.00000000 9.50000000 3.49034257E+001
4.00000000 9.60000000 3.85787172E+001
4.00000000 9.70000000 4.28006560E+001
4.00000000 9.80000000 4.70225948E+001
4.00000000 9.90000000 5.12445335E+001
4.00000000 10.00000000 5.60677843E+001
4.00000000 10.10000000 6.11315598E+001
4.00000000 10.20000000 6.61953353E+001
4.00000000 10.30000000 7.13903061E+001
4.00000000 10.40000000 7.73724490E+001
4.00000000 10.50000000 8.33545918E+001
4.00000000 10.60000000 8.93367347E+001
4.00000000 10.70000000 9.58873907E+001
4.00000000 10.80000000 1.02864431E+002
4.00000000 10.90000000 1.09841472E+002
4.00000000 11.00000000 1.16818513E+002
4.10000000 1.00000000 -1.32020773E+002
4.10000000 1.10000000 -1.25043732E+002
4.10000000 1.20000000 -1.18066691E+002
4.10000000 1.30000000 -1.11089650E+002
4.10000000 1.40000000 -1.04538994E+002
4.10000000 1.50000000 -9.85568513E+001
4.10000000 1.60000000 -9.25747085E+001
4.10000000 1.70000000 -8.65925656E+001
4.10000000 1.80000000 -8.13975948E+001
4.10000000 1.90000000 -7.63338192E+001
4.10000000 2.00000000 -7.12700437E+001
4.10000000 2.10000000 -6.64467930E+001
4.10000000 2.20000000 -6.22248542E+001
4.10000000 2.30000000 -5.80029155E+001
4.10000000 2.40000000 -5.37809767E+001
4.10000000 2.50000000 -5.01056851E+001
4.10000000 2.60000000 -4.66490525E+001
4.10000000 2.70000000 -4.31924198E+001
4.10000000 2.80000000 -3.98341837E+001
4.10000000 2.90000000 -3.70663265E+001
4.10000000 3.00000000 -3.42984694E+001
4.10000000 3.10000000 -3.15306122E+001
4.10000000 3.20000000 -2.91126093E+001
4.10000000 3.30000000 -2.69569971E+001
4.10000000 3.40000000 -2.48013848E+001
4.10000000 3.50000000 -2.26457726E+001
4.10000000 3.60000000 -2.10258746E+001
4.10000000 3.70000000 -1.94059767E+001
4.10000000 3.80000000 -1.77860787E+001
4.10000000 3.90000000 -1.63629738E+001
4.10000000 4.00000000 -1.52022595E+001
4.10000000 4.10000000 -1.40415452E+001
4.10000000 4.20000000 -1.28808309E+001
4.10000000 4.30000000 -1.20481050E+001
4.10000000 4.40000000 -1.12700437E+001
4.10000000 4.50000000 -1.04919825E+001
4.10000000 4.60000000 -9.80138484E+000
4.10000000 4.70000000 -9.32944606E+000
4.10000000 4.80000000 -8.85750729E+000
4.10000000 4.90000000 -8.38556851E+000
4.10000000 5.00000000 -8.07762391E+000
4.10000000 5.10000000 -7.83527697E+000
4.10000000 5.20000000 -7.59293003E+000
4.10000000 5.30000000 -7.37244898E+000
4.10000000 5.40000000 -7.28316327E+000
4.10000000 5.50000000 -7.19387755E+000
4.10000000 5.60000000 -7.10459184E+000
4.10000000 5.70000000 -7.05903790E+000
4.10000000 5.80000000 -7.04628280E+000
4.10000000 5.90000000 -7.03352770E+000
4.10000000 6.00000000 -7.02077259E+000
4.10000000 6.10000000 -7.00801749E+000
4.10000000 6.20000000 -6.99526239E+000
4.10000000 6.30000000 -6.98250729E+000
4.10000000 6.40000000 -6.93695335E+000
4.10000000 6.50000000 -6.84766764E+000
4.10000000 6.60000000 -6.75838192E+000
4.10000000 6.70000000 -6.66909621E+000
4.10000000 6.80000000 -6.44861516E+000
4.10000000 6.90000000 -6.20626822E+000
4.10000000 7.00000000 -5.96392128E+000
4.10000000 7.10000000 -5.65597668E+000
4.10000000 7.20000000 -5.18403790E+000
4.10000000 7.30000000 -4.71209913E+000
4.10000000 7.40000000 -4.24016035E+000
4.10000000 7.50000000 -3.54956268E+000
4.10000000 7.60000000 -2.77150146E+000
4.10000000 7.70000000 -1.99344023E+000
4.10000000 7.80000000 -1.16071429E+000
4.10000000 7.90000000 5.08482145E-014
4.10000000 8.00000000 1.16071429E+000
4.10000000 8.10000000 2.32142857E+000
4.10000000 8.20000000 3.74453353E+000
4.10000000 8.30000000 5.36443149E+000
4.10000000 8.40000000 6.98432945E+000
4.10000000 8.50000000 8.60422741E+000
4.10000000 8.60000000 1.07598397E+001
4.10000000 8.70000000 1.29154519E+001
4.10000000 8.80000000 1.50710641E+001
4.10000000 8.90000000 1.74890671E+001
4.10000000 9.00000000 2.02569242E+001
4.10000000 9.10000000 2.30247813E+001
4.10000000 9.20000000 2.57926385E+001
4.10000000 9.30000000 2.91508746E+001
4.10000000 9.40000000 3.26075073E+001
4.10000000 9.50000000 3.60641399E+001
4.10000000 9.60000000 3.97394315E+001
4.10000000 9.70000000 4.39613703E+001
4.10000000 9.80000000 4.81833090E+001
4.10000000 9.90000000 5.24052478E+001
4.10000000 10.00000000 5.72284985E+001
4.10000000 10.10000000 6.22922741E+001
4.10000000 10.20000000 6.73560496E+001
4.10000000 10.30000000 7.25510204E+001
4.10000000 10.40000000 7.85331633E+001
4.10000000 10.50000000 8.45153061E+001
4.10000000 10.60000000 9.04974490E+001
4.10000000 10.70000000 9.70481050E+001
4.10000000 10.80000000 1.04025146E+002
4.10000000 10.90000000 1.11002187E+002
4.10000000 11.00000000 1.17979227E+002
4.20000000 1.00000000 -1.30860058E+002
4.20000000 1.10000000 -1.23883017E+002
4.20000000 1.20000000 -1.16905977E+002
4.20000000 1.30000000 -1.09928936E+002
4.20000000 1.40000000 -1.03378280E+002
4.20000000 1.50000000 -9.73961370E+001
4.20000000 1.60000000 -9.14139942E+001
4.20000000 1.70000000 -8.54318513E+001
4.20000000 1.80000000 -8.02368805E+001
4.20000000 1.90000000 -7.51731050E+001
4.20000000 2.00000000 -7.01093294E+001
4.20000000 2.10000000 -6.52860787E+001
4.20000000 2.20000000 -6.10641399E+001
4.20000000 2.30000000 -5.68422012E+001
4.20000000 2.40000000 -5.26202624E+001
4.20000000 2.50000000 -4.89449708E+001
4.20000000 2.60000000 -4.54883382E+001
4.20000000 2.70000000 -4.20317055E+001
4.20000000 2.80000000 -3.86734694E+001
4.20000000 2.90000000 -3.59056122E+001
4.20000000 3.00000000 -3.31377551E+001
4.20000000 3.10000000 -3.03698980E+001
4.20000000 3.20000000 -2.79518950E+001
4.20000000 3.30000000 -2.57962828E+001
4.20000000 3.40000000 -2.36406706E+001
4.20000000 3.50000000 -2.14850583E+001
4.20000000 3.60000000 -1.98651603E+001
4.20000000 3.70000000 -1.82452624E+001
4.20000000 3.80000000 -1.66253644E+001
4.20000000 3.90000000 -1.52022595E+001
4.20000000 4.00000000 -1.40415452E+001
4.20000000 4.10000000 -1.28808309E+001
4.20000000 4.20000000 -1.17201166E+001
4.20000000 4.30000000 -1.08873907E+001
4.20000000 4.40000000 -1.01093294E+001
4.20000000 4.50000000 -9.33126822E+000
4.20000000 4.60000000 -8.64067055E+000
4.20000000 4.70000000 -8.16873178E+000
4.20000000 4.80000000 -7.69679300E+000
4.20000000 4.90000000 -7.22485423E+000
4.20000000 5.00000000 -6.91690962E+000
4.20000000 5.10000000 -6.67456268E+000
4.20000000 5.20000000 -6.43221574E+000
4.20000000 5.30000000 -6.21173469E+000
4.20000000 5.40000000 -6.12244898E+000
4.20000000 5.50000000 -6.03316327E+000
4.20000000 5.60000000 -5.94387755E+000
4.20000000 5.70000000 -5.89832362E+000
4.20000000 5.80000000 -5.88556851E+000
4.20000000 5.90000000 -5.87281341E+000
4.20000000 6.00000000 -5.86005831E+000
4.20000000 6.10000000 -5.84730321E+000
4.20000000 6.20000000 -5.83454810E+000
4.20000000 6.30000000 -5.82179300E+000
4.20000000 6.40000000 -5.77623907E+000
4.20000000 6.50000000 -5.68695335E+000
4.20000000 6.60000000 -5.59766764E+000
4.20000000 6.70000000 -5.50838192E+000
4.20000000 6.80000000 -5.28790087E+000
4.20000000 6.90000000 -5.04555394E+000
4.20000000 7.00000000 -4.80320700E+000
4.20000000 7.10000000 -4.49526239E+000
4.20000000 7.20000000 -4.02332362E+000
4.20000000 7.30000000 -3.55138484E+000
4.20000000 7.40000000 -3.07944606E+000
4.20000000 7.50000000 -2.38884840E+000
4.20000000 7.60000000 -1.61078717E+000
4.20000000 7.70000000 -8.32725948E-001
4.20000000 7.80000000 -5.55111512E-017
4.20000000 7.90000000 1.16071429E+000
4.20000000 8.00000000 2.32142857E+000
4.20000000 8.10000000 3.48214286E+000
4.20000000 8.20000000 4.90524781E+000
4.20000000 8.30000000 6.52514577E+000
4.20000000 8.40000000 8.14504373E+000
4.20000000 8.50000000 9.76494169E+000
4.20000000 8.60000000 1.19205539E+001
4.20000000 8.70000000 1.40761662E+001
4.20000000 8.80000000 1.62317784E+001
4.20000000 8.90000000 1.86497813E+001
4.20000000 9.00000000 2.14176385E+001
4.20000000 9.10000000 2.41854956E+001
4.20000000 9.20000000 2.69533528E+001
4.20000000 9.30000000 3.03115889E+001
4.20000000 9.40000000 3.37682216E+001
4.20000000 9.50000000 3.72248542E+001
4.20000000 9.60000000 4.09001458E+001
4.20000000 9.70000000 4.51220845E+001
4.20000000 9.80000000 4.93440233E+001
4.20000000 9.90000000 5.35659621E+001
4.20000000 10.00000000 5.83892128E+001
4.20000000 10.10000000 6.34529883E+001
4.20000000 10.20000000 6.85167638E+001
4.20000000 10.30000000 7.37117347E+001
4.20000000 10.40000000 7.96938776E+001
4.20000000 10.50000000 8.56760204E+001
4.20000000 10.60000000 9.16581633E+001
4.20000000 10.70000000 9.82088192E+001
4.20000000 10.80000000 1.05185860E+002
4.20000000 10.90000000 1.12162901E+002
4.20000000 11.00000000 1.19139942E+002
4.30000000 1.00000000 -1.30027332E+002
4.30000000 1.10000000 -1.23050292E+002
4.30000000 1.20000000 -1.16073251E+002
4.30000000 1.30000000 -1.09096210E+002
4.30000000 1.40000000 -1.02545554E+002
4.30000000 1.50000000 -9.65634111E+001
4.30000000 1.60000000 -9.05812682E+001
4.30000000 1.70000000 -8.45991254E+001
4.30000000 1.80000000 -7.94041545E+001
4.30000000 1.90000000 -7.43403790E+001
4.30000000 2.00000000 -6.92766035E+001
4.30000000 2.10000000 -6.44533528E+001
4.30000000 2.20000000 -6.02314140E+001
4.30000000 2.30000000 -5.60094752E+001
4.30000000 2.40000000 -5.17875364E+001
4.30000000 2.50000000 -4.81122449E+001
4.30000000 2.60000000 -4.46556122E+001
4.30000000 2.70000000 -4.11989796E+001
4.30000000 2.80000000 -3.78407434E+001
4.30000000 2.90000000 -3.50728863E+001
4.30000000 3.00000000 -3.23050292E+001
4.30000000 3.10000000 -2.95371720E+001
4.30000000 3.20000000 -2.71191691E+001
4.30000000 3.30000000 -2.49635569E+001
4.30000000 3.40000000 -2.28079446E+001
4.30000000 3.50000000 -2.06523324E+001
4.30000000 3.60000000 -1.90324344E+001
4.30000000 3.70000000 -1.74125364E+001
4.30000000 3.80000000 -1.57926385E+001
4.30000000 3.90000000 -1.43695335E+001
4.30000000 4.00000000 -1.32088192E+001
4.30000000 4.10000000 -1.20481050E+001
4.30000000 4.20000000 -1.08873907E+001
4.30000000 4.30000000 -1.00546647E+001
4.30000000 4.40000000 -9.27660350E+000
4.30000000 4.50000000 -8.49854227E+000
4.30000000 4.60000000 -7.80794461E+000
4.30000000 4.70000000 -7.33600583E+000
4.30000000 4.80000000 -6.86406706E+000
4.30000000 4.90000000 -6.39212828E+000
4.30000000 5.00000000 -6.08418367E+000
4.30000000 5.10000000 -5.84183673E+000
4.30000000 5.20000000 -5.59948980E+000
4.30000000 5.30000000 -5.37900875E+000
4.30000000 5.40000000 -5.28972303E+000
4.30000000 5.50000000 -5.20043732E+000
4.30000000 5.60000000 -5.11115160E+000
4.30000000 5.70000000 -5.06559767E+000
4.30000000 5.80000000 -5.05284257E+000
4.30000000 5.90000000 -5.04008746E+000
4.30000000 6.00000000 -5.02733236E+000
4.30000000 6.10000000 -5.01457726E+000
4.30000000 6.20000000 -5.00182216E+000
4.30000000 6.30000000 -4.98906706E+000
4.30000000 6.40000000 -4.94351312E+000
4.30000000 6.50000000 -4.85422741E+000
4.30000000 6.60000000 -4.76494169E+000
4.30000000 6.70000000 -4.67565598E+000
4.30000000 6.80000000 -4.45517493E+000
4.30000000 6.90000000 -4.21282799E+000
4.30000000 7.00000000 -3.97048105E+000
4.30000000 7.10000000 -3.66253644E+000
4.30000000 7.20000000 -3.19059767E+000
4.30000000 7.30000000 -2.71865889E+000
4.30000000 7.40000000 -2.24672012E+000
4.30000000 7.50000000 -1.55612245E+000
4.30000000 7.60000000 -7.78061224E-001
4.30000000 7.70000000 2.08721929E-014
4.30000000 7.80000000 8.32725948E-001
4.30000000 7.90000000 1.99344023E+000
4.30000000 8.00000000 3.15415452E+000
4.30000000 8.10000000 4.31486880E+000
4.30000000 8.20000000 5.73797376E+000
4.30000000 8.30000000 7.35787172E+000
4.30000000 8.40000000 8.97776968E+000
4.30000000 8.50000000 1.05976676E+001
4.30000000 8.60000000 1.27532799E+001
4.30000000 8.70000000 1.49088921E+001
4.30000000 8.80000000 1.70645044E+001
4.30000000 8.90000000 1.94825073E+001
4.30000000 9.00000000 2.22503644E+001
4.30000000 9.10000000 2.50182216E+001
4.30000000 9.20000000 2.77860787E+001
4.30000000 9.30000000 3.11443149E+001
4.30000000 9.40000000 3.46009475E+001
4.30000000 9.50000000 3.80575802E+001
4.30000000 9.60000000 4.17328717E+001
4.30000000 9.70000000 4.59548105E+001
4.30000000 9.80000000 5.01767493E+001
4.30000000 9.90000000 5.43986880E+001
4.30000000 10.00000000 5.92219388E+001
4.30000000 10.10000000 6.42857143E+001
4.30000000 10.20000000 6.93494898E+001
4.30000000 10.30000000 7.45444606E+001
4.30000000 10.40000000 8.05266035E+001
4.30000000 10.50000000 8.65087464E+001
4.30000000 10.60000000 9.24908892E+001
4.30000000 10.70000000 9.90415452E+001
4.30000000 10.80000000 1.06018586E+002
4.30000000 10.90000000 1.12995627E+002
4.30000000 11.00000000 1.19972668E+002
4.40000000 1.00000000 -1.29249271E+002
4.40000000 1.10000000 -1.22272230E+002
4.40000000 1.20000000 -1.15295190E+002
4.40000000 1.30000000 -1.08318149E+002
4.40000000 1.40000000 -1.01767493E+002
4.40000000 1.50000000 -9.57853499E+001
4.40000000 1.60000000 -8.98032070E+001
4.40000000 1.70000000 -8.38210641E+001
4.40000000 1.80000000 -7.86260933E+001
4.40000000 1.90000000 -7.35623178E+001
4.40000000 2.00000000 -6.84985423E+001
4.40000000 2.10000000 -6.36752915E+001
4.40000000 2.20000000 -5.94533528E+001
4.40000000 2.30000000 -5.52314140E+001
4.40000000 2.40000000 -5.10094752E+001
4.40000000 2.50000000 -4.73341837E+001
4.40000000 2.60000000 -4.38775510E+001
4.40000000 2.70000000 -4.04209184E+001
4.40000000 2.80000000 -3.70626822E+001
4.40000000 2.90000000 -3.42948251E+001
4.40000000 3.00000000 -3.15269679E+001
4.40000000 3.10000000 -2.87591108E+001
4.40000000 3.20000000 -2.63411079E+001
4.40000000 3.30000000 -2.41854956E+001
4.40000000 3.40000000 -2.20298834E+001
4.40000000 3.50000000 -1.98742711E+001
4.40000000 3.60000000 -1.82543732E+001
4.40000000 3.70000000 -1.66344752E+001
4.40000000 3.80000000 -1.50145773E+001
4.40000000 3.90000000 -1.35914723E+001
4.40000000 4.00000000 -1.24307580E+001
4.40000000 4.10000000 -1.12700437E+001
4.40000000 4.20000000 -1.01093294E+001
4.40000000 4.30000000 -9.27660350E+000
4.40000000 4.40000000 -8.49854227E+000
4.40000000 4.50000000 -7.72048105E+000
4.40000000 4.60000000 -7.02988338E+000
4.40000000 4.70000000 -6.55794461E+000
4.40000000 4.80000000 -6.08600583E+000
4.40000000 4.90000000 -5.61406706E+000
4.40000000 5.00000000 -5.30612245E+000
4.40000000 5.10000000 -5.06377551E+000
4.40000000 5.20000000 -4.82142857E+000
4.40000000 5.30000000 -4.60094752E+000
4.40000000 5.40000000 -4.51166181E+000
4.40000000 5.50000000 -4.42237609E+000
4.40000000 5.60000000 -4.33309038E+000
4.40000000 5.70000000 -4.28753644E+000
4.40000000 5.80000000 -4.27478134E+000
4.40000000 5.90000000 -4.26202624E+000
4.40000000 6.00000000 -4.24927114E+000
4.40000000 6.10000000 -4.23651603E+000
4.40000000 6.20000000 -4.22376093E+000
4.40000000 6.30000000 -4.21100583E+000
4.40000000 6.40000000 -4.16545190E+000
4.40000000 6.50000000 -4.07616618E+000
4.40000000 6.60000000 -3.98688047E+000
4.40000000 6.70000000 -3.89759475E+000
4.40000000 6.80000000 -3.67711370E+000
4.40000000 6.90000000 -3.43476676E+000
4.40000000 7.00000000 -3.19241983E+000
4.40000000 7.10000000 -2.88447522E+000
4.40000000 7.20000000 -2.41253644E+000
4.40000000 7.30000000 -1.94059767E+000
4.40000000 7.40000000 -1.46865889E+000
4.40000000 7.50000000 -7.78061224E-001
4.40000000 7.60000000 2.06501483E-014
4.40000000 7.70000000 7.78061224E-001
4.40000000 7.80000000 1.61078717E+000
4.40000000 7.90000000 2.77150146E+000
4.40000000 8.00000000 3.93221574E+000
4.40000000 8.10000000 5.09293003E+000
4.40000000 8.20000000 6.51603499E+000
4.40000000 8.30000000 8.13593294E+000
4.40000000 8.40000000 9.75583090E+000
4.40000000 8.50000000 1.13757289E+001
4.40000000 8.60000000 1.35313411E+001
4.40000000 8.70000000 1.56869534E+001
4.40000000 8.80000000 1.78425656E+001
4.40000000 8.90000000 2.02605685E+001
4.40000000 9.00000000 2.30284257E+001
4.40000000 9.10000000 2.57962828E+001
4.40000000 9.20000000 2.85641399E+001
4.40000000 9.30000000 3.19223761E+001
4.40000000 9.40000000 3.53790087E+001
4.40000000 9.50000000 3.88356414E+001
4.40000000 9.60000000 4.25109329E+001
4.40000000 9.70000000 4.67328717E+001
4.40000000 9.80000000 5.09548105E+001
4.40000000 9.90000000 5.51767493E+001
4.40000000 10.00000000 6.00000000E+001
4.40000000 10.10000000 6.50637755E+001
4.40000000 10.20000000 7.01275510E+001
4.40000000 10.30000000 7.53225219E+001
4.40000000 10.40000000 8.13046647E+001
4.40000000 10.50000000 8.72868076E+001
4.40000000 10.60000000 9.32689504E+001
4.40000000 10.70000000 9.98196064E+001
4.40000000 10.80000000 1.06796647E+002
4.40000000 10.90000000 1.13773688E+002
4.40000000 11.00000000 1.20750729E+002
4.50000000 1.00000000 -1.28471210E+002
4.50000000 1.10000000 -1.21494169E+002
4.50000000 1.20000000 -1.14517128E+002
4.50000000 1.30000000 -1.07540087E+002
4.50000000 1.40000000 -1.00989431E+002
4.50000000 1.50000000 -9.50072886E+001
4.50000000 1.60000000 -8.90251458E+001
4.50000000 1.70000000 -8.30430029E+001
4.50000000 1.80000000 -7.78480321E+001
4.50000000 1.90000000 -7.27842566E+001
4.50000000 2.00000000 -6.77204810E+001
4.50000000 2.10000000 -6.28972303E+001
4.50000000 2.20000000 -5.86752915E+001
4.50000000 2.30000000 -5.44533528E+001
4.50000000 2.40000000 -5.02314140E+001
4.50000000 2.50000000 -4.65561224E+001
4.50000000 2.60000000 -4.30994898E+001
4.50000000 2.70000000 -3.96428571E+001
4.50000000 2.80000000 -3.62846210E+001
4.50000000 2.90000000 -3.35167638E+001
4.50000000 3.00000000 -3.07489067E+001
4.50000000 3.10000000 -2.79810496E+001
4.50000000 3.20000000 -2.55630466E+001
4.50000000 3.30000000 -2.34074344E+001
4.50000000 3.40000000 -2.12518222E+001
4.50000000 3.50000000 -1.90962099E+001
4.50000000 3.60000000 -1.74763120E+001
4.50000000 3.70000000 -1.58564140E+001
4.50000000 3.80000000 -1.42365160E+001
4.50000000 3.90000000 -1.28134111E+001
4.50000000 4.00000000 -1.16526968E+001
4.50000000 4.10000000 -1.04919825E+001
4.50000000 4.20000000 -9.33126822E+000
4.50000000 4.30000000 -8.49854227E+000
4.50000000 4.40000000 -7.72048105E+000
4.50000000 4.50000000 -6.94241983E+000
4.50000000 4.60000000 -6.25182216E+000
4.50000000 4.70000000 -5.77988338E+000
4.50000000 4.80000000 -5.30794461E+000
4.50000000 4.90000000 -4.83600583E+000
4.50000000 5.00000000 -4.52806122E+000
4.50000000 5.10000000 -4.28571429E+000
4.50000000 5.20000000 -4.04336735E+000
4.50000000 5.30000000 -3.82288630E+000
4.50000000 5.40000000 -3.73360058E+000
4.50000000 5.50000000 -3.64431487E+000
4.50000000 5.60000000 -3.55502915E+000
4.50000000 5.70000000 -3.50947522E+000
4.50000000 5.80000000 -3.49672012E+000
4.50000000 5.90000000 -3.48396501E+000
4.50000000 6.00000000 -3.47120991E+000
4.50000000 6.10000000 -3.45845481E+000
4.50000000 6.20000000 -3.44569971E+000
4.50000000 6.30000000 -3.43294461E+000
4.50000000 6.40000000 -3.38739067E+000
4.50000000 6.50000000 -3.29810496E+000
4.50000000 6.60000000 -3.20881924E+000
4.50000000 6.70000000 -3.11953353E+000
4.50000000 6.80000000 -2.89905248E+000
4.50000000 6.90000000 -2.65670554E+000
4.50000000 7.00000000 -2.41435860E+000
4.50000000 7.10000000 -2.10641399E+000
4.50000000 7.20000000 -1.63447522E+000
4.50000000 7.30000000 -1.16253644E+000
4.50000000 7.40000000 -6.90597668E-001
4.50000000 7.50000000 1.37112544E-014
4.50000000 7.60000000 7.78061224E-001
4.50000000 7.70000000 1.55612245E+000
4.50000000 7.80000000 2.38884840E+000
4.50000000 7.90000000 3.54956268E+000
4.50000000 8.00000000 4.71027697E+000
4.50000000 8.10000000 5.87099125E+000
4.50000000 8.20000000 7.29409621E+000
4.50000000 8.30000000 8.91399417E+000
4.50000000 8.40000000 1.05338921E+001
4.50000000 8.50000000 1.21537901E+001
4.50000000 8.60000000 1.43094023E+001
4.50000000 8.70000000 1.64650146E+001
4.50000000 8.80000000 1.86206268E+001
4.50000000 8.90000000 2.10386297E+001
4.50000000 9.00000000 2.38064869E+001
4.50000000 9.10000000 2.65743440E+001
4.50000000 9.20000000 2.93422012E+001
4.50000000 9.30000000 3.27004373E+001
4.50000000 9.40000000 3.61570700E+001
4.50000000 9.50000000 3.96137026E+001
4.50000000 9.60000000 4.32889942E+001
4.50000000 9.70000000 4.75109329E+001
4.50000000 9.80000000 5.17328717E+001
4.50000000 9.90000000 5.59548105E+001
4.50000000 10.00000000 6.07780612E+001
4.50000000 10.10000000 6.58418367E+001
4.50000000 10.20000000 7.09056122E+001
4.50000000 10.30000000 7.61005831E+001
4.50000000 10.40000000 8.20827259E+001
4.50000000 10.50000000 8.80648688E+001
4.50000000 10.60000000 9.40470117E+001
4.50000000 10.70000000 1.00597668E+002
4.50000000 10.80000000 1.07574708E+002
4.50000000 10.90000000 1.14551749E+002
4.50000000 11.00000000 1.21528790E+002
4.60000000 1.00000000 -1.27780612E+002
4.60000000 1.10000000 -1.20803571E+002
4.60000000 1.20000000 -1.13826531E+002
4.60000000 1.30000000 -1.06849490E+002
4.60000000 1.40000000 -1.00298834E+002
4.60000000 1.50000000 -9.43166910E+001
4.60000000 1.60000000 -8.83345481E+001
4.60000000 1.70000000 -8.23524052E+001
4.60000000 1.80000000 -7.71574344E+001
4.60000000 1.90000000 -7.20936589E+001
4.60000000 2.00000000 -6.70298834E+001
4.60000000 2.10000000 -6.22066327E+001
4.60000000 2.20000000 -5.79846939E+001
4.60000000 2.30000000 -5.37627551E+001
4.60000000 2.40000000 -4.95408163E+001
4.60000000 2.50000000 -4.58655248E+001
4.60000000 2.60000000 -4.24088921E+001
4.60000000 2.70000000 -3.89522595E+001
4.60000000 2.80000000 -3.55940233E+001
4.60000000 2.90000000 -3.28261662E+001
4.60000000 3.00000000 -3.00583090E+001
4.60000000 3.10000000 -2.72904519E+001
4.60000000 3.20000000 -2.48724490E+001
4.60000000 3.30000000 -2.27168367E+001
4.60000000 3.40000000 -2.05612245E+001
4.60000000 3.50000000 -1.84056122E+001
4.60000000 3.60000000 -1.67857143E+001
4.60000000 3.70000000 -1.51658163E+001
4.60000000 3.80000000 -1.35459184E+001
4.60000000 3.90000000 -1.21228134E+001
4.60000000 4.00000000 -1.09620991E+001
4.60000000 4.10000000 -9.80138484E+000
4.60000000 4.20000000 -8.64067055E+000
4.60000000 4.30000000 -7.80794461E+000
4.60000000 4.40000000 -7.02988338E+000
4.60000000 4.50000000 -6.25182216E+000
4.60000000 4.60000000 -5.56122449E+000
4.60000000 4.70000000 -5.08928571E+000
4.60000000 4.80000000 -4.61734694E+000
4.60000000 4.90000000 -4.14540816E+000
4.60000000 5.00000000 -3.83746356E+000
4.60000000 5.10000000 -3.59511662E+000
4.60000000 5.20000000 -3.35276968E+000
4.60000000 5.30000000 -3.13228863E+000
4.60000000 5.40000000 -3.04300292E+000
4.60000000 5.50000000 -2.95371720E+000
4.60000000 5.60000000 -2.86443149E+000
4.60000000 5.70000000 -2.81887755E+000
4.60000000 5.80000000 -2.80612245E+000
4.60000000 5.90000000 -2.79336735E+000
4.60000000 6.00000000 -2.78061224E+000
4.60000000 6.10000000 -2.76785714E+000
4.60000000 6.20000000 -2.75510204E+000
4.60000000 6.30000000 -2.74234694E+000
4.60000000 6.40000000 -2.69679300E+000
4.60000000 6.50000000 -2.60750729E+000
4.60000000 6.60000000 -2.51822157E+000
4.60000000 6.70000000 -2.42893586E+000
4.60000000 6.80000000 -2.20845481E+000
4.60000000 6.90000000 -1.96610787E+000
4.60000000 7.00000000 -1.72376093E+000
4.60000000 7.10000000 -1.41581633E+000
4.60000000 7.20000000 -9.43877551E-001
4.60000000 7.30000000 -4.71938776E-001
4.60000000 7.40000000 1.26010313E-014
4.60000000 7.50000000 6.90597668E-001
4.60000000 7.60000000 1.46865889E+000
4.60000000 7.70000000 2.24672012E+000
4.60000000 7.80000000 3.07944606E+000
4.60000000 7.90000000 4.24016035E+000
4.60000000 8.00000000 5.40087464E+000
4.60000000 8.10000000 6.56158892E+000
4.60000000 8.20000000 7.98469388E+000
4.60000000 8.30000000 9.60459184E+000
4.60000000 8.40000000 1.12244898E+001
4.60000000 8.50000000 1.28443878E+001
4.60000000 8.60000000 1.50000000E+001
4.60000000 8.70000000 1.71556122E+001
4.60000000 8.80000000 1.93112245E+001
4.60000000 8.90000000 2.17292274E+001
4.60000000 9.00000000 2.44970845E+001
4.60000000 9.10000000 2.72649417E+001
4.60000000 9.20000000 3.00327988E+001
4.60000000 9.30000000 3.33910350E+001
4.60000000 9.40000000 3.68476676E+001
4.60000000 9.50000000 4.03043003E+001
4.60000000 9.60000000 4.39795918E+001
4.60000000 9.70000000 4.82015306E+001
4.60000000 9.80000000 5.24234694E+001
4.60000000 9.90000000 5.66454082E+001
4.60000000 10.00000000 6.14686589E+001
4.60000000 10.10000000 6.65324344E+001
4.60000000 10.20000000 7.15962099E+001
4.60000000 10.30000000 7.67911808E+001
4.60000000 10.40000000 8.27733236E+001
4.60000000 10.50000000 8.87554665E+001
4.60000000 10.60000000 9.47376093E+001
4.60000000 10.70000000 1.01288265E+002
4.60000000 10.80000000 1.08265306E+002
4.60000000 10.90000000 1.15242347E+002
4.60000000 11.00000000 1.22219388E+002
4.70000000 1.00000000 -1.27308673E+002
4.70000000 1.10000000 -1.20331633E+002
4.70000000 1.20000000 -1.13354592E+002
4.70000000 1.30000000 -1.06377551E+002
4.70000000 1.40000000 -9.98268950E+001
4.70000000 1.50000000 -9.38447522E+001
4.70000000 1.60000000 -8.78626093E+001
4.70000000 1.70000000 -8.18804665E+001
4.70000000 1.80000000 -7.66854956E+001
4.70000000 1.90000000 -7.16217201E+001
4.70000000 2.00000000 -6.65579446E+001
4.70000000 2.10000000 -6.17346939E+001
4.70000000 2.20000000 -5.75127551E+001
4.70000000 2.30000000 -5.32908163E+001
4.70000000 2.40000000 -4.90688776E+001
4.70000000 2.50000000 -4.53935860E+001
4.70000000 2.60000000 -4.19369534E+001
4.70000000 2.70000000 -3.84803207E+001
4.70000000 2.80000000 -3.51220845E+001
4.70000000 2.90000000 -3.23542274E+001
4.70000000 3.00000000 -2.95863703E+001
4.70000000 3.10000000 -2.68185131E+001
4.70000000 3.20000000 -2.44005102E+001
4.70000000 3.30000000 -2.22448980E+001
4.70000000 3.40000000 -2.00892857E+001
4.70000000 3.50000000 -1.79336735E+001
4.70000000 3.60000000 -1.63137755E+001
4.70000000 3.70000000 -1.46938776E+001
4.70000000 3.80000000 -1.30739796E+001
4.70000000 3.90000000 -1.16508746E+001
4.70000000 4.00000000 -1.04901603E+001
4.70000000 4.10000000 -9.32944606E+000
4.70000000 4.20000000 -8.16873178E+000
4.70000000 4.30000000 -7.33600583E+000
4.70000000 4.40000000 -6.55794461E+000
4.70000000 4.50000000 -5.77988338E+000
4.70000000 4.60000000 -5.08928571E+000
4.70000000 4.70000000 -4.61734694E+000
4.70000000 4.80000000 -4.14540816E+000
4.70000000 4.90000000 -3.67346939E+000
4.70000000 5.00000000 -3.36552478E+000
4.70000000 5.10000000 -3.12317784E+000
4.70000000 5.20000000 -2.88083090E+000
4.70000000 5.30000000 -2.66034985E+000
4.70000000 5.40000000 -2.57106414E+000
4.70000000 5.50000000 -2.48177843E+000
4.70000000 5.60000000 -2.39249271E+000
4.70000000 5.70000000 -2.34693878E+000
4.70000000 5.80000000 -2.33418367E+000
4.70000000 5.90000000 -2.32142857E+000
4.70000000 6.00000000 -2.30867347E+000
4.70000000 6.10000000 -2.29591837E+000
4.70000000 6.20000000 -2.28316327E+000
4.70000000 6.30000000 -2.27040816E+000
4.70000000 6.40000000 -2.22485423E+000
4.70000000 6.50000000 -2.13556851E+000
4.70000000 6.60000000 -2.04628280E+000
4.70000000 6.70000000 -1.95699708E+000
4.70000000 6.80000000 -1.73651603E+000
4.70000000 6.90000000 -1.49416910E+000
4.70000000 7.00000000 -1.25182216E+000
4.70000000 7.10000000 -9.43877551E-001
4.70000000 7.20000000 -4.71938776E-001
4.70000000 7.30000000 1.68198788E-014
4.70000000 7.40000000 4.71938776E-001
4.70000000 7.50000000 1.16253644E+000
4.70000000 7.60000000 1.94059767E+000
4.70000000 7.70000000 2.71865889E+000
4.70000000 7.80000000 3.55138484E+000
4.70000000 7.90000000 4.71209913E+000
4.70000000 8.00000000 5.87281341E+000
4.70000000 8.10000000 7.03352770E+000
4.70000000 8.20000000 8.45663265E+000
4.70000000 8.30000000 1.00765306E+001
4.70000000 8.40000000 1.16964286E+001
4.70000000 8.50000000 1.33163265E+001
4.70000000 8.60000000 1.54719388E+001
4.70000000 8.70000000 1.76275510E+001
4.70000000 8.80000000 1.97831633E+001
4.70000000 8.90000000 2.22011662E+001
4.70000000 9.00000000 2.49690233E+001
4.70000000 9.10000000 2.77368805E+001
4.70000000 9.20000000 3.05047376E+001
4.70000000 9.30000000 3.38629738E+001
4.70000000 9.40000000 3.73196064E+001
4.70000000 9.50000000 4.07762391E+001
4.70000000 9.60000000 4.44515306E+001
4.70000000 9.70000000 4.86734694E+001
4.70000000 9.80000000 5.28954082E+001
4.70000000 9.90000000 5.71173469E+001
4.70000000 10.00000000 6.19405977E+001
4.70000000 10.10000000 6.70043732E+001
4.70000000 10.20000000 7.20681487E+001
4.70000000 10.30000000 7.72631195E+001
4.70000000 10.40000000 8.32452624E+001
4.70000000 10.50000000 8.92274052E+001
4.70000000 10.60000000 9.52095481E+001
4.70000000 10.70000000 1.01760204E+002
4.70000000 10.80000000 1.08737245E+002
4.70000000 10.90000000 1.15714286E+002
4.70000000 11.00000000 1.22691327E+002
4.80000000 1.00000000 -1.26836735E+002
4.80000000 1.10000000 -1.19859694E+002
4.80000000 1.20000000 -1.12882653E+002
4.80000000 1.30000000 -1.05905612E+002
4.80000000 1.40000000 -9.93549563E+001
4.80000000 1.50000000 -9.33728134E+001
4.80000000 1.60000000 -8.73906706E+001
4.80000000 1.70000000 -8.14085277E+001
4.80000000 1.80000000 -7.62135569E+001
4.80000000 1.90000000 -7.11497813E+001
4.80000000 2.00000000 -6.60860058E+001
4.80000000 2.10000000 -6.12627551E+001
4.80000000 2.20000000 -5.70408163E+001
4.80000000 2.30000000 -5.28188776E+001
4.80000000 2.40000000 -4.85969388E+001
4.80000000 2.50000000 -4.49216472E+001
4.80000000 2.60000000 -4.14650146E+001
4.80000000 2.70000000 -3.80083819E+001
4.80000000 2.80000000 -3.46501458E+001
4.80000000 2.90000000 -3.18822886E+001
4.80000000 3.00000000 -2.91144315E+001
4.80000000 3.10000000 -2.63465743E+001
4.80000000 3.20000000 -2.39285714E+001
4.80000000 3.30000000 -2.17729592E+001
4.80000000 3.40000000 -1.96173469E+001
4.80000000 3.50000000 -1.74617347E+001
4.80000000 3.60000000 -1.58418367E+001
4.80000000 3.70000000 -1.42219388E+001
4.80000000 3.80000000 -1.26020408E+001
4.80000000 3.90000000 -1.11789359E+001
4.80000000 4.00000000 -1.00182216E+001
4.80000000 4.10000000 -8.85750729E+000
4.80000000 4.20000000 -7.69679300E+000
4.80000000 4.30000000 -6.86406706E+000
4.80000000 4.40000000 -6.08600583E+000
4.80000000 4.50000000 -5.30794461E+000
4.80000000 4.60000000 -4.61734694E+000
4.80000000 4.70000000 -4.14540816E+000
4.80000000 4.80000000 -3.67346939E+000
4.80000000 4.90000000 -3.20153061E+000
4.80000000 5.00000000 -2.89358601E+000
4.80000000 5.10000000 -2.65123907E+000
4.80000000 5.20000000 -2.40889213E+000
4.80000000 5.30000000 -2.18841108E+000
4.80000000 5.40000000 -2.09912536E+000
4.80000000 5.50000000 -2.00983965E+000
4.80000000 5.60000000 -1.92055394E+000
4.80000000 5.70000000 -1.87500000E+000
4.80000000 5.80000000 -1.86224490E+000
4.80000000 5.90000000 -1.84948980E+000
4.80000000 6.00000000 -1.83673469E+000
4.80000000 6.10000000 -1.82397959E+000
4.80000000 6.20000000 -1.81122449E+000
4.80000000 6.30000000 -1.79846939E+000
4.80000000 6.40000000 -1.75291545E+000
4.80000000 6.50000000 -1.66362974E+000
4.80000000 6.60000000 -1.57434402E+000
4.80000000 6.70000000 -1.48505831E+000
4.80000000 6.80000000 -1.26457726E+000
4.80000000 6.90000000 -1.02223032E+000
4.80000000 7.00000000 -7.79883382E-001
4.80000000 7.10000000 -4.71938776E-001
4.80000000 7.20000000 4.21884749E-015
4.80000000 7.30000000 4.71938776E-001
4.80000000 7.40000000 9.43877551E-001
4.80000000 7.50000000 1.63447522E+000
4.80000000 7.60000000 2.41253644E+000
4.80000000 7.70000000 3.19059767E+000
4.80000000 7.80000000 4.02332362E+000
4.80000000 7.90000000 5.18403790E+000
4.80000000 8.00000000 6.34475219E+000
4.80000000 8.10000000 7.50546647E+000
4.80000000 8.20000000 8.92857143E+000
4.80000000 8.30000000 1.05484694E+001
4.80000000 8.40000000 1.21683673E+001
4.80000000 8.50000000 1.37882653E+001
4.80000000 8.60000000 1.59438776E+001
4.80000000 8.70000000 1.80994898E+001
4.80000000 8.80000000 2.02551020E+001
4.80000000 8.90000000 2.26731050E+001
4.80000000 9.00000000 2.54409621E+001
4.80000000 9.10000000 2.82088192E+001
4.80000000 9.20000000 3.09766764E+001
4.80000000 9.30000000 3.43349125E+001
4.80000000 9.40000000 3.77915452E+001
4.80000000 9.50000000 4.12481778E+001
4.80000000 9.60000000 4.49234694E+001
4.80000000 9.70000000 4.91454082E+001
4.80000000 9.80000000 5.33673469E+001
4.80000000 9.90000000 5.75892857E+001
4.80000000 10.00000000 6.24125364E+001
4.80000000 10.10000000 6.74763120E+001
4.80000000 10.20000000 7.25400875E+001
4.80000000 10.30000000 7.77350583E+001
4.80000000 10.40000000 8.37172012E+001
4.80000000 10.50000000 8.96993440E+001
4.80000000 10.60000000 9.56814869E+001
4.80000000 10.70000000 1.02232143E+002
4.80000000 10.80000000 1.09209184E+002
4.80000000 10.90000000 1.16186224E+002
4.80000000 11.00000000 1.23163265E+002
4.90000000 1.00000000 -1.26364796E+002
4.90000000 1.10000000 -1.19387755E+002
4.90000000 1.20000000 -1.12410714E+002
4.90000000 1.30000000 -1.05433673E+002
4.90000000 1.40000000 -9.88830175E+001
4.90000000 1.50000000 -9.29008746E+001
4.90000000 1.60000000 -8.69187318E+001
4.90000000 1.70000000 -8.09365889E+001
4.90000000 1.80000000 -7.57416181E+001
4.90000000 1.90000000 -7.06778426E+001
4.90000000 2.00000000 -6.56140671E+001
4.90000000 2.10000000 -6.07908163E+001
4.90000000 2.20000000 -5.65688776E+001
4.90000000 2.30000000 -5.23469388E+001
4.90000000 2.40000000 -4.81250000E+001
4.90000000 2.50000000 -4.44497085E+001
4.90000000 2.60000000 -4.09930758E+001
4.90000000 2.70000000 -3.75364431E+001
4.90000000 2.80000000 -3.41782070E+001
4.90000000 2.90000000 -3.14103499E+001
4.90000000 3.00000000 -2.86424927E+001
4.90000000 3.10000000 -2.58746356E+001
4.90000000 3.20000000 -2.34566327E+001
4.90000000 3.30000000 -2.13010204E+001
4.90000000 3.40000000 -1.91454082E+001
4.90000000 3.50000000 -1.69897959E+001
4.90000000 3.60000000 -1.53698980E+001
4.90000000 3.70000000 -1.37500000E+001
4.90000000 3.80000000 -1.21301020E+001
4.90000000 3.90000000 -1.07069971E+001
4.90000000 4.00000000 -9.54628280E+000
4.90000000 4.10000000 -8.38556851E+000
4.90000000 4.20000000 -7.22485423E+000
4.90000000 4.30000000 -6.39212828E+000
4.90000000 4.40000000 -5.61406706E+000
4.90000000 4.50000000 -4.83600583E+000
4.90000000 4.60000000 -4.14540816E+000
4.90000000 4.70000000 -3.67346939E+000
4.90000000 4.80000000 -3.20153061E+000
4.90000000 4.90000000 -2.72959184E+000
4.90000000 5.00000000 -2.42164723E+000
4.90000000 5.10000000 -2.17930029E+000
4.90000000 5.20000000 -1.93695335E+000
4.90000000 5.30000000 -1.71647230E+000
4.90000000 5.40000000 -1.62718659E+000
4.90000000 5.50000000 -1.53790087E+000
4.90000000 5.60000000 -1.44861516E+000
4.90000000 5.70000000 -1.40306122E+000
4.90000000 5.80000000 -1.39030612E+000
4.90000000 5.90000000 -1.37755102E+000
4.90000000 6.00000000 -1.36479592E+000
4.90000000 6.10000000 -1.35204082E+000
4.90000000 6.20000000 -1.33928571E+000
4.90000000 6.30000000 -1.32653061E+000
4.90000000 6.40000000 -1.28097668E+000
4.90000000 6.50000000 -1.19169096E+000
4.90000000 6.60000000 -1.10240525E+000
4.90000000 6.70000000 -1.01311953E+000
4.90000000 6.80000000 -7.92638484E-001
4.90000000 6.90000000 -5.50291545E-001
4.90000000 7.00000000 -3.07944606E-001
4.90000000 7.10000000 1.67782455E-014
4.90000000 7.20000000 4.71938776E-001
4.90000000 7.30000000 9.43877551E-001
4.90000000 7.40000000 1.41581633E+000
4.90000000 7.50000000 2.10641399E+000
4.90000000 7.60000000 2.88447522E+000
4.90000000 7.70000000 3.66253644E+000
4.90000000 7.80000000 4.49526239E+000
4.90000000 7.90000000 5.65597668E+000
4.90000000 8.00000000 6.81669096E+000
4.90000000 8.10000000 7.97740525E+000
4.90000000 8.20000000 9.40051020E+000
4.90000000 8.30000000 1.10204082E+001
4.90000000 8.40000000 1.26403061E+001
4.90000000 8.50000000 1.42602041E+001
4.90000000 8.60000000 1.64158163E+001
4.90000000 8.70000000 1.85714286E+001
4.90000000 8.80000000 2.07270408E+001
4.90000000 8.90000000 2.31450437E+001
4.90000000 9.00000000 2.59129009E+001
4.90000000 9.10000000 2.86807580E+001
4.90000000 9.20000000 3.14486152E+001
4.90000000 9.30000000 3.48068513E+001
4.90000000 9.40000000 3.82634840E+001
4.90000000 9.50000000 4.17201166E+001
4.90000000 9.60000000 4.53954082E+001
4.90000000 9.70000000 4.96173469E+001
4.90000000 9.80000000 5.38392857E+001
4.90000000 9.90000000 5.80612245E+001
4.90000000 10.00000000 6.28844752E+001
4.90000000 10.10000000 6.79482507E+001
4.90000000 10.20000000 7.30120262E+001
4.90000000 10.30000000 7.82069971E+001
4.90000000 10.40000000 8.41891399E+001
4.90000000 10.50000000 9.01712828E+001
4.90000000 10.60000000 9.61534257E+001
4.90000000 10.70000000 1.02704082E+002
4.90000000 10.80000000 1.09681122E+002
4.90000000 10.90000000 1.16658163E+002
4.90000000 11.00000000 1.23635204E+002
5.00000000 1.00000000 -1.26056851E+002
5.00000000 1.10000000 -1.19079810E+002
5.00000000 1.20000000 -1.12102770E+002
5.00000000 1.30000000 -1.05125729E+002
5.00000000 1.40000000 -9.85750729E+001
5.00000000 1.50000000 -9.25929300E+001
5.00000000 1.60000000 -8.66107872E+001
5.00000000 1.70000000 -8.06286443E+001
5.00000000 1.80000000 -7.54336735E+001
5.00000000 1.90000000 -7.03698980E+001
5.00000000 2.00000000 -6.53061224E+001
5.00000000 2.10000000 -6.04828717E+001
5.00000000 2.20000000 -5.62609329E+001
5.00000000 2.30000000 -5.20389942E+001
5.00000000 2.40000000 -4.78170554E+001
5.00000000 2.50000000 -4.41417638E+001
5.00000000 2.60000000 -4.06851312E+001
5.00000000 2.70000000 -3.72284985E+001
5.00000000 2.80000000 -3.38702624E+001
5.00000000 2.90000000 -3.11024052E+001
5.00000000 3.00000000 -2.83345481E+001
5.00000000 3.10000000 -2.55666910E+001
5.00000000 3.20000000 -2.31486880E+001
5.00000000 3.30000000 -2.09930758E+001
5.00000000 3.40000000 -1.88374636E+001
5.00000000 3.50000000 -1.66818513E+001
5.00000000 3.60000000 -1.50619534E+001
5.00000000 3.70000000 -1.34420554E+001
5.00000000 3.80000000 -1.18221574E+001
5.00000000 3.90000000 -1.03990525E+001
5.00000000 4.00000000 -9.23833819E+000
5.00000000 4.10000000 -8.07762391E+000
5.00000000 4.20000000 -6.91690962E+000
5.00000000 4.30000000 -6.08418367E+000
5.00000000 4.40000000 -5.30612245E+000
5.00000000 4.50000000 -4.52806122E+000
5.00000000 4.60000000 -3.83746356E+000
5.00000000 4.70000000 -3.36552478E+000
5.00000000 4.80000000 -2.89358601E+000
5.00000000 4.90000000 -2.42164723E+000
5.00000000 5.00000000 -2.11370262E+000
5.00000000 5.10000000 -1.87135569E+000
5.00000000 5.20000000 -1.62900875E+000
5.00000000 5.30000000 -1.40852770E+000
5.00000000 5.40000000 -1.31924198E+000
5.00000000 5.50000000 -1.22995627E+000
5.00000000 5.60000000 -1.14067055E+000
5.00000000 5.70000000 -1.09511662E+000
5.00000000 5.80000000 -1.08236152E+000
5.00000000 5.90000000 -1.06960641E+000
5.00000000 6.00000000 -1.05685131E+000
5.00000000 6.10000000 -1.04409621E+000
5.00000000 6.20000000 -1.03134111E+000
5.00000000 6.30000000 -1.01858601E+000
5.00000000 6.40000000 -9.73032070E-001
5.00000000 6.50000000 -8.83746356E-001
5.00000000 6.60000000 -7.94460641E-001
5.00000000 6.70000000 -7.05174927E-001
5.00000000 6.80000000 -4.84693878E-001
5.00000000 6.90000000 -2.42346939E-001
5.00000000 7.00000000 -2.13717932E-015
5.00000000 7.10000000 3.07944606E-001
5.00000000 7.20000000 7.79883382E-001
5.00000000 7.30000000 1.25182216E+000
5.00000000 7.40000000 1.72376093E+000
5.00000000 7.50000000 2.41435860E+000
5.00000000 7.60000000 3.19241983E+000
5.00000000 7.70000000 3.97048105E+000
5.00000000 7.80000000 4.80320700E+000
5.00000000 7.90000000 5.96392128E+000
5.00000000 8.00000000 7.12463557E+000
5.00000000 8.10000000 8.28534985E+000
5.00000000 8.20000000 9.70845481E+000
5.00000000 8.30000000 1.13283528E+001
5.00000000 8.40000000 1.29482507E+001
5.00000000 8.50000000 1.45681487E+001
5.00000000 8.60000000 1.67237609E+001
5.00000000 8.70000000 1.88793732E+001
5.00000000 8.80000000 2.10349854E+001
5.00000000 8.90000000 2.34529883E+001
5.00000000 9.00000000 2.62208455E+001
5.00000000 9.10000000 2.89887026E+001
5.00000000 9.20000000 3.17565598E+001
5.00000000 9.30000000 3.51147959E+001
5.00000000 9.40000000 3.85714286E+001
5.00000000 9.50000000 4.20280612E+001
5.00000000 9.60000000 4.57033528E+001
5.00000000 9.70000000 4.99252915E+001
5.00000000 9.80000000 5.41472303E+001
5.00000000 9.90000000 5.83691691E+001
5.00000000 10.00000000 6.31924198E+001
5.00000000 10.10000000 6.82561953E+001
5.00000000 10.20000000 7.33199708E+001
5.00000000 10.30000000 7.85149417E+001
5.00000000 10.40000000 8.44970845E+001
5.00000000 10.50000000 9.04792274E+001
5.00000000 10.60000000 9.64613703E+001
5.00000000 10.70000000 1.03012026E+002
5.00000000 10.80000000 1.09989067E+002
5.00000000 10.90000000 1.16966108E+002
5.00000000 11.00000000 1.23943149E+002
5.10000000 1.00000000 -1.25814504E+002
5.10000000 1.10000000 -1.18837464E+002
5.10000000 1.20000000 -1.11860423E+002
5.10000000 1.30000000 -1.04883382E+002
5.10000000 1.40000000 -9.83327259E+001
5.10000000 1.50000000 -9.23505831E+001
5.10000000 1.60000000 -8.63684402E+001
5.10000000 1.70000000 -8.03862974E+001
5.10000000 1.80000000 -7.51913265E+001
5.10000000 1.90000000 -7.01275510E+001
5.10000000 2.00000000 -6.50637755E+001
5.10000000 2.10000000 -6.02405248E+001
5.10000000 2.20000000 -5.60185860E+001
5.10000000 2.30000000 -5.17966472E+001
5.10000000 2.40000000 -4.75747085E+001
5.10000000 2.50000000 -4.38994169E+001
5.10000000 2.60000000 -4.04427843E+001
5.10000000 2.70000000 -3.69861516E+001
5.10000000 2.80000000 -3.36279155E+001
5.10000000 2.90000000 -3.08600583E+001
5.10000000 3.00000000 -2.80922012E+001
5.10000000 3.10000000 -2.53243440E+001
5.10000000 3.20000000 -2.29063411E+001
5.10000000 3.30000000 -2.07507289E+001
5.10000000 3.40000000 -1.85951166E+001
5.10000000 3.50000000 -1.64395044E+001
5.10000000 3.60000000 -1.48196064E+001
5.10000000 3.70000000 -1.31997085E+001
5.10000000 3.80000000 -1.15798105E+001
5.10000000 3.90000000 -1.01567055E+001
5.10000000 4.00000000 -8.99599125E+000
5.10000000 4.10000000 -7.83527697E+000
5.10000000 4.20000000 -6.67456268E+000
5.10000000 4.30000000 -5.84183673E+000
5.10000000 4.40000000 -5.06377551E+000
5.10000000 4.50000000 -4.28571429E+000
5.10000000 4.60000000 -3.59511662E+000
5.10000000 4.70000000 -3.12317784E+000
5.10000000 4.80000000 -2.65123907E+000
5.10000000 4.90000000 -2.17930029E+000
5.10000000 5.00000000 -1.87135569E+000
5.10000000 5.10000000 -1.62900875E+000
5.10000000 5.20000000 -1.38666181E+000
5.10000000 5.30000000 -1.16618076E+000
5.10000000 5.40000000 -1.07689504E+000
5.10000000 5.50000000 -9.87609329E-001
5.10000000 5.60000000 -8.98323615E-001
5.10000000 5.70000000 -8.52769679E-001
5.10000000 5.80000000 -8.40014577E-001
5.10000000 5.90000000 -8.27259475E-001
5.10000000 6.00000000 -8.14504373E-001
5.10000000 6.10000000 -8.01749271E-001
5.10000000 6.20000000 -7.88994169E-001
5.10000000 6.30000000 -7.76239067E-001
5.10000000 6.40000000 -7.30685131E-001
5.10000000 6.50000000 -6.41399417E-001
5.10000000 6.60000000 -5.52113703E-001
5.10000000 6.70000000 -4.62827988E-001
5.10000000 6.80000000 -2.42346939E-001
5.10000000 6.90000000 2.16493490E-015
5.10000000 7.00000000 2.42346939E-001
5.10000000 7.10000000 5.50291545E-001
5.10000000 7.20000000 1.02223032E+000
5.10000000 7.30000000 1.49416910E+000
5.10000000 7.40000000 1.96610787E+000
5.10000000 7.50000000 2.65670554E+000
5.10000000 7.60000000 3.43476676E+000
5.10000000 7.70000000 4.21282799E+000
5.10000000 7.80000000 5.04555394E+000
5.10000000 7.90000000 6.20626822E+000
5.10000000 8.00000000 7.36698251E+000
5.10000000 8.10000000 8.52769679E+000
5.10000000 8.20000000 9.95080175E+000
5.10000000 8.30000000 1.15706997E+001
5.10000000 8.40000000 1.31905977E+001
5.10000000 8.50000000 1.48104956E+001
5.10000000 8.60000000 1.69661079E+001
5.10000000 8.70000000 1.91217201E+001
5.10000000 8.80000000 2.12773324E+001
5.10000000 8.90000000 2.36953353E+001
5.10000000 9.00000000 2.64631924E+001
5.10000000 9.10000000 2.92310496E+001
5.10000000 9.20000000 3.19989067E+001
5.10000000 9.30000000 3.53571429E+001
5.10000000 9.40000000 3.88137755E+001
5.10000000 9.50000000 4.22704082E+001
5.10000000 9.60000000 4.59456997E+001
5.10000000 9.70000000 5.01676385E+001
5.10000000 9.80000000 5.43895773E+001
5.10000000 9.90000000 5.86115160E+001
5.10000000 10.00000000 6.34347668E+001
5.10000000 10.10000000 6.84985423E+001
5.10000000 10.20000000 7.35623178E+001
5.10000000 10.30000000 7.87572886E+001
5.10000000 10.40000000 8.47394315E+001
5.10000000 10.50000000 9.07215743E+001
5.10000000 10.60000000 9.67037172E+001
5.10000000 10.70000000 1.03254373E+002
5.10000000 10.80000000 1.10231414E+002
5.10000000 10.90000000 1.17208455E+002
5.10000000 11.00000000 1.24185496E+002
5.20000000 1.00000000 -1.25572157E+002
5.20000000 1.10000000 -1.18595117E+002
5.20000000 1.20000000 -1.11618076E+002
5.20000000 1.30000000 -1.04641035E+002
5.20000000 1.40000000 -9.80903790E+001
5.20000000 1.50000000 -9.21082362E+001
5.20000000 1.60000000 -8.61260933E+001
5.20000000 1.70000000 -8.01439504E+001
5.20000000 1.80000000 -7.49489796E+001
5.20000000 1.90000000 -6.98852041E+001
5.20000000 2.00000000 -6.48214286E+001
5.20000000 2.10000000 -5.99981778E+001
5.20000000 2.20000000 -5.57762391E+001
5.20000000 2.30000000 -5.15543003E+001
5.20000000 2.40000000 -4.73323615E+001
5.20000000 2.50000000 -4.36570700E+001
5.20000000 2.60000000 -4.02004373E+001
5.20000000 2.70000000 -3.67438047E+001
5.20000000 2.80000000 -3.33855685E+001
5.20000000 2.90000000 -3.06177114E+001
5.20000000 3.00000000 -2.78498542E+001
5.20000000 3.10000000 -2.50819971E+001
5.20000000 3.20000000 -2.26639942E+001
5.20000000 3.30000000 -2.05083819E+001
5.20000000 3.40000000 -1.83527697E+001
5.20000000 3.50000000 -1.61971574E+001
5.20000000 3.60000000 -1.45772595E+001
5.20000000 3.70000000 -1.29573615E+001
5.20000000 3.80000000 -1.13374636E+001
5.20000000 3.90000000 -9.91435860E+000
5.20000000 4.00000000 -8.75364431E+000
5.20000000 4.10000000 -7.59293003E+000
5.20000000 4.20000000 -6.43221574E+000
5.20000000 4.30000000 -5.59948980E+000
5.20000000 4.40000000 -4.82142857E+000
5.20000000 4.50000000 -4.04336735E+000
5.20000000 4.60000000 -3.35276968E+000
5.20000000 4.70000000 -2.88083090E+000
5.20000000 4.80000000 -2.40889213E+000
5.20000000 4.90000000 -1.93695335E+000
5.20000000 5.00000000 -1.62900875E+000
5.20000000 5.10000000 -1.38666181E+000
5.20000000 5.20000000 -1.14431487E+000
5.20000000 5.30000000 -9.23833819E-001
5.20000000 5.40000000 -8.34548105E-001
5.20000000 5.50000000 -7.45262391E-001
5.20000000 5.60000000 -6.55976676E-001
5.20000000 5.70000000 -6.10422741E-001
5.20000000 5.80000000 -5.97667638E-001
5.20000000 5.90000000 -5.84912536E-001
5.20000000 6.00000000 -5.72157434E-001
5.20000000 6.10000000 -5.59402332E-001
5.20000000 6.20000000 -5.46647230E-001
5.20000000 6.30000000 -5.33892128E-001
5.20000000 6.40000000 -4.88338192E-001
5.20000000 6.50000000 -3.99052478E-001
5.20000000 6.60000000 -3.09766764E-001
5.20000000 6.70000000 -2.20481050E-001
5.20000000 6.80000000 4.30211422E-015
5.20000000 6.90000000 2.42346939E-001
5.20000000 7.00000000 4.84693878E-001
5.20000000 7.10000000 7.92638484E-001
5.20000000 7.20000000 1.26457726E+000
5.20000000 7.30000000 1.73651603E+000
5.20000000 7.40000000 2.20845481E+000
5.20000000 7.50000000 2.89905248E+000
5.20000000 7.60000000 3.67711370E+000
5.20000000 7.70000000 4.45517493E+000
5.20000000 7.80000000 5.28790087E+000
5.20000000 7.90000000 6.44861516E+000
5.20000000 8.00000000 7.60932945E+000
5.20000000 8.10000000 8.77004373E+000
5.20000000 8.20000000 1.01931487E+001
5.20000000 8.30000000 1.18130466E+001
5.20000000 8.40000000 1.34329446E+001
5.20000000 8.50000000 1.50528426E+001
5.20000000 8.60000000 1.72084548E+001
5.20000000 8.70000000 1.93640671E+001
5.20000000 8.80000000 2.15196793E+001
5.20000000 8.90000000 2.39376822E+001
5.20000000 9.00000000 2.67055394E+001
5.20000000 9.10000000 2.94733965E+001
5.20000000 9.20000000 3.22412536E+001
5.20000000 9.30000000 3.55994898E+001
5.20000000 9.40000000 3.90561224E+001
5.20000000 9.50000000 4.25127551E+001
5.20000000 9.60000000 4.61880466E+001
5.20000000 9.70000000 5.04099854E+001
5.20000000 9.80000000 5.46319242E+001
5.20000000 9.90000000 5.88538630E+001
5.20000000 10.00000000 6.36771137E+001
5.20000000 10.10000000 6.87408892E+001
5.20000000 10.20000000 7.38046647E+001
5.20000000 10.30000000 7.89996356E+001
5.20000000 10.40000000 8.49817784E+001
5.20000000 10.50000000 9.09639213E+001
5.20000000 10.60000000 9.69460641E+001
5.20000000 10.70000000 1.03496720E+002
5.20000000 10.80000000 1.10473761E+002
5.20000000 10.90000000 1.17450802E+002
5.20000000 11.00000000 1.24427843E+002
5.30000000 1.00000000 -1.25351676E+002
5.30000000 1.10000000 -1.18374636E+002
5.30000000 1.20000000 -1.11397595E+002
5.30000000 1.30000000 -1.04420554E+002
5.30000000 1.40000000 -9.78698980E+001
5.30000000 1.50000000 -9.18877551E+001
5.30000000 1.60000000 -8.59056122E+001
5.30000000 1.70000000 -7.99234694E+001
5.30000000 1.80000000 -7.47284985E+001
5.30000000 1.90000000 -6.96647230E+001
5.30000000 2.00000000 -6.46009475E+001
5.30000000 2.10000000 -5.97776968E+001
5.30000000 2.20000000 -5.55557580E+001
5.30000000 2.30000000 -5.13338192E+001
5.30000000 2.40000000 -4.71118805E+001
5.30000000 2.50000000 -4.34365889E+001
5.30000000 2.60000000 -3.99799563E+001
5.30000000 2.70000000 -3.65233236E+001
5.30000000 2.80000000 -3.31650875E+001
5.30000000 2.90000000 -3.03972303E+001
5.30000000 3.00000000 -2.76293732E+001
5.30000000 3.10000000 -2.48615160E+001
5.30000000 3.20000000 -2.24435131E+001
5.30000000 3.30000000 -2.02879009E+001
5.30000000 3.40000000 -1.81322886E+001
5.30000000 3.50000000 -1.59766764E+001
5.30000000 3.60000000 -1.43567784E+001
5.30000000 3.70000000 -1.27368805E+001
5.30000000 3.80000000 -1.11169825E+001
5.30000000 3.90000000 -9.69387755E+000
5.30000000 4.00000000 -8.53316327E+000
5.30000000 4.10000000 -7.37244898E+000
5.30000000 4.20000000 -6.21173469E+000
5.30000000 4.30000000 -5.37900875E+000
5.30000000 4.40000000 -4.60094752E+000
5.30000000 4.50000000 -3.82288630E+000
5.30000000 4.60000000 -3.13228863E+000
5.30000000 4.70000000 -2.66034985E+000
5.30000000 4.80000000 -2.18841108E+000
5.30000000 4.90000000 -1.71647230E+000
5.30000000 5.00000000 -1.40852770E+000
5.30000000 5.10000000 -1.16618076E+000
5.30000000 5.20000000 -9.23833819E-001
5.30000000 5.30000000 -7.03352770E-001
5.30000000 5.40000000 -6.14067055E-001
5.30000000 5.50000000 -5.24781341E-001
5.30000000 5.60000000 -4.35495627E-001
5.30000000 5.70000000 -3.89941691E-001
5.30000000 5.80000000 -3.77186589E-001
5.30000000 5.90000000 -3.64431487E-001
5.30000000 6.00000000 -3.51676385E-001
5.30000000 6.10000000 -3.38921283E-001
5.30000000 6.20000000 -3.26166181E-001
5.30000000 6.30000000 -3.13411079E-001
5.30000000 6.40000000 -2.67857143E-001
5.30000000 6.50000000 -1.78571429E-001
5.30000000 6.60000000 -8.92857143E-002
5.30000000 6.70000000 3.15372728E-015
5.30000000 6.80000000 2.20481050E-001
5.30000000 6.90000000 4.62827988E-001
5.30000000 7.00000000 7.05174927E-001
5.30000000 7.10000000 1.01311953E+000
5.30000000 7.20000000 1.48505831E+000
5.30000000 7.30000000 1.95699708E+000
5.30000000 7.40000000 2.42893586E+000
5.30000000 7.50000000 3.11953353E+000
5.30000000 7.60000000 3.89759475E+000
5.30000000 7.70000000 4.67565598E+000
5.30000000 7.80000000 5.50838192E+000
5.30000000 7.90000000 6.66909621E+000
5.30000000 8.00000000 7.82981050E+000
5.30000000 8.10000000 8.99052478E+000
5.30000000 8.20000000 1.04136297E+001
5.30000000 8.30000000 1.20335277E+001
5.30000000 8.40000000 1.36534257E+001
5.30000000 8.50000000 1.52733236E+001
5.30000000 8.60000000 1.74289359E+001
5.30000000 8.70000000 1.95845481E+001
5.30000000 8.80000000 2.17401603E+001
5.30000000 8.90000000 2.41581633E+001
5.30000000 9.00000000 2.69260204E+001
5.30000000 9.10000000 2.96938776E+001
5.30000000 9.20000000 3.24617347E+001
5.30000000 9.30000000 3.58199708E+001
5.30000000 9.40000000 3.92766035E+001
5.30000000 9.50000000 4.27332362E+001
5.30000000 9.60000000 4.64085277E+001
5.30000000 9.70000000 5.06304665E+001
5.30000000 9.80000000 5.48524052E+001
5.30000000 9.90000000 5.90743440E+001
5.30000000 10.00000000 6.38975948E+001
5.30000000 10.10000000 6.89613703E+001
5.30000000 10.20000000 7.40251458E+001
5.30000000 10.30000000 7.92201166E+001
5.30000000 10.40000000 8.52022595E+001
5.30000000 10.50000000 9.11844023E+001
5.30000000 10.60000000 9.71665452E+001
5.30000000 10.70000000 1.03717201E+002
5.30000000 10.80000000 1.10694242E+002
5.30000000 10.90000000 1.17671283E+002
5.30000000 11.00000000 1.24648324E+002
5.40000000 1.00000000 -1.25262391E+002
5.40000000 1.10000000 -1.18285350E+002
5.40000000 1.20000000 -1.11308309E+002
5.40000000 1.30000000 -1.04331268E+002
5.40000000 1.40000000 -9.77806122E+001
5.40000000 1.50000000 -9.17984694E+001
5.40000000 1.60000000 -8.58163265E+001
5.40000000 1.70000000 -7.98341837E+001
5.40000000 1.80000000 -7.46392128E+001
5.40000000 1.90000000 -6.95754373E+001
5.40000000 2.00000000 -6.45116618E+001
5.40000000 2.10000000 -5.96884111E+001
5.40000000 2.20000000 -5.54664723E+001
5.40000000 2.30000000 -5.12445335E+001
5.40000000 2.40000000 -4.70225948E+001
5.40000000 2.50000000 -4.33473032E+001
5.40000000 2.60000000 -3.98906706E+001
5.40000000 2.70000000 -3.64340379E+001
5.40000000 2.80000000 -3.30758017E+001
5.40000000 2.90000000 -3.03079446E+001
5.40000000 3.00000000 -2.75400875E+001
5.40000000 3.10000000 -2.47722303E+001
5.40000000 3.20000000 -2.23542274E+001
5.40000000 3.30000000 -2.01986152E+001
5.40000000 3.40000000 -1.80430029E+001
5.40000000 3.50000000 -1.58873907E+001
5.40000000 3.60000000 -1.42674927E+001
5.40000000 3.70000000 -1.26475948E+001
5.40000000 3.80000000 -1.10276968E+001
5.40000000 3.90000000 -9.60459184E+000
5.40000000 4.00000000 -8.44387755E+000
5.40000000 4.10000000 -7.28316327E+000
5.40000000 4.20000000 -6.12244898E+000
5.40000000 4.30000000 -5.28972303E+000
5.40000000 4.40000000 -4.51166181E+000
5.40000000 4.50000000 -3.73360058E+000
5.40000000 4.60000000 -3.04300292E+000
5.40000000 4.70000000 -2.57106414E+000
5.40000000 4.80000000 -2.09912536E+000
5.40000000 4.90000000 -1.62718659E+000
5.40000000 5.00000000 -1.31924198E+000
5.40000000 5.10000000 -1.07689504E+000
5.40000000 5.20000000 -8.34548105E-001
5.40000000 5.30000000 -6.14067055E-001
5.40000000 5.40000000 -5.24781341E-001
5.40000000 5.50000000 -4.35495627E-001
5.40000000 5.60000000 -3.46209913E-001
5.40000000 5.70000000 -3.00655977E-001
5.40000000 5.80000000 -2.87900875E-001
5.40000000 5.90000000 -2.75145773E-001
5.40000000 6.00000000 -2.62390671E-001
5.40000000 6.10000000 -2.49635569E-001
5.40000000 6.20000000 -2.36880466E-001
5.40000000 6.30000000 -2.24125364E-001
5.40000000 6.40000000 -1.78571429E-001
5.40000000 6.50000000 -8.92857143E-002
5.40000000 6.60000000 3.83026943E-015
5.40000000 6.70000000 8.92857143E-002
5.40000000 6.80000000 3.09766764E-001
5.40000000 6.90000000 5.52113703E-001
5.40000000 7.00000000 7.94460641E-001
5.40000000 7.10000000 1.10240525E+000
5.40000000 7.20000000 1.57434402E+000
5.40000000 7.30000000 2.04628280E+000
5.40000000 7.40000000 2.51822157E+000
5.40000000 7.50000000 3.20881924E+000
5.40000000 7.60000000 3.98688047E+000
5.40000000 7.70000000 4.76494169E+000
5.40000000 7.80000000 5.59766764E+000
5.40000000 7.90000000 6.75838192E+000
5.40000000 8.00000000 7.91909621E+000
5.40000000 8.10000000 9.07981050E+000
5.40000000 8.20000000 1.05029155E+001
5.40000000 8.30000000 1.21228134E+001
5.40000000 8.40000000 1.37427114E+001
5.40000000 8.50000000 1.53626093E+001
5.40000000 8.60000000 1.75182216E+001
5.40000000 8.70000000 1.96738338E+001
5.40000000 8.80000000 2.18294461E+001
5.40000000 8.90000000 2.42474490E+001
5.40000000 9.00000000 2.70153061E+001
5.40000000 9.10000000 2.97831633E+001
5.40000000 9.20000000 3.25510204E+001
5.40000000 9.30000000 3.59092566E+001
5.40000000 9.40000000 3.93658892E+001
5.40000000 9.50000000 4.28225219E+001
5.40000000 9.60000000 4.64978134E+001
5.40000000 9.70000000 5.07197522E+001
5.40000000 9.80000000 5.49416910E+001
5.40000000 9.90000000 5.91636297E+001
5.40000000 10.00000000 6.39868805E+001
5.40000000 10.10000000 6.90506560E+001
5.40000000 10.20000000 7.41144315E+001
5.40000000 10.30000000 7.93094023E+001
5.40000000 10.40000000 8.52915452E+001
5.40000000 10.50000000 9.12736880E+001
5.40000000 10.60000000 9.72558309E+001
5.40000000 10.70000000 1.03806487E+002
5.40000000 10.80000000 1.10783528E+002
5.40000000 10.90000000 1.17760569E+002
5.40000000 11.00000000 1.24737609E+002
5.50000000 1.00000000 -1.25173105E+002
5.50000000 1.10000000 -1.18196064E+002
5.50000000 1.20000000 -1.11219023E+002
5.50000000 1.30000000 -1.04241983E+002
5.50000000 1.40000000 -9.76913265E+001
5.50000000 1.50000000 -9.17091837E+001
5.50000000 1.60000000 -8.57270408E+001
5.50000000 1.70000000 -7.97448980E+001
5.50000000 1.80000000 -7.45499271E+001
5.50000000 1.90000000 -6.94861516E+001
5.50000000 2.00000000 -6.44223761E+001
5.50000000 2.10000000 -5.95991254E+001
5.50000000 2.20000000 -5.53771866E+001
5.50000000 2.30000000 -5.11552478E+001
5.50000000 2.40000000 -4.69333090E+001
5.50000000 2.50000000 -4.32580175E+001
5.50000000 2.60000000 -3.98013848E+001
5.50000000 2.70000000 -3.63447522E+001
5.50000000 2.80000000 -3.29865160E+001
5.50000000 2.90000000 -3.02186589E+001
5.50000000 3.00000000 -2.74508017E+001
5.50000000 3.10000000 -2.46829446E+001
5.50000000 3.20000000 -2.22649417E+001
5.50000000 3.30000000 -2.01093294E+001
5.50000000 3.40000000 -1.79537172E+001
5.50000000 3.50000000 -1.57981050E+001
5.50000000 3.60000000 -1.41782070E+001
5.50000000 3.70000000 -1.25583090E+001
5.50000000 3.80000000 -1.09384111E+001
5.50000000 3.90000000 -9.51530612E+000
5.50000000 4.00000000 -8.35459184E+000
5.50000000 4.10000000 -7.19387755E+000
5.50000000 4.20000000 -6.03316327E+000
5.50000000 4.30000000 -5.20043732E+000
5.50000000 4.40000000 -4.42237609E+000
5.50000000 4.50000000 -3.64431487E+000
5.50000000 4.60000000 -2.95371720E+000
5.50000000 4.70000000 -2.48177843E+000
5.50000000 4.80000000 -2.00983965E+000
5.50000000 4.90000000 -1.53790087E+000
5.50000000 5.00000000 -1.22995627E+000
5.50000000 5.10000000 -9.87609329E-001
5.50000000 5.20000000 -7.45262391E-001
5.50000000 5.30000000 -5.24781341E-001
5.50000000 5.40000000 -4.35495627E-001
5.50000000 5.50000000 -3.46209913E-001
5.50000000 5.60000000 -2.56924198E-001
5.50000000 5.70000000 -2.11370262E-001
5.50000000 5.80000000 -1.98615160E-001
5.50000000 5.90000000 -1.85860058E-001
5.50000000 6.00000000 -1.73104956E-001
5.50000000 6.10000000 -1.60349854E-001
5.50000000 6.20000000 -1.47594752E-001
5.50000000 6.30000000 -1.34839650E-001
5.50000000 6.40000000 -8.92857143E-002
5.50000000 6.50000000 5.27355937E-015
5.50000000 6.60000000 8.92857143E-002
5.50000000 6.70000000 1.78571429E-001
5.50000000 6.80000000 3.99052478E-001
5.50000000 6.90000000 6.41399417E-001
5.50000000 7.00000000 8.83746356E-001
5.50000000 7.10000000 1.19169096E+000
5.50000000 7.20000000 1.66362974E+000
5.50000000 7.30000000 2.13556851E+000
5.50000000 7.40000000 2.60750729E+000
5.50000000 7.50000000 3.29810496E+000
5.50000000 7.60000000 4.07616618E+000
5.50000000 7.70000000 4.85422741E+000
5.50000000 7.80000000 5.68695335E+000
5.50000000 7.90000000 6.84766764E+000
5.50000000 8.00000000 8.00838192E+000
5.50000000 8.10000000 9.16909621E+000
5.50000000 8.20000000 1.05922012E+001
5.50000000 8.30000000 1.22120991E+001
5.50000000 8.40000000 1.38319971E+001
5.50000000 8.50000000 1.54518950E+001
5.50000000 8.60000000 1.76075073E+001
5.50000000 8.70000000 1.97631195E+001
5.50000000 8.80000000 2.19187318E+001
5.50000000 8.90000000 2.43367347E+001
5.50000000 9.00000000 2.71045918E+001
5.50000000 9.10000000 2.98724490E+001
5.50000000 9.20000000 3.26403061E+001
5.50000000 9.30000000 3.59985423E+001
5.50000000 9.40000000 3.94551749E+001
5.50000000 9.50000000 4.29118076E+001
5.50000000 9.60000000 4.65870991E+001
5.50000000 9.70000000 5.08090379E+001
5.50000000 9.80000000 5.50309767E+001
5.50000000 9.90000000 5.92529155E+001
5.50000000 10.00000000 6.40761662E+001
5.50000000 10.10000000 6.91399417E+001
5.50000000 10.20000000 7.42037172E+001
5.50000000 10.30000000 7.93986880E+001
5.50000000 10.40000000 8.53808309E+001
5.50000000 10.50000000 9.13629738E+001
5.50000000 10.60000000 9.73451166E+001
5.50000000 10.70000000 1.03895773E+002
5.50000000 10.80000000 1.10872813E+002
5.50000000 10.90000000 1.17849854E+002
5.50000000 11.00000000 1.24826895E+002
5.60000000 1.00000000 -1.25083819E+002
5.60000000 1.10000000 -1.18106778E+002
5.60000000 1.20000000 -1.11129738E+002
5.60000000 1.30000000 -1.04152697E+002
5.60000000 1.40000000 -9.76020408E+001
5.60000000 1.50000000 -9.16198980E+001
5.60000000 1.60000000 -8.56377551E+001
5.60000000 1.70000000 -7.96556122E+001
5.60000000 1.80000000 -7.44606414E+001
5.60000000 1.90000000 -6.93968659E+001
5.60000000 2.00000000 -6.43330904E+001
5.60000000 2.10000000 -5.95098397E+001
5.60000000 2.20000000 -5.52879009E+001
5.60000000 2.30000000 -5.10659621E+001
5.60000000 2.40000000 -4.68440233E+001
5.60000000 2.50000000 -4.31687318E+001
5.60000000 2.60000000 -3.97120991E+001
5.60000000 2.70000000 -3.62554665E+001
5.60000000 2.80000000 -3.28972303E+001
5.60000000 2.90000000 -3.01293732E+001
5.60000000 3.00000000 -2.73615160E+001
5.60000000 3.10000000 -2.45936589E+001
5.60000000 3.20000000 -2.21756560E+001
5.60000000 3.30000000 -2.00200437E+001
5.60000000 3.40000000 -1.78644315E+001
5.60000000 3.50000000 -1.57088192E+001
5.60000000 3.60000000 -1.40889213E+001
5.60000000 3.70000000 -1.24690233E+001
5.60000000 3.80000000 -1.08491254E+001
5.60000000 3.90000000 -9.42602041E+000
5.60000000 4.00000000 -8.26530612E+000
5.60000000 4.10000000 -7.10459184E+000
5.60000000 4.20000000 -5.94387755E+000
5.60000000 4.30000000 -5.11115160E+000
5.60000000 4.40000000 -4.33309038E+000
5.60000000 4.50000000 -3.55502915E+000
5.60000000 4.60000000 -2.86443149E+000
5.60000000 4.70000000 -2.39249271E+000
5.60000000 4.80000000 -1.92055394E+000
5.60000000 4.90000000 -1.44861516E+000
5.60000000 5.00000000 -1.14067055E+000
5.60000000 5.10000000 -8.98323615E-001
5.60000000 5.20000000 -6.55976676E-001
5.60000000 5.30000000 -4.35495627E-001
5.60000000 5.40000000 -3.46209913E-001
5.60000000 5.50000000 -2.56924198E-001
5.60000000 5.60000000 -1.67638484E-001
5.60000000 5.70000000 -1.22084548E-001
5.60000000 5.80000000 -1.09329446E-001
5.60000000 5.90000000 -9.65743440E-002
5.60000000 6.00000000 -8.38192420E-002
5.60000000 6.10000000 -7.10641399E-002
5.60000000 6.20000000 -5.83090379E-002
5.60000000 6.30000000 -4.55539359E-002
5.60000000 6.40000000 1.98452366E-015
5.60000000 6.50000000 8.92857143E-002
5.60000000 6.60000000 1.78571429E-001
5.60000000 6.70000000 2.67857143E-001
5.60000000 6.80000000 4.88338192E-001
5.60000000 6.90000000 7.30685131E-001
5.60000000 7.00000000 9.73032070E-001
5.60000000 7.10000000 1.28097668E+000
5.60000000 7.20000000 1.75291545E+000
5.60000000 7.30000000 2.22485423E+000
5.60000000 7.40000000 2.69679300E+000
5.60000000 7.50000000 3.38739067E+000
5.60000000 7.60000000 4.16545190E+000
5.60000000 7.70000000 4.94351312E+000
5.60000000 7.80000000 5.77623907E+000
5.60000000 7.90000000 6.93695335E+000
5.60000000 8.00000000 8.09766764E+000
5.60000000 8.10000000 9.25838192E+000
5.60000000 8.20000000 1.06814869E+001
5.60000000 8.30000000 1.23013848E+001
5.60000000 8.40000000 1.39212828E+001
5.60000000 8.50000000 1.55411808E+001
5.60000000 8.60000000 1.76967930E+001
5.60000000 8.70000000 1.98524052E+001
5.60000000 8.80000000 2.20080175E+001
5.60000000 8.90000000 2.44260204E+001
5.60000000 9.00000000 2.71938776E+001
5.60000000 9.10000000 2.99617347E+001
5.60000000 9.20000000 3.27295918E+001
5.60000000 9.30000000 3.60878280E+001
5.60000000 9.40000000 3.95444606E+001
5.60000000 9.50000000 4.30010933E+001
5.60000000 9.60000000 4.66763848E+001
5.60000000 9.70000000 5.08983236E+001
5.60000000 9.80000000 5.51202624E+001
5.60000000 9.90000000 5.93422012E+001
5.60000000 10.00000000 6.41654519E+001
5.60000000 10.10000000 6.92292274E+001
5.60000000 10.20000000 7.42930029E+001
5.60000000 10.30000000 7.94879738E+001
5.60000000 10.40000000 8.54701166E+001
5.60000000 10.50000000 9.14522595E+001
5.60000000 10.60000000 9.74344023E+001
5.60000000 10.70000000 1.03985058E+002
5.60000000 10.80000000 1.10962099E+002
5.60000000 10.90000000 1.17939140E+002
5.60000000 11.00000000 1.24916181E+002
5.70000000 1.00000000 -1.25038265E+002
5.70000000 1.10000000 -1.18061224E+002
5.70000000 1.20000000 -1.11084184E+002
5.70000000 1.30000000 -1.04107143E+002
5.70000000 1.40000000 -9.75564869E+001
5.70000000 1.50000000 -9.15743440E+001
5.70000000 1.60000000 -8.55922012E+001
5.70000000 1.70000000 -7.96100583E+001
5.70000000 1.80000000 -7.44150875E+001
5.70000000 1.90000000 -6.93513120E+001
5.70000000 2.00000000 -6.42875364E+001
5.70000000 2.10000000 -5.94642857E+001
5.70000000 2.20000000 -5.52423469E+001
5.70000000 2.30000000 -5.10204082E+001
5.70000000 2.40000000 -4.67984694E+001
5.70000000 2.50000000 -4.31231778E+001
5.70000000 2.60000000 -3.96665452E+001
5.70000000 2.70000000 -3.62099125E+001
5.70000000 2.80000000 -3.28516764E+001
5.70000000 2.90000000 -3.00838192E+001
5.70000000 3.00000000 -2.73159621E+001
5.70000000 3.10000000 -2.45481050E+001
5.70000000 3.20000000 -2.21301020E+001
5.70000000 3.30000000 -1.99744898E+001
5.70000000 3.40000000 -1.78188776E+001
5.70000000 3.50000000 -1.56632653E+001
5.70000000 3.60000000 -1.40433673E+001
5.70000000 3.70000000 -1.24234694E+001
5.70000000 3.80000000 -1.08035714E+001
5.70000000 3.90000000 -9.38046647E+000
5.70000000 4.00000000 -8.21975219E+000
5.70000000 4.10000000 -7.05903790E+000
5.70000000 4.20000000 -5.89832362E+000
5.70000000 4.30000000 -5.06559767E+000
5.70000000 4.40000000 -4.28753644E+000
5.70000000 4.50000000 -3.50947522E+000
5.70000000 4.60000000 -2.81887755E+000
5.70000000 4.70000000 -2.34693878E+000
5.70000000 4.80000000 -1.87500000E+000
5.70000000 4.90000000 -1.40306122E+000
5.70000000 5.00000000 -1.09511662E+000
5.70000000 5.10000000 -8.52769679E-001
5.70000000 5.20000000 -6.10422741E-001
5.70000000 5.30000000 -3.89941691E-001
5.70000000 5.40000000 -3.00655977E-001
5.70000000 5.50000000 -2.11370262E-001
5.70000000 5.60000000 -1.22084548E-001
5.70000000 5.70000000 -7.65306122E-002
5.70000000 5.80000000 -6.37755102E-002
5.70000000 5.90000000 -5.10204082E-002
5.70000000 6.00000000 -3.82653061E-002
5.70000000 6.10000000 -2.55102041E-002
5.70000000 6.20000000 -1.27551020E-002
5.70000000 6.30000000 6.45317133E-016
5.70000000 6.40000000 4.55539359E-002
5.70000000 6.50000000 1.34839650E-001
5.70000000 6.60000000 2.24125364E-001
5.70000000 6.70000000 3.13411079E-001
5.70000000 6.80000000 5.33892128E-001
5.70000000 6.90000000 7.76239067E-001
5.70000000 7.00000000 1.01858601E+000
5.70000000 7.10000000 1.32653061E+000
5.70000000 7.20000000 1.79846939E+000
5.70000000 7.30000000 2.27040816E+000
5.70000000 7.40000000 2.74234694E+000
5.70000000 7.50000000 3.43294461E+000
5.70000000 7.60000000 4.21100583E+000
5.70000000 7.70000000 4.98906706E+000
5.70000000 7.80000000 5.82179300E+000
5.70000000 7.90000000 6.98250729E+000
5.70000000 8.00000000 8.14322157E+000
5.70000000 8.10000000 9.30393586E+000
5.70000000 8.20000000 1.07270408E+001
5.70000000 8.30000000 1.23469388E+001
5.70000000 8.40000000 1.39668367E+001
5.70000000 8.50000000 1.55867347E+001
5.70000000 8.60000000 1.77423469E+001
5.70000000 8.70000000 1.98979592E+001
5.70000000 8.80000000 2.20535714E+001
5.70000000 8.90000000 2.44715743E+001
5.70000000 9.00000000 2.72394315E+001
5.70000000 9.10000000 3.00072886E+001
5.70000000 9.20000000 3.27751458E+001
5.70000000 9.30000000 3.61333819E+001
5.70000000 9.40000000 3.95900146E+001
5.70000000 9.50000000 4.30466472E+001
5.70000000 9.60000000 4.67219388E+001
5.70000000 9.70000000 5.09438776E+001
5.70000000 9.80000000 5.51658163E+001
5.70000000 9.90000000 5.93877551E+001
5.70000000 10.00000000 6.42110058E+001
5.70000000 10.10000000 6.92747813E+001
5.70000000 10.20000000 7.43385569E+001
5.70000000 10.30000000 7.95335277E+001
5.70000000 10.40000000 8.55156706E+001
5.70000000 10.50000000 9.14978134E+001
5.70000000 10.60000000 9.74799563E+001
5.70000000 10.70000000 1.04030612E+002
5.70000000 10.80000000 1.11007653E+002
5.70000000 10.90000000 1.17984694E+002
5.70000000 11.00000000 1.24961735E+002
5.80000000 1.00000000 -1.25025510E+002
5.80000000 1.10000000 -1.18048469E+002
5.80000000 1.20000000 -1.11071429E+002
5.80000000 1.30000000 -1.04094388E+002
5.80000000 1.40000000 -9.75437318E+001
5.80000000 1.50000000 -9.15615889E+001
5.80000000 1.60000000 -8.55794461E+001
5.80000000 1.70000000 -7.95973032E+001
5.80000000 1.80000000 -7.44023324E+001
5.80000000 1.90000000 -6.93385569E+001
5.80000000 2.00000000 -6.42747813E+001
5.80000000 2.10000000 -5.94515306E+001
5.80000000 2.20000000 -5.52295918E+001
5.80000000 2.30000000 -5.10076531E+001
5.80000000 2.40000000 -4.67857143E+001
5.80000000 2.50000000 -4.31104227E+001
5.80000000 2.60000000 -3.96537901E+001
5.80000000 2.70000000 -3.61971574E+001
5.80000000 2.80000000 -3.28389213E+001
5.80000000 2.90000000 -3.00710641E+001
5.80000000 3.00000000 -2.73032070E+001
5.80000000 3.10000000 -2.45353499E+001
5.80000000 3.20000000 -2.21173469E+001
5.80000000 3.30000000 -1.99617347E+001
5.80000000 3.40000000 -1.78061224E+001
5.80000000 3.50000000 -1.56505102E+001
5.80000000 3.60000000 -1.40306122E+001
5.80000000 3.70000000 -1.24107143E+001
5.80000000 3.80000000 -1.07908163E+001
5.80000000 3.90000000 -9.36771137E+000
5.80000000 4.00000000 -8.20699708E+000
5.80000000 4.10000000 -7.04628280E+000
5.80000000 4.20000000 -5.88556851E+000
5.80000000 4.30000000 -5.05284257E+000
5.80000000 4.40000000 -4.27478134E+000
5.80000000 4.50000000 -3.49672012E+000
5.80000000 4.60000000 -2.80612245E+000
5.80000000 4.70000000 -2.33418367E+000
5.80000000 4.80000000 -1.86224490E+000
5.80000000 4.90000000 -1.39030612E+000
5.80000000 5.00000000 -1.08236152E+000
5.80000000 5.10000000 -8.40014577E-001
5.80000000 5.20000000 -5.97667638E-001
5.80000000 5.30000000 -3.77186589E-001
5.80000000 5.40000000 -2.87900875E-001
5.80000000 5.50000000 -1.98615160E-001
5.80000000 5.60000000 -1.09329446E-001
5.80000000 5.70000000 -6.37755102E-002
5.80000000 5.80000000 -5.10204082E-002
5.80000000 5.90000000 -3.82653061E-002
5.80000000 6.00000000 -2.55102041E-002
5.80000000 6.10000000 -1.27551020E-002
5.80000000 6.20000000 3.52148866E-016
5.80000000 6.30000000 1.27551020E-002
5.80000000 6.40000000 5.83090379E-002
5.80000000 6.50000000 1.47594752E-001
5.80000000 6.60000000 2.36880466E-001
5.80000000 6.70000000 3.26166181E-001
5.80000000 6.80000000 5.46647230E-001
5.80000000 6.90000000 7.88994169E-001
5.80000000 7.00000000 1.03134111E+000
5.80000000 7.10000000 1.33928571E+000
5.80000000 7.20000000 1.81122449E+000
5.80000000 7.30000000 2.28316327E+000
5.80000000 7.40000000 2.75510204E+000
5.80000000 7.50000000 3.44569971E+000
5.80000000 7.60000000 4.22376093E+000
5.80000000 7.70000000 5.00182216E+000
5.80000000 7.80000000 5.83454810E+000
5.80000000 7.90000000 6.99526239E+000
5.80000000 8.00000000 8.15597668E+000
5.80000000 8.10000000 9.31669096E+000
5.80000000 8.20000000 1.07397959E+001
5.80000000 8.30000000 1.23596939E+001
5.80000000 8.40000000 1.39795918E+001
5.80000000 8.50000000 1.55994898E+001
5.80000000 8.60000000 1.77551020E+001
5.80000000 8.70000000 1.99107143E+001
5.80000000 8.80000000 2.20663265E+001
5.80000000 8.90000000 2.44843294E+001
5.80000000 9.00000000 2.72521866E+001
5.80000000 9.10000000 3.00200437E+001
5.80000000 9.20000000 3.27879009E+001
5.80000000 9.30000000 3.61461370E+001
5.80000000 9.40000000 3.96027697E+001
5.80000000 9.50000000 4.30594023E+001
5.80000000 9.60000000 4.67346939E+001
5.80000000 9.70000000 5.09566327E+001
5.80000000 9.80000000 5.51785714E+001
5.80000000 9.90000000 5.94005102E+001
5.80000000 10.00000000 6.42237609E+001
5.80000000 10.10000000 6.92875364E+001
5.80000000 10.20000000 7.43513120E+001
5.80000000 10.30000000 7.95462828E+001
5.80000000 10.40000000 8.55284257E+001
5.80000000 10.50000000 9.15105685E+001
5.80000000 10.60000000 9.74927114E+001
5.80000000 10.70000000 1.04043367E+002
5.80000000 10.80000000 1.11020408E+002
5.80000000 10.90000000 1.17997449E+002
5.80000000 11.00000000 1.24974490E+002
5.90000000 1.00000000 -1.25012755E+002
5.90000000 1.10000000 -1.18035714E+002
5.90000000 1.20000000 -1.11058673E+002
5.90000000 1.30000000 -1.04081633E+002
5.90000000 1.40000000 -9.75309767E+001
5.90000000 1.50000000 -9.15488338E+001
5.90000000 1.60000000 -8.55666910E+001
5.90000000 1.70000000 -7.95845481E+001
5.90000000 1.80000000 -7.43895773E+001
5.90000000 1.90000000 -6.93258017E+001
5.90000000 2.00000000 -6.42620262E+001
5.90000000 2.10000000 -5.94387755E+001
5.90000000 2.20000000 -5.52168367E+001
5.90000000 2.30000000 -5.09948980E+001
5.90000000 2.40000000 -4.67729592E+001
5.90000000 2.50000000 -4.30976676E+001
5.90000000 2.60000000 -3.96410350E+001
5.90000000 2.70000000 -3.61844023E+001
5.90000000 2.80000000 -3.28261662E+001
5.90000000 2.90000000 -3.00583090E+001
5.90000000 3.00000000 -2.72904519E+001
5.90000000 3.10000000 -2.45225948E+001
5.90000000 3.20000000 -2.21045918E+001
5.90000000 3.30000000 -1.99489796E+001
5.90000000 3.40000000 -1.77933673E+001
5.90000000 3.50000000 -1.56377551E+001
5.90000000 3.60000000 -1.40178571E+001
5.90000000 3.70000000 -1.23979592E+001
5.90000000 3.80000000 -1.07780612E+001
5.90000000 3.90000000 -9.35495627E+000
5.90000000 4.00000000 -8.19424198E+000
5.90000000 4.10000000 -7.03352770E+000
5.90000000 4.20000000 -5.87281341E+000
5.90000000 4.30000000 -5.04008746E+000
5.90000000 4.40000000 -4.26202624E+000
5.90000000 4.50000000 -3.48396501E+000
5.90000000 4.60000000 -2.79336735E+000
5.90000000 4.70000000 -2.32142857E+000
5.90000000 4.80000000 -1.84948980E+000
5.90000000 4.90000000 -1.37755102E+000
5.90000000 5.00000000 -1.06960641E+000
5.90000000 5.10000000 -8.27259475E-001
5.90000000 5.20000000 -5.84912536E-001
5.90000000 5.30000000 -3.64431487E-001
5.90000000 5.40000000 -2.75145773E-001
5.90000000 5.50000000 -1.85860058E-001
5.90000000 5.60000000 -9.65743440E-002
5.90000000 5.70000000 -5.10204082E-002
5.90000000 5.80000000 -3.82653061E-002
5.90000000 5.90000000 -2.55102041E-002
5.90000000 6.00000000 -1.27551020E-002
5.90000000 6.10000000 6.31439345E-016
5.90000000 6.20000000 1.27551020E-002
5.90000000 6.30000000 2.55102041E-002
5.90000000 6.40000000 7.10641399E-002
5.90000000 6.50000000 1.60349854E-001
5.90000000 6.60000000 2.49635569E-001
5.90000000 6.70000000 3.38921283E-001
5.90000000 6.80000000 5.59402332E-001
5.90000000 6.90000000 8.01749271E-001
5.90000000 7.00000000 1.04409621E+000
5.90000000 7.10000000 1.35204082E+000
5.90000000 7.20000000 1.82397959E+000
5.90000000 7.30000000 2.29591837E+000
5.90000000 7.40000000 2.76785714E+000
5.90000000 7.50000000 3.45845481E+000
5.90000000 7.60000000 4.23651603E+000
5.90000000 7.70000000 5.01457726E+000
5.90000000 7.80000000 5.84730321E+000
5.90000000 7.90000000 7.00801749E+000
5.90000000 8.00000000 8.16873178E+000
5.90000000 8.10000000 9.32944606E+000
5.90000000 8.20000000 1.07525510E+001
5.90000000 8.30000000 1.23724490E+001
5.90000000 8.40000000 1.39923469E+001
5.90000000 8.50000000 1.56122449E+001
5.90000000 8.60000000 1.77678571E+001
5.90000000 8.70000000 1.99234694E+001
5.90000000 8.80000000 2.20790816E+001
5.90000000 8.90000000 2.44970845E+001
5.90000000 9.00000000 2.72649417E+001
5.90000000 9.10000000 3.00327988E+001
5.90000000 9.20000000 3.28006560E+001
5.90000000 9.30000000 3.61588921E+001
5.90000000 9.40000000 3.96155248E+001
5.90000000 9.50000000 4.30721574E+001
5.90000000 9.60000000 4.67474490E+001
5.90000000 9.70000000 5.09693878E+001
5.90000000 9.80000000 5.51913265E+001
5.90000000 9.90000000 5.94132653E+001
5.90000000 10.00000000 6.42365160E+001
5.90000000 10.10000000 6.93002915E+001
5.90000000 10.20000000 7.43640671E+001
5.90000000 10.30000000 7.95590379E+001
5.90000000 10.40000000 8.55411808E+001
5.90000000 10.50000000 9.15233236E+001
5.90000000 10.60000000 9.75054665E+001
5.90000000 10.70000000 1.04056122E+002
5.90000000 10.80000000 1.11033163E+002
5.90000000 10.90000000 1.18010204E+002
5.90000000 11.00000000 1.24987245E+002
6.00000000 1.00000000 -1.25000000E+002
6.00000000 1.10000000 -1.18022959E+002
6.00000000 1.20000000 -1.11045918E+002
6.00000000 1.30000000 -1.04068878E+002
6.00000000 1.40000000 -9.75182216E+001
6.00000000 1.50000000 -9.15360787E+001
6.00000000 1.60000000 -8.55539359E+001
6.00000000 1.70000000 -7.95717930E+001
6.00000000 1.80000000 -7.43768222E+001
6.00000000 1.90000000 -6.93130466E+001
6.00000000 2.00000000 -6.42492711E+001
6.00000000 2.10000000 -5.94260204E+001
6.00000000 2.20000000 -5.52040816E+001
6.00000000 2.30000000 -5.09821429E+001
6.00000000 2.40000000 -4.67602041E+001
6.00000000 2.50000000 -4.30849125E+001
6.00000000 2.60000000 -3.96282799E+001
6.00000000 2.70000000 -3.61716472E+001
6.00000000 2.80000000 -3.28134111E+001
6.00000000 2.90000000 -3.00455539E+001
6.00000000 3.00000000 -2.72776968E+001
6.00000000 3.10000000 -2.45098397E+001
6.00000000 3.20000000 -2.20918367E+001
6.00000000 3.30000000 -1.99362245E+001
6.00000000 3.40000000 -1.77806122E+001
6.00000000 3.50000000 -1.56250000E+001
6.00000000 3.60000000 -1.40051020E+001
6.00000000 3.70000000 -1.23852041E+001
6.00000000 3.80000000 -1.07653061E+001
6.00000000 3.90000000 -9.34220117E+000
6.00000000 4.00000000 -8.18148688E+000
6.00000000 4.10000000 -7.02077259E+000
6.00000000 4.20000000 -5.86005831E+000
6.00000000 4.30000000 -5.02733236E+000
6.00000000 4.40000000 -4.24927114E+000
6.00000000 4.50000000 -3.47120991E+000
6.00000000 4.60000000 -2.78061224E+000
6.00000000 4.70000000 -2.30867347E+000
6.00000000 4.80000000 -1.83673469E+000
6.00000000 4.90000000 -1.36479592E+000
6.00000000 5.00000000 -1.05685131E+000
6.00000000 5.10000000 -8.14504373E-001
6.00000000 5.20000000 -5.72157434E-001
6.00000000 5.30000000 -3.51676385E-001
6.00000000 5.40000000 -2.62390671E-001
6.00000000 5.50000000 -1.73104956E-001
6.00000000 5.60000000 -8.38192420E-002
6.00000000 5.70000000 -3.82653061E-002
6.00000000 5.80000000 -2.55102041E-002
6.00000000 5.90000000 -1.27551020E-002
6.00000000 6.00000000 2.26576127E-016
6.00000000 6.10000000 1.27551020E-002
6.00000000 6.20000000 2.55102041E-002
6.00000000 6.30000000 3.82653061E-002
6.00000000 6.40000000 8.38192420E-002
6.00000000 6.50000000 1.73104956E-001
6.00000000 6.60000000 2.62390671E-001
6.00000000 6.70000000 3.51676385E-001
6.00000000 6.80000000 5.72157434E-001
6.00000000 6.90000000 8.14504373E-001
6.00000000 7.00000000 1.05685131E+000
6.00000000 7.10000000 1.36479592E+000
6.00000000 7.20000000 1.83673469E+000
6.00000000 7.30000000 2.30867347E+000
6.00000000 7.40000000 2.78061224E+000
6.00000000 7.50000000 3.47120991E+000
6.00000000 7.60000000 4.24927114E+000
6.00000000 7.70000000 5.02733236E+000
6.00000000 7.80000000 5.86005831E+000
6.00000000 7.90000000 7.02077259E+000
6.00000000 8.00000000 8.18148688E+000
6.00000000 8.10000000 9.34220117E+000
6.00000000 8.20000000 1.07653061E+001
6.00000000 8.30000000 1.23852041E+001
6.00000000 8.40000000 1.40051020E+001
6.00000000 8.50000000 1.56250000E+001
6.00000000 8.60000000 1.77806122E+001
6.00000000 8.70000000 1.99362245E+001
6.00000000 8.80000000 2.20918367E+001
6.00000000 8.90000000 2.45098397E+001
6.00000000 9.00000000 2.72776968E+001
6.00000000 9.10000000 3.00455539E+001
6.00000000 9.20000000 3.28134111E+001
6.00000000 9.30000000 3.61716472E+001
6.00000000 9.40000000 3.96282799E+001
6.00000000 9.50000000 4.30849125E+001
6.00000000 9.60000000 4.67602041E+001
6.00000000 9.70000000 5.09821429E+001
6.00000000 9.80000000 5.52040816E+001
6.00000000 9.90000000 5.94260204E+001
6.00000000 10.00000000 6.42492711E+001
6.00000000 10.10000000 6.93130466E+001
6.00000000 10.20000000 7.43768222E+001
6.00000000 10.30000000 7.95717930E+001
6.00000000 10.40000000 8.55539359E+001
6.00000000 10.50000000 9.15360787E+001
6.00000000 10.60000000 9.75182216E+001
6.00000000 10.70000000 1.04068878E+002
6.00000000 10.80000000 1.11045918E+002
6.00000000 10.90000000 1.18022959E+002
6.00000000 11.00000000 1.25000000E+002
6.10000000 1.00000000 -1.24987245E+002
6.10000000 1.10000000 -1.18010204E+002
6.10000000 1.20000000 -1.11033163E+002
6.10000000 1.30000000 -1.04056122E+002
6.10000000 1.40000000 -9.75054665E+001
6.10000000 1.50000000 -9.15233236E+001
6.10000000 1.60000000 -8.55411808E+001
6.10000000 1.70000000 -7.95590379E+001
6.10000000 1.80000000 -7.43640671E+001
6.10000000 1.90000000 -6.93002915E+001
6.10000000 2.00000000 -6.42365160E+001
6.10000000 2.10000000 -5.94132653E+001
6.10000000 2.20000000 -5.51913265E+001
6.10000000 2.30000000 -5.09693878E+001
6.10000000 2.40000000 -4.67474490E+001
6.10000000 2.50000000 -4.30721574E+001
6.10000000 2.60000000 -3.96155248E+001
6.10000000 2.70000000 -3.61588921E+001
6.10000000 2.80000000 -3.28006560E+001
6.10000000 2.90000000 -3.00327988E+001
6.10000000 3.00000000 -2.72649417E+001
6.10000000 3.10000000 -2.44970845E+001
6.10000000 3.20000000 -2.20790816E+001
6.10000000 3.30000000 -1.99234694E+001
6.10000000 3.40000000 -1.77678571E+001
6.10000000 3.50000000 -1.56122449E+001
6.10000000 3.60000000 -1.39923469E+001
6.10000000 3.70000000 -1.23724490E+001
6.10000000 3.80000000 -1.07525510E+001
6.10000000 3.90000000 -9.32944606E+000
6.10000000 4.00000000 -8.16873178E+000
6.10000000 4.10000000 -7.00801749E+000
6.10000000 4.20000000 -5.84730321E+000
6.10000000 4.30000000 -5.01457726E+000
6.10000000 4.40000000 -4.23651603E+000
6.10000000 4.50000000 -3.45845481E+000
6.10000000 4.60000000 -2.76785714E+000
6.10000000 4.70000000 -2.29591837E+000
6.10000000 4.80000000 -1.82397959E+000
6.10000000 4.90000000 -1.35204082E+000
6.10000000 5.00000000 -1.04409621E+000
6.10000000 5.10000000 -8.01749271E-001
6.10000000 5.20000000 -5.59402332E-001
6.10000000 5.30000000 -3.38921283E-001
6.10000000 5.40000000 -2.49635569E-001
6.10000000 5.50000000 -1.60349854E-001
6.10000000 5.60000000 -7.10641399E-002
6.10000000 5.70000000 -2.55102041E-002
6.10000000 5.80000000 -1.27551020E-002
6.10000000 5.90000000 2.89698820E-016
6.10000000 6.00000000 1.27551020E-002
6.10000000 6.10000000 2.55102041E-002
6.10000000 6.20000000 3.82653061E-002
6.10000000 6.30000000 5.10204082E-002
6.10000000 6.40000000 9.65743440E-002
6.10000000 6.50000000 1.85860058E-001
6.10000000 6.60000000 2.75145773E-001
6.10000000 6.70000000 3.64431487E-001
6.10000000 6.80000000 5.84912536E-001
6.10000000 6.90000000 8.27259475E-001
6.10000000 7.00000000 1.06960641E+000
6.10000000 7.10000000 1.37755102E+000
6.10000000 7.20000000 1.84948980E+000
6.10000000 7.30000000 2.32142857E+000
6.10000000 7.40000000 2.79336735E+000
6.10000000 7.50000000 3.48396501E+000
6.10000000 7.60000000 4.26202624E+000
6.10000000 7.70000000 5.04008746E+000
6.10000000 7.80000000 5.87281341E+000
6.10000000 7.90000000 7.03352770E+000
6.10000000 8.00000000 8.19424198E+000
6.10000000 8.10000000 9.35495627E+000
6.10000000 8.20000000 1.07780612E+001
6.10000000 8.30000000 1.23979592E+001
6.10000000 8.40000000 1.40178571E+001
6.10000000 8.50000000 1.56377551E+001
6.10000000 8.60000000 1.77933673E+001
6.10000000 8.70000000 1.99489796E+001
6.10000000 8.80000000 2.21045918E+001
6.10000000 8.90000000 2.45225948E+001
6.10000000 9.00000000 2.72904519E+001
6.10000000 9.10000000 3.00583090E+001
6.10000000 9.20000000 3.28261662E+001
6.10000000 9.30000000 3.61844023E+001
6.10000000 9.40000000 3.96410350E+001
6.10000000 9.50000000 4.30976676E+001
6.10000000 9.60000000 4.67729592E+001
6.10000000 9.70000000 5.09948980E+001
6.10000000 9.80000000 5.52168367E+001
6.10000000 9.90000000 5.94387755E+001
6.10000000 10.00000000 6.42620262E+001
6.10000000 10.10000000 6.93258017E+001
6.10000000 10.20000000 7.43895773E+001
6.10000000 10.30000000 7.95845481E+001
6.10000000 10.40000000 8.55666910E+001
6.10000000 10.50000000 9.15488338E+001
6.10000000 10.60000000 9.75309767E+001
6.10000000 10.70000000 1.04081633E+002
6.10000000 10.80000000 1.11058673E+002
6.10000000 10.90000000 1.18035714E+002
6.10000000 11.00000000 1.25012755E+002
6.20000000 1.00000000 -1.24974490E+002
6.20000000 1.10000000 -1.17997449E+002
6.20000000 1.20000000 -1.11020408E+002
6.20000000 1.30000000 -1.04043367E+002
6.20000000 1.40000000 -9.74927114E+001
6.20000000 1.50000000 -9.15105685E+001
6.20000000 1.60000000 -8.55284257E+001
6.20000000 1.70000000 -7.95462828E+001
6.20000000 1.80000000 -7.43513120E+001
6.20000000 1.90000000 -6.92875364E+001
6.20000000 2.00000000 -6.42237609E+001
6.20000000 2.10000000 -5.94005102E+001
6.20000000 2.20000000 -5.51785714E+001
6.20000000 2.30000000 -5.09566327E+001
6.20000000 2.40000000 -4.67346939E+001
6.20000000 2.50000000 -4.30594023E+001
6.20000000 2.60000000 -3.96027697E+001
6.20000000 2.70000000 -3.61461370E+001
6.20000000 2.80000000 -3.27879009E+001
6.20000000 2.90000000 -3.00200437E+001
6.20000000 3.00000000 -2.72521866E+001
6.20000000 3.10000000 -2.44843294E+001
6.20000000 3.20000000 -2.20663265E+001
6.20000000 3.30000000 -1.99107143E+001
6.20000000 3.40000000 -1.77551020E+001
6.20000000 3.50000000 -1.55994898E+001
6.20000000 3.60000000 -1.39795918E+001
6.20000000 3.70000000 -1.23596939E+001
6.20000000 3.80000000 -1.07397959E+001
6.20000000 3.90000000 -9.31669096E+000
6.20000000 4.00000000 -8.15597668E+000
6.20000000 4.10000000 -6.99526239E+000
6.20000000 4.20000000 -5.83454810E+000
6.20000000 4.30000000 -5.00182216E+000
6.20000000 4.40000000 -4.22376093E+000
6.20000000 4.50000000 -3.44569971E+000
6.20000000 4.60000000 -2.75510204E+000
6.20000000 4.70000000 -2.28316327E+000
6.20000000 4.80000000 -1.81122449E+000
6.20000000 4.90000000 -1.33928571E+000
6.20000000 5.00000000 -1.03134111E+000
6.20000000 5.10000000 -7.88994169E-001
6.20000000 5.20000000 -5.46647230E-001
6.20000000 5.30000000 -3.26166181E-001
6.20000000 5.40000000 -2.36880466E-001
6.20000000 5.50000000 -1.47594752E-001
6.20000000 5.60000000 -5.83090379E-002
6.20000000 5.70000000 -1.27551020E-002
6.20000000 5.80000000 2.41126563E-016
6.20000000 5.90000000 1.27551020E-002
6.20000000 6.00000000 2.55102041E-002
6.20000000 6.10000000 3.82653061E-002
6.20000000 6.20000000 5.10204082E-002
6.20000000 6.30000000 6.37755102E-002
6.20000000 6.40000000 1.09329446E-001
6.20000000 6.50000000 1.98615160E-001
6.20000000 6.60000000 2.87900875E-001
6.20000000 6.70000000 3.77186589E-001
6.20000000 6.80000000 5.97667638E-001
6.20000000 6.90000000 8.40014577E-001
6.20000000 7.00000000 1.08236152E+000
6.20000000 7.10000000 1.39030612E+000
6.20000000 7.20000000 1.86224490E+000
6.20000000 7.30000000 2.33418367E+000
6.20000000 7.40000000 2.80612245E+000
6.20000000 7.50000000 3.49672012E+000
6.20000000 7.60000000 4.27478134E+000
6.20000000 7.70000000 5.05284257E+000
6.20000000 7.80000000 5.88556851E+000
6.20000000 7.90000000 7.04628280E+000
6.20000000 8.00000000 8.20699708E+000
6.20000000 8.10000000 9.36771137E+000
6.20000000 8.20000000 1.07908163E+001
6.20000000 8.30000000 1.24107143E+001
6.20000000 8.40000000 1.40306122E+001
6.20000000 8.50000000 1.56505102E+001
6.20000000 8.60000000 1.78061224E+001
6.20000000 8.70000000 1.99617347E+001
6.20000000 8.80000000 2.21173469E+001
6.20000000 8.90000000 2.45353499E+001
6.20000000 9.00000000 2.73032070E+001
6.20000000 9.10000000 3.00710641E+001
6.20000000 9.20000000 3.28389213E+001
6.20000000 9.30000000 3.61971574E+001
6.20000000 9.40000000 3.96537901E+001
6.20000000 9.50000000 4.31104227E+001
6.20000000 9.60000000 4.67857143E+001
6.20000000 9.70000000 5.10076531E+001
6.20000000 9.80000000 5.52295918E+001
6.20000000 9.90000000 5.94515306E+001
6.20000000 10.00000000 6.42747813E+001
6.20000000 10.10000000 6.93385569E+001
6.20000000 10.20000000 7.44023324E+001
6.20000000 10.30000000 7.95973032E+001
6.20000000 10.40000000 8.55794461E+001
6.20000000 10.50000000 9.15615889E+001
6.20000000 10.60000000 9.75437318E+001
6.20000000 10.70000000 1.04094388E+002
6.20000000 10.80000000 1.11071429E+002
6.20000000 10.90000000 1.18048469E+002
6.20000000 11.00000000 1.25025510E+002
6.30000000 1.00000000 -1.24961735E+002
6.30000000 1.10000000 -1.17984694E+002
6.30000000 1.20000000 -1.11007653E+002
6.30000000 1.30000000 -1.04030612E+002
6.30000000 1.40000000 -9.74799563E+001
6.30000000 1.50000000 -9.14978134E+001
6.30000000 1.60000000 -8.55156706E+001
6.30000000 1.70000000 -7.95335277E+001
6.30000000 1.80000000 -7.43385569E+001
6.30000000 1.90000000 -6.92747813E+001
6.30000000 2.00000000 -6.42110058E+001
6.30000000 2.10000000 -5.93877551E+001
6.30000000 2.20000000 -5.51658163E+001
6.30000000 2.30000000 -5.09438776E+001
6.30000000 2.40000000 -4.67219388E+001
6.30000000 2.50000000 -4.30466472E+001
6.30000000 2.60000000 -3.95900146E+001
6.30000000 2.70000000 -3.61333819E+001
6.30000000 2.80000000 -3.27751458E+001
6.30000000 2.90000000 -3.00072886E+001
6.30000000 3.00000000 -2.72394315E+001
6.30000000 3.10000000 -2.44715743E+001
6.30000000 3.20000000 -2.20535714E+001
6.30000000 3.30000000 -1.98979592E+001
6.30000000 3.40000000 -1.77423469E+001
6.30000000 3.50000000 -1.55867347E+001
6.30000000 3.60000000 -1.39668367E+001
6.30000000 3.70000000 -1.23469388E+001
6.30000000 3.80000000 -1.07270408E+001
6.30000000 3.90000000 -9.30393586E+000
6.30000000 4.00000000 -8.14322157E+000
6.30000000 4.10000000 -6.98250729E+000
6.30000000 4.20000000 -5.82179300E+000
6.30000000 4.30000000 -4.98906706E+000
6.30000000 4.40000000 -4.21100583E+000
6.30000000 4.50000000 -3.43294461E+000
6.30000000 4.60000000 -2.74234694E+000
6.30000000 4.70000000 -2.27040816E+000
6.30000000 4.80000000 -1.79846939E+000
6.30000000 4.90000000 -1.32653061E+000
6.30000000 5.00000000 -1.01858601E+000
6.30000000 5.10000000 -7.76239067E-001
6.30000000 5.20000000 -5.33892128E-001
6.30000000 5.30000000 -3.13411079E-001
6.30000000 5.40000000 -2.24125364E-001
6.30000000 5.50000000 -1.34839650E-001
6.30000000 5.60000000 -4.55539359E-002
6.30000000 5.70000000 6.45317133E-016
6.30000000 5.80000000 1.27551020E-002
6.30000000 5.90000000 2.55102041E-002
6.30000000 6.00000000 3.82653061E-002
6.30000000 6.10000000 5.10204082E-002
6.30000000 6.20000000 6.37755102E-002
6.30000000 6.30000000 7.65306122E-002
6.30000000 6.40000000 1.22084548E-001
6.30000000 6.50000000 2.11370262E-001
6.30000000 6.60000000 3.00655977E-001
6.30000000 6.70000000 3.89941691E-001
6.30000000 6.80000000 6.10422741E-001
6.30000000 6.90000000 8.52769679E-001
6.30000000 7.00000000 1.09511662E+000
6.30000000 7.10000000 1.40306122E+000
6.30000000 7.20000000 1.87500000E+000
6.30000000 7.30000000 2.34693878E+000
6.30000000 7.40000000 2.81887755E+000
6.30000000 7.50000000 3.50947522E+000
6.30000000 7.60000000 4.28753644E+000
6.30000000 7.70000000 5.06559767E+000
6.30000000 7.80000000 5.89832362E+000
6.30000000 7.90000000 7.05903790E+000
6.30000000 8.00000000 8.21975219E+000
6.30000000 8.10000000 9.38046647E+000
6.30000000 8.20000000 1.08035714E+001
6.30000000 8.30000000 1.24234694E+001
6.30000000 8.40000000 1.40433673E+001
6.30000000 8.50000000 1.56632653E+001
6.30000000 8.60000000 1.78188776E+001
6.30000000 8.70000000 1.99744898E+001
6.30000000 8.80000000 2.21301020E+001
6.30000000 8.90000000 2.45481050E+001
6.30000000 9.00000000 2.73159621E+001
6.30000000 9.10000000 3.00838192E+001
6.30000000 9.20000000 3.28516764E+001
6.30000000 9.30000000 3.62099125E+001
6.30000000 9.40000000 3.96665452E+001
6.30000000 9.50000000 4.31231778E+001
6.30000000 9.60000000 4.67984694E+001
6.30000000 9.70000000 5.10204082E+001
6.30000000 9.80000000 5.52423469E+001
6.30000000 9.90000000 5.94642857E+001
6.30000000 10.00000000 6.42875364E+001
6.30000000 10.10000000 6.93513120E+001
6.30000000 10.20000000 7.44150875E+001
6.30000000 10.30000000 7.96100583E+001
6.30000000 10.40000000 8.55922012E+001
6.30000000 10.50000000 9.15743440E+001
6.30000000 10.60000000 9.75564869E+001
6.30000000 10.70000000 1.04107143E+002
6.30000000 10.80000000 1.11084184E+002
6.30000000 10.90000000 1.18061224E+002
6.30000000 11.00000000 1.25038265E+002
6.40000000 1.00000000 -1.24916181E+002
6.40000000 1.10000000 -1.17939140E+002
6.40000000 1.20000000 -1.10962099E+002
6.40000000 1.30000000 -1.03985058E+002
6.40000000 1.40000000 -9.74344023E+001
6.40000000 1.50000000 -9.14522595E+001
6.40000000 1.60000000 -8.54701166E+001
6.40000000 1.70000000 -7.94879738E+001
6.40000000 1.80000000 -7.42930029E+001
6.40000000 1.90000000 -6.92292274E+001
6.40000000 2.00000000 -6.41654519E+001
6.40000000 2.10000000 -5.93422012E+001
6.40000000 2.20000000 -5.51202624E+001
6.40000000 2.30000000 -5.08983236E+001
6.40000000 2.40000000 -4.66763848E+001
6.40000000 2.50000000 -4.30010933E+001
6.40000000 2.60000000 -3.95444606E+001
6.40000000 2.70000000 -3.60878280E+001
6.40000000 2.80000000 -3.27295918E+001
6.40000000 2.90000000 -2.99617347E+001
6.40000000 3.00000000 -2.71938776E+001
6.40000000 3.10000000 -2.44260204E+001
6.40000000 3.20000000 -2.20080175E+001
6.40000000 3.30000000 -1.98524052E+001
6.40000000 3.40000000 -1.76967930E+001
6.40000000 3.50000000 -1.55411808E+001
6.40000000 3.60000000 -1.39212828E+001
6.40000000 3.70000000 -1.23013848E+001
6.40000000 3.80000000 -1.06814869E+001
6.40000000 3.90000000 -9.25838192E+000
6.40000000 4.00000000 -8.09766764E+000
6.40000000 4.10000000 -6.93695335E+000
6.40000000 4.20000000 -5.77623907E+000
6.40000000 4.30000000 -4.94351312E+000
6.40000000 4.40000000 -4.16545190E+000
6.40000000 4.50000000 -3.38739067E+000
6.40000000 4.60000000 -2.69679300E+000
6.40000000 4.70000000 -2.22485423E+000
6.40000000 4.80000000 -1.75291545E+000
6.40000000 4.90000000 -1.28097668E+000
6.40000000 5.00000000 -9.73032070E-001
6.40000000 5.10000000 -7.30685131E-001
6.40000000 5.20000000 -4.88338192E-001
6.40000000 5.30000000 -2.67857143E-001
6.40000000 5.40000000 -1.78571429E-001
6.40000000 5.50000000 -8.92857143E-002
6.40000000 5.60000000 3.95516953E-016
6.40000000 5.70000000 4.55539359E-002
6.40000000 5.80000000 5.83090379E-002
6.40000000 5.90000000 7.10641399E-002
6.40000000 6.00000000 8.38192420E-002
6.40000000 6.10000000 9.65743440E-002
6.40000000 6.20000000 1.09329446E-001
6.40000000 6.30000000 1.22084548E-001
6.40000000 6.40000000 1.67638484E-001
6.40000000 6.50000000 2.56924198E-001
6.40000000 6.60000000 3.46209913E-001
6.40000000 6.70000000 4.35495627E-001
6.40000000 6.80000000 6.55976676E-001
6.40000000 6.90000000 8.98323615E-001
6.40000000 7.00000000 1.14067055E+000
6.40000000 7.10000000 1.44861516E+000
6.40000000 7.20000000 1.92055394E+000
6.40000000 7.30000000 2.39249271E+000
6.40000000 7.40000000 2.86443149E+000
6.40000000 7.50000000 3.55502915E+000
6.40000000 7.60000000 4.33309038E+000
6.40000000 7.70000000 5.11115160E+000
6.40000000 7.80000000 5.94387755E+000
6.40000000 7.90000000 7.10459184E+000
6.40000000 8.00000000 8.26530612E+000
6.40000000 8.10000000 9.42602041E+000
6.40000000 8.20000000 1.08491254E+001
6.40000000 8.30000000 1.24690233E+001
6.40000000 8.40000000 1.40889213E+001
6.40000000 8.50000000 1.57088192E+001
6.40000000 8.60000000 1.78644315E+001
6.40000000 8.70000000 2.00200437E+001
6.40000000 8.80000000 2.21756560E+001
6.40000000 8.90000000 2.45936589E+001
6.40000000 9.00000000 2.73615160E+001
6.40000000 9.10000000 3.01293732E+001
6.40000000 9.20000000 3.28972303E+001
6.40000000 9.30000000 3.62554665E+001
6.40000000 9.40000000 3.97120991E+001
6.40000000 9.50000000 4.31687318E+001
6.40000000 9.60000000 4.68440233E+001
6.40000000 9.70000000 5.10659621E+001
6.40000000 9.80000000 5.52879009E+001
6.40000000 9.90000000 5.95098397E+001
6.40000000 10.00000000 6.43330904E+001
6.40000000 10.10000000 6.93968659E+001
6.40000000 10.20000000 7.44606414E+001
6.40000000 10.30000000 7.96556122E+001
6.40000000 10.40000000 8.56377551E+001
6.40000000 10.50000000 9.16198980E+001
6.40000000 10.60000000 9.76020408E+001
6.40000000 10.70000000 1.04152697E+002
6.40000000 10.80000000 1.11129738E+002
6.40000000 10.90000000 1.18106778E+002
6.40000000 11.00000000 1.25083819E+002
6.50000000 1.00000000 -1.24826895E+002
6.50000000 1.10000000 -1.17849854E+002
6.50000000 1.20000000 -1.10872813E+002
6.50000000 1.30000000 -1.03895773E+002
6.50000000 1.40000000 -9.73451166E+001
6.50000000 1.50000000 -9.13629738E+001
6.50000000 1.60000000 -8.53808309E+001
6.50000000 1.70000000 -7.93986880E+001
6.50000000 1.80000000 -7.42037172E+001
6.50000000 1.90000000 -6.91399417E+001
6.50000000 2.00000000 -6.40761662E+001
6.50000000 2.10000000 -5.92529155E+001
6.50000000 2.20000000 -5.50309767E+001
6.50000000 2.30000000 -5.08090379E+001
6.50000000 2.40000000 -4.65870991E+001
6.50000000 2.50000000 -4.29118076E+001
6.50000000 2.60000000 -3.94551749E+001
6.50000000 2.70000000 -3.59985423E+001
6.50000000 2.80000000 -3.26403061E+001
6.50000000 2.90000000 -2.98724490E+001
6.50000000 3.00000000 -2.71045918E+001
6.50000000 3.10000000 -2.43367347E+001
6.50000000 3.20000000 -2.19187318E+001
6.50000000 3.30000000 -1.97631195E+001
6.50000000 3.40000000 -1.76075073E+001
6.50000000 3.50000000 -1.54518950E+001
6.50000000 3.60000000 -1.38319971E+001
6.50000000 3.70000000 -1.22120991E+001
6.50000000 3.80000000 -1.05922012E+001
6.50000000 3.90000000 -9.16909621E+000
6.50000000 4.00000000 -8.00838192E+000
6.50000000 4.10000000 -6.84766764E+000
6.50000000 4.20000000 -5.68695335E+000
6.50000000 4.30000000 -4.85422741E+000
6.50000000 4.40000000 -4.07616618E+000
6.50000000 4.50000000 -3.29810496E+000
6.50000000 4.60000000 -2.60750729E+000
6.50000000 4.70000000 -2.13556851E+000
6.50000000 4.80000000 -1.66362974E+000
6.50000000 4.90000000 -1.19169096E+000
6.50000000 5.00000000 -8.83746356E-001
6.50000000 5.10000000 -6.41399417E-001
6.50000000 5.20000000 -3.99052478E-001
6.50000000 5.30000000 -1.78571429E-001
6.50000000 5.40000000 -8.92857143E-002
6.50000000 5.50000000 4.48252546E-015
6.50000000 5.60000000 8.92857143E-002
6.50000000 5.70000000 1.34839650E-001
6.50000000 5.80000000 1.47594752E-001
6.50000000 5.90000000 1.60349854E-001
6.50000000 6.00000000 1.73104956E-001
6.50000000 6.10000000 1.85860058E-001
6.50000000 6.20000000 1.98615160E-001
6.50000000 6.30000000 2.11370262E-001
6.50000000 6.40000000 2.56924198E-001
6.50000000 6.50000000 3.46209913E-001
6.50000000 6.60000000 4.35495627E-001
6.50000000 6.70000000 5.24781341E-001
6.50000000 6.80000000 7.45262391E-001
6.50000000 6.90000000 9.87609329E-001
6.50000000 7.00000000 1.22995627E+000
6.50000000 7.10000000 1.53790087E+000
6.50000000 7.20000000 2.00983965E+000
6.50000000 7.30000000 2.48177843E+000
6.50000000 7.40000000 2.95371720E+000
6.50000000 7.50000000 3.64431487E+000
6.50000000 7.60000000 4.42237609E+000
6.50000000 7.70000000 5.20043732E+000
6.50000000 7.80000000 6.03316327E+000
6.50000000 7.90000000 7.19387755E+000
6.50000000 8.00000000 8.35459184E+000
6.50000000 8.10000000 9.51530612E+000
6.50000000 8.20000000 1.09384111E+001
6.50000000 8.30000000 1.25583090E+001
6.50000000 8.40000000 1.41782070E+001
6.50000000 8.50000000 1.57981050E+001
6.50000000 8.60000000 1.79537172E+001
6.50000000 8.70000000 2.01093294E+001
6.50000000 8.80000000 2.22649417E+001
6.50000000 8.90000000 2.46829446E+001
6.50000000 9.00000000 2.74508017E+001
6.50000000 9.10000000 3.02186589E+001
6.50000000 9.20000000 3.29865160E+001
6.50000000 9.30000000 3.63447522E+001
6.50000000 9.40000000 3.98013848E+001
6.50000000 9.50000000 4.32580175E+001
6.50000000 9.60000000 4.69333090E+001
6.50000000 9.70000000 5.11552478E+001
6.50000000 9.80000000 5.53771866E+001
6.50000000 9.90000000 5.95991254E+001
6.50000000 10.00000000 6.44223761E+001
6.50000000 10.10000000 6.94861516E+001
6.50000000 10.20000000 7.45499271E+001
6.50000000 10.30000000 7.97448980E+001
6.50000000 10.40000000 8.57270408E+001
6.50000000 10.50000000 9.17091837E+001
6.50000000 10.60000000 9.76913265E+001
6.50000000 10.70000000 1.04241983E+002
6.50000000 10.80000000 1.11219023E+002
6.50000000 10.90000000 1.18196064E+002
6.50000000 11.00000000 1.25173105E+002
6.60000000 1.00000000 -1.24737609E+002
6.60000000 1.10000000 -1.17760569E+002
6.60000000 1.20000000 -1.10783528E+002
6.60000000 1.30000000 -1.03806487E+002
6.60000000 1.40000000 -9.72558309E+001
6.60000000 1.50000000 -9.12736880E+001
6.60000000 1.60000000 -8.52915452E+001
6.60000000 1.70000000 -7.93094023E+001
6.60000000 1.80000000 -7.41144315E+001
6.60000000 1.90000000 -6.90506560E+001
6.60000000 2.00000000 -6.39868805E+001
6.60000000 2.10000000 -5.91636297E+001
6.60000000 2.20000000 -5.49416910E+001
6.60000000 2.30000000 -5.07197522E+001
6.60000000 2.40000000 -4.64978134E+001
6.60000000 2.50000000 -4.28225219E+001
6.60000000 2.60000000 -3.93658892E+001
6.60000000 2.70000000 -3.59092566E+001
6.60000000 2.80000000 -3.25510204E+001
6.60000000 2.90000000 -2.97831633E+001
6.60000000 3.00000000 -2.70153061E+001
6.60000000 3.10000000 -2.42474490E+001
6.60000000 3.20000000 -2.18294461E+001
6.60000000 3.30000000 -1.96738338E+001
6.60000000 3.40000000 -1.75182216E+001
6.60000000 3.50000000 -1.53626093E+001
6.60000000 3.60000000 -1.37427114E+001
6.60000000 3.70000000 -1.21228134E+001
6.60000000 3.80000000 -1.05029155E+001
6.60000000 3.90000000 -9.07981050E+000
6.60000000 4.00000000 -7.91909621E+000
6.60000000 4.10000000 -6.75838192E+000
6.60000000 4.20000000 -5.59766764E+000
6.60000000 4.30000000 -4.76494169E+000
6.60000000 4.40000000 -3.98688047E+000
6.60000000 4.50000000 -3.20881924E+000
6.60000000 4.60000000 -2.51822157E+000
6.60000000 4.70000000 -2.04628280E+000
6.60000000 4.80000000 -1.57434402E+000
6.60000000 4.90000000 -1.10240525E+000
6.60000000 5.00000000 -7.94460641E-001
6.60000000 5.10000000 -5.52113703E-001
6.60000000 5.20000000 -3.09766764E-001
6.60000000 5.30000000 -8.92857143E-002
6.60000000 5.40000000 3.03923553E-015
6.60000000 5.50000000 8.92857143E-002
6.60000000 5.60000000 1.78571429E-001
6.60000000 5.70000000 2.24125364E-001
6.60000000 5.80000000 2.36880466E-001
6.60000000 5.90000000 2.49635569E-001
6.60000000 6.00000000 2.62390671E-001
6.60000000 6.10000000 2.75145773E-001
6.60000000 6.20000000 2.87900875E-001
6.60000000 6.30000000 3.00655977E-001
6.60000000 6.40000000 3.46209913E-001
6.60000000 6.50000000 4.35495627E-001
6.60000000 6.60000000 5.24781341E-001
6.60000000 6.70000000 6.14067055E-001
6.60000000 6.80000000 8.34548105E-001
6.60000000 6.90000000 1.07689504E+000
6.60000000 7.00000000 1.31924198E+000
6.60000000 7.10000000 1.62718659E+000
6.60000000 7.20000000 2.09912536E+000
6.60000000 7.30000000 2.57106414E+000
6.60000000 7.40000000 3.04300292E+000
6.60000000 7.50000000 3.73360058E+000
6.60000000 7.60000000 4.51166181E+000
6.60000000 7.70000000 5.28972303E+000
6.60000000 7.80000000 6.12244898E+000
6.60000000 7.90000000 7.28316327E+000
6.60000000 8.00000000 8.44387755E+000
6.60000000 8.10000000 9.60459184E+000
6.60000000 8.20000000 1.10276968E+001
6.60000000 8.30000000 1.26475948E+001
6.60000000 8.40000000 1.42674927E+001
6.60000000 8.50000000 1.58873907E+001
6.60000000 8.60000000 1.80430029E+001
6.60000000 8.70000000 2.01986152E+001
6.60000000 8.80000000 2.23542274E+001
6.60000000 8.90000000 2.47722303E+001
6.60000000 9.00000000 2.75400875E+001
6.60000000 9.10000000 3.03079446E+001
6.60000000 9.20000000 3.30758017E+001
6.60000000 9.30000000 3.64340379E+001
6.60000000 9.40000000 3.98906706E+001
6.60000000 9.50000000 4.33473032E+001
6.60000000 9.60000000 4.70225948E+001
6.60000000 9.70000000 5.12445335E+001
6.60000000 9.80000000 5.54664723E+001
6.60000000 9.90000000 5.96884111E+001
6.60000000 10.00000000 6.45116618E+001
6.60000000 10.10000000 6.95754373E+001
6.60000000 10.20000000 7.46392128E+001
6.60000000 10.30000000 7.98341837E+001
6.60000000 10.40000000 8.58163265E+001
6.60000000 10.50000000 9.17984694E+001
6.60000000 10.60000000 9.77806122E+001
6.60000000 10.70000000 1.04331268E+002
6.60000000 10.80000000 1.11308309E+002
6.60000000 10.90000000 1.18285350E+002
6.60000000 11.00000000 1.25262391E+002
6.70000000 1.00000000 -1.24648324E+002
6.70000000 1.10000000 -1.17671283E+002
6.70000000 1.20000000 -1.10694242E+002
6.70000000 1.30000000 -1.03717201E+002
6.70000000 1.40000000 -9.71665452E+001
6.70000000 1.50000000 -9.11844023E+001
6.70000000 1.60000000 -8.52022595E+001
6.70000000 1.70000000 -7.92201166E+001
6.70000000 1.80000000 -7.40251458E+001
6.70000000 1.90000000 -6.89613703E+001
6.70000000 2.00000000 -6.38975948E+001
6.70000000 2.10000000 -5.90743440E+001
6.70000000 2.20000000 -5.48524052E+001
6.70000000 2.30000000 -5.06304665E+001
6.70000000 2.40000000 -4.64085277E+001
6.70000000 2.50000000 -4.27332362E+001
6.70000000 2.60000000 -3.92766035E+001
6.70000000 2.70000000 -3.58199708E+001
6.70000000 2.80000000 -3.24617347E+001
6.70000000 2.90000000 -2.96938776E+001
6.70000000 3.00000000 -2.69260204E+001
6.70000000 3.10000000 -2.41581633E+001
6.70000000 3.20000000 -2.17401603E+001
6.70000000 3.30000000 -1.95845481E+001
6.70000000 3.40000000 -1.74289359E+001
6.70000000 3.50000000 -1.52733236E+001
6.70000000 3.60000000 -1.36534257E+001
6.70000000 3.70000000 -1.20335277E+001
6.70000000 3.80000000 -1.04136297E+001
6.70000000 3.90000000 -8.99052478E+000
6.70000000 4.00000000 -7.82981050E+000
6.70000000 4.10000000 -6.66909621E+000
6.70000000 4.20000000 -5.50838192E+000
6.70000000 4.30000000 -4.67565598E+000
6.70000000 4.40000000 -3.89759475E+000
6.70000000 4.50000000 -3.11953353E+000
6.70000000 4.60000000 -2.42893586E+000
6.70000000 4.70000000 -1.95699708E+000
6.70000000 4.80000000 -1.48505831E+000
6.70000000 4.90000000 -1.01311953E+000
6.70000000 5.00000000 -7.05174927E-001
6.70000000 5.10000000 -4.62827988E-001
6.70000000 5.20000000 -2.20481050E-001
6.70000000 5.30000000 7.73686670E-016
6.70000000 5.40000000 8.92857143E-002
6.70000000 5.50000000 1.78571429E-001
6.70000000 5.60000000 2.67857143E-001
6.70000000 5.70000000 3.13411079E-001
6.70000000 5.80000000 3.26166181E-001
6.70000000 5.90000000 3.38921283E-001
6.70000000 6.00000000 3.51676385E-001
6.70000000 6.10000000 3.64431487E-001
6.70000000 6.20000000 3.77186589E-001
6.70000000 6.30000000 3.89941691E-001
6.70000000 6.40000000 4.35495627E-001
6.70000000 6.50000000 5.24781341E-001
6.70000000 6.60000000 6.14067055E-001
6.70000000 6.70000000 7.03352770E-001
6.70000000 6.80000000 9.23833819E-001
6.70000000 6.90000000 1.16618076E+000
6.70000000 7.00000000 1.40852770E+000
6.70000000 7.10000000 1.71647230E+000
6.70000000 7.20000000 2.18841108E+000
6.70000000 7.30000000 2.66034985E+000
6.70000000 7.40000000 3.13228863E+000
6.70000000 7.50000000 3.82288630E+000
6.70000000 7.60000000 4.60094752E+000
6.70000000 7.70000000 5.37900875E+000
6.70000000 7.80000000 6.21173469E+000
6.70000000 7.90000000 7.37244898E+000
6.70000000 8.00000000 8.53316327E+000
6.70000000 8.10000000 9.69387755E+000
6.70000000 8.20000000 1.11169825E+001
6.70000000 8.30000000 1.27368805E+001
6.70000000 8.40000000 1.43567784E+001
6.70000000 8.50000000 1.59766764E+001
6.70000000 8.60000000 1.81322886E+001
6.70000000 8.70000000 2.02879009E+001
6.70000000 8.80000000 2.24435131E+001
6.70000000 8.90000000 2.48615160E+001
6.70000000 9.00000000 2.76293732E+001
6.70000000 9.10000000 3.03972303E+001
6.70000000 9.20000000 3.31650875E+001
6.70000000 9.30000000 3.65233236E+001
6.70000000 9.40000000 3.99799563E+001
6.70000000 9.50000000 4.34365889E+001
6.70000000 9.60000000 4.71118805E+001
6.70000000 9.70000000 5.13338192E+001
6.70000000 9.80000000 5.55557580E+001
6.70000000 9.90000000 5.97776968E+001
6.70000000 10.00000000 6.46009475E+001
6.70000000 10.10000000 6.96647230E+001
6.70000000 10.20000000 7.47284985E+001
6.70000000 10.30000000 7.99234694E+001
6.70000000 10.40000000 8.59056122E+001
6.70000000 10.50000000 9.18877551E+001
6.70000000 10.60000000 9.78698980E+001
6.70000000 10.70000000 1.04420554E+002
6.70000000 10.80000000 1.11397595E+002
6.70000000 10.90000000 1.18374636E+002
6.70000000 11.00000000 1.25351676E+002
6.80000000 1.00000000 -1.24427843E+002
6.80000000 1.10000000 -1.17450802E+002
6.80000000 1.20000000 -1.10473761E+002
6.80000000 1.30000000 -1.03496720E+002
6.80000000 1.40000000 -9.69460641E+001
6.80000000 1.50000000 -9.09639213E+001
6.80000000 1.60000000 -8.49817784E+001
6.80000000 1.70000000 -7.89996356E+001
6.80000000 1.80000000 -7.38046647E+001
6.80000000 1.90000000 -6.87408892E+001
6.80000000 2.00000000 -6.36771137E+001
6.80000000 2.10000000 -5.88538630E+001
6.80000000 2.20000000 -5.46319242E+001
6.80000000 2.30000000 -5.04099854E+001
6.80000000 2.40000000 -4.61880466E+001
6.80000000 2.50000000 -4.25127551E+001
6.80000000 2.60000000 -3.90561224E+001
6.80000000 2.70000000 -3.55994898E+001
6.80000000 2.80000000 -3.22412536E+001
6.80000000 2.90000000 -2.94733965E+001
6.80000000 3.00000000 -2.67055394E+001
6.80000000 3.10000000 -2.39376822E+001
6.80000000 3.20000000 -2.15196793E+001
6.80000000 3.30000000 -1.93640671E+001
6.80000000 3.40000000 -1.72084548E+001
6.80000000 3.50000000 -1.50528426E+001
6.80000000 3.60000000 -1.34329446E+001
6.80000000 3.70000000 -1.18130466E+001
6.80000000 3.80000000 -1.01931487E+001
6.80000000 3.90000000 -8.77004373E+000
6.80000000 4.00000000 -7.60932945E+000
6.80000000 4.10000000 -6.44861516E+000
6.80000000 4.20000000 -5.28790087E+000
6.80000000 4.30000000 -4.45517493E+000
6.80000000 4.40000000 -3.67711370E+000
6.80000000 4.50000000 -2.89905248E+000
6.80000000 4.60000000 -2.20845481E+000
6.80000000 4.70000000 -1.73651603E+000
6.80000000 4.80000000 -1.26457726E+000
6.80000000 4.90000000 -7.92638484E-001
6.80000000 5.00000000 -4.84693878E-001
6.80000000 5.10000000 -2.42346939E-001
6.80000000 5.20000000 0.00000000E+000
6.80000000 5.30000000 2.20481050E-001
6.80000000 5.40000000 3.09766764E-001
6.80000000 5.50000000 3.99052478E-001
6.80000000 5.60000000 4.88338192E-001
6.80000000 5.70000000 5.33892128E-001
6.80000000 5.80000000 5.46647230E-001
6.80000000 5.90000000 5.59402332E-001
6.80000000 6.00000000 5.72157434E-001
6.80000000 6.10000000 5.84912536E-001
6.80000000 6.20000000 5.97667638E-001
6.80000000 6.30000000 6.10422741E-001
6.80000000 6.40000000 6.55976676E-001
6.80000000 6.50000000 7.45262391E-001
6.80000000 6.60000000 8.34548105E-001
6.80000000 6.70000000 9.23833819E-001
6.80000000 6.80000000 1.14431487E+000
6.80000000 6.90000000 1.38666181E+000
6.80000000 7.00000000 1.62900875E+000
6.80000000 7.10000000 1.93695335E+000
6.80000000 7.20000000 2.40889213E+000
6.80000000 7.30000000 2.88083090E+000
6.80000000 7.40000000 3.35276968E+000
6.80000000 7.50000000 4.04336735E+000
6.80000000 7.60000000 4.82142857E+000
6.80000000 7.70000000 5.59948980E+000
6.80000000 7.80000000 6.43221574E+000
6.80000000 7.90000000 7.59293003E+000
6.80000000 8.00000000 8.75364431E+000
6.80000000 8.10000000 9.91435860E+000
6.80000000 8.20000000 1.13374636E+001
6.80000000 8.30000000 1.29573615E+001
6.80000000 8.40000000 1.45772595E+001
6.80000000 8.50000000 1.61971574E+001
6.80000000 8.60000000 1.83527697E+001
6.80000000 8.70000000 2.05083819E+001
6.80000000 8.80000000 2.26639942E+001
6.80000000 8.90000000 2.50819971E+001
6.80000000 9.00000000 2.78498542E+001
6.80000000 9.10000000 3.06177114E+001
6.80000000 9.20000000 3.33855685E+001
6.80000000 9.30000000 3.67438047E+001
6.80000000 9.40000000 4.02004373E+001
6.80000000 9.50000000 4.36570700E+001
6.80000000 9.60000000 4.73323615E+001
6.80000000 9.70000000 5.15543003E+001
6.80000000 9.80000000 5.57762391E+001
6.80000000 9.90000000 5.99981778E+001
6.80000000 10.00000000 6.48214286E+001
6.80000000 10.10000000 6.98852041E+001
6.80000000 10.20000000 7.49489796E+001
6.80000000 10.30000000 8.01439504E+001
6.80000000 10.40000000 8.61260933E+001
6.80000000 10.50000000 9.21082362E+001
6.80000000 10.60000000 9.80903790E+001
6.80000000 10.70000000 1.04641035E+002
6.80000000 10.80000000 1.11618076E+002
6.80000000 10.90000000 1.18595117E+002
6.80000000 11.00000000 1.25572157E+002
6.90000000 1.00000000 -1.24185496E+002
6.90000000 1.10000000 -1.17208455E+002
6.90000000 1.20000000 -1.10231414E+002
6.90000000 1.30000000 -1.03254373E+002
6.90000000 1.40000000 -9.67037172E+001
6.90000000 1.50000000 -9.07215743E+001
6.90000000 1.60000000 -8.47394315E+001
6.90000000 1.70000000 -7.87572886E+001
6.90000000 1.80000000 -7.35623178E+001
6.90000000 1.90000000 -6.84985423E+001
6.90000000 2.00000000 -6.34347668E+001
6.90000000 2.10000000 -5.86115160E+001
6.90000000 2.20000000 -5.43895773E+001
6.90000000 2.30000000 -5.01676385E+001
6.90000000 2.40000000 -4.59456997E+001
6.90000000 2.50000000 -4.22704082E+001
6.90000000 2.60000000 -3.88137755E+001
6.90000000 2.70000000 -3.53571429E+001
6.90000000 2.80000000 -3.19989067E+001
6.90000000 2.90000000 -2.92310496E+001
6.90000000 3.00000000 -2.64631924E+001
6.90000000 3.10000000 -2.36953353E+001
6.90000000 3.20000000 -2.12773324E+001
6.90000000 3.30000000 -1.91217201E+001
6.90000000 3.40000000 -1.69661079E+001
6.90000000 3.50000000 -1.48104956E+001
6.90000000 3.60000000 -1.31905977E+001
6.90000000 3.70000000 -1.15706997E+001
6.90000000 3.80000000 -9.95080175E+000
6.90000000 3.90000000 -8.52769679E+000
6.90000000 4.00000000 -7.36698251E+000
6.90000000 4.10000000 -6.20626822E+000
6.90000000 4.20000000 -5.04555394E+000
6.90000000 4.30000000 -4.21282799E+000
6.90000000 4.40000000 -3.43476676E+000
6.90000000 4.50000000 -2.65670554E+000
6.90000000 4.60000000 -1.96610787E+000
6.90000000 4.70000000 -1.49416910E+000
6.90000000 4.80000000 -1.02223032E+000
6.90000000 4.90000000 -5.50291545E-001
6.90000000 5.00000000 -2.42346939E-001
6.90000000 5.10000000 6.43929354E-015
6.90000000 5.20000000 2.42346939E-001
6.90000000 5.30000000 4.62827988E-001
6.90000000 5.40000000 5.52113703E-001
6.90000000 5.50000000 6.41399417E-001
6.90000000 5.60000000 7.30685131E-001
6.90000000 5.70000000 7.76239067E-001
6.90000000 5.80000000 7.88994169E-001
6.90000000 5.90000000 8.01749271E-001
6.90000000 6.00000000 8.14504373E-001
6.90000000 6.10000000 8.27259475E-001
6.90000000 6.20000000 8.40014577E-001
6.90000000 6.30000000 8.52769679E-001
6.90000000 6.40000000 8.98323615E-001
6.90000000 6.50000000 9.87609329E-001
6.90000000 6.60000000 1.07689504E+000
6.90000000 6.70000000 1.16618076E+000
6.90000000 6.80000000 1.38666181E+000
6.90000000 6.90000000 1.62900875E+000
6.90000000 7.00000000 1.87135569E+000
6.90000000 7.10000000 2.17930029E+000
6.90000000 7.20000000 2.65123907E+000
6.90000000 7.30000000 3.12317784E+000
6.90000000 7.40000000 3.59511662E+000
6.90000000 7.50000000 4.28571429E+000
6.90000000 7.60000000 5.06377551E+000
6.90000000 7.70000000 5.84183673E+000
6.90000000 7.80000000 6.67456268E+000
6.90000000 7.90000000 7.83527697E+000
6.90000000 8.00000000 8.99599125E+000
6.90000000 8.10000000 1.01567055E+001
6.90000000 8.20000000 1.15798105E+001
6.90000000 8.30000000 1.31997085E+001
6.90000000 8.40000000 1.48196064E+001
6.90000000 8.50000000 1.64395044E+001
6.90000000 8.60000000 1.85951166E+001
6.90000000 8.70000000 2.07507289E+001
6.90000000 8.80000000 2.29063411E+001
6.90000000 8.90000000 2.53243440E+001
6.90000000 9.00000000 2.80922012E+001
6.90000000 9.10000000 3.08600583E+001
6.90000000 9.20000000 3.36279155E+001
6.90000000 9.30000000 3.69861516E+001
6.90000000 9.40000000 4.04427843E+001
6.90000000 9.50000000 4.38994169E+001
6.90000000 9.60000000 4.75747085E+001
6.90000000 9.70000000 5.17966472E+001
6.90000000 9.80000000 5.60185860E+001
6.90000000 9.90000000 6.02405248E+001
6.90000000 10.00000000 6.50637755E+001
6.90000000 10.10000000 7.01275510E+001
6.90000000 10.20000000 7.51913265E+001
6.90000000 10.30000000 8.03862974E+001
6.90000000 10.40000000 8.63684402E+001
6.90000000 10.50000000 9.23505831E+001
6.90000000 10.60000000 9.83327259E+001
6.90000000 10.70000000 1.04883382E+002
6.90000000 10.80000000 1.11860423E+002
6.90000000 10.90000000 1.18837464E+002
6.90000000 11.00000000 1.25814504E+002
7.00000000 1.00000000 -1.23943149E+002
7.00000000 1.10000000 -1.16966108E+002
7.00000000 1.20000000 -1.09989067E+002
7.00000000 1.30000000 -1.03012026E+002
7.00000000 1.40000000 -9.64613703E+001
7.00000000 1.50000000 -9.04792274E+001
7.00000000 1.60000000 -8.44970845E+001
7.00000000 1.70000000 -7.85149417E+001
7.00000000 1.80000000 -7.33199708E+001
7.00000000 1.90000000 -6.82561953E+001
7.00000000 2.00000000 -6.31924198E+001
7.00000000 2.10000000 -5.83691691E+001
7.00000000 2.20000000 -5.41472303E+001
7.00000000 2.30000000 -4.99252915E+001
7.00000000 2.40000000 -4.57033528E+001
7.00000000 2.50000000 -4.20280612E+001
7.00000000 2.60000000 -3.85714286E+001
7.00000000 2.70000000 -3.51147959E+001
7.00000000 2.80000000 -3.17565598E+001
7.00000000 2.90000000 -2.89887026E+001
7.00000000 3.00000000 -2.62208455E+001
7.00000000 3.10000000 -2.34529883E+001
7.00000000 3.20000000 -2.10349854E+001
7.00000000 3.30000000 -1.88793732E+001
7.00000000 3.40000000 -1.67237609E+001
7.00000000 3.50000000 -1.45681487E+001
7.00000000 3.60000000 -1.29482507E+001
7.00000000 3.70000000 -1.13283528E+001
7.00000000 3.80000000 -9.70845481E+000
7.00000000 3.90000000 -8.28534985E+000
7.00000000 4.00000000 -7.12463557E+000
7.00000000 4.10000000 -5.96392128E+000
7.00000000 4.20000000 -4.80320700E+000
7.00000000 4.30000000 -3.97048105E+000
7.00000000 4.40000000 -3.19241983E+000
7.00000000 4.50000000 -2.41435860E+000
7.00000000 4.60000000 -1.72376093E+000
7.00000000 4.70000000 -1.25182216E+000
7.00000000 4.80000000 -7.79883382E-001
7.00000000 4.90000000 -3.07944606E-001
7.00000000 5.00000000 -2.13717932E-015
7.00000000 5.10000000 2.42346939E-001
7.00000000 5.20000000 4.84693878E-001
7.00000000 5.30000000 7.05174927E-001
7.00000000 5.40000000 7.94460641E-001
7.00000000 5.50000000 8.83746356E-001
7.00000000 5.60000000 9.73032070E-001
7.00000000 5.70000000 1.01858601E+000
7.00000000 5.80000000 1.03134111E+000
7.00000000 5.90000000 1.04409621E+000
7.00000000 6.00000000 1.05685131E+000
7.00000000 6.10000000 1.06960641E+000
7.00000000 6.20000000 1.08236152E+000
7.00000000 6.30000000 1.09511662E+000
7.00000000 6.40000000 1.14067055E+000
7.00000000 6.50000000 1.22995627E+000
7.00000000 6.60000000 1.31924198E+000
7.00000000 6.70000000 1.40852770E+000
7.00000000 6.80000000 1.62900875E+000
7.00000000 6.90000000 1.87135569E+000
7.00000000 7.00000000 2.11370262E+000
7.00000000 7.10000000 2.42164723E+000
7.00000000 7.20000000 2.89358601E+000
7.00000000 7.30000000 3.36552478E+000
7.00000000 7.40000000 3.83746356E+000
7.00000000 7.50000000 4.52806122E+000
7.00000000 7.60000000 5.30612245E+000
7.00000000 7.70000000 6.08418367E+000
7.00000000 7.80000000 6.91690962E+000
7.00000000 7.90000000 8.07762391E+000
7.00000000 8.00000000 9.23833819E+000
7.00000000 8.10000000 1.03990525E+001
7.00000000 8.20000000 1.18221574E+001
7.00000000 8.30000000 1.34420554E+001
7.00000000 8.40000000 1.50619534E+001
7.00000000 8.50000000 1.66818513E+001
7.00000000 8.60000000 1.88374636E+001
7.00000000 8.70000000 2.09930758E+001
7.00000000 8.80000000 2.31486880E+001
7.00000000 8.90000000 2.55666910E+001
7.00000000 9.00000000 2.83345481E+001
7.00000000 9.10000000 3.11024052E+001
7.00000000 9.20000000 3.38702624E+001
7.00000000 9.30000000 3.72284985E+001
7.00000000 9.40000000 4.06851312E+001
7.00000000 9.50000000 4.41417638E+001
7.00000000 9.60000000 4.78170554E+001
7.00000000 9.70000000 5.20389942E+001
7.00000000 9.80000000 5.62609329E+001
7.00000000 9.90000000 6.04828717E+001
7.00000000 10.00000000 6.53061224E+001
7.00000000 10.10000000 7.03698980E+001
7.00000000 10.20000000 7.54336735E+001
7.00000000 10.30000000 8.06286443E+001
7.00000000 10.40000000 8.66107872E+001
7.00000000 10.50000000 9.25929300E+001
7.00000000 10.60000000 9.85750729E+001
7.00000000 10.70000000 1.05125729E+002
7.00000000 10.80000000 1.12102770E+002
7.00000000 10.90000000 1.19079810E+002
7.00000000 11.00000000 1.26056851E+002
7.10000000 1.00000000 -1.23635204E+002
7.10000000 1.10000000 -1.16658163E+002
7.10000000 1.20000000 -1.09681122E+002
7.10000000 1.30000000 -1.02704082E+002
7.10000000 1.40000000 -9.61534257E+001
7.10000000 1.50000000 -9.01712828E+001
7.10000000 1.60000000 -8.41891399E+001
7.10000000 1.70000000 -7.82069971E+001
7.10000000 1.80000000 -7.30120262E+001
7.10000000 1.90000000 -6.79482507E+001
7.10000000 2.00000000 -6.28844752E+001
7.10000000 2.10000000 -5.80612245E+001
7.10000000 2.20000000 -5.38392857E+001
7.10000000 2.30000000 -4.96173469E+001
7.10000000 2.40000000 -4.53954082E+001
7.10000000 2.50000000 -4.17201166E+001
7.10000000 2.60000000 -3.82634840E+001
7.10000000 2.70000000 -3.48068513E+001
7.10000000 2.80000000 -3.14486152E+001
7.10000000 2.90000000 -2.86807580E+001
7.10000000 3.00000000 -2.59129009E+001
7.10000000 3.10000000 -2.31450437E+001
7.10000000 3.20000000 -2.07270408E+001
7.10000000 3.30000000 -1.85714286E+001
7.10000000 3.40000000 -1.64158163E+001
7.10000000 3.50000000 -1.42602041E+001
7.10000000 3.60000000 -1.26403061E+001
7.10000000 3.70000000 -1.10204082E+001
7.10000000 3.80000000 -9.40051020E+000
7.10000000 3.90000000 -7.97740525E+000
7.10000000 4.00000000 -6.81669096E+000
7.10000000 4.10000000 -5.65597668E+000
7.10000000 4.20000000 -4.49526239E+000
7.10000000 4.30000000 -3.66253644E+000
7.10000000 4.40000000 -2.88447522E+000
7.10000000 4.50000000 -2.10641399E+000
7.10000000 4.60000000 -1.41581633E+000
7.10000000 4.70000000 -9.43877551E-001
7.10000000 4.80000000 -4.71938776E-001
7.10000000 4.90000000 1.26010313E-014
7.10000000 5.00000000 3.07944606E-001
7.10000000 5.10000000 5.50291545E-001
7.10000000 5.20000000 7.92638484E-001
7.10000000 5.30000000 1.01311953E+000
7.10000000 5.40000000 1.10240525E+000
7.10000000 5.50000000 1.19169096E+000
7.10000000 5.60000000 1.28097668E+000
7.10000000 5.70000000 1.32653061E+000
7.10000000 5.80000000 1.33928571E+000
7.10000000 5.90000000 1.35204082E+000
7.10000000 6.00000000 1.36479592E+000
7.10000000 6.10000000 1.37755102E+000
7.10000000 6.20000000 1.39030612E+000
7.10000000 6.30000000 1.40306122E+000
7.10000000 6.40000000 1.44861516E+000
7.10000000 6.50000000 1.53790087E+000
7.10000000 6.60000000 1.62718659E+000
7.10000000 6.70000000 1.71647230E+000
7.10000000 6.80000000 1.93695335E+000
7.10000000 6.90000000 2.17930029E+000
7.10000000 7.00000000 2.42164723E+000
7.10000000 7.10000000 2.72959184E+000
7.10000000 7.20000000 3.20153061E+000
7.10000000 7.30000000 3.67346939E+000
7.10000000 7.40000000 4.14540816E+000
7.10000000 7.50000000 4.83600583E+000
7.10000000 7.60000000 5.61406706E+000
7.10000000 7.70000000 6.39212828E+000
7.10000000 7.80000000 7.22485423E+000
7.10000000 7.90000000 8.38556851E+000
7.10000000 8.00000000 9.54628280E+000
7.10000000 8.10000000 1.07069971E+001
7.10000000 8.20000000 1.21301020E+001
7.10000000 8.30000000 1.37500000E+001
7.10000000 8.40000000 1.53698980E+001
7.10000000 8.50000000 1.69897959E+001
7.10000000 8.60000000 1.91454082E+001
7.10000000 8.70000000 2.13010204E+001
7.10000000 8.80000000 2.34566327E+001
7.10000000 8.90000000 2.58746356E+001
7.10000000 9.00000000 2.86424927E+001
7.10000000 9.10000000 3.14103499E+001
7.10000000 9.20000000 3.41782070E+001
7.10000000 9.30000000 3.75364431E+001
7.10000000 9.40000000 4.09930758E+001
7.10000000 9.50000000 4.44497085E+001
7.10000000 9.60000000 4.81250000E+001
7.10000000 9.70000000 5.23469388E+001
7.10000000 9.80000000 5.65688776E+001
7.10000000 9.90000000 6.07908163E+001
7.10000000 10.00000000 6.56140671E+001
7.10000000 10.10000000 7.06778426E+001
7.10000000 10.20000000 7.57416181E+001
7.10000000 10.30000000 8.09365889E+001
7.10000000 10.40000000 8.69187318E+001
7.10000000 10.50000000 9.29008746E+001
7.10000000 10.60000000 9.88830175E+001
7.10000000 10.70000000 1.05433673E+002
7.10000000 10.80000000 1.12410714E+002
7.10000000 10.90000000 1.19387755E+002
7.10000000 11.00000000 1.26364796E+002
7.20000000 1.00000000 -1.23163265E+002
7.20000000 1.10000000 -1.16186224E+002
7.20000000 1.20000000 -1.09209184E+002
7.20000000 1.30000000 -1.02232143E+002
7.20000000 1.40000000 -9.56814869E+001
7.20000000 1.50000000 -8.96993440E+001
7.20000000 1.60000000 -8.37172012E+001
7.20000000 1.70000000 -7.77350583E+001
7.20000000 1.80000000 -7.25400875E+001
7.20000000 1.90000000 -6.74763120E+001
7.20000000 2.00000000 -6.24125364E+001
7.20000000 2.10000000 -5.75892857E+001
7.20000000 2.20000000 -5.33673469E+001
7.20000000 2.30000000 -4.91454082E+001
7.20000000 2.40000000 -4.49234694E+001
7.20000000 2.50000000 -4.12481778E+001
7.20000000 2.60000000 -3.77915452E+001
7.20000000 2.70000000 -3.43349125E+001
7.20000000 2.80000000 -3.09766764E+001
7.20000000 2.90000000 -2.82088192E+001
7.20000000 3.00000000 -2.54409621E+001
7.20000000 3.10000000 -2.26731050E+001
7.20000000 3.20000000 -2.02551020E+001
7.20000000 3.30000000 -1.80994898E+001
7.20000000 3.40000000 -1.59438776E+001
7.20000000 3.50000000 -1.37882653E+001
7.20000000 3.60000000 -1.21683673E+001
7.20000000 3.70000000 -1.05484694E+001
7.20000000 3.80000000 -8.92857143E+000
7.20000000 3.90000000 -7.50546647E+000
7.20000000 4.00000000 -6.34475219E+000
7.20000000 4.10000000 -5.18403790E+000
7.20000000 4.20000000 -4.02332362E+000
7.20000000 4.30000000 -3.19059767E+000
7.20000000 4.40000000 -2.41253644E+000
7.20000000 4.50000000 -1.63447522E+000
7.20000000 4.60000000 -9.43877551E-001
7.20000000 4.70000000 -4.71938776E-001
7.20000000 4.80000000 4.21884749E-015
7.20000000 4.90000000 4.71938776E-001
7.20000000 5.00000000 7.79883382E-001
7.20000000 5.10000000 1.02223032E+000
7.20000000 5.20000000 1.26457726E+000
7.20000000 5.30000000 1.48505831E+000
7.20000000 5.40000000 1.57434402E+000
7.20000000 5.50000000 1.66362974E+000
7.20000000 5.60000000 1.75291545E+000
7.20000000 5.70000000 1.79846939E+000
7.20000000 5.80000000 1.81122449E+000
7.20000000 5.90000000 1.82397959E+000
7.20000000 6.00000000 1.83673469E+000
7.20000000 6.10000000 1.84948980E+000
7.20000000 6.20000000 1.86224490E+000
7.20000000 6.30000000 1.87500000E+000
7.20000000 6.40000000 1.92055394E+000
7.20000000 6.50000000 2.00983965E+000
7.20000000 6.60000000 2.09912536E+000
7.20000000 6.70000000 2.18841108E+000
7.20000000 6.80000000 2.40889213E+000
7.20000000 6.90000000 2.65123907E+000
7.20000000 7.00000000 2.89358601E+000
7.20000000 7.10000000 3.20153061E+000
7.20000000 7.20000000 3.67346939E+000
7.20000000 7.30000000 4.14540816E+000
7.20000000 7.40000000 4.61734694E+000
7.20000000 7.50000000 5.30794461E+000
7.20000000 7.60000000 6.08600583E+000
7.20000000 7.70000000 6.86406706E+000
7.20000000 7.80000000 7.69679300E+000
7.20000000 7.90000000 8.85750729E+000
7.20000000 8.00000000 1.00182216E+001
7.20000000 8.10000000 1.11789359E+001
7.20000000 8.20000000 1.26020408E+001
7.20000000 8.30000000 1.42219388E+001
7.20000000 8.40000000 1.58418367E+001
7.20000000 8.50000000 1.74617347E+001
7.20000000 8.60000000 1.96173469E+001
7.20000000 8.70000000 2.17729592E+001
7.20000000 8.80000000 2.39285714E+001
7.20000000 8.90000000 2.63465743E+001
7.20000000 9.00000000 2.91144315E+001
7.20000000 9.10000000 3.18822886E+001
7.20000000 9.20000000 3.46501458E+001
7.20000000 9.30000000 3.80083819E+001
7.20000000 9.40000000 4.14650146E+001
7.20000000 9.50000000 4.49216472E+001
7.20000000 9.60000000 4.85969388E+001
7.20000000 9.70000000 5.28188776E+001
7.20000000 9.80000000 5.70408163E+001
7.20000000 9.90000000 6.12627551E+001
7.20000000 10.00000000 6.60860058E+001
7.20000000 10.10000000 7.11497813E+001
7.20000000 10.20000000 7.62135569E+001
7.20000000 10.30000000 8.14085277E+001
7.20000000 10.40000000 8.73906706E+001
7.20000000 10.50000000 9.33728134E+001
7.20000000 10.60000000 9.93549563E+001
7.20000000 10.70000000 1.05905612E+002
7.20000000 10.80000000 1.12882653E+002
7.20000000 10.90000000 1.19859694E+002
7.20000000 11.00000000 1.26836735E+002
7.30000000 1.00000000 -1.22691327E+002
7.30000000 1.10000000 -1.15714286E+002
7.30000000 1.20000000 -1.08737245E+002
7.30000000 1.30000000 -1.01760204E+002
7.30000000 1.40000000 -9.52095481E+001
7.30000000 1.50000000 -8.92274052E+001
7.30000000 1.60000000 -8.32452624E+001
7.30000000 1.70000000 -7.72631195E+001
7.30000000 1.80000000 -7.20681487E+001
7.30000000 1.90000000 -6.70043732E+001
7.30000000 2.00000000 -6.19405977E+001
7.30000000 2.10000000 -5.71173469E+001
7.30000000 2.20000000 -5.28954082E+001
7.30000000 2.30000000 -4.86734694E+001
7.30000000 2.40000000 -4.44515306E+001
7.30000000 2.50000000 -4.07762391E+001
7.30000000 2.60000000 -3.73196064E+001
7.30000000 2.70000000 -3.38629738E+001
7.30000000 2.80000000 -3.05047376E+001
7.30000000 2.90000000 -2.77368805E+001
7.30000000 3.00000000 -2.49690233E+001
7.30000000 3.10000000 -2.22011662E+001
7.30000000 3.20000000 -1.97831633E+001
7.30000000 3.30000000 -1.76275510E+001
7.30000000 3.40000000 -1.54719388E+001
7.30000000 3.50000000 -1.33163265E+001
7.30000000 3.60000000 -1.16964286E+001
7.30000000 3.70000000 -1.00765306E+001
7.30000000 3.80000000 -8.45663265E+000
7.30000000 3.90000000 -7.03352770E+000
7.30000000 4.00000000 -5.87281341E+000
7.30000000 4.10000000 -4.71209913E+000
7.30000000 4.20000000 -3.55138484E+000
7.30000000 4.30000000 -2.71865889E+000
7.30000000 4.40000000 -1.94059767E+000
7.30000000 4.50000000 -1.16253644E+000
7.30000000 4.60000000 -4.71938776E-001
7.30000000 4.70000000 2.52020627E-014
7.30000000 4.80000000 4.71938776E-001
7.30000000 4.90000000 9.43877551E-001
7.30000000 5.00000000 1.25182216E+000
7.30000000 5.10000000 1.49416910E+000
7.30000000 5.20000000 1.73651603E+000
7.30000000 5.30000000 1.95699708E+000
7.30000000 5.40000000 2.04628280E+000
7.30000000 5.50000000 2.13556851E+000
7.30000000 5.60000000 2.22485423E+000
7.30000000 5.70000000 2.27040816E+000
7.30000000 5.80000000 2.28316327E+000
7.30000000 5.90000000 2.29591837E+000
7.30000000 6.00000000 2.30867347E+000
7.30000000 6.10000000 2.32142857E+000
7.30000000 6.20000000 2.33418367E+000
7.30000000 6.30000000 2.34693878E+000
7.30000000 6.40000000 2.39249271E+000
7.30000000 6.50000000 2.48177843E+000
7.30000000 6.60000000 2.57106414E+000
7.30000000 6.70000000 2.66034985E+000
7.30000000 6.80000000 2.88083090E+000
7.30000000 6.90000000 3.12317784E+000
7.30000000 7.00000000 3.36552478E+000
7.30000000 7.10000000 3.67346939E+000
7.30000000 7.20000000 4.14540816E+000
7.30000000 7.30000000 4.61734694E+000
7.30000000 7.40000000 5.08928571E+000
7.30000000 7.50000000 5.77988338E+000
7.30000000 7.60000000 6.55794461E+000
7.30000000 7.70000000 7.33600583E+000
7.30000000 7.80000000 8.16873178E+000
7.30000000 7.90000000 9.32944606E+000
7.30000000 8.00000000 1.04901603E+001
7.30000000 8.10000000 1.16508746E+001
7.30000000 8.20000000 1.30739796E+001
7.30000000 8.30000000 1.46938776E+001
7.30000000 8.40000000 1.63137755E+001
7.30000000 8.50000000 1.79336735E+001
7.30000000 8.60000000 2.00892857E+001
7.30000000 8.70000000 2.22448980E+001
7.30000000 8.80000000 2.44005102E+001
7.30000000 8.90000000 2.68185131E+001
7.30000000 9.00000000 2.95863703E+001
7.30000000 9.10000000 3.23542274E+001
7.30000000 9.20000000 3.51220845E+001
7.30000000 9.30000000 3.84803207E+001
7.30000000 9.40000000 4.19369534E+001
7.30000000 9.50000000 4.53935860E+001
7.30000000 9.60000000 4.90688776E+001
7.30000000 9.70000000 5.32908163E+001
7.30000000 9.80000000 5.75127551E+001
7.30000000 9.90000000 6.17346939E+001
7.30000000 10.00000000 6.65579446E+001
7.30000000 10.10000000 7.16217201E+001
7.30000000 10.20000000 7.66854956E+001
7.30000000 10.30000000 8.18804665E+001
7.30000000 10.40000000 8.78626093E+001
7.30000000 10.50000000 9.38447522E+001
7.30000000 10.60000000 9.98268950E+001
7.30000000 10.70000000 1.06377551E+002
7.30000000 10.80000000 1.13354592E+002
7.30000000 10.90000000 1.20331633E+002
7.30000000 11.00000000 1.27308673E+002
7.40000000 1.00000000 -1.22219388E+002
7.40000000 1.10000000 -1.15242347E+002
7.40000000 1.20000000 -1.08265306E+002
7.40000000 1.30000000 -1.01288265E+002
7.40000000 1.40000000 -9.47376093E+001
7.40000000 1.50000000 -8.87554665E+001
7.40000000 1.60000000 -8.27733236E+001
7.40000000 1.70000000 -7.67911808E+001
7.40000000 1.80000000 -7.15962099E+001
7.40000000 1.90000000 -6.65324344E+001
7.40000000 2.00000000 -6.14686589E+001
7.40000000 2.10000000 -5.66454082E+001
7.40000000 2.20000000 -5.24234694E+001
7.40000000 2.30000000 -4.82015306E+001
7.40000000 2.40000000 -4.39795918E+001
7.40000000 2.50000000 -4.03043003E+001
7.40000000 2.60000000 -3.68476676E+001
7.40000000 2.70000000 -3.33910350E+001
7.40000000 2.80000000 -3.00327988E+001
7.40000000 2.90000000 -2.72649417E+001
7.40000000 3.00000000 -2.44970845E+001
7.40000000 3.10000000 -2.17292274E+001
7.40000000 3.20000000 -1.93112245E+001
7.40000000 3.30000000 -1.71556122E+001
7.40000000 3.40000000 -1.50000000E+001
7.40000000 3.50000000 -1.28443878E+001
7.40000000 3.60000000 -1.12244898E+001
7.40000000 3.70000000 -9.60459184E+000
7.40000000 3.80000000 -7.98469388E+000
7.40000000 3.90000000 -6.56158892E+000
7.40000000 4.00000000 -5.40087464E+000
7.40000000 4.10000000 -4.24016035E+000
7.40000000 4.20000000 -3.07944606E+000
7.40000000 4.30000000 -2.24672012E+000
7.40000000 4.40000000 -1.46865889E+000
7.40000000 4.50000000 -6.90597668E-001
7.40000000 4.60000000 1.26010313E-014
7.40000000 4.70000000 4.71938776E-001
7.40000000 4.80000000 9.43877551E-001
7.40000000 4.90000000 1.41581633E+000
7.40000000 5.00000000 1.72376093E+000
7.40000000 5.10000000 1.96610787E+000
7.40000000 5.20000000 2.20845481E+000
7.40000000 5.30000000 2.42893586E+000
7.40000000 5.40000000 2.51822157E+000
7.40000000 5.50000000 2.60750729E+000
7.40000000 5.60000000 2.69679300E+000
7.40000000 5.70000000 2.74234694E+000
7.40000000 5.80000000 2.75510204E+000
7.40000000 5.90000000 2.76785714E+000
7.40000000 6.00000000 2.78061224E+000
7.40000000 6.10000000 2.79336735E+000
7.40000000 6.20000000 2.80612245E+000
7.40000000 6.30000000 2.81887755E+000
7.40000000 6.40000000 2.86443149E+000
7.40000000 6.50000000 2.95371720E+000
7.40000000 6.60000000 3.04300292E+000
7.40000000 6.70000000 3.13228863E+000
7.40000000 6.80000000 3.35276968E+000
7.40000000 6.90000000 3.59511662E+000
7.40000000 7.00000000 3.83746356E+000
7.40000000 7.10000000 4.14540816E+000
7.40000000 7.20000000 4.61734694E+000
7.40000000 7.30000000 5.08928571E+000
7.40000000 7.40000000 5.56122449E+000
7.40000000 7.50000000 6.25182216E+000
7.40000000 7.60000000 7.02988338E+000
7.40000000 7.70000000 7.80794461E+000
7.40000000 7.80000000 8.64067055E+000
7.40000000 7.90000000 9.80138484E+000
7.40000000 8.00000000 1.09620991E+001
7.40000000 8.10000000 1.21228134E+001
7.40000000 8.20000000 1.35459184E+001
7.40000000 8.30000000 1.51658163E+001
7.40000000 8.40000000 1.67857143E+001
7.40000000 8.50000000 1.84056122E+001
7.40000000 8.60000000 2.05612245E+001
7.40000000 8.70000000 2.27168367E+001
7.40000000 8.80000000 2.48724490E+001
7.40000000 8.90000000 2.72904519E+001
7.40000000 9.00000000 3.00583090E+001
7.40000000 9.10000000 3.28261662E+001
7.40000000 9.20000000 3.55940233E+001
7.40000000 9.30000000 3.89522595E+001
7.40000000 9.40000000 4.24088921E+001
7.40000000 9.50000000 4.58655248E+001
7.40000000 9.60000000 4.95408163E+001
7.40000000 9.70000000 5.37627551E+001
7.40000000 9.80000000 5.79846939E+001
7.40000000 9.90000000 6.22066327E+001
7.40000000 10.00000000 6.70298834E+001
7.40000000 10.10000000 7.20936589E+001
7.40000000 10.20000000 7.71574344E+001
7.40000000 10.30000000 8.23524052E+001
7.40000000 10.40000000 8.83345481E+001
7.40000000 10.50000000 9.43166910E+001
7.40000000 10.60000000 1.00298834E+002
7.40000000 10.70000000 1.06849490E+002
7.40000000 10.80000000 1.13826531E+002
7.40000000 10.90000000 1.20803571E+002
7.40000000 11.00000000 1.27780612E+002
7.50000000 1.00000000 -1.21528790E+002
7.50000000 1.10000000 -1.14551749E+002
7.50000000 1.20000000 -1.07574708E+002
7.50000000 1.30000000 -1.00597668E+002
7.50000000 1.40000000 -9.40470117E+001
7.50000000 1.50000000 -8.80648688E+001
7.50000000 1.60000000 -8.20827259E+001
7.50000000 1.70000000 -7.61005831E+001
7.50000000 1.80000000 -7.09056122E+001
7.50000000 1.90000000 -6.58418367E+001
7.50000000 2.00000000 -6.07780612E+001
7.50000000 2.10000000 -5.59548105E+001
7.50000000 2.20000000 -5.17328717E+001
7.50000000 2.30000000 -4.75109329E+001
7.50000000 2.40000000 -4.32889942E+001
7.50000000 2.50000000 -3.96137026E+001
7.50000000 2.60000000 -3.61570700E+001
7.50000000 2.70000000 -3.27004373E+001
7.50000000 2.80000000 -2.93422012E+001
7.50000000 2.90000000 -2.65743440E+001
7.50000000 3.00000000 -2.38064869E+001
7.50000000 3.10000000 -2.10386297E+001
7.50000000 3.20000000 -1.86206268E+001
7.50000000 3.30000000 -1.64650146E+001
7.50000000 3.40000000 -1.43094023E+001
7.50000000 3.50000000 -1.21537901E+001
7.50000000 3.60000000 -1.05338921E+001
7.50000000 3.70000000 -8.91399417E+000
7.50000000 3.80000000 -7.29409621E+000
7.50000000 3.90000000 -5.87099125E+000
7.50000000 4.00000000 -4.71027697E+000
7.50000000 4.10000000 -3.54956268E+000
7.50000000 4.20000000 -2.38884840E+000
7.50000000 4.30000000 -1.55612245E+000
7.50000000 4.40000000 -7.78061224E-001
7.50000000 4.50000000 0.00000000E+000
7.50000000 4.60000000 6.90597668E-001
7.50000000 4.70000000 1.16253644E+000
7.50000000 4.80000000 1.63447522E+000
7.50000000 4.90000000 2.10641399E+000
7.50000000 5.00000000 2.41435860E+000
7.50000000 5.10000000 2.65670554E+000
7.50000000 5.20000000 2.89905248E+000
7.50000000 5.30000000 3.11953353E+000
7.50000000 5.40000000 3.20881924E+000
7.50000000 5.50000000 3.29810496E+000
7.50000000 5.60000000 3.38739067E+000
7.50000000 5.70000000 3.43294461E+000
7.50000000 5.80000000 3.44569971E+000
7.50000000 5.90000000 3.45845481E+000
7.50000000 6.00000000 3.47120991E+000
7.50000000 6.10000000 3.48396501E+000
7.50000000 6.20000000 3.49672012E+000
7.50000000 6.30000000 3.50947522E+000
7.50000000 6.40000000 3.55502915E+000
7.50000000 6.50000000 3.64431487E+000
7.50000000 6.60000000 3.73360058E+000
7.50000000 6.70000000 3.82288630E+000
7.50000000 6.80000000 4.04336735E+000
7.50000000 6.90000000 4.28571429E+000
7.50000000 7.00000000 4.52806122E+000
7.50000000 7.10000000 4.83600583E+000
7.50000000 7.20000000 5.30794461E+000
7.50000000 7.30000000 5.77988338E+000
7.50000000 7.40000000 6.25182216E+000
7.50000000 7.50000000 6.94241983E+000
7.50000000 7.60000000 7.72048105E+000
7.50000000 7.70000000 8.49854227E+000
7.50000000 7.80000000 9.33126822E+000
7.50000000 7.90000000 1.04919825E+001
7.50000000 8.00000000 1.16526968E+001
7.50000000 8.10000000 1.28134111E+001
7.50000000 8.20000000 1.42365160E+001
7.50000000 8.30000000 1.58564140E+001
7.50000000 8.40000000 1.74763120E+001
7.50000000 8.50000000 1.90962099E+001
7.50000000 8.60000000 2.12518222E+001
7.50000000 8.70000000 2.34074344E+001
7.50000000 8.80000000 2.55630466E+001
7.50000000 8.90000000 2.79810496E+001
7.50000000 9.00000000 3.07489067E+001
7.50000000 9.10000000 3.35167638E+001
7.50000000 9.20000000 3.62846210E+001
7.50000000 9.30000000 3.96428571E+001
7.50000000 9.40000000 4.30994898E+001
7.50000000 9.50000000 4.65561224E+001
7.50000000 9.60000000 5.02314140E+001
7.50000000 9.70000000 5.44533528E+001
7.50000000 9.80000000 5.86752915E+001
7.50000000 9.90000000 6.28972303E+001
7.50000000 10.00000000 6.77204810E+001
7.50000000 10.10000000 7.27842566E+001
7.50000000 10.20000000 7.78480321E+001
7.50000000 10.30000000 8.30430029E+001
7.50000000 10.40000000 8.90251458E+001
7.50000000 10.50000000 9.50072886E+001
7.50000000 10.60000000 1.00989431E+002
7.50000000 10.70000000 1.07540087E+002
7.50000000 10.80000000 1.14517128E+002
7.50000000 10.90000000 1.21494169E+002
7.50000000 11.00000000 1.28471210E+002
7.60000000 1.00000000 -1.20750729E+002
7.60000000 1.10000000 -1.13773688E+002
7.60000000 1.20000000 -1.06796647E+002
7.60000000 1.30000000 -9.98196064E+001
7.60000000 1.40000000 -9.32689504E+001
7.60000000 1.50000000 -8.72868076E+001
7.60000000 1.60000000 -8.13046647E+001
7.60000000 1.70000000 -7.53225219E+001
7.60000000 1.80000000 -7.01275510E+001
7.60000000 1.90000000 -6.50637755E+001
7.60000000 2.00000000 -6.00000000E+001
7.60000000 2.10000000 -5.51767493E+001
7.60000000 2.20000000 -5.09548105E+001
7.60000000 2.30000000 -4.67328717E+001
7.60000000 2.40000000 -4.25109329E+001
7.60000000 2.50000000 -3.88356414E+001
7.60000000 2.60000000 -3.53790087E+001
7.60000000 2.70000000 -3.19223761E+001
7.60000000 2.80000000 -2.85641399E+001
7.60000000 2.90000000 -2.57962828E+001
7.60000000 3.00000000 -2.30284257E+001
7.60000000 3.10000000 -2.02605685E+001
7.60000000 3.20000000 -1.78425656E+001
7.60000000 3.30000000 -1.56869534E+001
7.60000000 3.40000000 -1.35313411E+001
7.60000000 3.50000000 -1.13757289E+001
7.60000000 3.60000000 -9.75583090E+000
7.60000000 3.70000000 -8.13593294E+000
7.60000000 3.80000000 -6.51603499E+000
7.60000000 3.90000000 -5.09293003E+000
7.60000000 4.00000000 -3.93221574E+000
7.60000000 4.10000000 -2.77150146E+000
7.60000000 4.20000000 -1.61078717E+000
7.60000000 4.30000000 -7.78061224E-001
7.60000000 4.40000000 3.45279361E-014
7.60000000 4.50000000 7.78061224E-001
7.60000000 4.60000000 1.46865889E+000
7.60000000 4.70000000 1.94059767E+000
7.60000000 4.80000000 2.41253644E+000
7.60000000 4.90000000 2.88447522E+000
7.60000000 5.00000000 3.19241983E+000
7.60000000 5.10000000 3.43476676E+000
7.60000000 5.20000000 3.67711370E+000
7.60000000 5.30000000 3.89759475E+000
7.60000000 5.40000000 3.98688047E+000
7.60000000 5.50000000 4.07616618E+000
7.60000000 5.60000000 4.16545190E+000
7.60000000 5.70000000 4.21100583E+000
7.60000000 5.80000000 4.22376093E+000
7.60000000 5.90000000 4.23651603E+000
7.60000000 6.00000000 4.24927114E+000
7.60000000 6.10000000 4.26202624E+000
7.60000000 6.20000000 4.27478134E+000
7.60000000 6.30000000 4.28753644E+000
7.60000000 6.40000000 4.33309038E+000
7.60000000 6.50000000 4.42237609E+000
7.60000000 6.60000000 4.51166181E+000
7.60000000 6.70000000 4.60094752E+000
7.60000000 6.80000000 4.82142857E+000
7.60000000 6.90000000 5.06377551E+000
7.60000000 7.00000000 5.30612245E+000
7.60000000 7.10000000 5.61406706E+000
7.60000000 7.20000000 6.08600583E+000
7.60000000 7.30000000 6.55794461E+000
7.60000000 7.40000000 7.02988338E+000
7.60000000 7.50000000 7.72048105E+000
7.60000000 7.60000000 8.49854227E+000
7.60000000 7.70000000 9.27660350E+000
7.60000000 7.80000000 1.01093294E+001
7.60000000 7.90000000 1.12700437E+001
7.60000000 8.00000000 1.24307580E+001
7.60000000 8.10000000 1.35914723E+001
7.60000000 8.20000000 1.50145773E+001
7.60000000 8.30000000 1.66344752E+001
7.60000000 8.40000000 1.82543732E+001
7.60000000 8.50000000 1.98742711E+001
7.60000000 8.60000000 2.20298834E+001
7.60000000 8.70000000 2.41854956E+001
7.60000000 8.80000000 2.63411079E+001
7.60000000 8.90000000 2.87591108E+001
7.60000000 9.00000000 3.15269679E+001
7.60000000 9.10000000 3.42948251E+001
7.60000000 9.20000000 3.70626822E+001
7.60000000 9.30000000 4.04209184E+001
7.60000000 9.40000000 4.38775510E+001
7.60000000 9.50000000 4.73341837E+001
7.60000000 9.60000000 5.10094752E+001
7.60000000 9.70000000 5.52314140E+001
7.60000000 9.80000000 5.94533528E+001
7.60000000 9.90000000 6.36752915E+001
7.60000000 10.00000000 6.84985423E+001
7.60000000 10.10000000 7.35623178E+001
7.60000000 10.20000000 7.86260933E+001
7.60000000 10.30000000 8.38210641E+001
7.60000000 10.40000000 8.98032070E+001
7.60000000 10.50000000 9.57853499E+001
7.60000000 10.60000000 1.01767493E+002
7.60000000 10.70000000 1.08318149E+002
7.60000000 10.80000000 1.15295190E+002
7.60000000 10.90000000 1.22272230E+002
7.60000000 11.00000000 1.29249271E+002
7.70000000 1.00000000 -1.19972668E+002
7.70000000 1.10000000 -1.12995627E+002
7.70000000 1.20000000 -1.06018586E+002
7.70000000 1.30000000 -9.90415452E+001
7.70000000 1.40000000 -9.24908892E+001
7.70000000 1.50000000 -8.65087464E+001
7.70000000 1.60000000 -8.05266035E+001
7.70000000 1.70000000 -7.45444606E+001
7.70000000 1.80000000 -6.93494898E+001
7.70000000 1.90000000 -6.42857143E+001
7.70000000 2.00000000 -5.92219388E+001
7.70000000 2.10000000 -5.43986880E+001
7.70000000 2.20000000 -5.01767493E+001
7.70000000 2.30000000 -4.59548105E+001
7.70000000 2.40000000 -4.17328717E+001
7.70000000 2.50000000 -3.80575802E+001
7.70000000 2.60000000 -3.46009475E+001
7.70000000 2.70000000 -3.11443149E+001
7.70000000 2.80000000 -2.77860787E+001
7.70000000 2.90000000 -2.50182216E+001
7.70000000 3.00000000 -2.22503644E+001
7.70000000 3.10000000 -1.94825073E+001
7.70000000 3.20000000 -1.70645044E+001
7.70000000 3.30000000 -1.49088921E+001
7.70000000 3.40000000 -1.27532799E+001
7.70000000 3.50000000 -1.05976676E+001
7.70000000 3.60000000 -8.97776968E+000
7.70000000 3.70000000 -7.35787172E+000
7.70000000 3.80000000 -5.73797376E+000
7.70000000 3.90000000 -4.31486880E+000
7.70000000 4.00000000 -3.15415452E+000
7.70000000 4.10000000 -1.99344023E+000
7.70000000 4.20000000 -8.32725948E-001
7.70000000 4.30000000 0.00000000E+000
7.70000000 4.40000000 7.78061224E-001
7.70000000 4.50000000 1.55612245E+000
7.70000000 4.60000000 2.24672012E+000
7.70000000 4.70000000 2.71865889E+000
7.70000000 4.80000000 3.19059767E+000
7.70000000 4.90000000 3.66253644E+000
7.70000000 5.00000000 3.97048105E+000
7.70000000 5.10000000 4.21282799E+000
7.70000000 5.20000000 4.45517493E+000
7.70000000 5.30000000 4.67565598E+000
7.70000000 5.40000000 4.76494169E+000
7.70000000 5.50000000 4.85422741E+000
7.70000000 5.60000000 4.94351312E+000
7.70000000 5.70000000 4.98906706E+000
7.70000000 5.80000000 5.00182216E+000
7.70000000 5.90000000 5.01457726E+000
7.70000000 6.00000000 5.02733236E+000
7.70000000 6.10000000 5.04008746E+000
7.70000000 6.20000000 5.05284257E+000
7.70000000 6.30000000 5.06559767E+000
7.70000000 6.40000000 5.11115160E+000
7.70000000 6.50000000 5.20043732E+000
7.70000000 6.60000000 5.28972303E+000
7.70000000 6.70000000 5.37900875E+000
7.70000000 6.80000000 5.59948980E+000
7.70000000 6.90000000 5.84183673E+000
7.70000000 7.00000000 6.08418367E+000
7.70000000 7.10000000 6.39212828E+000
7.70000000 7.20000000 6.86406706E+000
7.70000000 7.30000000 7.33600583E+000
7.70000000 7.40000000 7.80794461E+000
7.70000000 7.50000000 8.49854227E+000
7.70000000 7.60000000 9.27660350E+000
7.70000000 7.70000000 1.00546647E+001
7.70000000 7.80000000 1.08873907E+001
7.70000000 7.90000000 1.20481050E+001
7.70000000 8.00000000 1.32088192E+001
7.70000000 8.10000000 1.43695335E+001
7.70000000 8.20000000 1.57926385E+001
7.70000000 8.30000000 1.74125364E+001
7.70000000 8.40000000 1.90324344E+001
7.70000000 8.50000000 2.06523324E+001
7.70000000 8.60000000 2.28079446E+001
7.70000000 8.70000000 2.49635569E+001
7.70000000 8.80000000 2.71191691E+001
7.70000000 8.90000000 2.95371720E+001
7.70000000 9.00000000 3.23050292E+001
7.70000000 9.10000000 3.50728863E+001
7.70000000 9.20000000 3.78407434E+001
7.70000000 9.30000000 4.11989796E+001
7.70000000 9.40000000 4.46556122E+001
7.70000000 9.50000000 4.81122449E+001
7.70000000 9.60000000 5.17875364E+001
7.70000000 9.70000000 5.60094752E+001
7.70000000 9.80000000 6.02314140E+001
7.70000000 9.90000000 6.44533528E+001
7.70000000 10.00000000 6.92766035E+001
7.70000000 10.10000000 7.43403790E+001
7.70000000 10.20000000 7.94041545E+001
7.70000000 10.30000000 8.45991254E+001
7.70000000 10.40000000 9.05812682E+001
7.70000000 10.50000000 9.65634111E+001
7.70000000 10.60000000 1.02545554E+002
7.70000000 10.70000000 1.09096210E+002
7.70000000 10.80000000 1.16073251E+002
7.70000000 10.90000000 1.23050292E+002
7.70000000 11.00000000 1.30027332E+002
7.80000000 1.00000000 -1.19139942E+002
7.80000000 1.10000000 -1.12162901E+002
7.80000000 1.20000000 -1.05185860E+002
7.80000000 1.30000000 -9.82088192E+001
7.80000000 1.40000000 -9.16581633E+001
7.80000000 1.50000000 -8.56760204E+001
7.80000000 1.60000000 -7.96938776E+001
7.80000000 1.70000000 -7.37117347E+001
7.80000000 1.80000000 -6.85167638E+001
7.80000000 1.90000000 -6.34529883E+001
7.80000000 2.00000000 -5.83892128E+001
7.80000000 2.10000000 -5.35659621E+001
7.80000000 2.20000000 -4.93440233E+001
7.80000000 2.30000000 -4.51220845E+001
7.80000000 2.40000000 -4.09001458E+001
7.80000000 2.50000000 -3.72248542E+001
7.80000000 2.60000000 -3.37682216E+001
7.80000000 2.70000000 -3.03115889E+001
7.80000000 2.80000000 -2.69533528E+001
7.80000000 2.90000000 -2.41854956E+001
7.80000000 3.00000000 -2.14176385E+001
7.80000000 3.10000000 -1.86497813E+001
7.80000000 3.20000000 -1.62317784E+001
7.80000000 3.30000000 -1.40761662E+001
7.80000000 3.40000000 -1.19205539E+001
7.80000000 3.50000000 -9.76494169E+000
7.80000000 3.60000000 -8.14504373E+000
7.80000000 3.70000000 -6.52514577E+000
7.80000000 3.80000000 -4.90524781E+000
7.80000000 3.90000000 -3.48214286E+000
7.80000000 4.00000000 -2.32142857E+000
7.80000000 4.10000000 -1.16071429E+000
7.80000000 4.20000000 2.05391260E-014
7.80000000 4.30000000 8.32725948E-001
7.80000000 4.40000000 1.61078717E+000
7.80000000 4.50000000 2.38884840E+000
7.80000000 4.60000000 3.07944606E+000
7.80000000 4.70000000 3.55138484E+000
7.80000000 4.80000000 4.02332362E+000
7.80000000 4.90000000 4.49526239E+000
7.80000000 5.00000000 4.80320700E+000
7.80000000 5.10000000 5.04555394E+000
7.80000000 5.20000000 5.28790087E+000
7.80000000 5.30000000 5.50838192E+000
7.80000000 5.40000000 5.59766764E+000
7.80000000 5.50000000 5.68695335E+000
7.80000000 5.60000000 5.77623907E+000
7.80000000 5.70000000 5.82179300E+000
7.80000000 5.80000000 5.83454810E+000
7.80000000 5.90000000 5.84730321E+000
7.80000000 6.00000000 5.86005831E+000
7.80000000 6.10000000 5.87281341E+000
7.80000000 6.20000000 5.88556851E+000
7.80000000 6.30000000 5.89832362E+000
7.80000000 6.40000000 5.94387755E+000
7.80000000 6.50000000 6.03316327E+000
7.80000000 6.60000000 6.12244898E+000
7.80000000 6.70000000 6.21173469E+000
7.80000000 6.80000000 6.43221574E+000
7.80000000 6.90000000 6.67456268E+000
7.80000000 7.00000000 6.91690962E+000
7.80000000 7.10000000 7.22485423E+000
7.80000000 7.20000000 7.69679300E+000
7.80000000 7.30000000 8.16873178E+000
7.80000000 7.40000000 8.64067055E+000
7.80000000 7.50000000 9.33126822E+000
7.80000000 7.60000000 1.01093294E+001
7.80000000 7.70000000 1.08873907E+001
7.80000000 7.80000000 1.17201166E+001
7.80000000 7.90000000 1.28808309E+001
7.80000000 8.00000000 1.40415452E+001
7.80000000 8.10000000 1.52022595E+001
7.80000000 8.20000000 1.66253644E+001
7.80000000 8.30000000 1.82452624E+001
7.80000000 8.40000000 1.98651603E+001
7.80000000 8.50000000 2.14850583E+001
7.80000000 8.60000000 2.36406706E+001
7.80000000 8.70000000 2.57962828E+001
7.80000000 8.80000000 2.79518950E+001
7.80000000 8.90000000 3.03698980E+001
7.80000000 9.00000000 3.31377551E+001
7.80000000 9.10000000 3.59056122E+001
7.80000000 9.20000000 3.86734694E+001
7.80000000 9.30000000 4.20317055E+001
7.80000000 9.40000000 4.54883382E+001
7.80000000 9.50000000 4.89449708E+001
7.80000000 9.60000000 5.26202624E+001
7.80000000 9.70000000 5.68422012E+001
7.80000000 9.80000000 6.10641399E+001
7.80000000 9.90000000 6.52860787E+001
7.80000000 10.00000000 7.01093294E+001
7.80000000 10.10000000 7.51731050E+001
7.80000000 10.20000000 8.02368805E+001
7.80000000 10.30000000 8.54318513E+001
7.80000000 10.40000000 9.14139942E+001
7.80000000 10.50000000 9.73961370E+001
7.80000000 10.60000000 1.03378280E+002
7.80000000 10.70000000 1.09928936E+002
7.80000000 10.80000000 1.16905977E+002
7.80000000 10.90000000 1.23883017E+002
7.80000000 11.00000000 1.30860058E+002
7.90000000 1.00000000 -1.17979227E+002
7.90000000 1.10000000 -1.11002187E+002
7.90000000 1.20000000 -1.04025146E+002
7.90000000 1.30000000 -9.70481050E+001
7.90000000 1.40000000 -9.04974490E+001
7.90000000 1.50000000 -8.45153061E+001
7.90000000 1.60000000 -7.85331633E+001
7.90000000 1.70000000 -7.25510204E+001
7.90000000 1.80000000 -6.73560496E+001
7.90000000 1.90000000 -6.22922741E+001
7.90000000 2.00000000 -5.72284985E+001
7.90000000 2.10000000 -5.24052478E+001
7.90000000 2.20000000 -4.81833090E+001
7.90000000 2.30000000 -4.39613703E+001
7.90000000 2.40000000 -3.97394315E+001
7.90000000 2.50000000 -3.60641399E+001
7.90000000 2.60000000 -3.26075073E+001
7.90000000 2.70000000 -2.91508746E+001
7.90000000 2.80000000 -2.57926385E+001
7.90000000 2.90000000 -2.30247813E+001
7.90000000 3.00000000 -2.02569242E+001
7.90000000 3.10000000 -1.74890671E+001
7.90000000 3.20000000 -1.50710641E+001
7.90000000 3.30000000 -1.29154519E+001
7.90000000 3.40000000 -1.07598397E+001
7.90000000 3.50000000 -8.60422741E+000
7.90000000 3.60000000 -6.98432945E+000
7.90000000 3.70000000 -5.36443149E+000
7.90000000 3.80000000 -3.74453353E+000
7.90000000 3.90000000 -2.32142857E+000
7.90000000 4.00000000 -1.16071429E+000
7.90000000 4.10000000 3.01980663E-014
7.90000000 4.20000000 1.16071429E+000
7.90000000 4.30000000 1.99344023E+000
7.90000000 4.40000000 2.77150146E+000
7.90000000 4.50000000 3.54956268E+000
7.90000000 4.60000000 4.24016035E+000
7.90000000 4.70000000 4.71209913E+000
7.90000000 4.80000000 5.18403790E+000
7.90000000 4.90000000 5.65597668E+000
7.90000000 5.00000000 5.96392128E+000
7.90000000 5.10000000 6.20626822E+000
7.90000000 5.20000000 6.44861516E+000
7.90000000 5.30000000 6.66909621E+000
7.90000000 5.40000000 6.75838192E+000
7.90000000 5.50000000 6.84766764E+000
7.90000000 5.60000000 6.93695335E+000
7.90000000 5.70000000 6.98250729E+000
7.90000000 5.80000000 6.99526239E+000
7.90000000 5.90000000 7.00801749E+000
7.90000000 6.00000000 7.02077259E+000
7.90000000 6.10000000 7.03352770E+000
7.90000000 6.20000000 7.04628280E+000
7.90000000 6.30000000 7.05903790E+000
7.90000000 6.40000000 7.10459184E+000
7.90000000 6.50000000 7.19387755E+000
7.90000000 6.60000000 7.28316327E+000
7.90000000 6.70000000 7.37244898E+000
7.90000000 6.80000000 7.59293003E+000
7.90000000 6.90000000 7.83527697E+000
7.90000000 7.00000000 8.07762391E+000
7.90000000 7.10000000 8.38556851E+000
7.90000000 7.20000000 8.85750729E+000
7.90000000 7.30000000 9.32944606E+000
7.90000000 7.40000000 9.80138484E+000
7.90000000 7.50000000 1.04919825E+001
7.90000000 7.60000000 1.12700437E+001
7.90000000 7.70000000 1.20481050E+001
7.90000000 7.80000000 1.28808309E+001
7.90000000 7.90000000 1.40415452E+001
7.90000000 8.00000000 1.52022595E+001
7.90000000 8.10000000 1.63629738E+001
7.90000000 8.20000000 1.77860787E+001
7.90000000 8.30000000 1.94059767E+001
7.90000000 8.40000000 2.10258746E+001
7.90000000 8.50000000 2.26457726E+001
7.90000000 8.60000000 2.48013848E+001
7.90000000 8.70000000 2.69569971E+001
7.90000000 8.80000000 2.91126093E+001
7.90000000 8.90000000 3.15306122E+001
7.90000000 9.00000000 3.42984694E+001
7.90000000 9.10000000 3.70663265E+001
7.90000000 9.20000000 3.98341837E+001
7.90000000 9.30000000 4.31924198E+001
7.90000000 9.40000000 4.66490525E+001
7.90000000 9.50000000 5.01056851E+001
7.90000000 9.60000000 5.37809767E+001
7.90000000 9.70000000 5.80029155E+001
7.90000000 9.80000000 6.22248542E+001
7.90000000 9.90000000 6.64467930E+001
7.90000000 10.00000000 7.12700437E+001
7.90000000 10.10000000 7.63338192E+001
7.90000000 10.20000000 8.13975948E+001
7.90000000 10.30000000 8.65925656E+001
7.90000000 10.40000000 9.25747085E+001
7.90000000 10.50000000 9.85568513E+001
7.90000000 10.60000000 1.04538994E+002
7.90000000 10.70000000 1.11089650E+002
7.90000000 10.80000000 1.18066691E+002
7.90000000 10.90000000 1.25043732E+002
7.90000000 11.00000000 1.32020773E+002
8.00000000 1.00000000 -1.16818513E+002
8.00000000 1.10000000 -1.09841472E+002
8.00000000 1.20000000 -1.02864431E+002
8.00000000 1.30000000 -9.58873907E+001
8.00000000 1.40000000 -8.93367347E+001
8.00000000 1.50000000 -8.33545918E+001
8.00000000 1.60000000 -7.73724490E+001
8.00000000 1.70000000 -7.13903061E+001
8.00000000 1.80000000 -6.61953353E+001
8.00000000 1.90000000 -6.11315598E+001
8.00000000 2.00000000 -5.60677843E+001
8.00000000 2.10000000 -5.12445335E+001
8.00000000 2.20000000 -4.70225948E+001
8.00000000 2.30000000 -4.28006560E+001
8.00000000 2.40000000 -3.85787172E+001
8.00000000 2.50000000 -3.49034257E+001
8.00000000 2.60000000 -3.14467930E+001
8.00000000 2.70000000 -2.79901603E+001
8.00000000 2.80000000 -2.46319242E+001
8.00000000 2.90000000 -2.18640671E+001
8.00000000 3.00000000 -1.90962099E+001
8.00000000 3.10000000 -1.63283528E+001
8.00000000 3.20000000 -1.39103499E+001
8.00000000 3.30000000 -1.17547376E+001
8.00000000 3.40000000 -9.59912536E+000
8.00000000 3.50000000 -7.44351312E+000
8.00000000 3.60000000 -5.82361516E+000
8.00000000 3.70000000 -4.20371720E+000
8.00000000 3.80000000 -2.58381924E+000
8.00000000 3.90000000 -1.16071429E+000
8.00000000 4.00000000 2.97539771E-014
8.00000000 4.10000000 1.16071429E+000
8.00000000 4.20000000 2.32142857E+000
8.00000000 4.30000000 3.15415452E+000
8.00000000 4.40000000 3.93221574E+000
8.00000000 4.50000000 4.71027697E+000
8.00000000 4.60000000 5.40087464E+000
8.00000000 4.70000000 5.87281341E+000
8.00000000 4.80000000 6.34475219E+000
8.00000000 4.90000000 6.81669096E+000
8.00000000 5.00000000 7.12463557E+000
8.00000000 5.10000000 7.36698251E+000
8.00000000 5.20000000 7.60932945E+000
8.00000000 5.30000000 7.82981050E+000
8.00000000 5.40000000 7.91909621E+000
8.00000000 5.50000000 8.00838192E+000
8.00000000 5.60000000 8.09766764E+000
8.00000000 5.70000000 8.14322157E+000
8.00000000 5.80000000 8.15597668E+000
8.00000000 5.90000000 8.16873178E+000
8.00000000 6.00000000 8.18148688E+000
8.00000000 6.10000000 8.19424198E+000
8.00000000 6.20000000 8.20699708E+000
8.00000000 6.30000000 8.21975219E+000
8.00000000 6.40000000 8.26530612E+000
8.00000000 6.50000000 8.35459184E+000
8.00000000 6.60000000 8.44387755E+000
8.00000000 6.70000000 8.53316327E+000
8.00000000 6.80000000 8.75364431E+000
8.00000000 6.90000000 8.99599125E+000
8.00000000 7.00000000 9.23833819E+000
8.00000000 7.10000000 9.54628280E+000
8.00000000 7.20000000 1.00182216E+001
8.00000000 7.30000000 1.04901603E+001
8.00000000 7.40000000 1.09620991E+001
8.00000000 7.50000000 1.16526968E+001
8.00000000 7.60000000 1.24307580E+001
8.00000000 7.70000000 1.32088192E+001
8.00000000 7.80000000 1.40415452E+001
8.00000000 7.90000000 1.52022595E+001
8.00000000 8.00000000 1.63629738E+001
8.00000000 8.10000000 1.75236880E+001
8.00000000 8.20000000 1.89467930E+001
8.00000000 8.30000000 2.05666910E+001
8.00000000 8.40000000 2.21865889E+001
8.00000000 8.50000000 2.38064869E+001
8.00000000 8.60000000 2.59620991E+001
8.00000000 8.70000000 2.81177114E+001
8.00000000 8.80000000 3.02733236E+001
8.00000000 8.90000000 3.26913265E+001
8.00000000 9.00000000 3.54591837E+001
8.00000000 9.10000000 3.82270408E+001
8.00000000 9.20000000 4.09948980E+001
8.00000000 9.30000000 4.43531341E+001
8.00000000 9.40000000 4.78097668E+001
8.00000000 9.50000000 5.12663994E+001
8.00000000 9.60000000 5.49416910E+001
8.00000000 9.70000000 5.91636297E+001
8.00000000 9.80000000 6.33855685E+001
8.00000000 9.90000000 6.76075073E+001
8.00000000 10.00000000 7.24307580E+001
8.00000000 10.10000000 7.74945335E+001
8.00000000 10.20000000 8.25583090E+001
8.00000000 10.30000000 8.77532799E+001
8.00000000 10.40000000 9.37354227E+001
8.00000000 10.50000000 9.97175656E+001
8.00000000 10.60000000 1.05699708E+002
8.00000000 10.70000000 1.12250364E+002
8.00000000 10.80000000 1.19227405E+002
8.00000000 10.90000000 1.26204446E+002
8.00000000 11.00000000 1.33181487E+002
8.10000000 1.00000000 -1.15657799E+002
8.10000000 1.10000000 -1.08680758E+002
8.10000000 1.20000000 -1.01703717E+002
8.10000000 1.30000000 -9.47266764E+001
8.10000000 1.40000000 -8.81760204E+001
8.10000000 1.50000000 -8.21938776E+001
8.10000000 1.60000000 -7.62117347E+001
8.10000000 1.70000000 -7.02295918E+001
8.10000000 1.80000000 -6.50346210E+001
8.10000000 1.90000000 -5.99708455E+001
8.10000000 2.00000000 -5.49070700E+001
8.10000000 2.10000000 -5.00838192E+001
8.10000000 2.20000000 -4.58618805E+001
8.10000000 2.30000000 -4.16399417E+001
8.10000000 2.40000000 -3.74180029E+001
8.10000000 2.50000000 -3.37427114E+001
8.10000000 2.60000000 -3.02860787E+001
8.10000000 2.70000000 -2.68294461E+001
8.10000000 2.80000000 -2.34712099E+001
8.10000000 2.90000000 -2.07033528E+001
8.10000000 3.00000000 -1.79354956E+001
8.10000000 3.10000000 -1.51676385E+001
8.10000000 3.20000000 -1.27496356E+001
8.10000000 3.30000000 -1.05940233E+001
8.10000000 3.40000000 -8.43841108E+000
8.10000000 3.50000000 -6.28279883E+000
8.10000000 3.60000000 -4.66290087E+000
8.10000000 3.70000000 -3.04300292E+000
8.10000000 3.80000000 -1.42310496E+000
8.10000000 3.90000000 2.91433544E-014
8.10000000 4.00000000 1.16071429E+000
8.10000000 4.10000000 2.32142857E+000
8.10000000 4.20000000 3.48214286E+000
8.10000000 4.30000000 4.31486880E+000
8.10000000 4.40000000 5.09293003E+000
8.10000000 4.50000000 5.87099125E+000
8.10000000 4.60000000 6.56158892E+000
8.10000000 4.70000000 7.03352770E+000
8.10000000 4.80000000 7.50546647E+000
8.10000000 4.90000000 7.97740525E+000
8.10000000 5.00000000 8.28534985E+000
8.10000000 5.10000000 8.52769679E+000
8.10000000 5.20000000 8.77004373E+000
8.10000000 5.30000000 8.99052478E+000
8.10000000 5.40000000 9.07981050E+000
8.10000000 5.50000000 9.16909621E+000
8.10000000 5.60000000 9.25838192E+000
8.10000000 5.70000000 9.30393586E+000
8.10000000 5.80000000 9.31669096E+000
8.10000000 5.90000000 9.32944606E+000
8.10000000 6.00000000 9.34220117E+000
8.10000000 6.10000000 9.35495627E+000
8.10000000 6.20000000 9.36771137E+000
8.10000000 6.30000000 9.38046647E+000
8.10000000 6.40000000 9.42602041E+000
8.10000000 6.50000000 9.51530612E+000
8.10000000 6.60000000 9.60459184E+000
8.10000000 6.70000000 9.69387755E+000
8.10000000 6.80000000 9.91435860E+000
8.10000000 6.90000000 1.01567055E+001
8.10000000 7.00000000 1.03990525E+001
8.10000000 7.10000000 1.07069971E+001
8.10000000 7.20000000 1.11789359E+001
8.10000000 7.30000000 1.16508746E+001
8.10000000 7.40000000 1.21228134E+001
8.10000000 7.50000000 1.28134111E+001
8.10000000 7.60000000 1.35914723E+001
8.10000000 7.70000000 1.43695335E+001
8.10000000 7.80000000 1.52022595E+001
8.10000000 7.90000000 1.63629738E+001
8.10000000 8.00000000 1.75236880E+001
8.10000000 8.10000000 1.86844023E+001
8.10000000 8.20000000 2.01075073E+001
8.10000000 8.30000000 2.17274052E+001
8.10000000 8.40000000 2.33473032E+001
8.10000000 8.50000000 2.49672012E+001
8.10000000 8.60000000 2.71228134E+001
8.10000000 8.70000000 2.92784257E+001
8.10000000 8.80000000 3.14340379E+001
8.10000000 8.90000000 3.38520408E+001
8.10000000 9.00000000 3.66198980E+001
8.10000000 9.10000000 3.93877551E+001
8.10000000 9.20000000 4.21556122E+001
8.10000000 9.30000000 4.55138484E+001
8.10000000 9.40000000 4.89704810E+001
8.10000000 9.50000000 5.24271137E+001
8.10000000 9.60000000 5.61024052E+001
8.10000000 9.70000000 6.03243440E+001
8.10000000 9.80000000 6.45462828E+001
8.10000000 9.90000000 6.87682216E+001
8.10000000 10.00000000 7.35914723E+001
8.10000000 10.10000000 7.86552478E+001
8.10000000 10.20000000 8.37190233E+001
8.10000000 10.30000000 8.89139942E+001
8.10000000 10.40000000 9.48961370E+001
8.10000000 10.50000000 1.00878280E+002
8.10000000 10.60000000 1.06860423E+002
8.10000000 10.70000000 1.13411079E+002
8.10000000 10.80000000 1.20388120E+002
8.10000000 10.90000000 1.27365160E+002
8.10000000 11.00000000 1.34342201E+002
8.20000000 1.00000000 -1.14234694E+002
8.20000000 1.10000000 -1.07257653E+002
8.20000000 1.20000000 -1.00280612E+002
8.20000000 1.30000000 -9.33035714E+001
8.20000000 1.40000000 -8.67529155E+001
8.20000000 1.50000000 -8.07707726E+001
8.20000000 1.60000000 -7.47886297E+001
8.20000000 1.70000000 -6.88064869E+001
8.20000000 1.80000000 -6.36115160E+001
8.20000000 1.90000000 -5.85477405E+001
8.20000000 2.00000000 -5.34839650E+001
8.20000000 2.10000000 -4.86607143E+001
8.20000000 2.20000000 -4.44387755E+001
8.20000000 2.30000000 -4.02168367E+001
8.20000000 2.40000000 -3.59948980E+001
8.20000000 2.50000000 -3.23196064E+001
8.20000000 2.60000000 -2.88629738E+001
8.20000000 2.70000000 -2.54063411E+001
8.20000000 2.80000000 -2.20481050E+001
8.20000000 2.90000000 -1.92802478E+001
8.20000000 3.00000000 -1.65123907E+001
8.20000000 3.10000000 -1.37445335E+001
8.20000000 3.20000000 -1.13265306E+001
8.20000000 3.30000000 -9.17091837E+000
8.20000000 3.40000000 -7.01530612E+000
8.20000000 3.50000000 -4.85969388E+000
8.20000000 3.60000000 -3.23979592E+000
8.20000000 3.70000000 -1.61989796E+000
8.20000000 3.80000000 5.76205750E-014
8.20000000 3.90000000 1.42310496E+000
8.20000000 4.00000000 2.58381924E+000
8.20000000 4.10000000 3.74453353E+000
8.20000000 4.20000000 4.90524781E+000
8.20000000 4.30000000 5.73797376E+000
8.20000000 4.40000000 6.51603499E+000
8.20000000 4.50000000 7.29409621E+000
8.20000000 4.60000000 7.98469388E+000
8.20000000 4.70000000 8.45663265E+000
8.20000000 4.80000000 8.92857143E+000
8.20000000 4.90000000 9.40051020E+000
8.20000000 5.00000000 9.70845481E+000
8.20000000 5.10000000 9.95080175E+000
8.20000000 5.20000000 1.01931487E+001
8.20000000 5.30000000 1.04136297E+001
8.20000000 5.40000000 1.05029155E+001
8.20000000 5.50000000 1.05922012E+001
8.20000000 5.60000000 1.06814869E+001
8.20000000 5.70000000 1.07270408E+001
8.20000000 5.80000000 1.07397959E+001
8.20000000 5.90000000 1.07525510E+001
8.20000000 6.00000000 1.07653061E+001
8.20000000 6.10000000 1.07780612E+001
8.20000000 6.20000000 1.07908163E+001
8.20000000 6.30000000 1.08035714E+001
8.20000000 6.40000000 1.08491254E+001
8.20000000 6.50000000 1.09384111E+001
8.20000000 6.60000000 1.10276968E+001
8.20000000 6.70000000 1.11169825E+001
8.20000000 6.80000000 1.13374636E+001
8.20000000 6.90000000 1.15798105E+001
8.20000000 7.00000000 1.18221574E+001
8.20000000 7.10000000 1.21301020E+001
8.20000000 7.20000000 1.26020408E+001
8.20000000 7.30000000 1.30739796E+001
8.20000000 7.40000000 1.35459184E+001
8.20000000 7.50000000 1.42365160E+001
8.20000000 7.60000000 1.50145773E+001
8.20000000 7.70000000 1.57926385E+001
8.20000000 7.80000000 1.66253644E+001
8.20000000 7.90000000 1.77860787E+001
8.20000000 8.00000000 1.89467930E+001
8.20000000 8.10000000 2.01075073E+001
8.20000000 8.20000000 2.15306122E+001
8.20000000 8.30000000 2.31505102E+001
8.20000000 8.40000000 2.47704082E+001
8.20000000 8.50000000 2.63903061E+001
8.20000000 8.60000000 2.85459184E+001
8.20000000 8.70000000 3.07015306E+001
8.20000000 8.80000000 3.28571429E+001
8.20000000 8.90000000 3.52751458E+001
8.20000000 9.00000000 3.80430029E+001
8.20000000 9.10000000 4.08108601E+001
8.20000000 9.20000000 4.35787172E+001
8.20000000 9.30000000 4.69369534E+001
8.20000000 9.40000000 5.03935860E+001
8.20000000 9.50000000 5.38502187E+001
8.20000000 9.60000000 5.75255102E+001
8.20000000 9.70000000 6.17474490E+001
8.20000000 9.80000000 6.59693878E+001
8.20000000 9.90000000 7.01913265E+001
8.20000000 10.00000000 7.50145773E+001
8.20000000 10.10000000 8.00783528E+001
8.20000000 10.20000000 8.51421283E+001
8.20000000 10.30000000 9.03370991E+001
8.20000000 10.40000000 9.63192420E+001
8.20000000 10.50000000 1.02301385E+002
8.20000000 10.60000000 1.08283528E+002
8.20000000 10.70000000 1.14834184E+002
8.20000000 10.80000000 1.21811224E+002
8.20000000 10.90000000 1.28788265E+002
8.20000000 11.00000000 1.35765306E+002
8.30000000 1.00000000 -1.12614796E+002
8.30000000 1.10000000 -1.05637755E+002
8.30000000 1.20000000 -9.86607143E+001
8.30000000 1.30000000 -9.16836735E+001
8.30000000 1.40000000 -8.51330175E+001
8.30000000 1.50000000 -7.91508746E+001
8.30000000 1.60000000 -7.31687318E+001
8.30000000 1.70000000 -6.71865889E+001
8.30000000 1.80000000 -6.19916181E+001
8.30000000 1.90000000 -5.69278426E+001
8.30000000 2.00000000 -5.18640671E+001
8.30000000 2.10000000 -4.70408163E+001
8.30000000 2.20000000 -4.28188776E+001
8.30000000 2.30000000 -3.85969388E+001
8.30000000 2.40000000 -3.43750000E+001
8.30000000 2.50000000 -3.06997085E+001
8.30000000 2.60000000 -2.72430758E+001
8.30000000 2.70000000 -2.37864431E+001
8.30000000 2.80000000 -2.04282070E+001
8.30000000 2.90000000 -1.76603499E+001
8.30000000 3.00000000 -1.48924927E+001
8.30000000 3.10000000 -1.21246356E+001
8.30000000 3.20000000 -9.70663265E+000
8.30000000 3.30000000 -7.55102041E+000
8.30000000 3.40000000 -5.39540816E+000
8.30000000 3.50000000 -3.23979592E+000
8.30000000 3.60000000 -1.61989796E+000
8.30000000 3.70000000 4.35207426E-014
8.30000000 3.80000000 1.61989796E+000
8.30000000 3.90000000 3.04300292E+000
8.30000000 4.00000000 4.20371720E+000
8.30000000 4.10000000 5.36443149E+000
8.30000000 4.20000000 6.52514577E+000
8.30000000 4.30000000 7.35787172E+000
8.30000000 4.40000000 8.13593294E+000
8.30000000 4.50000000 8.91399417E+000
8.30000000 4.60000000 9.60459184E+000
8.30000000 4.70000000 1.00765306E+001
8.30000000 4.80000000 1.05484694E+001
8.30000000 4.90000000 1.10204082E+001
8.30000000 5.00000000 1.13283528E+001
8.30000000 5.10000000 1.15706997E+001
8.30000000 5.20000000 1.18130466E+001
8.30000000 5.30000000 1.20335277E+001
8.30000000 5.40000000 1.21228134E+001
8.30000000 5.50000000 1.22120991E+001
8.30000000 5.60000000 1.23013848E+001
8.30000000 5.70000000 1.23469388E+001
8.30000000 5.80000000 1.23596939E+001
8.30000000 5.90000000 1.23724490E+001
8.30000000 6.00000000 1.23852041E+001
8.30000000 6.10000000 1.23979592E+001
8.30000000 6.20000000 1.24107143E+001
8.30000000 6.30000000 1.24234694E+001
8.30000000 6.40000000 1.24690233E+001
8.30000000 6.50000000 1.25583090E+001
8.30000000 6.60000000 1.26475948E+001
8.30000000 6.70000000 1.27368805E+001
8.30000000 6.80000000 1.29573615E+001
8.30000000 6.90000000 1.31997085E+001
8.30000000 7.00000000 1.34420554E+001
8.30000000 7.10000000 1.37500000E+001
8.30000000 7.20000000 1.42219388E+001
8.30000000 7.30000000 1.46938776E+001
8.30000000 7.40000000 1.51658163E+001
8.30000000 7.50000000 1.58564140E+001
8.30000000 7.60000000 1.66344752E+001
8.30000000 7.70000000 1.74125364E+001
8.30000000 7.80000000 1.82452624E+001
8.30000000 7.90000000 1.94059767E+001
8.30000000 8.00000000 2.05666910E+001
8.30000000 8.10000000 2.17274052E+001
8.30000000 8.20000000 2.31505102E+001
8.30000000 8.30000000 2.47704082E+001
8.30000000 8.40000000 2.63903061E+001
8.30000000 8.50000000 2.80102041E+001
8.30000000 8.60000000 3.01658163E+001
8.30000000 8.70000000 3.23214286E+001
8.30000000 8.80000000 3.44770408E+001
8.30000000 8.90000000 3.68950437E+001
8.30000000 9.00000000 3.96629009E+001
8.30000000 9.10000000 4.24307580E+001
8.30000000 9.20000000 4.51986152E+001
8.30000000 9.30000000 4.85568513E+001
8.30000000 9.40000000 5.20134840E+001
8.30000000 9.50000000 5.54701166E+001
8.30000000 9.60000000 5.91454082E+001
8.30000000 9.70000000 6.33673469E+001
8.30000000 9.80000000 6.75892857E+001
8.30000000 9.90000000 7.18112245E+001
8.30000000 10.00000000 7.66344752E+001
8.30000000 10.10000000 8.16982507E+001
8.30000000 10.20000000 8.67620262E+001
8.30000000 10.30000000 9.19569971E+001
8.30000000 10.40000000 9.79391399E+001
8.30000000 10.50000000 1.03921283E+002
8.30000000 10.60000000 1.09903426E+002
8.30000000 10.70000000 1.16454082E+002
8.30000000 10.80000000 1.23431122E+002
8.30000000 10.90000000 1.30408163E+002
8.30000000 11.00000000 1.37385204E+002
8.40000000 1.00000000 -1.10994898E+002
8.40000000 1.10000000 -1.04017857E+002
8.40000000 1.20000000 -9.70408163E+001
8.40000000 1.30000000 -9.00637755E+001
8.40000000 1.40000000 -8.35131195E+001
8.40000000 1.50000000 -7.75309767E+001
8.40000000 1.60000000 -7.15488338E+001
8.40000000 1.70000000 -6.55666910E+001
8.40000000 1.80000000 -6.03717201E+001
8.40000000 1.90000000 -5.53079446E+001
8.40000000 2.00000000 -5.02441691E+001
8.40000000 2.10000000 -4.54209184E+001
8.40000000 2.20000000 -4.11989796E+001
8.40000000 2.30000000 -3.69770408E+001
8.40000000 2.40000000 -3.27551020E+001
8.40000000 2.50000000 -2.90798105E+001
8.40000000 2.60000000 -2.56231778E+001
8.40000000 2.70000000 -2.21665452E+001
8.40000000 2.80000000 -1.88083090E+001
8.40000000 2.90000000 -1.60404519E+001
8.40000000 3.00000000 -1.32725948E+001
8.40000000 3.10000000 -1.05047376E+001
8.40000000 3.20000000 -8.08673469E+000
8.40000000 3.30000000 -5.93112245E+000
8.40000000 3.40000000 -3.77551020E+000
8.40000000 3.50000000 -1.61989796E+000
8.40000000 3.60000000 7.19424520E-014
8.40000000 3.70000000 1.61989796E+000
8.40000000 3.80000000 3.23979592E+000
8.40000000 3.90000000 4.66290087E+000
8.40000000 4.00000000 5.82361516E+000
8.40000000 4.10000000 6.98432945E+000
8.40000000 4.20000000 8.14504373E+000
8.40000000 4.30000000 8.97776968E+000
8.40000000 4.40000000 9.75583090E+000
8.40000000 4.50000000 1.05338921E+001
8.40000000 4.60000000 1.12244898E+001
8.40000000 4.70000000 1.16964286E+001
8.40000000 4.80000000 1.21683673E+001
8.40000000 4.90000000 1.26403061E+001
8.40000000 5.00000000 1.29482507E+001
8.40000000 5.10000000 1.31905977E+001
8.40000000 5.20000000 1.34329446E+001
8.40000000 5.30000000 1.36534257E+001
8.40000000 5.40000000 1.37427114E+001
8.40000000 5.50000000 1.38319971E+001
8.40000000 5.60000000 1.39212828E+001
8.40000000 5.70000000 1.39668367E+001
8.40000000 5.80000000 1.39795918E+001
8.40000000 5.90000000 1.39923469E+001
8.40000000 6.00000000 1.40051020E+001
8.40000000 6.10000000 1.40178571E+001
8.40000000 6.20000000 1.40306122E+001
8.40000000 6.30000000 1.40433673E+001
8.40000000 6.40000000 1.40889213E+001
8.40000000 6.50000000 1.41782070E+001
8.40000000 6.60000000 1.42674927E+001
8.40000000 6.70000000 1.43567784E+001
8.40000000 6.80000000 1.45772595E+001
8.40000000 6.90000000 1.48196064E+001
8.40000000 7.00000000 1.50619534E+001
8.40000000 7.10000000 1.53698980E+001
8.40000000 7.20000000 1.58418367E+001
8.40000000 7.30000000 1.63137755E+001
8.40000000 7.40000000 1.67857143E+001
8.40000000 7.50000000 1.74763120E+001
8.40000000 7.60000000 1.82543732E+001
8.40000000 7.70000000 1.90324344E+001
8.40000000 7.80000000 1.98651603E+001
8.40000000 7.90000000 2.10258746E+001
8.40000000 8.00000000 2.21865889E+001
8.40000000 8.10000000 2.33473032E+001
8.40000000 8.20000000 2.47704082E+001
8.40000000 8.30000000 2.63903061E+001
8.40000000 8.40000000 2.80102041E+001
8.40000000 8.50000000 2.96301020E+001
8.40000000 8.60000000 3.17857143E+001
8.40000000 8.70000000 3.39413265E+001
8.40000000 8.80000000 3.60969388E+001
8.40000000 8.90000000 3.85149417E+001
8.40000000 9.00000000 4.12827988E+001
8.40000000 9.10000000 4.40506560E+001
8.40000000 9.20000000 4.68185131E+001
8.40000000 9.30000000 5.01767493E+001
8.40000000 9.40000000 5.36333819E+001
8.40000000 9.50000000 5.70900146E+001
8.40000000 9.60000000 6.07653061E+001
8.40000000 9.70000000 6.49872449E+001
8.40000000 9.80000000 6.92091837E+001
8.40000000 9.90000000 7.34311224E+001
8.40000000 10.00000000 7.82543732E+001
8.40000000 10.10000000 8.33181487E+001
8.40000000 10.20000000 8.83819242E+001
8.40000000 10.30000000 9.35768950E+001
8.40000000 10.40000000 9.95590379E+001
8.40000000 10.50000000 1.05541181E+002
8.40000000 10.60000000 1.11523324E+002
8.40000000 10.70000000 1.18073980E+002
8.40000000 10.80000000 1.25051020E+002
8.40000000 10.90000000 1.32028061E+002
8.40000000 11.00000000 1.39005102E+002
8.50000000 1.00000000 -1.09375000E+002
8.50000000 1.10000000 -1.02397959E+002
8.50000000 1.20000000 -9.54209184E+001
8.50000000 1.30000000 -8.84438776E+001
8.50000000 1.40000000 -8.18932216E+001
8.50000000 1.50000000 -7.59110787E+001
8.50000000 1.60000000 -6.99289359E+001
8.50000000 1.70000000 -6.39467930E+001
8.50000000 1.80000000 -5.87518222E+001
8.50000000 1.90000000 -5.36880466E+001
8.50000000 2.00000000 -4.86242711E+001
8.50000000 2.10000000 -4.38010204E+001
8.50000000 2.20000000 -3.95790816E+001
8.50000000 2.30000000 -3.53571429E+001
8.50000000 2.40000000 -3.11352041E+001
8.50000000 2.50000000 -2.74599125E+001
8.50000000 2.60000000 -2.40032799E+001
8.50000000 2.70000000 -2.05466472E+001
8.50000000 2.80000000 -1.71884111E+001
8.50000000 2.90000000 -1.44205539E+001
8.50000000 3.00000000 -1.16526968E+001
8.50000000 3.10000000 -8.88483965E+000
8.50000000 3.20000000 -6.46683673E+000
8.50000000 3.30000000 -4.31122449E+000
8.50000000 3.40000000 -2.15561224E+000
8.50000000 3.50000000 3.82913655E-014
8.50000000 3.60000000 1.61989796E+000
8.50000000 3.70000000 3.23979592E+000
8.50000000 3.80000000 4.85969388E+000
8.50000000 3.90000000 6.28279883E+000
8.50000000 4.00000000 7.44351312E+000
8.50000000 4.10000000 8.60422741E+000
8.50000000 4.20000000 9.76494169E+000
8.50000000 4.30000000 1.05976676E+001
8.50000000 4.40000000 1.13757289E+001
8.50000000 4.50000000 1.21537901E+001
8.50000000 4.60000000 1.28443878E+001
8.50000000 4.70000000 1.33163265E+001
8.50000000 4.80000000 1.37882653E+001
8.50000000 4.90000000 1.42602041E+001
8.50000000 5.00000000 1.45681487E+001
8.50000000 5.10000000 1.48104956E+001
8.50000000 5.20000000 1.50528426E+001
8.50000000 5.30000000 1.52733236E+001
8.50000000 5.40000000 1.53626093E+001
8.50000000 5.50000000 1.54518950E+001
8.50000000 5.60000000 1.55411808E+001
8.50000000 5.70000000 1.55867347E+001
8.50000000 5.80000000 1.55994898E+001
8.50000000 5.90000000 1.56122449E+001
8.50000000 6.00000000 1.56250000E+001
8.50000000 6.10000000 1.56377551E+001
8.50000000 6.20000000 1.56505102E+001
8.50000000 6.30000000 1.56632653E+001
8.50000000 6.40000000 1.57088192E+001
8.50000000 6.50000000 1.57981050E+001
8.50000000 6.60000000 1.58873907E+001
8.50000000 6.70000000 1.59766764E+001
8.50000000 6.80000000 1.61971574E+001
8.50000000 6.90000000 1.64395044E+001
8.50000000 7.00000000 1.66818513E+001
8.50000000 7.10000000 1.69897959E+001
8.50000000 7.20000000 1.74617347E+001
8.50000000 7.30000000 1.79336735E+001
8.50000000 7.40000000 1.84056122E+001
8.50000000 7.50000000 1.90962099E+001
8.50000000 7.60000000 1.98742711E+001
8.50000000 7.70000000 2.06523324E+001
8.50000000 7.80000000 2.14850583E+001
8.50000000 7.90000000 2.26457726E+001
8.50000000 8.00000000 2.38064869E+001
8.50000000 8.10000000 2.49672012E+001
8.50000000 8.20000000 2.63903061E+001
8.50000000 8.30000000 2.80102041E+001
8.50000000 8.40000000 2.96301020E+001
8.50000000 8.50000000 3.12500000E+001
8.50000000 8.60000000 3.34056122E+001
8.50000000 8.70000000 3.55612245E+001
8.50000000 8.80000000 3.77168367E+001
8.50000000 8.90000000 4.01348397E+001
8.50000000 9.00000000 4.29026968E+001
8.50000000 9.10000000 4.56705539E+001
8.50000000 9.20000000 4.84384111E+001
8.50000000 9.30000000 5.17966472E+001
8.50000000 9.40000000 5.52532799E+001
8.50000000 9.50000000 5.87099125E+001
8.50000000 9.60000000 6.23852041E+001
8.50000000 9.70000000 6.66071429E+001
8.50000000 9.80000000 7.08290816E+001
8.50000000 9.90000000 7.50510204E+001
8.50000000 10.00000000 7.98742711E+001
8.50000000 10.10000000 8.49380466E+001
8.50000000 10.20000000 9.00018222E+001
8.50000000 10.30000000 9.51967930E+001
8.50000000 10.40000000 1.01178936E+002
8.50000000 10.50000000 1.07161079E+002
8.50000000 10.60000000 1.13143222E+002
8.50000000 10.70000000 1.19693878E+002
8.50000000 10.80000000 1.26670918E+002
8.50000000 10.90000000 1.33647959E+002
8.50000000 11.00000000 1.40625000E+002
8.60000000 1.00000000 -1.07219388E+002
8.60000000 1.10000000 -1.00242347E+002
8.60000000 1.20000000 -9.32653061E+001
8.60000000 1.30000000 -8.62882653E+001
8.60000000 1.40000000 -7.97376093E+001
8.60000000 1.50000000 -7.37554665E+001
8.60000000 1.60000000 -6.77733236E+001
8.60000000 1.70000000 -6.17911808E+001
8.60000000 1.80000000 -5.65962099E+001
8.60000000 1.90000000 -5.15324344E+001
8.60000000 2.00000000 -4.64686589E+001
8.60000000 2.10000000 -4.16454082E+001
8.60000000 2.20000000 -3.74234694E+001
8.60000000 2.30000000 -3.32015306E+001
8.60000000 2.40000000 -2.89795918E+001
8.60000000 2.50000000 -2.53043003E+001
8.60000000 2.60000000 -2.18476676E+001
8.60000000 2.70000000 -1.83910350E+001
8.60000000 2.80000000 -1.50327988E+001
8.60000000 2.90000000 -1.22649417E+001
8.60000000 3.00000000 -9.49708455E+000
8.60000000 3.10000000 -6.72922741E+000
8.60000000 3.20000000 -4.31122449E+000
8.60000000 3.30000000 -2.15561224E+000
8.60000000 3.40000000 7.68274333E-014
8.60000000 3.50000000 2.15561224E+000
8.60000000 3.60000000 3.77551020E+000
8.60000000 3.70000000 5.39540816E+000
8.60000000 3.80000000 7.01530612E+000
8.60000000 3.90000000 8.43841108E+000
8.60000000 4.00000000 9.59912536E+000
8.60000000 4.10000000 1.07598397E+001
8.60000000 4.20000000 1.19205539E+001
8.60000000 4.30000000 1.27532799E+001
8.60000000 4.40000000 1.35313411E+001
8.60000000 4.50000000 1.43094023E+001
8.60000000 4.60000000 1.50000000E+001
8.60000000 4.70000000 1.54719388E+001
8.60000000 4.80000000 1.59438776E+001
8.60000000 4.90000000 1.64158163E+001
8.60000000 5.00000000 1.67237609E+001
8.60000000 5.10000000 1.69661079E+001
8.60000000 5.20000000 1.72084548E+001
8.60000000 5.30000000 1.74289359E+001
8.60000000 5.40000000 1.75182216E+001
8.60000000 5.50000000 1.76075073E+001
8.60000000 5.60000000 1.76967930E+001
8.60000000 5.70000000 1.77423469E+001
8.60000000 5.80000000 1.77551020E+001
8.60000000 5.90000000 1.77678571E+001
8.60000000 6.00000000 1.77806122E+001
8.60000000 6.10000000 1.77933673E+001
8.60000000 6.20000000 1.78061224E+001
8.60000000 6.30000000 1.78188776E+001
8.60000000 6.40000000 1.78644315E+001
8.60000000 6.50000000 1.79537172E+001
8.60000000 6.60000000 1.80430029E+001
8.60000000 6.70000000 1.81322886E+001
8.60000000 6.80000000 1.83527697E+001
8.60000000 6.90000000 1.85951166E+001
8.60000000 7.00000000 1.88374636E+001
8.60000000 7.10000000 1.91454082E+001
8.60000000 7.20000000 1.96173469E+001
8.60000000 7.30000000 2.00892857E+001
8.60000000 7.40000000 2.05612245E+001
8.60000000 7.50000000 2.12518222E+001
8.60000000 7.60000000 2.20298834E+001
8.60000000 7.70000000 2.28079446E+001
8.60000000 7.80000000 2.36406706E+001
8.60000000 7.90000000 2.48013848E+001
8.60000000 8.00000000 2.59620991E+001
8.60000000 8.10000000 2.71228134E+001
8.60000000 8.20000000 2.85459184E+001
8.60000000 8.30000000 3.01658163E+001
8.60000000 8.40000000 3.17857143E+001
8.60000000 8.50000000 3.34056122E+001
8.60000000 8.60000000 3.55612245E+001
8.60000000 8.70000000 3.77168367E+001
8.60000000 8.80000000 3.98724490E+001
8.60000000 8.90000000 4.22904519E+001
8.60000000 9.00000000 4.50583090E+001
8.60000000 9.10000000 4.78261662E+001
8.60000000 9.20000000 5.05940233E+001
8.60000000 9.30000000 5.39522595E+001
8.60000000 9.40000000 5.74088921E+001
8.60000000 9.50000000 6.08655248E+001
8.60000000 9.60000000 6.45408163E+001
8.60000000 9.70000000 6.87627551E+001
8.60000000 9.80000000 7.29846939E+001
8.60000000 9.90000000 7.72066327E+001
8.60000000 10.00000000 8.20298834E+001
8.60000000 10.10000000 8.70936589E+001
8.60000000 10.20000000 9.21574344E+001
8.60000000 10.30000000 9.73524052E+001
8.60000000 10.40000000 1.03334548E+002
8.60000000 10.50000000 1.09316691E+002
8.60000000 10.60000000 1.15298834E+002
8.60000000 10.70000000 1.21849490E+002
8.60000000 10.80000000 1.28826531E+002
8.60000000 10.90000000 1.35803571E+002
8.60000000 11.00000000 1.42780612E+002
8.70000000 1.00000000 -1.05063776E+002
8.70000000 1.10000000 -9.80867347E+001
8.70000000 1.20000000 -9.11096939E+001
8.70000000 1.30000000 -8.41326531E+001
8.70000000 1.40000000 -7.75819971E+001
8.70000000 1.50000000 -7.15998542E+001
8.70000000 1.60000000 -6.56177114E+001
8.70000000 1.70000000 -5.96355685E+001
8.70000000 1.80000000 -5.44405977E+001
8.70000000 1.90000000 -4.93768222E+001
8.70000000 2.00000000 -4.43130466E+001
8.70000000 2.10000000 -3.94897959E+001
8.70000000 2.20000000 -3.52678571E+001
8.70000000 2.30000000 -3.10459184E+001
8.70000000 2.40000000 -2.68239796E+001
8.70000000 2.50000000 -2.31486880E+001
8.70000000 2.60000000 -1.96920554E+001
8.70000000 2.70000000 -1.62354227E+001
8.70000000 2.80000000 -1.28771866E+001
8.70000000 2.90000000 -1.01093294E+001
8.70000000 3.00000000 -7.34147230E+000
8.70000000 3.10000000 -4.57361516E+000
8.70000000 3.20000000 -2.15561224E+000
8.70000000 3.30000000 1.15463195E-013
8.70000000 3.40000000 2.15561224E+000
8.70000000 3.50000000 4.31122449E+000
8.70000000 3.60000000 5.93112245E+000
8.70000000 3.70000000 7.55102041E+000
8.70000000 3.80000000 9.17091837E+000
8.70000000 3.90000000 1.05940233E+001
8.70000000 4.00000000 1.17547376E+001
8.70000000 4.10000000 1.29154519E+001
8.70000000 4.20000000 1.40761662E+001
8.70000000 4.30000000 1.49088921E+001
8.70000000 4.40000000 1.56869534E+001
8.70000000 4.50000000 1.64650146E+001
8.70000000 4.60000000 1.71556122E+001
8.70000000 4.70000000 1.76275510E+001
8.70000000 4.80000000 1.80994898E+001
8.70000000 4.90000000 1.85714286E+001
8.70000000 5.00000000 1.88793732E+001
8.70000000 5.10000000 1.91217201E+001
8.70000000 5.20000000 1.93640671E+001
8.70000000 5.30000000 1.95845481E+001
8.70000000 5.40000000 1.96738338E+001
8.70000000 5.50000000 1.97631195E+001
8.70000000 5.60000000 1.98524052E+001
8.70000000 5.70000000 1.98979592E+001
8.70000000 5.80000000 1.99107143E+001
8.70000000 5.90000000 1.99234694E+001
8.70000000 6.00000000 1.99362245E+001
8.70000000 6.10000000 1.99489796E+001
8.70000000 6.20000000 1.99617347E+001
8.70000000 6.30000000 1.99744898E+001
8.70000000 6.40000000 2.00200437E+001
8.70000000 6.50000000 2.01093294E+001
8.70000000 6.60000000 2.01986152E+001
8.70000000 6.70000000 2.02879009E+001
8.70000000 6.80000000 2.05083819E+001
8.70000000 6.90000000 2.07507289E+001
8.70000000 7.00000000 2.09930758E+001
8.70000000 7.10000000 2.13010204E+001
8.70000000 7.20000000 2.17729592E+001
8.70000000 7.30000000 2.22448980E+001
8.70000000 7.40000000 2.27168367E+001
8.70000000 7.50000000 2.34074344E+001
8.70000000 7.60000000 2.41854956E+001
8.70000000 7.70000000 2.49635569E+001
8.70000000 7.80000000 2.57962828E+001
8.70000000 7.90000000 2.69569971E+001
8.70000000 8.00000000 2.81177114E+001
8.70000000 8.10000000 2.92784257E+001
8.70000000 8.20000000 3.07015306E+001
8.70000000 8.30000000 3.23214286E+001
8.70000000 8.40000000 3.39413265E+001
8.70000000 8.50000000 3.55612245E+001
8.70000000 8.60000000 3.77168367E+001
8.70000000 8.70000000 3.98724490E+001
8.70000000 8.80000000 4.20280612E+001
8.70000000 8.90000000 4.44460641E+001
8.70000000 9.00000000 4.72139213E+001
8.70000000 9.10000000 4.99817784E+001
8.70000000 9.20000000 5.27496356E+001
8.70000000 9.30000000 5.61078717E+001
8.70000000 9.40000000 5.95645044E+001
8.70000000 9.50000000 6.30211370E+001
8.70000000 9.60000000 6.66964286E+001
8.70000000 9.70000000 7.09183673E+001
8.70000000 9.80000000 7.51403061E+001
8.70000000 9.90000000 7.93622449E+001
8.70000000 10.00000000 8.41854956E+001
8.70000000 10.10000000 8.92492711E+001
8.70000000 10.20000000 9.43130466E+001
8.70000000 10.30000000 9.95080175E+001
8.70000000 10.40000000 1.05490160E+002
8.70000000 10.50000000 1.11472303E+002
8.70000000 10.60000000 1.17454446E+002
8.70000000 10.70000000 1.24005102E+002
8.70000000 10.80000000 1.30982143E+002
8.70000000 10.90000000 1.37959184E+002
8.70000000 11.00000000 1.44936224E+002
8.80000000 1.00000000 -1.02908163E+002
8.80000000 1.10000000 -9.59311224E+001
8.80000000 1.20000000 -8.89540816E+001
8.80000000 1.30000000 -8.19770408E+001
8.80000000 1.40000000 -7.54263848E+001
8.80000000 1.50000000 -6.94442420E+001
8.80000000 1.60000000 -6.34620991E+001
8.80000000 1.70000000 -5.74799563E+001
8.80000000 1.80000000 -5.22849854E+001
8.80000000 1.90000000 -4.72212099E+001
8.80000000 2.00000000 -4.21574344E+001
8.80000000 2.10000000 -3.73341837E+001
8.80000000 2.20000000 -3.31122449E+001
8.80000000 2.30000000 -2.88903061E+001
8.80000000 2.40000000 -2.46683673E+001
8.80000000 2.50000000 -2.09930758E+001
8.80000000 2.60000000 -1.75364431E+001
8.80000000 2.70000000 -1.40798105E+001
8.80000000 2.80000000 -1.07215743E+001
8.80000000 2.90000000 -7.95371720E+000
8.80000000 3.00000000 -5.18586006E+000
8.80000000 3.10000000 -2.41800292E+000
8.80000000 3.20000000 4.86277685E-014
8.80000000 3.30000000 2.15561224E+000
8.80000000 3.40000000 4.31122449E+000
8.80000000 3.50000000 6.46683673E+000
8.80000000 3.60000000 8.08673469E+000
8.80000000 3.70000000 9.70663265E+000
8.80000000 3.80000000 1.13265306E+001
8.80000000 3.90000000 1.27496356E+001
8.80000000 4.00000000 1.39103499E+001
8.80000000 4.10000000 1.50710641E+001
8.80000000 4.20000000 1.62317784E+001
8.80000000 4.30000000 1.70645044E+001
8.80000000 4.40000000 1.78425656E+001
8.80000000 4.50000000 1.86206268E+001
8.80000000 4.60000000 1.93112245E+001
8.80000000 4.70000000 1.97831633E+001
8.80000000 4.80000000 2.02551020E+001
8.80000000 4.90000000 2.07270408E+001
8.80000000 5.00000000 2.10349854E+001
8.80000000 5.10000000 2.12773324E+001
8.80000000 5.20000000 2.15196793E+001
8.80000000 5.30000000 2.17401603E+001
8.80000000 5.40000000 2.18294461E+001
8.80000000 5.50000000 2.19187318E+001
8.80000000 5.60000000 2.20080175E+001
8.80000000 5.70000000 2.20535714E+001
8.80000000 5.80000000 2.20663265E+001
8.80000000 5.90000000 2.20790816E+001
8.80000000 6.00000000 2.20918367E+001
8.80000000 6.10000000 2.21045918E+001
8.80000000 6.20000000 2.21173469E+001
8.80000000 6.30000000 2.21301020E+001
8.80000000 6.40000000 2.21756560E+001
8.80000000 6.50000000 2.22649417E+001
8.80000000 6.60000000 2.23542274E+001
8.80000000 6.70000000 2.24435131E+001
8.80000000 6.80000000 2.26639942E+001
8.80000000 6.90000000 2.29063411E+001
8.80000000 7.00000000 2.31486880E+001
8.80000000 7.10000000 2.34566327E+001
8.80000000 7.20000000 2.39285714E+001
8.80000000 7.30000000 2.44005102E+001
8.80000000 7.40000000 2.48724490E+001
8.80000000 7.50000000 2.55630466E+001
8.80000000 7.60000000 2.63411079E+001
8.80000000 7.70000000 2.71191691E+001
8.80000000 7.80000000 2.79518950E+001
8.80000000 7.90000000 2.91126093E+001
8.80000000 8.00000000 3.02733236E+001
8.80000000 8.10000000 3.14340379E+001
8.80000000 8.20000000 3.28571429E+001
8.80000000 8.30000000 3.44770408E+001
8.80000000 8.40000000 3.60969388E+001
8.80000000 8.50000000 3.77168367E+001
8.80000000 8.60000000 3.98724490E+001
8.80000000 8.70000000 4.20280612E+001
8.80000000 8.80000000 4.41836735E+001
8.80000000 8.90000000 4.66016764E+001
8.80000000 9.00000000 4.93695335E+001
8.80000000 9.10000000 5.21373907E+001
8.80000000 9.20000000 5.49052478E+001
8.80000000 9.30000000 5.82634840E+001
8.80000000 9.40000000 6.17201166E+001
8.80000000 9.50000000 6.51767493E+001
8.80000000 9.60000000 6.88520408E+001
8.80000000 9.70000000 7.30739796E+001
8.80000000 9.80000000 7.72959184E+001
8.80000000 9.90000000 8.15178571E+001
8.80000000 10.00000000 8.63411079E+001
8.80000000 10.10000000 9.14048834E+001
8.80000000 10.20000000 9.64686589E+001
8.80000000 10.30000000 1.01663630E+002
8.80000000 10.40000000 1.07645773E+002
8.80000000 10.50000000 1.13627915E+002
8.80000000 10.60000000 1.19610058E+002
8.80000000 10.70000000 1.26160714E+002
8.80000000 10.80000000 1.33137755E+002
8.80000000 10.90000000 1.40114796E+002
8.80000000 11.00000000 1.47091837E+002
8.90000000 1.00000000 -1.00490160E+002
8.90000000 1.10000000 -9.35131195E+001
8.90000000 1.20000000 -8.65360787E+001
8.90000000 1.30000000 -7.95590379E+001
8.90000000 1.40000000 -7.30083819E+001
8.90000000 1.50000000 -6.70262391E+001
8.90000000 1.60000000 -6.10440962E+001
8.90000000 1.70000000 -5.50619534E+001
8.90000000 1.80000000 -4.98669825E+001
8.90000000 1.90000000 -4.48032070E+001
8.90000000 2.00000000 -3.97394315E+001
8.90000000 2.10000000 -3.49161808E+001
8.90000000 2.20000000 -3.06942420E+001
8.90000000 2.30000000 -2.64723032E+001
8.90000000 2.40000000 -2.22503644E+001
8.90000000 2.50000000 -1.85750729E+001
8.90000000 2.60000000 -1.51184402E+001
8.90000000 2.70000000 -1.16618076E+001
8.90000000 2.80000000 -8.30357143E+000
8.90000000 2.90000000 -5.53571429E+000
8.90000000 3.00000000 -2.76785714E+000
8.90000000 3.10000000 1.46549439E-013
8.90000000 3.20000000 2.41800292E+000
8.90000000 3.30000000 4.57361516E+000
8.90000000 3.40000000 6.72922741E+000
8.90000000 3.50000000 8.88483965E+000
8.90000000 3.60000000 1.05047376E+001
8.90000000 3.70000000 1.21246356E+001
8.90000000 3.80000000 1.37445335E+001
8.90000000 3.90000000 1.51676385E+001
8.90000000 4.00000000 1.63283528E+001
8.90000000 4.10000000 1.74890671E+001
8.90000000 4.20000000 1.86497813E+001
8.90000000 4.30000000 1.94825073E+001
8.90000000 4.40000000 2.02605685E+001
8.90000000 4.50000000 2.10386297E+001
8.90000000 4.60000000 2.17292274E+001
8.90000000 4.70000000 2.22011662E+001
8.90000000 4.80000000 2.26731050E+001
8.90000000 4.90000000 2.31450437E+001
8.90000000 5.00000000 2.34529883E+001
8.90000000 5.10000000 2.36953353E+001
8.90000000 5.20000000 2.39376822E+001
8.90000000 5.30000000 2.41581633E+001
8.90000000 5.40000000 2.42474490E+001
8.90000000 5.50000000 2.43367347E+001
8.90000000 5.60000000 2.44260204E+001
8.90000000 5.70000000 2.44715743E+001
8.90000000 5.80000000 2.44843294E+001
8.90000000 5.90000000 2.44970845E+001
8.90000000 6.00000000 2.45098397E+001
8.90000000 6.10000000 2.45225948E+001
8.90000000 6.20000000 2.45353499E+001
8.90000000 6.30000000 2.45481050E+001
8.90000000 6.40000000 2.45936589E+001
8.90000000 6.50000000 2.46829446E+001
8.90000000 6.60000000 2.47722303E+001
8.90000000 6.70000000 2.48615160E+001
8.90000000 6.80000000 2.50819971E+001
8.90000000 6.90000000 2.53243440E+001
8.90000000 7.00000000 2.55666910E+001
8.90000000 7.10000000 2.58746356E+001
8.90000000 7.20000000 2.63465743E+001
8.90000000 7.30000000 2.68185131E+001
8.90000000 7.40000000 2.72904519E+001
8.90000000 7.50000000 2.79810496E+001
8.90000000 7.60000000 2.87591108E+001
8.90000000 7.70000000 2.95371720E+001
8.90000000 7.80000000 3.03698980E+001
8.90000000 7.90000000 3.15306122E+001
8.90000000 8.00000000 3.26913265E+001
8.90000000 8.10000000 3.38520408E+001
8.90000000 8.20000000 3.52751458E+001
8.90000000 8.30000000 3.68950437E+001
8.90000000 8.40000000 3.85149417E+001
8.90000000 8.50000000 4.01348397E+001
8.90000000 8.60000000 4.22904519E+001
8.90000000 8.70000000 4.44460641E+001
8.90000000 8.80000000 4.66016764E+001
8.90000000 8.90000000 4.90196793E+001
8.90000000 9.00000000 5.17875364E+001
8.90000000 9.10000000 5.45553936E+001
8.90000000 9.20000000 5.73232507E+001
8.90000000 9.30000000 6.06814869E+001
8.90000000 9.40000000 6.41381195E+001
8.90000000 9.50000000 6.75947522E+001
8.90000000 9.60000000 7.12700437E+001
8.90000000 9.70000000 7.54919825E+001
8.90000000 9.80000000 7.97139213E+001
8.90000000 9.90000000 8.39358601E+001
8.90000000 10.00000000 8.87591108E+001
8.90000000 10.10000000 9.38228863E+001
8.90000000 10.20000000 9.88866618E+001
8.90000000 10.30000000 1.04081633E+002
8.90000000 10.40000000 1.10063776E+002
8.90000000 10.50000000 1.16045918E+002
8.90000000 10.60000000 1.22028061E+002
8.90000000 10.70000000 1.28578717E+002
8.90000000 10.80000000 1.35555758E+002
8.90000000 10.90000000 1.42532799E+002
8.90000000 11.00000000 1.49509840E+002
9.00000000 1.00000000 -9.77223032E+001
9.00000000 1.10000000 -9.07452624E+001
9.00000000 1.20000000 -8.37682216E+001
9.00000000 1.30000000 -7.67911808E+001
9.00000000 1.40000000 -7.02405248E+001
9.00000000 1.50000000 -6.42583819E+001
9.00000000 1.60000000 -5.82762391E+001
9.00000000 1.70000000 -5.22940962E+001
9.00000000 1.80000000 -4.70991254E+001
9.00000000 1.90000000 -4.20353499E+001
9.00000000 2.00000000 -3.69715743E+001
9.00000000 2.10000000 -3.21483236E+001
9.00000000 2.20000000 -2.79263848E+001
9.00000000 2.30000000 -2.37044461E+001
9.00000000 2.40000000 -1.94825073E+001
9.00000000 2.50000000 -1.58072157E+001
9.00000000 2.60000000 -1.23505831E+001
9.00000000 2.70000000 -8.89395044E+000
9.00000000 2.80000000 -5.53571429E+000
9.00000000 2.90000000 -2.76785714E+000
9.00000000 3.00000000 1.47437618E-013
9.00000000 3.10000000 2.76785714E+000
9.00000000 3.20000000 5.18586006E+000
9.00000000 3.30000000 7.34147230E+000
9.00000000 3.40000000 9.49708455E+000
9.00000000 3.50000000 1.16526968E+001
9.00000000 3.60000000 1.32725948E+001
9.00000000 3.70000000 1.48924927E+001
9.00000000 3.80000000 1.65123907E+001
9.00000000 3.90000000 1.79354956E+001
9.00000000 4.00000000 1.90962099E+001
9.00000000 4.10000000 2.02569242E+001
9.00000000 4.20000000 2.14176385E+001
9.00000000 4.30000000 2.22503644E+001
9.00000000 4.40000000 2.30284257E+001
9.00000000 4.50000000 2.38064869E+001
9.00000000 4.60000000 2.44970845E+001
9.00000000 4.70000000 2.49690233E+001
9.00000000 4.80000000 2.54409621E+001
9.00000000 4.90000000 2.59129009E+001
9.00000000 5.00000000 2.62208455E+001
9.00000000 5.10000000 2.64631924E+001
9.00000000 5.20000000 2.67055394E+001
9.00000000 5.30000000 2.69260204E+001
9.00000000 5.40000000 2.70153061E+001
9.00000000 5.50000000 2.71045918E+001
9.00000000 5.60000000 2.71938776E+001
9.00000000 5.70000000 2.72394315E+001
9.00000000 5.80000000 2.72521866E+001
9.00000000 5.90000000 2.72649417E+001
9.00000000 6.00000000 2.72776968E+001
9.00000000 6.10000000 2.72904519E+001
9.00000000 6.20000000 2.73032070E+001
9.00000000 6.30000000 2.73159621E+001
9.00000000 6.40000000 2.73615160E+001
9.00000000 6.50000000 2.74508017E+001
9.00000000 6.60000000 2.75400875E+001
9.00000000 6.70000000 2.76293732E+001
9.00000000 6.80000000 2.78498542E+001
9.00000000 6.90000000 2.80922012E+001
9.00000000 7.00000000 2.83345481E+001
9.00000000 7.10000000 2.86424927E+001
9.00000000 7.20000000 2.91144315E+001
9.00000000 7.30000000 2.95863703E+001
9.00000000 7.40000000 3.00583090E+001
9.00000000 7.50000000 3.07489067E+001
9.00000000 7.60000000 3.15269679E+001
9.00000000 7.70000000 3.23050292E+001
9.00000000 7.80000000 3.31377551E+001
9.00000000 7.90000000 3.42984694E+001
9.00000000 8.00000000 3.54591837E+001
9.00000000 8.10000000 3.66198980E+001
9.00000000 8.20000000 3.80430029E+001
9.00000000 8.30000000 3.96629009E+001
9.00000000 8.40000000 4.12827988E+001
9.00000000 8.50000000 4.29026968E+001
9.00000000 8.60000000 4.50583090E+001
9.00000000 8.70000000 4.72139213E+001
9.00000000 8.80000000 4.93695335E+001
9.00000000 8.90000000 5.17875364E+001
9.00000000 9.00000000 5.45553936E+001
9.00000000 9.10000000 5.73232507E+001
9.00000000 9.20000000 6.00911079E+001
9.00000000 9.30000000 6.34493440E+001
9.00000000 9.40000000 6.69059767E+001
9.00000000 9.50000000 7.03626093E+001
9.00000000 9.60000000 7.40379009E+001
9.00000000 9.70000000 7.82598397E+001
9.00000000 9.80000000 8.24817784E+001
9.00000000 9.90000000 8.67037172E+001
9.00000000 10.00000000 9.15269679E+001
9.00000000 10.10000000 9.65907434E+001
9.00000000 10.20000000 1.01654519E+002
9.00000000 10.30000000 1.06849490E+002
9.00000000 10.40000000 1.12831633E+002
9.00000000 10.50000000 1.18813776E+002
9.00000000 10.60000000 1.24795918E+002
9.00000000 10.70000000 1.31346574E+002
9.00000000 10.80000000 1.38323615E+002
9.00000000 10.90000000 1.45300656E+002
9.00000000 11.00000000 1.52277697E+002
9.10000000 1.00000000 -9.49544461E+001
9.10000000 1.10000000 -8.79774052E+001
9.10000000 1.20000000 -8.10003644E+001
9.10000000 1.30000000 -7.40233236E+001
9.10000000 1.40000000 -6.74726676E+001
9.10000000 1.50000000 -6.14905248E+001
9.10000000 1.60000000 -5.55083819E+001
9.10000000 1.70000000 -4.95262391E+001
9.10000000 1.80000000 -4.43312682E+001
9.10000000 1.90000000 -3.92674927E+001
9.10000000 2.00000000 -3.42037172E+001
9.10000000 2.10000000 -2.93804665E+001
9.10000000 2.20000000 -2.51585277E+001
9.10000000 2.30000000 -2.09365889E+001
9.10000000 2.40000000 -1.67146501E+001
9.10000000 2.50000000 -1.30393586E+001
9.10000000 2.60000000 -9.58272595E+000
9.10000000 2.70000000 -6.12609329E+000
9.10000000 2.80000000 -2.76785714E+000
9.10000000 2.90000000 6.39488462E-014
9.10000000 3.00000000 2.76785714E+000
9.10000000 3.10000000 5.53571429E+000
9.10000000 3.20000000 7.95371720E+000
9.10000000 3.30000000 1.01093294E+001
9.10000000 3.40000000 1.22649417E+001
9.10000000 3.50000000 1.44205539E+001
9.10000000 3.60000000 1.60404519E+001
9.10000000 3.70000000 1.76603499E+001
9.10000000 3.80000000 1.92802478E+001
9.10000000 3.90000000 2.07033528E+001
9.10000000 4.00000000 2.18640671E+001
9.10000000 4.10000000 2.30247813E+001
9.10000000 4.20000000 2.41854956E+001
9.10000000 4.30000000 2.50182216E+001
9.10000000 4.40000000 2.57962828E+001
9.10000000 4.50000000 2.65743440E+001
9.10000000 4.60000000 2.72649417E+001
9.10000000 4.70000000 2.77368805E+001
9.10000000 4.80000000 2.82088192E+001
9.10000000 4.90000000 2.86807580E+001
9.10000000 5.00000000 2.89887026E+001
9.10000000 5.10000000 2.92310496E+001
9.10000000 5.20000000 2.94733965E+001
9.10000000 5.30000000 2.96938776E+001
9.10000000 5.40000000 2.97831633E+001
9.10000000 5.50000000 2.98724490E+001
9.10000000 5.60000000 2.99617347E+001
9.10000000 5.70000000 3.00072886E+001
9.10000000 5.80000000 3.00200437E+001
9.10000000 5.90000000 3.00327988E+001
9.10000000 6.00000000 3.00455539E+001
9.10000000 6.10000000 3.00583090E+001
9.10000000 6.20000000 3.00710641E+001
9.10000000 6.30000000 3.00838192E+001
9.10000000 6.40000000 3.01293732E+001
9.10000000 6.50000000 3.02186589E+001
9.10000000 6.60000000 3.03079446E+001
9.10000000 6.70000000 3.03972303E+001
9.10000000 6.80000000 3.06177114E+001
9.10000000 6.90000000 3.08600583E+001
9.10000000 7.00000000 3.11024052E+001
9.10000000 7.10000000 3.14103499E+001
9.10000000 7.20000000 3.18822886E+001
9.10000000 7.30000000 3.23542274E+001
9.10000000 7.40000000 3.28261662E+001
9.10000000 7.50000000 3.35167638E+001
9.10000000 7.60000000 3.42948251E+001
9.10000000 7.70000000 3.50728863E+001
9.10000000 7.80000000 3.59056122E+001
9.10000000 7.90000000 3.70663265E+001
9.10000000 8.00000000 3.82270408E+001
9.10000000 8.10000000 3.93877551E+001
9.10000000 8.20000000 4.08108601E+001
9.10000000 8.30000000 4.24307580E+001
9.10000000 8.40000000 4.40506560E+001
9.10000000 8.50000000 4.56705539E+001
9.10000000 8.60000000 4.78261662E+001
9.10000000 8.70000000 4.99817784E+001
9.10000000 8.80000000 5.21373907E+001
9.10000000 8.90000000 5.45553936E+001
9.10000000 9.00000000 5.73232507E+001
9.10000000 9.10000000 6.00911079E+001
9.10000000 9.20000000 6.28589650E+001
9.10000000 9.30000000 6.62172012E+001
9.10000000 9.40000000 6.96738338E+001
9.10000000 9.50000000 7.31304665E+001
9.10000000 9.60000000 7.68057580E+001
9.10000000 9.70000000 8.10276968E+001
9.10000000 9.80000000 8.52496356E+001
9.10000000 9.90000000 8.94715743E+001
9.10000000 10.00000000 9.42948251E+001
9.10000000 10.10000000 9.93586006E+001
9.10000000 10.20000000 1.04422376E+002
9.10000000 10.30000000 1.09617347E+002
9.10000000 10.40000000 1.15599490E+002
9.10000000 10.50000000 1.21581633E+002
9.10000000 10.60000000 1.27563776E+002
9.10000000 10.70000000 1.34114431E+002
9.10000000 10.80000000 1.41091472E+002
9.10000000 10.90000000 1.48068513E+002
9.10000000 11.00000000 1.55045554E+002
9.20000000 1.00000000 -9.21865889E+001
9.20000000 1.10000000 -8.52095481E+001
9.20000000 1.20000000 -7.82325073E+001
9.20000000 1.30000000 -7.12554665E+001
9.20000000 1.40000000 -6.47048105E+001
9.20000000 1.50000000 -5.87226676E+001
9.20000000 1.60000000 -5.27405248E+001
9.20000000 1.70000000 -4.67583819E+001
9.20000000 1.80000000 -4.15634111E+001
9.20000000 1.90000000 -3.64996356E+001
9.20000000 2.00000000 -3.14358601E+001
9.20000000 2.10000000 -2.66126093E+001
9.20000000 2.20000000 -2.23906706E+001
9.20000000 2.30000000 -1.81687318E+001
9.20000000 2.40000000 -1.39467930E+001
9.20000000 2.50000000 -1.02715015E+001
9.20000000 2.60000000 -6.81486880E+000
9.20000000 2.70000000 -3.35823615E+000
9.20000000 2.80000000 2.00284234E-013
9.20000000 2.90000000 2.76785714E+000
9.20000000 3.00000000 5.53571429E+000
9.20000000 3.10000000 8.30357143E+000
9.20000000 3.20000000 1.07215743E+001
9.20000000 3.30000000 1.28771866E+001
9.20000000 3.40000000 1.50327988E+001
9.20000000 3.50000000 1.71884111E+001
9.20000000 3.60000000 1.88083090E+001
9.20000000 3.70000000 2.04282070E+001
9.20000000 3.80000000 2.20481050E+001
9.20000000 3.90000000 2.34712099E+001
9.20000000 4.00000000 2.46319242E+001
9.20000000 4.10000000 2.57926385E+001
9.20000000 4.20000000 2.69533528E+001
9.20000000 4.30000000 2.77860787E+001
9.20000000 4.40000000 2.85641399E+001
9.20000000 4.50000000 2.93422012E+001
9.20000000 4.60000000 3.00327988E+001
9.20000000 4.70000000 3.05047376E+001
9.20000000 4.80000000 3.09766764E+001
9.20000000 4.90000000 3.14486152E+001
9.20000000 5.00000000 3.17565598E+001
9.20000000 5.10000000 3.19989067E+001
9.20000000 5.20000000 3.22412536E+001
9.20000000 5.30000000 3.24617347E+001
9.20000000 5.40000000 3.25510204E+001
9.20000000 5.50000000 3.26403061E+001
9.20000000 5.60000000 3.27295918E+001
9.20000000 5.70000000 3.27751458E+001
9.20000000 5.80000000 3.27879009E+001
9.20000000 5.90000000 3.28006560E+001
9.20000000 6.00000000 3.28134111E+001
9.20000000 6.10000000 3.28261662E+001
9.20000000 6.20000000 3.28389213E+001
9.20000000 6.30000000 3.28516764E+001
9.20000000 6.40000000 3.28972303E+001
9.20000000 6.50000000 3.29865160E+001
9.20000000 6.60000000 3.30758017E+001
9.20000000 6.70000000 3.31650875E+001
9.20000000 6.80000000 3.33855685E+001
9.20000000 6.90000000 3.36279155E+001
9.20000000 7.00000000 3.38702624E+001
9.20000000 7.10000000 3.41782070E+001
9.20000000 7.20000000 3.46501458E+001
9.20000000 7.30000000 3.51220845E+001
9.20000000 7.40000000 3.55940233E+001
9.20000000 7.50000000 3.62846210E+001
9.20000000 7.60000000 3.70626822E+001
9.20000000 7.70000000 3.78407434E+001
9.20000000 7.80000000 3.86734694E+001
9.20000000 7.90000000 3.98341837E+001
9.20000000 8.00000000 4.09948980E+001
9.20000000 8.10000000 4.21556122E+001
9.20000000 8.20000000 4.35787172E+001
9.20000000 8.30000000 4.51986152E+001
9.20000000 8.40000000 4.68185131E+001
9.20000000 8.50000000 4.84384111E+001
9.20000000 8.60000000 5.05940233E+001
9.20000000 8.70000000 5.27496356E+001
9.20000000 8.80000000 5.49052478E+001
9.20000000 8.90000000 5.73232507E+001
9.20000000 9.00000000 6.00911079E+001
9.20000000 9.10000000 6.28589650E+001
9.20000000 9.20000000 6.56268222E+001
9.20000000 9.30000000 6.89850583E+001
9.20000000 9.40000000 7.24416910E+001
9.20000000 9.50000000 7.58983236E+001
9.20000000 9.60000000 7.95736152E+001
9.20000000 9.70000000 8.37955539E+001
9.20000000 9.80000000 8.80174927E+001
9.20000000 9.90000000 9.22394315E+001
9.20000000 10.00000000 9.70626822E+001
9.20000000 10.10000000 1.02126458E+002
9.20000000 10.20000000 1.07190233E+002
9.20000000 10.30000000 1.12385204E+002
9.20000000 10.40000000 1.18367347E+002
9.20000000 10.50000000 1.24349490E+002
9.20000000 10.60000000 1.30331633E+002
9.20000000 10.70000000 1.36882289E+002
9.20000000 10.80000000 1.43859329E+002
9.20000000 10.90000000 1.50836370E+002
9.20000000 11.00000000 1.57813411E+002
9.30000000 1.00000000 -8.88283528E+001
9.30000000 1.10000000 -8.18513120E+001
9.30000000 1.20000000 -7.48742711E+001
9.30000000 1.30000000 -6.78972303E+001
9.30000000 1.40000000 -6.13465743E+001
9.30000000 1.50000000 -5.53644315E+001
9.30000000 1.60000000 -4.93822886E+001
9.30000000 1.70000000 -4.34001458E+001
9.30000000 1.80000000 -3.82051749E+001
9.30000000 1.90000000 -3.31413994E+001
9.30000000 2.00000000 -2.80776239E+001
9.30000000 2.10000000 -2.32543732E+001
9.30000000 2.20000000 -1.90324344E+001
9.30000000 2.30000000 -1.48104956E+001
9.30000000 2.40000000 -1.05885569E+001
9.30000000 2.50000000 -6.91326531E+000
9.30000000 2.60000000 -3.45663265E+000
9.30000000 2.70000000 -1.77635684E-015
9.30000000 2.80000000 3.35823615E+000
9.30000000 2.90000000 6.12609329E+000
9.30000000 3.00000000 8.89395044E+000
9.30000000 3.10000000 1.16618076E+001
9.30000000 3.20000000 1.40798105E+001
9.30000000 3.30000000 1.62354227E+001
9.30000000 3.40000000 1.83910350E+001
9.30000000 3.50000000 2.05466472E+001
9.30000000 3.60000000 2.21665452E+001
9.30000000 3.70000000 2.37864431E+001
9.30000000 3.80000000 2.54063411E+001
9.30000000 3.90000000 2.68294461E+001
9.30000000 4.00000000 2.79901603E+001
9.30000000 4.10000000 2.91508746E+001
9.30000000 4.20000000 3.03115889E+001
9.30000000 4.30000000 3.11443149E+001
9.30000000 4.40000000 3.19223761E+001
9.30000000 4.50000000 3.27004373E+001
9.30000000 4.60000000 3.33910350E+001
9.30000000 4.70000000 3.38629738E+001
9.30000000 4.80000000 3.43349125E+001
9.30000000 4.90000000 3.48068513E+001
9.30000000 5.00000000 3.51147959E+001
9.30000000 5.10000000 3.53571429E+001
9.30000000 5.20000000 3.55994898E+001
9.30000000 5.30000000 3.58199708E+001
9.30000000 5.40000000 3.59092566E+001
9.30000000 5.50000000 3.59985423E+001
9.30000000 5.60000000 3.60878280E+001
9.30000000 5.70000000 3.61333819E+001
9.30000000 5.80000000 3.61461370E+001
9.30000000 5.90000000 3.61588921E+001
9.30000000 6.00000000 3.61716472E+001
9.30000000 6.10000000 3.61844023E+001
9.30000000 6.20000000 3.61971574E+001
9.30000000 6.30000000 3.62099125E+001
9.30000000 6.40000000 3.62554665E+001
9.30000000 6.50000000 3.63447522E+001
9.30000000 6.60000000 3.64340379E+001
9.30000000 6.70000000 3.65233236E+001
9.30000000 6.80000000 3.67438047E+001
9.30000000 6.90000000 3.69861516E+001
9.30000000 7.00000000 3.72284985E+001
9.30000000 7.10000000 3.75364431E+001
9.30000000 7.20000000 3.80083819E+001
9.30000000 7.30000000 3.84803207E+001
9.30000000 7.40000000 3.89522595E+001
9.30000000 7.50000000 3.96428571E+001
9.30000000 7.60000000 4.04209184E+001
9.30000000 7.70000000 4.11989796E+001
9.30000000 7.80000000 4.20317055E+001
9.30000000 7.90000000 4.31924198E+001
9.30000000 8.00000000 4.43531341E+001
9.30000000 8.10000000 4.55138484E+001
9.30000000 8.20000000 4.69369534E+001
9.30000000 8.30000000 4.85568513E+001
9.30000000 8.40000000 5.01767493E+001
9.30000000 8.50000000 5.17966472E+001
9.30000000 8.60000000 5.39522595E+001
9.30000000 8.70000000 5.61078717E+001
9.30000000 8.80000000 5.82634840E+001
9.30000000 8.90000000 6.06814869E+001
9.30000000 9.00000000 6.34493440E+001
9.30000000 9.10000000 6.62172012E+001
9.30000000 9.20000000 6.89850583E+001
9.30000000 9.30000000 7.23432945E+001
9.30000000 9.40000000 7.57999271E+001
9.30000000 9.50000000 7.92565598E+001
9.30000000 9.60000000 8.29318513E+001
9.30000000 9.70000000 8.71537901E+001
9.30000000 9.80000000 9.13757289E+001
9.30000000 9.90000000 9.55976676E+001
9.30000000 10.00000000 1.00420918E+002
9.30000000 10.10000000 1.05484694E+002
9.30000000 10.20000000 1.10548469E+002
9.30000000 10.30000000 1.15743440E+002
9.30000000 10.40000000 1.21725583E+002
9.30000000 10.50000000 1.27707726E+002
9.30000000 10.60000000 1.33689869E+002
9.30000000 10.70000000 1.40240525E+002
9.30000000 10.80000000 1.47217566E+002
9.30000000 10.90000000 1.54194606E+002
9.30000000 11.00000000 1.61171647E+002
9.40000000 1.00000000 -8.53717201E+001
9.40000000 1.10000000 -7.83946793E+001
9.40000000 1.20000000 -7.14176385E+001
9.40000000 1.30000000 -6.44405977E+001
9.40000000 1.40000000 -5.78899417E+001
9.40000000 1.50000000 -5.19077988E+001
9.40000000 1.60000000 -4.59256560E+001
9.40000000 1.70000000 -3.99435131E+001
9.40000000 1.80000000 -3.47485423E+001
9.40000000 1.90000000 -2.96847668E+001
9.40000000 2.00000000 -2.46209913E+001
9.40000000 2.10000000 -1.97977405E+001
9.40000000 2.20000000 -1.55758017E+001
9.40000000 2.30000000 -1.13538630E+001
9.40000000 2.40000000 -7.13192420E+000
9.40000000 2.50000000 -3.45663265E+000
9.40000000 2.60000000 6.03961325E-014
9.40000000 2.70000000 3.45663265E+000
9.40000000 2.80000000 6.81486880E+000
9.40000000 2.90000000 9.58272595E+000
9.40000000 3.00000000 1.23505831E+001
9.40000000 3.10000000 1.51184402E+001
9.40000000 3.20000000 1.75364431E+001
9.40000000 3.30000000 1.96920554E+001
9.40000000 3.40000000 2.18476676E+001
9.40000000 3.50000000 2.40032799E+001
9.40000000 3.60000000 2.56231778E+001
9.40000000 3.70000000 2.72430758E+001
9.40000000 3.80000000 2.88629738E+001
9.40000000 3.90000000 3.02860787E+001
9.40000000 4.00000000 3.14467930E+001
9.40000000 4.10000000 3.26075073E+001
9.40000000 4.20000000 3.37682216E+001
9.40000000 4.30000000 3.46009475E+001
9.40000000 4.40000000 3.53790087E+001
9.40000000 4.50000000 3.61570700E+001
9.40000000 4.60000000 3.68476676E+001
9.40000000 4.70000000 3.73196064E+001
9.40000000 4.80000000 3.77915452E+001
9.40000000 4.90000000 3.82634840E+001
9.40000000 5.00000000 3.85714286E+001
9.40000000 5.10000000 3.88137755E+001
9.40000000 5.20000000 3.90561224E+001
9.40000000 5.30000000 3.92766035E+001
9.40000000 5.40000000 3.93658892E+001
9.40000000 5.50000000 3.94551749E+001
9.40000000 5.60000000 3.95444606E+001
9.40000000 5.70000000 3.95900146E+001
9.40000000 5.80000000 3.96027697E+001
9.40000000 5.90000000 3.96155248E+001
9.40000000 6.00000000 3.96282799E+001
9.40000000 6.10000000 3.96410350E+001
9.40000000 6.20000000 3.96537901E+001
9.40000000 6.30000000 3.96665452E+001
9.40000000 6.40000000 3.97120991E+001
9.40000000 6.50000000 3.98013848E+001
9.40000000 6.60000000 3.98906706E+001
9.40000000 6.70000000 3.99799563E+001
9.40000000 6.80000000 4.02004373E+001
9.40000000 6.90000000 4.04427843E+001
9.40000000 7.00000000 4.06851312E+001
9.40000000 7.10000000 4.09930758E+001
9.40000000 7.20000000 4.14650146E+001
9.40000000 7.30000000 4.19369534E+001
9.40000000 7.40000000 4.24088921E+001
9.40000000 7.50000000 4.30994898E+001
9.40000000 7.60000000 4.38775510E+001
9.40000000 7.70000000 4.46556122E+001
9.40000000 7.80000000 4.54883382E+001
9.40000000 7.90000000 4.66490525E+001
9.40000000 8.00000000 4.78097668E+001
9.40000000 8.10000000 4.89704810E+001
9.40000000 8.20000000 5.03935860E+001
9.40000000 8.30000000 5.20134840E+001
9.40000000 8.40000000 5.36333819E+001
9.40000000 8.50000000 5.52532799E+001
9.40000000 8.60000000 5.74088921E+001
9.40000000 8.70000000 5.95645044E+001
9.40000000 8.80000000 6.17201166E+001
9.40000000 8.90000000 6.41381195E+001
9.40000000 9.00000000 6.69059767E+001
9.40000000 9.10000000 6.96738338E+001
9.40000000 9.20000000 7.24416910E+001
9.40000000 9.30000000 7.57999271E+001
9.40000000 9.40000000 7.92565598E+001
9.40000000 9.50000000 8.27131924E+001
9.40000000 9.60000000 8.63884840E+001
9.40000000 9.70000000 9.06104227E+001
9.40000000 9.80000000 9.48323615E+001
9.40000000 9.90000000 9.90543003E+001
9.40000000 10.00000000 1.03877551E+002
9.40000000 10.10000000 1.08941327E+002
9.40000000 10.20000000 1.14005102E+002
9.40000000 10.30000000 1.19200073E+002
9.40000000 10.40000000 1.25182216E+002
9.40000000 10.50000000 1.31164359E+002
9.40000000 10.60000000 1.37146501E+002
9.40000000 10.70000000 1.43697157E+002
9.40000000 10.80000000 1.50674198E+002
9.40000000 10.90000000 1.57651239E+002
9.40000000 11.00000000 1.64628280E+002
9.50000000 1.00000000 -8.19150875E+001
9.50000000 1.10000000 -7.49380466E+001
9.50000000 1.20000000 -6.79610058E+001
9.50000000 1.30000000 -6.09839650E+001
9.50000000 1.40000000 -5.44333090E+001
9.50000000 1.50000000 -4.84511662E+001
9.50000000 1.60000000 -4.24690233E+001
9.50000000 1.70000000 -3.64868805E+001
9.50000000 1.80000000 -3.12919096E+001
9.50000000 1.90000000 -2.62281341E+001
9.50000000 2.00000000 -2.11643586E+001
9.50000000 2.10000000 -1.63411079E+001
9.50000000 2.20000000 -1.21191691E+001
9.50000000 2.30000000 -7.89723032E+000
9.50000000 2.40000000 -3.67529155E+000
9.50000000 2.50000000 4.55191440E-014
9.50000000 2.60000000 3.45663265E+000
9.50000000 2.70000000 6.91326531E+000
9.50000000 2.80000000 1.02715015E+001
9.50000000 2.90000000 1.30393586E+001
9.50000000 3.00000000 1.58072157E+001
9.50000000 3.10000000 1.85750729E+001
9.50000000 3.20000000 2.09930758E+001
9.50000000 3.30000000 2.31486880E+001
9.50000000 3.40000000 2.53043003E+001
9.50000000 3.50000000 2.74599125E+001
9.50000000 3.60000000 2.90798105E+001
9.50000000 3.70000000 3.06997085E+001
9.50000000 3.80000000 3.23196064E+001
9.50000000 3.90000000 3.37427114E+001
9.50000000 4.00000000 3.49034257E+001
9.50000000 4.10000000 3.60641399E+001
9.50000000 4.20000000 3.72248542E+001
9.50000000 4.30000000 3.80575802E+001
9.50000000 4.40000000 3.88356414E+001
9.50000000 4.50000000 3.96137026E+001
9.50000000 4.60000000 4.03043003E+001
9.50000000 4.70000000 4.07762391E+001
9.50000000 4.80000000 4.12481778E+001
9.50000000 4.90000000 4.17201166E+001
9.50000000 5.00000000 4.20280612E+001
9.50000000 5.10000000 4.22704082E+001
9.50000000 5.20000000 4.25127551E+001
9.50000000 5.30000000 4.27332362E+001
9.50000000 5.40000000 4.28225219E+001
9.50000000 5.50000000 4.29118076E+001
9.50000000 5.60000000 4.30010933E+001
9.50000000 5.70000000 4.30466472E+001
9.50000000 5.80000000 4.30594023E+001
9.50000000 5.90000000 4.30721574E+001
9.50000000 6.00000000 4.30849125E+001
9.50000000 6.10000000 4.30976676E+001
9.50000000 6.20000000 4.31104227E+001
9.50000000 6.30000000 4.31231778E+001
9.50000000 6.40000000 4.31687318E+001
9.50000000 6.50000000 4.32580175E+001
9.50000000 6.60000000 4.33473032E+001
9.50000000 6.70000000 4.34365889E+001
9.50000000 6.80000000 4.36570700E+001
9.50000000 6.90000000 4.38994169E+001
9.50000000 7.00000000 4.41417638E+001
9.50000000 7.10000000 4.44497085E+001
9.50000000 7.20000000 4.49216472E+001
9.50000000 7.30000000 4.53935860E+001
9.50000000 7.40000000 4.58655248E+001
9.50000000 7.50000000 4.65561224E+001
9.50000000 7.60000000 4.73341837E+001
9.50000000 7.70000000 4.81122449E+001
9.50000000 7.80000000 4.89449708E+001
9.50000000 7.90000000 5.01056851E+001
9.50000000 8.00000000 5.12663994E+001
9.50000000 8.10000000 5.24271137E+001
9.50000000 8.20000000 5.38502187E+001
9.50000000 8.30000000 5.54701166E+001
9.50000000 8.40000000 5.70900146E+001
9.50000000 8.50000000 5.87099125E+001
9.50000000 8.60000000 6.08655248E+001
9.50000000 8.70000000 6.30211370E+001
9.50000000 8.80000000 6.51767493E+001
9.50000000 8.90000000 6.75947522E+001
9.50000000 9.00000000 7.03626093E+001
9.50000000 9.10000000 7.31304665E+001
9.50000000 9.20000000 7.58983236E+001
9.50000000 9.30000000 7.92565598E+001
9.50000000 9.40000000 8.27131924E+001
9.50000000 9.50000000 8.61698251E+001
9.50000000 9.60000000 8.98451166E+001
9.50000000 9.70000000 9.40670554E+001
9.50000000 9.80000000 9.82889942E+001
9.50000000 9.90000000 1.02510933E+002
9.50000000 10.00000000 1.07334184E+002
9.50000000 10.10000000 1.12397959E+002
9.50000000 10.20000000 1.17461735E+002
9.50000000 10.30000000 1.22656706E+002
9.50000000 10.40000000 1.28638848E+002
9.50000000 10.50000000 1.34620991E+002
9.50000000 10.60000000 1.40603134E+002
9.50000000 10.70000000 1.47153790E+002
9.50000000 10.80000000 1.54130831E+002
9.50000000 10.90000000 1.61107872E+002
9.50000000 11.00000000 1.68084913E+002
9.60000000 1.00000000 -7.82397959E+001
9.60000000 1.10000000 -7.12627551E+001
9.60000000 1.20000000 -6.42857143E+001
9.60000000 1.30000000 -5.73086735E+001
9.60000000 1.40000000 -5.07580175E+001
9.60000000 1.50000000 -4.47758746E+001
9.60000000 1.60000000 -3.87937318E+001
9.60000000 1.70000000 -3.28115889E+001
9.60000000 1.80000000 -2.76166181E+001
9.60000000 1.90000000 -2.25528426E+001
9.60000000 2.00000000 -1.74890671E+001
9.60000000 2.10000000 -1.26658163E+001
9.60000000 2.20000000 -8.44387755E+000
9.60000000 2.30000000 -4.22193878E+000
9.60000000 2.40000000 2.24931185E-013
9.60000000 2.50000000 3.67529155E+000
9.60000000 2.60000000 7.13192420E+000
9.60000000 2.70000000 1.05885569E+001
9.60000000 2.80000000 1.39467930E+001
9.60000000 2.90000000 1.67146501E+001
9.60000000 3.00000000 1.94825073E+001
9.60000000 3.10000000 2.22503644E+001
9.60000000 3.20000000 2.46683673E+001
9.60000000 3.30000000 2.68239796E+001
9.60000000 3.40000000 2.89795918E+001
9.60000000 3.50000000 3.11352041E+001
9.60000000 3.60000000 3.27551020E+001
9.60000000 3.70000000 3.43750000E+001
9.60000000 3.80000000 3.59948980E+001
9.60000000 3.90000000 3.74180029E+001
9.60000000 4.00000000 3.85787172E+001
9.60000000 4.10000000 3.97394315E+001
9.60000000 4.20000000 4.09001458E+001
9.60000000 4.30000000 4.17328717E+001
9.60000000 4.40000000 4.25109329E+001
9.60000000 4.50000000 4.32889942E+001
9.60000000 4.60000000 4.39795918E+001
9.60000000 4.70000000 4.44515306E+001
9.60000000 4.80000000 4.49234694E+001
9.60000000 4.90000000 4.53954082E+001
9.60000000 5.00000000 4.57033528E+001
9.60000000 5.10000000 4.59456997E+001
9.60000000 5.20000000 4.61880466E+001
9.60000000 5.30000000 4.64085277E+001
9.60000000 5.40000000 4.64978134E+001
9.60000000 5.50000000 4.65870991E+001
9.60000000 5.60000000 4.66763848E+001
9.60000000 5.70000000 4.67219388E+001
9.60000000 5.80000000 4.67346939E+001
9.60000000 5.90000000 4.67474490E+001
9.60000000 6.00000000 4.67602041E+001
9.60000000 6.10000000 4.67729592E+001
9.60000000 6.20000000 4.67857143E+001
9.60000000 6.30000000 4.67984694E+001
9.60000000 6.40000000 4.68440233E+001
9.60000000 6.50000000 4.69333090E+001
9.60000000 6.60000000 4.70225948E+001
9.60000000 6.70000000 4.71118805E+001
9.60000000 6.80000000 4.73323615E+001
9.60000000 6.90000000 4.75747085E+001
9.60000000 7.00000000 4.78170554E+001
9.60000000 7.10000000 4.81250000E+001
9.60000000 7.20000000 4.85969388E+001
9.60000000 7.30000000 4.90688776E+001
9.60000000 7.40000000 4.95408163E+001
9.60000000 7.50000000 5.02314140E+001
9.60000000 7.60000000 5.10094752E+001
9.60000000 7.70000000 5.17875364E+001
9.60000000 7.80000000 5.26202624E+001
9.60000000 7.90000000 5.37809767E+001
9.60000000 8.00000000 5.49416910E+001
9.60000000 8.10000000 5.61024052E+001
9.60000000 8.20000000 5.75255102E+001
9.60000000 8.30000000 5.91454082E+001
9.60000000 8.40000000 6.07653061E+001
9.60000000 8.50000000 6.23852041E+001
9.60000000 8.60000000 6.45408163E+001
9.60000000 8.70000000 6.66964286E+001
9.60000000 8.80000000 6.88520408E+001
9.60000000 8.90000000 7.12700437E+001
9.60000000 9.00000000 7.40379009E+001
9.60000000 9.10000000 7.68057580E+001
9.60000000 9.20000000 7.95736152E+001
9.60000000 9.30000000 8.29318513E+001
9.60000000 9.40000000 8.63884840E+001
9.60000000 9.50000000 8.98451166E+001
9.60000000 9.60000000 9.35204082E+001
9.60000000 9.70000000 9.77423469E+001
9.60000000 9.80000000 1.01964286E+002
9.60000000 9.90000000 1.06186224E+002
9.60000000 10.00000000 1.11009475E+002
9.60000000 10.10000000 1.16073251E+002
9.60000000 10.20000000 1.21137026E+002
9.60000000 10.30000000 1.26331997E+002
9.60000000 10.40000000 1.32314140E+002
9.60000000 10.50000000 1.38296283E+002
9.60000000 10.60000000 1.44278426E+002
9.60000000 10.70000000 1.50829082E+002
9.60000000 10.80000000 1.57806122E+002
9.60000000 10.90000000 1.64783163E+002
9.60000000 11.00000000 1.71760204E+002
9.70000000 1.00000000 -7.40178571E+001
9.70000000 1.10000000 -6.70408163E+001
9.70000000 1.20000000 -6.00637755E+001
9.70000000 1.30000000 -5.30867347E+001
9.70000000 1.40000000 -4.65360787E+001
9.70000000 1.50000000 -4.05539359E+001
9.70000000 1.60000000 -3.45717930E+001
9.70000000 1.70000000 -2.85896501E+001
9.70000000 1.80000000 -2.33946793E+001
9.70000000 1.90000000 -1.83309038E+001
9.70000000 2.00000000 -1.32671283E+001
9.70000000 2.10000000 -8.44387755E+000
9.70000000 2.20000000 -4.22193878E+000
9.70000000 2.30000000 2.06501483E-013
9.70000000 2.40000000 4.22193878E+000
9.70000000 2.50000000 7.89723032E+000
9.70000000 2.60000000 1.13538630E+001
9.70000000 2.70000000 1.48104956E+001
9.70000000 2.80000000 1.81687318E+001
9.70000000 2.90000000 2.09365889E+001
9.70000000 3.00000000 2.37044461E+001
9.70000000 3.10000000 2.64723032E+001
9.70000000 3.20000000 2.88903061E+001
9.70000000 3.30000000 3.10459184E+001
9.70000000 3.40000000 3.32015306E+001
9.70000000 3.50000000 3.53571429E+001
9.70000000 3.60000000 3.69770408E+001
9.70000000 3.70000000 3.85969388E+001
9.70000000 3.80000000 4.02168367E+001
9.70000000 3.90000000 4.16399417E+001
9.70000000 4.00000000 4.28006560E+001
9.70000000 4.10000000 4.39613703E+001
9.70000000 4.20000000 4.51220845E+001
9.70000000 4.30000000 4.59548105E+001
9.70000000 4.40000000 4.67328717E+001
9.70000000 4.50000000 4.75109329E+001
9.70000000 4.60000000 4.82015306E+001
9.70000000 4.70000000 4.86734694E+001
9.70000000 4.80000000 4.91454082E+001
9.70000000 4.90000000 4.96173469E+001
9.70000000 5.00000000 4.99252915E+001
9.70000000 5.10000000 5.01676385E+001
9.70000000 5.20000000 5.04099854E+001
9.70000000 5.30000000 5.06304665E+001
9.70000000 5.40000000 5.07197522E+001
9.70000000 5.50000000 5.08090379E+001
9.70000000 5.60000000 5.08983236E+001
9.70000000 5.70000000 5.09438776E+001
9.70000000 5.80000000 5.09566327E+001
9.70000000 5.90000000 5.09693878E+001
9.70000000 6.00000000 5.09821429E+001
9.70000000 6.10000000 5.09948980E+001
9.70000000 6.20000000 5.10076531E+001
9.70000000 6.30000000 5.10204082E+001
9.70000000 6.40000000 5.10659621E+001
9.70000000 6.50000000 5.11552478E+001
9.70000000 6.60000000 5.12445335E+001
9.70000000 6.70000000 5.13338192E+001
9.70000000 6.80000000 5.15543003E+001
9.70000000 6.90000000 5.17966472E+001
9.70000000 7.00000000 5.20389942E+001
9.70000000 7.10000000 5.23469388E+001
9.70000000 7.20000000 5.28188776E+001
9.70000000 7.30000000 5.32908163E+001
9.70000000 7.40000000 5.37627551E+001
9.70000000 7.50000000 5.44533528E+001
9.70000000 7.60000000 5.52314140E+001
9.70000000 7.70000000 5.60094752E+001
9.70000000 7.80000000 5.68422012E+001
9.70000000 7.90000000 5.80029155E+001
9.70000000 8.00000000 5.91636297E+001
9.70000000 8.10000000 6.03243440E+001
9.70000000 8.20000000 6.17474490E+001
9.70000000 8.30000000 6.33673469E+001
9.70000000 8.40000000 6.49872449E+001
9.70000000 8.50000000 6.66071429E+001
9.70000000 8.60000000 6.87627551E+001
9.70000000 8.70000000 7.09183673E+001
9.70000000 8.80000000 7.30739796E+001
9.70000000 8.90000000 7.54919825E+001
9.70000000 9.00000000 7.82598397E+001
9.70000000 9.10000000 8.10276968E+001
9.70000000 9.20000000 8.37955539E+001
9.70000000 9.30000000 8.71537901E+001
9.70000000 9.40000000 9.06104227E+001
9.70000000 9.50000000 9.40670554E+001
9.70000000 9.60000000 9.77423469E+001
9.70000000 9.70000000 1.01964286E+002
9.70000000 9.80000000 1.06186224E+002
9.70000000 9.90000000 1.10408163E+002
9.70000000 10.00000000 1.15231414E+002
9.70000000 10.10000000 1.20295190E+002
9.70000000 10.20000000 1.25358965E+002
9.70000000 10.30000000 1.30553936E+002
9.70000000 10.40000000 1.36536079E+002
9.70000000 10.50000000 1.42518222E+002
9.70000000 10.60000000 1.48500364E+002
9.70000000 10.70000000 1.55051020E+002
9.70000000 10.80000000 1.62028061E+002
9.70000000 10.90000000 1.69005102E+002
9.70000000 11.00000000 1.75982143E+002
9.80000000 1.00000000 -6.97959184E+001
9.80000000 1.10000000 -6.28188776E+001
9.80000000 1.20000000 -5.58418367E+001
9.80000000 1.30000000 -4.88647959E+001
9.80000000 1.40000000 -4.23141399E+001
9.80000000 1.50000000 -3.63319971E+001
9.80000000 1.60000000 -3.03498542E+001
9.80000000 1.70000000 -2.43677114E+001
9.80000000 1.80000000 -1.91727405E+001
9.80000000 1.90000000 -1.41089650E+001
9.80000000 2.00000000 -9.04518950E+000
9.80000000 2.10000000 -4.22193878E+000
9.80000000 2.20000000 9.41469125E-014
9.80000000 2.30000000 4.22193878E+000
9.80000000 2.40000000 8.44387755E+000
9.80000000 2.50000000 1.21191691E+001
9.80000000 2.60000000 1.55758017E+001
9.80000000 2.70000000 1.90324344E+001
9.80000000 2.80000000 2.23906706E+001
9.80000000 2.90000000 2.51585277E+001
9.80000000 3.00000000 2.79263848E+001
9.80000000 3.10000000 3.06942420E+001
9.80000000 3.20000000 3.31122449E+001
9.80000000 3.30000000 3.52678571E+001
9.80000000 3.40000000 3.74234694E+001
9.80000000 3.50000000 3.95790816E+001
9.80000000 3.60000000 4.11989796E+001
9.80000000 3.70000000 4.28188776E+001
9.80000000 3.80000000 4.44387755E+001
9.80000000 3.90000000 4.58618805E+001
9.80000000 4.00000000 4.70225948E+001
9.80000000 4.10000000 4.81833090E+001
9.80000000 4.20000000 4.93440233E+001
9.80000000 4.30000000 5.01767493E+001
9.80000000 4.40000000 5.09548105E+001
9.80000000 4.50000000 5.17328717E+001
9.80000000 4.60000000 5.24234694E+001
9.80000000 4.70000000 5.28954082E+001
9.80000000 4.80000000 5.33673469E+001
9.80000000 4.90000000 5.38392857E+001
9.80000000 5.00000000 5.41472303E+001
9.80000000 5.10000000 5.43895773E+001
9.80000000 5.20000000 5.46319242E+001
9.80000000 5.30000000 5.48524052E+001
9.80000000 5.40000000 5.49416910E+001
9.80000000 5.50000000 5.50309767E+001
9.80000000 5.60000000 5.51202624E+001
9.80000000 5.70000000 5.51658163E+001
9.80000000 5.80000000 5.51785714E+001
9.80000000 5.90000000 5.51913265E+001
9.80000000 6.00000000 5.52040816E+001
9.80000000 6.10000000 5.52168367E+001
9.80000000 6.20000000 5.52295918E+001
9.80000000 6.30000000 5.52423469E+001
9.80000000 6.40000000 5.52879009E+001
9.80000000 6.50000000 5.53771866E+001
9.80000000 6.60000000 5.54664723E+001
9.80000000 6.70000000 5.55557580E+001
9.80000000 6.80000000 5.57762391E+001
9.80000000 6.90000000 5.60185860E+001
9.80000000 7.00000000 5.62609329E+001
9.80000000 7.10000000 5.65688776E+001
9.80000000 7.20000000 5.70408163E+001
9.80000000 7.30000000 5.75127551E+001
9.80000000 7.40000000 5.79846939E+001
9.80000000 7.50000000 5.86752915E+001
9.80000000 7.60000000 5.94533528E+001
9.80000000 7.70000000 6.02314140E+001
9.80000000 7.80000000 6.10641399E+001
9.80000000 7.90000000 6.22248542E+001
9.80000000 8.00000000 6.33855685E+001
9.80000000 8.10000000 6.45462828E+001
9.80000000 8.20000000 6.59693878E+001
9.80000000 8.30000000 6.75892857E+001
9.80000000 8.40000000 6.92091837E+001
9.80000000 8.50000000 7.08290816E+001
9.80000000 8.60000000 7.29846939E+001
9.80000000 8.70000000 7.51403061E+001
9.80000000 8.80000000 7.72959184E+001
9.80000000 8.90000000 7.97139213E+001
9.80000000 9.00000000 8.24817784E+001
9.80000000 9.10000000 8.52496356E+001
9.80000000 9.20000000 8.80174927E+001
9.80000000 9.30000000 9.13757289E+001
9.80000000 9.40000000 9.48323615E+001
9.80000000 9.50000000 9.82889942E+001
9.80000000 9.60000000 1.01964286E+002
9.80000000 9.70000000 1.06186224E+002
9.80000000 9.80000000 1.10408163E+002
9.80000000 9.90000000 1.14630102E+002
9.80000000 10.00000000 1.19453353E+002
9.80000000 10.10000000 1.24517128E+002
9.80000000 10.20000000 1.29580904E+002
9.80000000 10.30000000 1.34775875E+002
9.80000000 10.40000000 1.40758017E+002
9.80000000 10.50000000 1.46740160E+002
9.80000000 10.60000000 1.52722303E+002
9.80000000 10.70000000 1.59272959E+002
9.80000000 10.80000000 1.66250000E+002
9.80000000 10.90000000 1.73227041E+002
9.80000000 11.00000000 1.80204082E+002
9.90000000 1.00000000 -6.55739796E+001
9.90000000 1.10000000 -5.85969388E+001
9.90000000 1.20000000 -5.16198980E+001
9.90000000 1.30000000 -4.46428571E+001
9.90000000 1.40000000 -3.80922012E+001
9.90000000 1.50000000 -3.21100583E+001
9.90000000 1.60000000 -2.61279155E+001
9.90000000 1.70000000 -2.01457726E+001
9.90000000 1.80000000 -1.49508017E+001
9.90000000 1.90000000 -9.88702624E+000
9.90000000 2.00000000 -4.82325073E+000
9.90000000 2.10000000 5.59552404E-014
9.90000000 2.20000000 4.22193878E+000
9.90000000 2.30000000 8.44387755E+000
9.90000000 2.40000000 1.26658163E+001
9.90000000 2.50000000 1.63411079E+001
9.90000000 2.60000000 1.97977405E+001
9.90000000 2.70000000 2.32543732E+001
9.90000000 2.80000000 2.66126093E+001
9.90000000 2.90000000 2.93804665E+001
9.90000000 3.00000000 3.21483236E+001
9.90000000 3.10000000 3.49161808E+001
9.90000000 3.20000000 3.73341837E+001
9.90000000 3.30000000 3.94897959E+001
9.90000000 3.40000000 4.16454082E+001
9.90000000 3.50000000 4.38010204E+001
9.90000000 3.60000000 4.54209184E+001
9.90000000 3.70000000 4.70408163E+001
9.90000000 3.80000000 4.86607143E+001
9.90000000 3.90000000 5.00838192E+001
9.90000000 4.00000000 5.12445335E+001
9.90000000 4.10000000 5.24052478E+001
9.90000000 4.20000000 5.35659621E+001
9.90000000 4.30000000 5.43986880E+001
9.90000000 4.40000000 5.51767493E+001
9.90000000 4.50000000 5.59548105E+001
9.90000000 4.60000000 5.66454082E+001
9.90000000 4.70000000 5.71173469E+001
9.90000000 4.80000000 5.75892857E+001
9.90000000 4.90000000 5.80612245E+001
9.90000000 5.00000000 5.83691691E+001
9.90000000 5.10000000 5.86115160E+001
9.90000000 5.20000000 5.88538630E+001
9.90000000 5.30000000 5.90743440E+001
9.90000000 5.40000000 5.91636297E+001
9.90000000 5.50000000 5.92529155E+001
9.90000000 5.60000000 5.93422012E+001
9.90000000 5.70000000 5.93877551E+001
9.90000000 5.80000000 5.94005102E+001
9.90000000 5.90000000 5.94132653E+001
9.90000000 6.00000000 5.94260204E+001
9.90000000 6.10000000 5.94387755E+001
9.90000000 6.20000000 5.94515306E+001
9.90000000 6.30000000 5.94642857E+001
9.90000000 6.40000000 5.95098397E+001
9.90000000 6.50000000 5.95991254E+001
9.90000000 6.60000000 5.96884111E+001
9.90000000 6.70000000 5.97776968E+001
9.90000000 6.80000000 5.99981778E+001
9.90000000 6.90000000 6.02405248E+001
9.90000000 7.00000000 6.04828717E+001
9.90000000 7.10000000 6.07908163E+001
9.90000000 7.20000000 6.12627551E+001
9.90000000 7.30000000 6.17346939E+001
9.90000000 7.40000000 6.22066327E+001
9.90000000 7.50000000 6.28972303E+001
9.90000000 7.60000000 6.36752915E+001
9.90000000 7.70000000 6.44533528E+001
9.90000000 7.80000000 6.52860787E+001
9.90000000 7.90000000 6.64467930E+001
9.90000000 8.00000000 6.76075073E+001
9.90000000 8.10000000 6.87682216E+001
9.90000000 8.20000000 7.01913265E+001
9.90000000 8.30000000 7.18112245E+001
9.90000000 8.40000000 7.34311224E+001
9.90000000 8.50000000 7.50510204E+001
9.90000000 8.60000000 7.72066327E+001
9.90000000 8.70000000 7.93622449E+001
9.90000000 8.80000000 8.15178571E+001
9.90000000 8.90000000 8.39358601E+001
9.90000000 9.00000000 8.67037172E+001
9.90000000 9.10000000 8.94715743E+001
9.90000000 9.20000000 9.22394315E+001
9.90000000 9.30000000 9.55976676E+001
9.90000000 9.40000000 9.90543003E+001
9.90000000 9.50000000 1.02510933E+002
9.90000000 9.60000000 1.06186224E+002
9.90000000 9.70000000 1.10408163E+002
9.90000000 9.80000000 1.14630102E+002
9.90000000 9.90000000 1.18852041E+002
9.90000000 10.00000000 1.23675292E+002
9.90000000 10.10000000 1.28739067E+002
9.90000000 10.20000000 1.33802843E+002
9.90000000 10.30000000 1.38997813E+002
9.90000000 10.40000000 1.44979956E+002
9.90000000 10.50000000 1.50962099E+002
9.90000000 10.60000000 1.56944242E+002
9.90000000 10.70000000 1.63494898E+002
9.90000000 10.80000000 1.70471939E+002
9.90000000 10.90000000 1.77448980E+002
9.90000000 11.00000000 1.84426020E+002
10.00000000 1.00000000 -6.07507289E+001
10.00000000 1.10000000 -5.37736880E+001
10.00000000 1.20000000 -4.67966472E+001
10.00000000 1.30000000 -3.98196064E+001
10.00000000 1.40000000 -3.32689504E+001
10.00000000 1.50000000 -2.72868076E+001
10.00000000 1.60000000 -2.13046647E+001
10.00000000 1.70000000 -1.53225219E+001
10.00000000 1.80000000 -1.01275510E+001
10.00000000 1.90000000 -5.06377551E+000
10.00000000 2.00000000 3.60156349E-013
10.00000000 2.10000000 4.82325073E+000
10.00000000 2.20000000 9.04518950E+000
10.00000000 2.30000000 1.32671283E+001
10.00000000 2.40000000 1.74890671E+001
10.00000000 2.50000000 2.11643586E+001
10.00000000 2.60000000 2.46209913E+001
10.00000000 2.70000000 2.80776239E+001
10.00000000 2.80000000 3.14358601E+001
10.00000000 2.90000000 3.42037172E+001
10.00000000 3.00000000 3.69715743E+001
10.00000000 3.10000000 3.97394315E+001
10.00000000 3.20000000 4.21574344E+001
10.00000000 3.30000000 4.43130466E+001
10.00000000 3.40000000 4.64686589E+001
10.00000000 3.50000000 4.86242711E+001
10.00000000 3.60000000 5.02441691E+001
10.00000000 3.70000000 5.18640671E+001
10.00000000 3.80000000 5.34839650E+001
10.00000000 3.90000000 5.49070700E+001
10.00000000 4.00000000 5.60677843E+001
10.00000000 4.10000000 5.72284985E+001
10.00000000 4.20000000 5.83892128E+001
10.00000000 4.30000000 5.92219388E+001
10.00000000 4.40000000 6.00000000E+001
10.00000000 4.50000000 6.07780612E+001
10.00000000 4.60000000 6.14686589E+001
10.00000000 4.70000000 6.19405977E+001
10.00000000 4.80000000 6.24125364E+001
10.00000000 4.90000000 6.28844752E+001
10.00000000 5.00000000 6.31924198E+001
10.00000000 5.10000000 6.34347668E+001
10.00000000 5.20000000 6.36771137E+001
10.00000000 5.30000000 6.38975948E+001
10.00000000 5.40000000 6.39868805E+001
10.00000000 5.50000000 6.40761662E+001
10.00000000 5.60000000 6.41654519E+001
10.00000000 5.70000000 6.42110058E+001
10.00000000 5.80000000 6.42237609E+001
10.00000000 5.90000000 6.42365160E+001
10.00000000 6.00000000 6.42492711E+001
10.00000000 6.10000000 6.42620262E+001
10.00000000 6.20000000 6.42747813E+001
10.00000000 6.30000000 6.42875364E+001
10.00000000 6.40000000 6.43330904E+001
10.00000000 6.50000000 6.44223761E+001
10.00000000 6.60000000 6.45116618E+001
10.00000000 6.70000000 6.46009475E+001
10.00000000 6.80000000 6.48214286E+001
10.00000000 6.90000000 6.50637755E+001
10.00000000 7.00000000 6.53061224E+001
10.00000000 7.10000000 6.56140671E+001
10.00000000 7.20000000 6.60860058E+001
10.00000000 7.30000000 6.65579446E+001
10.00000000 7.40000000 6.70298834E+001
10.00000000 7.50000000 6.77204810E+001
10.00000000 7.60000000 6.84985423E+001
10.00000000 7.70000000 6.92766035E+001
10.00000000 7.80000000 7.01093294E+001
10.00000000 7.90000000 7.12700437E+001
10.00000000 8.00000000 7.24307580E+001
10.00000000 8.10000000 7.35914723E+001
10.00000000 8.20000000 7.50145773E+001
10.00000000 8.30000000 7.66344752E+001
10.00000000 8.40000000 7.82543732E+001
10.00000000 8.50000000 7.98742711E+001
10.00000000 8.60000000 8.20298834E+001
10.00000000 8.70000000 8.41854956E+001
10.00000000 8.80000000 8.63411079E+001
10.00000000 8.90000000 8.87591108E+001
10.00000000 9.00000000 9.15269679E+001
10.00000000 9.10000000 9.42948251E+001
10.00000000 9.20000000 9.70626822E+001
10.00000000 9.30000000 1.00420918E+002
10.00000000 9.40000000 1.03877551E+002
10.00000000 9.50000000 1.07334184E+002
10.00000000 9.60000000 1.11009475E+002
10.00000000 9.70000000 1.15231414E+002
10.00000000 9.80000000 1.19453353E+002
10.00000000 9.90000000 1.23675292E+002
10.00000000 10.00000000 1.28498542E+002
10.00000000 10.10000000 1.33562318E+002
10.00000000 10.20000000 1.38626093E+002
10.00000000 10.30000000 1.43821064E+002
10.00000000 10.40000000 1.49803207E+002
10.00000000 10.50000000 1.55785350E+002
10.00000000 10.60000000 1.61767493E+002
10.00000000 10.70000000 1.68318149E+002
10.00000000 10.80000000 1.75295190E+002
10.00000000 10.90000000 1.82272230E+002
10.00000000 11.00000000 1.89249271E+002
10.10000000 1.00000000 -5.56869534E+001
10.10000000 1.10000000 -4.87099125E+001
10.10000000 1.20000000 -4.17328717E+001
10.10000000 1.30000000 -3.47558309E+001
10.10000000 1.40000000 -2.82051749E+001
10.10000000 1.50000000 -2.22230321E+001
10.10000000 1.60000000 -1.62408892E+001
10.10000000 1.70000000 -1.02587464E+001
10.10000000 1.80000000 -5.06377551E+000
10.10000000 1.90000000 1.11022302E-013
10.10000000 2.00000000 5.06377551E+000
10.10000000 2.10000000 9.88702624E+000
10.10000000 2.20000000 1.41089650E+001
10.10000000 2.30000000 1.83309038E+001
10.10000000 2.40000000 2.25528426E+001
10.10000000 2.50000000 2.62281341E+001
10.10000000 2.60000000 2.96847668E+001
10.10000000 2.70000000 3.31413994E+001
10.10000000 2.80000000 3.64996356E+001
10.10000000 2.90000000 3.92674927E+001
10.10000000 3.00000000 4.20353499E+001
10.10000000 3.10000000 4.48032070E+001
10.10000000 3.20000000 4.72212099E+001
10.10000000 3.30000000 4.93768222E+001
10.10000000 3.40000000 5.15324344E+001
10.10000000 3.50000000 5.36880466E+001
10.10000000 3.60000000 5.53079446E+001
10.10000000 3.70000000 5.69278426E+001
10.10000000 3.80000000 5.85477405E+001
10.10000000 3.90000000 5.99708455E+001
10.10000000 4.00000000 6.11315598E+001
10.10000000 4.10000000 6.22922741E+001
10.10000000 4.20000000 6.34529883E+001
10.10000000 4.30000000 6.42857143E+001
10.10000000 4.40000000 6.50637755E+001
10.10000000 4.50000000 6.58418367E+001
10.10000000 4.60000000 6.65324344E+001
10.10000000 4.70000000 6.70043732E+001
10.10000000 4.80000000 6.74763120E+001
10.10000000 4.90000000 6.79482507E+001
10.10000000 5.00000000 6.82561953E+001
10.10000000 5.10000000 6.84985423E+001
10.10000000 5.20000000 6.87408892E+001
10.10000000 5.30000000 6.89613703E+001
10.10000000 5.40000000 6.90506560E+001
10.10000000 5.50000000 6.91399417E+001
10.10000000 5.60000000 6.92292274E+001
10.10000000 5.70000000 6.92747813E+001
10.10000000 5.80000000 6.92875364E+001
10.10000000 5.90000000 6.93002915E+001
10.10000000 6.00000000 6.93130466E+001
10.10000000 6.10000000 6.93258017E+001
10.10000000 6.20000000 6.93385569E+001
10.10000000 6.30000000 6.93513120E+001
10.10000000 6.40000000 6.93968659E+001
10.10000000 6.50000000 6.94861516E+001
10.10000000 6.60000000 6.95754373E+001
10.10000000 6.70000000 6.96647230E+001
10.10000000 6.80000000 6.98852041E+001
10.10000000 6.90000000 7.01275510E+001
10.10000000 7.00000000 7.03698980E+001
10.10000000 7.10000000 7.06778426E+001
10.10000000 7.20000000 7.11497813E+001
10.10000000 7.30000000 7.16217201E+001
10.10000000 7.40000000 7.20936589E+001
10.10000000 7.50000000 7.27842566E+001
10.10000000 7.60000000 7.35623178E+001
10.10000000 7.70000000 7.43403790E+001
10.10000000 7.80000000 7.51731050E+001
10.10000000 7.90000000 7.63338192E+001
10.10000000 8.00000000 7.74945335E+001
10.10000000 8.10000000 7.86552478E+001
10.10000000 8.20000000 8.00783528E+001
10.10000000 8.30000000 8.16982507E+001
10.10000000 8.40000000 8.33181487E+001
10.10000000 8.50000000 8.49380466E+001
10.10000000 8.60000000 8.70936589E+001
10.10000000 8.70000000 8.92492711E+001
10.10000000 8.80000000 9.14048834E+001
10.10000000 8.90000000 9.38228863E+001
10.10000000 9.00000000 9.65907434E+001
10.10000000 9.10000000 9.93586006E+001
10.10000000 9.20000000 1.02126458E+002
10.10000000 9.30000000 1.05484694E+002
10.10000000 9.40000000 1.08941327E+002
10.10000000 9.50000000 1.12397959E+002
10.10000000 9.60000000 1.16073251E+002
10.10000000 9.70000000 1.20295190E+002
10.10000000 9.80000000 1.24517128E+002
10.10000000 9.90000000 1.28739067E+002
10.10000000 10.00000000 1.33562318E+002
10.10000000 10.10000000 1.38626093E+002
10.10000000 10.20000000 1.43689869E+002
10.10000000 10.30000000 1.48884840E+002
10.10000000 10.40000000 1.54866983E+002
10.10000000 10.50000000 1.60849125E+002
10.10000000 10.60000000 1.66831268E+002
10.10000000 10.70000000 1.73381924E+002
10.10000000 10.80000000 1.80358965E+002
10.10000000 10.90000000 1.87336006E+002
10.10000000 11.00000000 1.94313047E+002
10.20000000 1.00000000 -5.06231778E+001
10.20000000 1.10000000 -4.36461370E+001
10.20000000 1.20000000 -3.66690962E+001
10.20000000 1.30000000 -2.96920554E+001
10.20000000 1.40000000 -2.31413994E+001
10.20000000 1.50000000 -1.71592566E+001
10.20000000 1.60000000 -1.11771137E+001
10.20000000 1.70000000 -5.19497085E+000
10.20000000 1.80000000 -1.28785871E-014
10.20000000 1.90000000 5.06377551E+000
10.20000000 2.00000000 1.01275510E+001
10.20000000 2.10000000 1.49508017E+001
10.20000000 2.20000000 1.91727405E+001
10.20000000 2.30000000 2.33946793E+001
10.20000000 2.40000000 2.76166181E+001
10.20000000 2.50000000 3.12919096E+001
10.20000000 2.60000000 3.47485423E+001
10.20000000 2.70000000 3.82051749E+001
10.20000000 2.80000000 4.15634111E+001
10.20000000 2.90000000 4.43312682E+001
10.20000000 3.00000000 4.70991254E+001
10.20000000 3.10000000 4.98669825E+001
10.20000000 3.20000000 5.22849854E+001
10.20000000 3.30000000 5.44405977E+001
10.20000000 3.40000000 5.65962099E+001
10.20000000 3.50000000 5.87518222E+001
10.20000000 3.60000000 6.03717201E+001
10.20000000 3.70000000 6.19916181E+001
10.20000000 3.80000000 6.36115160E+001
10.20000000 3.90000000 6.50346210E+001
10.20000000 4.00000000 6.61953353E+001
10.20000000 4.10000000 6.73560496E+001
10.20000000 4.20000000 6.85167638E+001
10.20000000 4.30000000 6.93494898E+001
10.20000000 4.40000000 7.01275510E+001
10.20000000 4.50000000 7.09056122E+001
10.20000000 4.60000000 7.15962099E+001
10.20000000 4.70000000 7.20681487E+001
10.20000000 4.80000000 7.25400875E+001
10.20000000 4.90000000 7.30120262E+001
10.20000000 5.00000000 7.33199708E+001
10.20000000 5.10000000 7.35623178E+001
10.20000000 5.20000000 7.38046647E+001
10.20000000 5.30000000 7.40251458E+001
10.20000000 5.40000000 7.41144315E+001
10.20000000 5.50000000 7.42037172E+001
10.20000000 5.60000000 7.42930029E+001
10.20000000 5.70000000 7.43385569E+001
10.20000000 5.80000000 7.43513120E+001
10.20000000 5.90000000 7.43640671E+001
10.20000000 6.00000000 7.43768222E+001
10.20000000 6.10000000 7.43895773E+001
10.20000000 6.20000000 7.44023324E+001
10.20000000 6.30000000 7.44150875E+001
10.20000000 6.40000000 7.44606414E+001
10.20000000 6.50000000 7.45499271E+001
10.20000000 6.60000000 7.46392128E+001
10.20000000 6.70000000 7.47284985E+001
10.20000000 6.80000000 7.49489796E+001
10.20000000 6.90000000 7.51913265E+001
10.20000000 7.00000000 7.54336735E+001
10.20000000 7.10000000 7.57416181E+001
10.20000000 7.20000000 7.62135569E+001
10.20000000 7.30000000 7.66854956E+001
10.20000000 7.40000000 7.71574344E+001
10.20000000 7.50000000 7.78480321E+001
10.20000000 7.60000000 7.86260933E+001
10.20000000 7.70000000 7.94041545E+001
10.20000000 7.80000000 8.02368805E+001
10.20000000 7.90000000 8.13975948E+001
10.20000000 8.00000000 8.25583090E+001
10.20000000 8.10000000 8.37190233E+001
10.20000000 8.20000000 8.51421283E+001
10.20000000 8.30000000 8.67620262E+001
10.20000000 8.40000000 8.83819242E+001
10.20000000 8.50000000 9.00018222E+001
10.20000000 8.60000000 9.21574344E+001
10.20000000 8.70000000 9.43130466E+001
10.20000000 8.80000000 9.64686589E+001
10.20000000 8.90000000 9.88866618E+001
10.20000000 9.00000000 1.01654519E+002
10.20000000 9.10000000 1.04422376E+002
10.20000000 9.20000000 1.07190233E+002
10.20000000 9.30000000 1.10548469E+002
10.20000000 9.40000000 1.14005102E+002
10.20000000 9.50000000 1.17461735E+002
10.20000000 9.60000000 1.21137026E+002
10.20000000 9.70000000 1.25358965E+002
10.20000000 9.80000000 1.29580904E+002
10.20000000 9.90000000 1.33802843E+002
10.20000000 10.00000000 1.38626093E+002
10.20000000 10.10000000 1.43689869E+002
10.20000000 10.20000000 1.48753644E+002
10.20000000 10.30000000 1.53948615E+002
10.20000000 10.40000000 1.59930758E+002
10.20000000 10.50000000 1.65912901E+002
10.20000000 10.60000000 1.71895044E+002
10.20000000 10.70000000 1.78445700E+002
10.20000000 10.80000000 1.85422741E+002
10.20000000 10.90000000 1.92399781E+002
10.20000000 11.00000000 1.99376822E+002
10.30000000 1.00000000 -4.54282070E+001
10.30000000 1.10000000 -3.84511662E+001
10.30000000 1.20000000 -3.14741254E+001
10.30000000 1.30000000 -2.44970845E+001
10.30000000 1.40000000 -1.79464286E+001
10.30000000 1.50000000 -1.19642857E+001
10.30000000 1.60000000 -5.98214286E+000
10.30000000 1.70000000 -2.23154828E-014
10.30000000 1.80000000 5.19497085E+000
10.30000000 1.90000000 1.02587464E+001
10.30000000 2.00000000 1.53225219E+001
10.30000000 2.10000000 2.01457726E+001
10.30000000 2.20000000 2.43677114E+001
10.30000000 2.30000000 2.85896501E+001
10.30000000 2.40000000 3.28115889E+001
10.30000000 2.50000000 3.64868805E+001
10.30000000 2.60000000 3.99435131E+001
10.30000000 2.70000000 4.34001458E+001
10.30000000 2.80000000 4.67583819E+001
10.30000000 2.90000000 4.95262391E+001
10.30000000 3.00000000 5.22940962E+001
10.30000000 3.10000000 5.50619534E+001
10.30000000 3.20000000 5.74799563E+001
10.30000000 3.30000000 5.96355685E+001
10.30000000 3.40000000 6.17911808E+001
10.30000000 3.50000000 6.39467930E+001
10.30000000 3.60000000 6.55666910E+001
10.30000000 3.70000000 6.71865889E+001
10.30000000 3.80000000 6.88064869E+001
10.30000000 3.90000000 7.02295918E+001
10.30000000 4.00000000 7.13903061E+001
10.30000000 4.10000000 7.25510204E+001
10.30000000 4.20000000 7.37117347E+001
10.30000000 4.30000000 7.45444606E+001
10.30000000 4.40000000 7.53225219E+001
10.30000000 4.50000000 7.61005831E+001
10.30000000 4.60000000 7.67911808E+001
10.30000000 4.70000000 7.72631195E+001
10.30000000 4.80000000 7.77350583E+001
10.30000000 4.90000000 7.82069971E+001
10.30000000 5.00000000 7.85149417E+001
10.30000000 5.10000000 7.87572886E+001
10.30000000 5.20000000 7.89996356E+001
10.30000000 5.30000000 7.92201166E+001
10.30000000 5.40000000 7.93094023E+001
10.30000000 5.50000000 7.93986880E+001
10.30000000 5.60000000 7.94879738E+001
10.30000000 5.70000000 7.95335277E+001
10.30000000 5.80000000 7.95462828E+001
10.30000000 5.90000000 7.95590379E+001
10.30000000 6.00000000 7.95717930E+001
10.30000000 6.10000000 7.95845481E+001
10.30000000 6.20000000 7.95973032E+001
10.30000000 6.30000000 7.96100583E+001
10.30000000 6.40000000 7.96556122E+001
10.30000000 6.50000000 7.97448980E+001
10.30000000 6.60000000 7.98341837E+001
10.30000000 6.70000000 7.99234694E+001
10.30000000 6.80000000 8.01439504E+001
10.30000000 6.90000000 8.03862974E+001
10.30000000 7.00000000 8.06286443E+001
10.30000000 7.10000000 8.09365889E+001
10.30000000 7.20000000 8.14085277E+001
10.30000000 7.30000000 8.18804665E+001
10.30000000 7.40000000 8.23524052E+001
10.30000000 7.50000000 8.30430029E+001
10.30000000 7.60000000 8.38210641E+001
10.30000000 7.70000000 8.45991254E+001
10.30000000 7.80000000 8.54318513E+001
10.30000000 7.90000000 8.65925656E+001
10.30000000 8.00000000 8.77532799E+001
10.30000000 8.10000000 8.89139942E+001
10.30000000 8.20000000 9.03370991E+001
10.30000000 8.30000000 9.19569971E+001
10.30000000 8.40000000 9.35768950E+001
10.30000000 8.50000000 9.51967930E+001
10.30000000 8.60000000 9.73524052E+001
10.30000000 8.70000000 9.95080175E+001
10.30000000 8.80000000 1.01663630E+002
10.30000000 8.90000000 1.04081633E+002
10.30000000 9.00000000 1.06849490E+002
10.30000000 9.10000000 1.09617347E+002
10.30000000 9.20000000 1.12385204E+002
10.30000000 9.30000000 1.15743440E+002
10.30000000 9.40000000 1.19200073E+002
10.30000000 9.50000000 1.22656706E+002
10.30000000 9.60000000 1.26331997E+002
10.30000000 9.70000000 1.30553936E+002
10.30000000 9.80000000 1.34775875E+002
10.30000000 9.90000000 1.38997813E+002
10.30000000 10.00000000 1.43821064E+002
10.30000000 10.10000000 1.48884840E+002
10.30000000 10.20000000 1.53948615E+002
10.30000000 10.30000000 1.59143586E+002
10.30000000 10.40000000 1.65125729E+002
10.30000000 10.50000000 1.71107872E+002
10.30000000 10.60000000 1.77090015E+002
10.30000000 10.70000000 1.83640671E+002
10.30000000 10.80000000 1.90617711E+002
10.30000000 10.90000000 1.97594752E+002
10.30000000 11.00000000 2.04571793E+002
10.40000000 1.00000000 -3.94460641E+001
10.40000000 1.10000000 -3.24690233E+001
10.40000000 1.20000000 -2.54919825E+001
10.40000000 1.30000000 -1.85149417E+001
10.40000000 1.40000000 -1.19642857E+001
10.40000000 1.50000000 -5.98214286E+000
10.40000000 1.60000000 5.41788836E-014
10.40000000 1.70000000 5.98214286E+000
10.40000000 1.80000000 1.11771137E+001
10.40000000 1.90000000 1.62408892E+001
10.40000000 2.00000000 2.13046647E+001
10.40000000 2.10000000 2.61279155E+001
10.40000000 2.20000000 3.03498542E+001
10.40000000 2.30000000 3.45717930E+001
10.40000000 2.40000000 3.87937318E+001
10.40000000 2.50000000 4.24690233E+001
10.40000000 2.60000000 4.59256560E+001
10.40000000 2.70000000 4.93822886E+001
10.40000000 2.80000000 5.27405248E+001
10.40000000 2.90000000 5.55083819E+001
10.40000000 3.00000000 5.82762391E+001
10.40000000 3.10000000 6.10440962E+001
10.40000000 3.20000000 6.34620991E+001
10.40000000 3.30000000 6.56177114E+001
10.40000000 3.40000000 6.77733236E+001
10.40000000 3.50000000 6.99289359E+001
10.40000000 3.60000000 7.15488338E+001
10.40000000 3.70000000 7.31687318E+001
10.40000000 3.80000000 7.47886297E+001
10.40000000 3.90000000 7.62117347E+001
10.40000000 4.00000000 7.73724490E+001
10.40000000 4.10000000 7.85331633E+001
10.40000000 4.20000000 7.96938776E+001
10.40000000 4.30000000 8.05266035E+001
10.40000000 4.40000000 8.13046647E+001
10.40000000 4.50000000 8.20827259E+001
10.40000000 4.60000000 8.27733236E+001
10.40000000 4.70000000 8.32452624E+001
10.40000000 4.80000000 8.37172012E+001
10.40000000 4.90000000 8.41891399E+001
10.40000000 5.00000000 8.44970845E+001
10.40000000 5.10000000 8.47394315E+001
10.40000000 5.20000000 8.49817784E+001
10.40000000 5.30000000 8.52022595E+001
10.40000000 5.40000000 8.52915452E+001
10.40000000 5.50000000 8.53808309E+001
10.40000000 5.60000000 8.54701166E+001
10.40000000 5.70000000 8.55156706E+001
10.40000000 5.80000000 8.55284257E+001
10.40000000 5.90000000 8.55411808E+001
10.40000000 6.00000000 8.55539359E+001
10.40000000 6.10000000 8.55666910E+001
10.40000000 6.20000000 8.55794461E+001
10.40000000 6.30000000 8.55922012E+001
10.40000000 6.40000000 8.56377551E+001
10.40000000 6.50000000 8.57270408E+001
10.40000000 6.60000000 8.58163265E+001
10.40000000 6.70000000 8.59056122E+001
10.40000000 6.80000000 8.61260933E+001
10.40000000 6.90000000 8.63684402E+001
10.40000000 7.00000000 8.66107872E+001
10.40000000 7.10000000 8.69187318E+001
10.40000000 7.20000000 8.73906706E+001
10.40000000 7.30000000 8.78626093E+001
10.40000000 7.40000000 8.83345481E+001
10.40000000 7.50000000 8.90251458E+001
10.40000000 7.60000000 8.98032070E+001
10.40000000 7.70000000 9.05812682E+001
10.40000000 7.80000000 9.14139942E+001
10.40000000 7.90000000 9.25747085E+001
10.40000000 8.00000000 9.37354227E+001
10.40000000 8.10000000 9.48961370E+001
10.40000000 8.20000000 9.63192420E+001
10.40000000 8.30000000 9.79391399E+001
10.40000000 8.40000000 9.95590379E+001
10.40000000 8.50000000 1.01178936E+002
10.40000000 8.60000000 1.03334548E+002
10.40000000 8.70000000 1.05490160E+002
10.40000000 8.80000000 1.07645773E+002
10.40000000 8.90000000 1.10063776E+002
10.40000000 9.00000000 1.12831633E+002
10.40000000 9.10000000 1.15599490E+002
10.40000000 9.20000000 1.18367347E+002
10.40000000 9.30000000 1.21725583E+002
10.40000000 9.40000000 1.25182216E+002
10.40000000 9.50000000 1.28638848E+002
10.40000000 9.60000000 1.32314140E+002
10.40000000 9.70000000 1.36536079E+002
10.40000000 9.80000000 1.40758017E+002
10.40000000 9.90000000 1.44979956E+002
10.40000000 10.00000000 1.49803207E+002
10.40000000 10.10000000 1.54866983E+002
10.40000000 10.20000000 1.59930758E+002
10.40000000 10.30000000 1.65125729E+002
10.40000000 10.40000000 1.71107872E+002
10.40000000 10.50000000 1.77090015E+002
10.40000000 10.60000000 1.83072157E+002
10.40000000 10.70000000 1.89622813E+002
10.40000000 10.80000000 1.96599854E+002
10.40000000 10.90000000 2.03576895E+002
10.40000000 11.00000000 2.10553936E+002
10.50000000 1.00000000 -3.34639213E+001
10.50000000 1.10000000 -2.64868805E+001
10.50000000 1.20000000 -1.95098397E+001
10.50000000 1.30000000 -1.25327988E+001
10.50000000 1.40000000 -5.98214286E+000
10.50000000 1.50000000 1.58095759E-013
10.50000000 1.60000000 5.98214286E+000
10.50000000 1.70000000 1.19642857E+001
10.50000000 1.80000000 1.71592566E+001
10.50000000 1.90000000 2.22230321E+001
10.50000000 2.00000000 2.72868076E+001
10.50000000 2.10000000 3.21100583E+001
10.50000000 2.20000000 3.63319971E+001
10.50000000 2.30000000 4.05539359E+001
10.50000000 2.40000000 4.47758746E+001
10.50000000 2.50000000 4.84511662E+001
10.50000000 2.60000000 5.19077988E+001
10.50000000 2.70000000 5.53644315E+001
10.50000000 2.80000000 5.87226676E+001
10.50000000 2.90000000 6.14905248E+001
10.50000000 3.00000000 6.42583819E+001
10.50000000 3.10000000 6.70262391E+001
10.50000000 3.20000000 6.94442420E+001
10.50000000 3.30000000 7.15998542E+001
10.50000000 3.40000000 7.37554665E+001
10.50000000 3.50000000 7.59110787E+001
10.50000000 3.60000000 7.75309767E+001
10.50000000 3.70000000 7.91508746E+001
10.50000000 3.80000000 8.07707726E+001
10.50000000 3.90000000 8.21938776E+001
10.50000000 4.00000000 8.33545918E+001
10.50000000 4.10000000 8.45153061E+001
10.50000000 4.20000000 8.56760204E+001
10.50000000 4.30000000 8.65087464E+001
10.50000000 4.40000000 8.72868076E+001
10.50000000 4.50000000 8.80648688E+001
10.50000000 4.60000000 8.87554665E+001
10.50000000 4.70000000 8.92274052E+001
10.50000000 4.80000000 8.96993440E+001
10.50000000 4.90000000 9.01712828E+001
10.50000000 5.00000000 9.04792274E+001
10.50000000 5.10000000 9.07215743E+001
10.50000000 5.20000000 9.09639213E+001
10.50000000 5.30000000 9.11844023E+001
10.50000000 5.40000000 9.12736880E+001
10.50000000 5.50000000 9.13629738E+001
10.50000000 5.60000000 9.14522595E+001
10.50000000 5.70000000 9.14978134E+001
10.50000000 5.80000000 9.15105685E+001
10.50000000 5.90000000 9.15233236E+001
10.50000000 6.00000000 9.15360787E+001
10.50000000 6.10000000 9.15488338E+001
10.50000000 6.20000000 9.15615889E+001
10.50000000 6.30000000 9.15743440E+001
10.50000000 6.40000000 9.16198980E+001
10.50000000 6.50000000 9.17091837E+001
10.50000000 6.60000000 9.17984694E+001
10.50000000 6.70000000 9.18877551E+001
10.50000000 6.80000000 9.21082362E+001
10.50000000 6.90000000 9.23505831E+001
10.50000000 7.00000000 9.25929300E+001
10.50000000 7.10000000 9.29008746E+001
10.50000000 7.20000000 9.33728134E+001
10.50000000 7.30000000 9.38447522E+001
10.50000000 7.40000000 9.43166910E+001
10.50000000 7.50000000 9.50072886E+001
10.50000000 7.60000000 9.57853499E+001
10.50000000 7.70000000 9.65634111E+001
10.50000000 7.80000000 9.73961370E+001
10.50000000 7.90000000 9.85568513E+001
10.50000000 8.00000000 9.97175656E+001
10.50000000 8.10000000 1.00878280E+002
10.50000000 8.20000000 1.02301385E+002
10.50000000 8.30000000 1.03921283E+002
10.50000000 8.40000000 1.05541181E+002
10.50000000 8.50000000 1.07161079E+002
10.50000000 8.60000000 1.09316691E+002
10.50000000 8.70000000 1.11472303E+002
10.50000000 8.80000000 1.13627915E+002
10.50000000 8.90000000 1.16045918E+002
10.50000000 9.00000000 1.18813776E+002
10.50000000 9.10000000 1.21581633E+002
10.50000000 9.20000000 1.24349490E+002
10.50000000 9.30000000 1.27707726E+002
10.50000000 9.40000000 1.31164359E+002
10.50000000 9.50000000 1.34620991E+002
10.50000000 9.60000000 1.38296283E+002
10.50000000 9.70000000 1.42518222E+002
10.50000000 9.80000000 1.46740160E+002
10.50000000 9.90000000 1.50962099E+002
10.50000000 10.00000000 1.55785350E+002
10.50000000 10.10000000 1.60849125E+002
10.50000000 10.20000000 1.65912901E+002
10.50000000 10.30000000 1.71107872E+002
10.50000000 10.40000000 1.77090015E+002
10.50000000 10.50000000 1.83072157E+002
10.50000000 10.60000000 1.89054300E+002
10.50000000 10.70000000 1.95604956E+002
10.50000000 10.80000000 2.02581997E+002
10.50000000 10.90000000 2.09559038E+002
10.50000000 11.00000000 2.16536079E+002
10.60000000 1.00000000 -2.74817784E+001
10.60000000 1.10000000 -2.05047376E+001
10.60000000 1.20000000 -1.35276968E+001
10.60000000 1.30000000 -6.55065598E+000
10.60000000 1.40000000 1.28341782E-013
10.60000000 1.50000000 5.98214286E+000
10.60000000 1.60000000 1.19642857E+001
10.60000000 1.70000000 1.79464286E+001
10.60000000 1.80000000 2.31413994E+001
10.60000000 1.90000000 2.82051749E+001
10.60000000 2.00000000 3.32689504E+001
10.60000000 2.10000000 3.80922012E+001
10.60000000 2.20000000 4.23141399E+001
10.60000000 2.30000000 4.65360787E+001
10.60000000 2.40000000 5.07580175E+001
10.60000000 2.50000000 5.44333090E+001
10.60000000 2.60000000 5.78899417E+001
10.60000000 2.70000000 6.13465743E+001
10.60000000 2.80000000 6.47048105E+001
10.60000000 2.90000000 6.74726676E+001
10.60000000 3.00000000 7.02405248E+001
10.60000000 3.10000000 7.30083819E+001
10.60000000 3.20000000 7.54263848E+001
10.60000000 3.30000000 7.75819971E+001
10.60000000 3.40000000 7.97376093E+001
10.60000000 3.50000000 8.18932216E+001
10.60000000 3.60000000 8.35131195E+001
10.60000000 3.70000000 8.51330175E+001
10.60000000 3.80000000 8.67529155E+001
10.60000000 3.90000000 8.81760204E+001
10.60000000 4.00000000 8.93367347E+001
10.60000000 4.10000000 9.04974490E+001
10.60000000 4.20000000 9.16581633E+001
10.60000000 4.30000000 9.24908892E+001
10.60000000 4.40000000 9.32689504E+001
10.60000000 4.50000000 9.40470117E+001
10.60000000 4.60000000 9.47376093E+001
10.60000000 4.70000000 9.52095481E+001
10.60000000 4.80000000 9.56814869E+001
10.60000000 4.90000000 9.61534257E+001
10.60000000 5.00000000 9.64613703E+001
10.60000000 5.10000000 9.67037172E+001
10.60000000 5.20000000 9.69460641E+001
10.60000000 5.30000000 9.71665452E+001
10.60000000 5.40000000 9.72558309E+001
10.60000000 5.50000000 9.73451166E+001
10.60000000 5.60000000 9.74344023E+001
10.60000000 5.70000000 9.74799563E+001
10.60000000 5.80000000 9.74927114E+001
10.60000000 5.90000000 9.75054665E+001
10.60000000 6.00000000 9.75182216E+001
10.60000000 6.10000000 9.75309767E+001
10.60000000 6.20000000 9.75437318E+001
10.60000000 6.30000000 9.75564869E+001
10.60000000 6.40000000 9.76020408E+001
10.60000000 6.50000000 9.76913265E+001
10.60000000 6.60000000 9.77806122E+001
10.60000000 6.70000000 9.78698980E+001
10.60000000 6.80000000 9.80903790E+001
10.60000000 6.90000000 9.83327259E+001
10.60000000 7.00000000 9.85750729E+001
10.60000000 7.10000000 9.88830175E+001
10.60000000 7.20000000 9.93549563E+001
10.60000000 7.30000000 9.98268950E+001
10.60000000 7.40000000 1.00298834E+002
10.60000000 7.50000000 1.00989431E+002
10.60000000 7.60000000 1.01767493E+002
10.60000000 7.70000000 1.02545554E+002
10.60000000 7.80000000 1.03378280E+002
10.60000000 7.90000000 1.04538994E+002
10.60000000 8.00000000 1.05699708E+002
10.60000000 8.10000000 1.06860423E+002
10.60000000 8.20000000 1.08283528E+002
10.60000000 8.30000000 1.09903426E+002
10.60000000 8.40000000 1.11523324E+002
10.60000000 8.50000000 1.13143222E+002
10.60000000 8.60000000 1.15298834E+002
10.60000000 8.70000000 1.17454446E+002
10.60000000 8.80000000 1.19610058E+002
10.60000000 8.90000000 1.22028061E+002
10.60000000 9.00000000 1.24795918E+002
10.60000000 9.10000000 1.27563776E+002
10.60000000 9.20000000 1.30331633E+002
10.60000000 9.30000000 1.33689869E+002
10.60000000 9.40000000 1.37146501E+002
10.60000000 9.50000000 1.40603134E+002
10.60000000 9.60000000 1.44278426E+002
10.60000000 9.70000000 1.48500364E+002
10.60000000 9.80000000 1.52722303E+002
10.60000000 9.90000000 1.56944242E+002
10.60000000 10.00000000 1.61767493E+002
10.60000000 10.10000000 1.66831268E+002
10.60000000 10.20000000 1.71895044E+002
10.60000000 10.30000000 1.77090015E+002
10.60000000 10.40000000 1.83072157E+002
10.60000000 10.50000000 1.89054300E+002
10.60000000 10.60000000 1.95036443E+002
10.60000000 10.70000000 2.01587099E+002
10.60000000 10.80000000 2.08564140E+002
10.60000000 10.90000000 2.15541181E+002
10.60000000 11.00000000 2.22518222E+002
10.70000000 1.00000000 -2.09311224E+001
10.70000000 1.10000000 -1.39540816E+001
10.70000000 1.20000000 -6.97704082E+000
10.70000000 1.30000000 -3.99680289E-015
10.70000000 1.40000000 6.55065598E+000
10.70000000 1.50000000 1.25327988E+001
10.70000000 1.60000000 1.85149417E+001
10.70000000 1.70000000 2.44970845E+001
10.70000000 1.80000000 2.96920554E+001
10.70000000 1.90000000 3.47558309E+001
10.70000000 2.00000000 3.98196064E+001
10.70000000 2.10000000 4.46428571E+001
10.70000000 2.20000000 4.88647959E+001
10.70000000 2.30000000 5.30867347E+001
10.70000000 2.40000000 5.73086735E+001
10.70000000 2.50000000 6.09839650E+001
10.70000000 2.60000000 6.44405977E+001
10.70000000 2.70000000 6.78972303E+001
10.70000000 2.80000000 7.12554665E+001
10.70000000 2.90000000 7.40233236E+001
10.70000000 3.00000000 7.67911808E+001
10.70000000 3.10000000 7.95590379E+001
10.70000000 3.20000000 8.19770408E+001
10.70000000 3.30000000 8.41326531E+001
10.70000000 3.40000000 8.62882653E+001
10.70000000 3.50000000 8.84438776E+001
10.70000000 3.60000000 9.00637755E+001
10.70000000 3.70000000 9.16836735E+001
10.70000000 3.80000000 9.33035714E+001
10.70000000 3.90000000 9.47266764E+001
10.70000000 4.00000000 9.58873907E+001
10.70000000 4.10000000 9.70481050E+001
10.70000000 4.20000000 9.82088192E+001
10.70000000 4.30000000 9.90415452E+001
10.70000000 4.40000000 9.98196064E+001
10.70000000 4.50000000 1.00597668E+002
10.70000000 4.60000000 1.01288265E+002
10.70000000 4.70000000 1.01760204E+002
10.70000000 4.80000000 1.02232143E+002
10.70000000 4.90000000 1.02704082E+002
10.70000000 5.00000000 1.03012026E+002
10.70000000 5.10000000 1.03254373E+002
10.70000000 5.20000000 1.03496720E+002
10.70000000 5.30000000 1.03717201E+002
10.70000000 5.40000000 1.03806487E+002
10.70000000 5.50000000 1.03895773E+002
10.70000000 5.60000000 1.03985058E+002
10.70000000 5.70000000 1.04030612E+002
10.70000000 5.80000000 1.04043367E+002
10.70000000 5.90000000 1.04056122E+002
10.70000000 6.00000000 1.04068878E+002
10.70000000 6.10000000 1.04081633E+002
10.70000000 6.20000000 1.04094388E+002
10.70000000 6.30000000 1.04107143E+002
10.70000000 6.40000000 1.04152697E+002
10.70000000 6.50000000 1.04241983E+002
10.70000000 6.60000000 1.04331268E+002
10.70000000 6.70000000 1.04420554E+002
10.70000000 6.80000000 1.04641035E+002
10.70000000 6.90000000 1.04883382E+002
10.70000000 7.00000000 1.05125729E+002
10.70000000 7.10000000 1.05433673E+002
10.70000000 7.20000000 1.05905612E+002
10.70000000 7.30000000 1.06377551E+002
10.70000000 7.40000000 1.06849490E+002
10.70000000 7.50000000 1.07540087E+002
10.70000000 7.60000000 1.08318149E+002
10.70000000 7.70000000 1.09096210E+002
10.70000000 7.80000000 1.09928936E+002
10.70000000 7.90000000 1.11089650E+002
10.70000000 8.00000000 1.12250364E+002
10.70000000 8.10000000 1.13411079E+002
10.70000000 8.20000000 1.14834184E+002
10.70000000 8.30000000 1.16454082E+002
10.70000000 8.40000000 1.18073980E+002
10.70000000 8.50000000 1.19693878E+002
10.70000000 8.60000000 1.21849490E+002
10.70000000 8.70000000 1.24005102E+002
10.70000000 8.80000000 1.26160714E+002
10.70000000 8.90000000 1.28578717E+002
10.70000000 9.00000000 1.31346574E+002
10.70000000 9.10000000 1.34114431E+002
10.70000000 9.20000000 1.36882289E+002
10.70000000 9.30000000 1.40240525E+002
10.70000000 9.40000000 1.43697157E+002
10.70000000 9.50000000 1.47153790E+002
10.70000000 9.60000000 1.50829082E+002
10.70000000 9.70000000 1.55051020E+002
10.70000000 9.80000000 1.59272959E+002
10.70000000 9.90000000 1.63494898E+002
10.70000000 10.00000000 1.68318149E+002
10.70000000 10.10000000 1.73381924E+002
10.70000000 10.20000000 1.78445700E+002
10.70000000 10.30000000 1.83640671E+002
10.70000000 10.40000000 1.89622813E+002
10.70000000 10.50000000 1.95604956E+002
10.70000000 10.60000000 2.01587099E+002
10.70000000 10.70000000 2.08137755E+002
10.70000000 10.80000000 2.15114796E+002
10.70000000 10.90000000 2.22091837E+002
10.70000000 11.00000000 2.29068878E+002
10.80000000 1.00000000 -1.39540816E+001
10.80000000 1.10000000 -6.97704082E+000
10.80000000 1.20000000 7.99360578E-014
10.80000000 1.30000000 6.97704082E+000
10.80000000 1.40000000 1.35276968E+001
10.80000000 1.50000000 1.95098397E+001
10.80000000 1.60000000 2.54919825E+001
10.80000000 1.70000000 3.14741254E+001
10.80000000 1.80000000 3.66690962E+001
10.80000000 1.90000000 4.17328717E+001
10.80000000 2.00000000 4.67966472E+001
10.80000000 2.10000000 5.16198980E+001
10.80000000 2.20000000 5.58418367E+001
10.80000000 2.30000000 6.00637755E+001
10.80000000 2.40000000 6.42857143E+001
10.80000000 2.50000000 6.79610058E+001
10.80000000 2.60000000 7.14176385E+001
10.80000000 2.70000000 7.48742711E+001
10.80000000 2.80000000 7.82325073E+001
10.80000000 2.90000000 8.10003644E+001
10.80000000 3.00000000 8.37682216E+001
10.80000000 3.10000000 8.65360787E+001
10.80000000 3.20000000 8.89540816E+001
10.80000000 3.30000000 9.11096939E+001
10.80000000 3.40000000 9.32653061E+001
10.80000000 3.50000000 9.54209184E+001
10.80000000 3.60000000 9.70408163E+001
10.80000000 3.70000000 9.86607143E+001
10.80000000 3.80000000 1.00280612E+002
10.80000000 3.90000000 1.01703717E+002
10.80000000 4.00000000 1.02864431E+002
10.80000000 4.10000000 1.04025146E+002
10.80000000 4.20000000 1.05185860E+002
10.80000000 4.30000000 1.06018586E+002
10.80000000 4.40000000 1.06796647E+002
10.80000000 4.50000000 1.07574708E+002
10.80000000 4.60000000 1.08265306E+002
10.80000000 4.70000000 1.08737245E+002
10.80000000 4.80000000 1.09209184E+002
10.80000000 4.90000000 1.09681122E+002
10.80000000 5.00000000 1.09989067E+002
10.80000000 5.10000000 1.10231414E+002
10.80000000 5.20000000 1.10473761E+002
10.80000000 5.30000000 1.10694242E+002
10.80000000 5.40000000 1.10783528E+002
10.80000000 5.50000000 1.10872813E+002
10.80000000 5.60000000 1.10962099E+002
10.80000000 5.70000000 1.11007653E+002
10.80000000 5.80000000 1.11020408E+002
10.80000000 5.90000000 1.11033163E+002
10.80000000 6.00000000 1.11045918E+002
10.80000000 6.10000000 1.11058673E+002
10.80000000 6.20000000 1.11071429E+002
10.80000000 6.30000000 1.11084184E+002
10.80000000 6.40000000 1.11129738E+002
10.80000000 6.50000000 1.11219023E+002
10.80000000 6.60000000 1.11308309E+002
10.80000000 6.70000000 1.11397595E+002
10.80000000 6.80000000 1.11618076E+002
10.80000000 6.90000000 1.11860423E+002
10.80000000 7.00000000 1.12102770E+002
10.80000000 7.10000000 1.12410714E+002
10.80000000 7.20000000 1.12882653E+002
10.80000000 7.30000000 1.13354592E+002
10.80000000 7.40000000 1.13826531E+002
10.80000000 7.50000000 1.14517128E+002
10.80000000 7.60000000 1.15295190E+002
10.80000000 7.70000000 1.16073251E+002
10.80000000 7.80000000 1.16905977E+002
10.80000000 7.90000000 1.18066691E+002
10.80000000 8.00000000 1.19227405E+002
10.80000000 8.10000000 1.20388120E+002
10.80000000 8.20000000 1.21811224E+002
10.80000000 8.30000000 1.23431122E+002
10.80000000 8.40000000 1.25051020E+002
10.80000000 8.50000000 1.26670918E+002
10.80000000 8.60000000 1.28826531E+002
10.80000000 8.70000000 1.30982143E+002
10.80000000 8.80000000 1.33137755E+002
10.80000000 8.90000000 1.35555758E+002
10.80000000 9.00000000 1.38323615E+002
10.80000000 9.10000000 1.41091472E+002
10.80000000 9.20000000 1.43859329E+002
10.80000000 9.30000000 1.47217566E+002
10.80000000 9.40000000 1.50674198E+002
10.80000000 9.50000000 1.54130831E+002
10.80000000 9.60000000 1.57806122E+002
10.80000000 9.70000000 1.62028061E+002
10.80000000 9.80000000 1.66250000E+002
10.80000000 9.90000000 1.70471939E+002
10.80000000 10.00000000 1.75295190E+002
10.80000000 10.10000000 1.80358965E+002
10.80000000 10.20000000 1.85422741E+002
10.80000000 10.30000000 1.90617711E+002
10.80000000 10.40000000 1.96599854E+002
10.80000000 10.50000000 2.02581997E+002
10.80000000 10.60000000 2.08564140E+002
10.80000000 10.70000000 2.15114796E+002
10.80000000 10.80000000 2.22091837E+002
10.80000000 10.90000000 2.29068878E+002
10.80000000 11.00000000 2.36045918E+002
10.90000000 1.00000000 -6.97704082E+000
10.90000000 1.10000000 -9.94759830E-014
10.90000000 1.20000000 6.97704082E+000
10.90000000 1.30000000 1.39540816E+001
10.90000000 1.40000000 2.05047376E+001
10.90000000 1.50000000 2.64868805E+001
10.90000000 1.60000000 3.24690233E+001
10.90000000 1.70000000 3.84511662E+001
10.90000000 1.80000000 4.36461370E+001
10.90000000 1.90000000 4.87099125E+001
10.90000000 2.00000000 5.37736880E+001
10.90000000 2.10000000 5.85969388E+001
10.90000000 2.20000000 6.28188776E+001
10.90000000 2.30000000 6.70408163E+001
10.90000000 2.40000000 7.12627551E+001
10.90000000 2.50000000 7.49380466E+001
10.90000000 2.60000000 7.83946793E+001
10.90000000 2.70000000 8.18513120E+001
10.90000000 2.80000000 8.52095481E+001
10.90000000 2.90000000 8.79774052E+001
10.90000000 3.00000000 9.07452624E+001
10.90000000 3.10000000 9.35131195E+001
10.90000000 3.20000000 9.59311224E+001
10.90000000 3.30000000 9.80867347E+001
10.90000000 3.40000000 1.00242347E+002
10.90000000 3.50000000 1.02397959E+002
10.90000000 3.60000000 1.04017857E+002
10.90000000 3.70000000 1.05637755E+002
10.90000000 3.80000000 1.07257653E+002
10.90000000 3.90000000 1.08680758E+002
10.90000000 4.00000000 1.09841472E+002
10.90000000 4.10000000 1.11002187E+002
10.90000000 4.20000000 1.12162901E+002
10.90000000 4.30000000 1.12995627E+002
10.90000000 4.40000000 1.13773688E+002
10.90000000 4.50000000 1.14551749E+002
10.90000000 4.60000000 1.15242347E+002
10.90000000 4.70000000 1.15714286E+002
10.90000000 4.80000000 1.16186224E+002
10.90000000 4.90000000 1.16658163E+002
10.90000000 5.00000000 1.16966108E+002
10.90000000 5.10000000 1.17208455E+002
10.90000000 5.20000000 1.17450802E+002
10.90000000 5.30000000 1.17671283E+002
10.90000000 5.40000000 1.17760569E+002
10.90000000 5.50000000 1.17849854E+002
10.90000000 5.60000000 1.17939140E+002
10.90000000 5.70000000 1.17984694E+002
10.90000000 5.80000000 1.17997449E+002
10.90000000 5.90000000 1.18010204E+002
10.90000000 6.00000000 1.18022959E+002
10.90000000 6.10000000 1.18035714E+002
10.90000000 6.20000000 1.18048469E+002
10.90000000 6.30000000 1.18061224E+002
10.90000000 6.40000000 1.18106778E+002
10.90000000 6.50000000 1.18196064E+002
10.90000000 6.60000000 1.18285350E+002
10.90000000 6.70000000 1.18374636E+002
10.90000000 6.80000000 1.18595117E+002
10.90000000 6.90000000 1.18837464E+002
10.90000000 7.00000000 1.19079810E+002
10.90000000 7.10000000 1.19387755E+002
10.90000000 7.20000000 1.19859694E+002
10.90000000 7.30000000 1.20331633E+002
10.90000000 7.40000000 1.20803571E+002
10.90000000 7.50000000 1.21494169E+002
10.90000000 7.60000000 1.22272230E+002
10.90000000 7.70000000 1.23050292E+002
10.90000000 7.80000000 1.23883017E+002
10.90000000 7.90000000 1.25043732E+002
10.90000000 8.00000000 1.26204446E+002
10.90000000 8.10000000 1.27365160E+002
10.90000000 8.20000000 1.28788265E+002
10.90000000 8.30000000 1.30408163E+002
10.90000000 8.40000000 1.32028061E+002
10.90000000 8.50000000 1.33647959E+002
10.90000000 8.60000000 1.35803571E+002
10.90000000 8.70000000 1.37959184E+002
10.90000000 8.80000000 1.40114796E+002
10.90000000 8.90000000 1.42532799E+002
10.90000000 9.00000000 1.45300656E+002
10.90000000 9.10000000 1.48068513E+002
10.90000000 9.20000000 1.50836370E+002
10.90000000 9.30000000 1.54194606E+002
10.90000000 9.40000000 1.57651239E+002
10.90000000 9.50000000 1.61107872E+002
10.90000000 9.60000000 1.64783163E+002
10.90000000 9.70000000 1.69005102E+002
10.90000000 9.80000000 1.73227041E+002
10.90000000 9.90000000 1.77448980E+002
10.90000000 10.00000000 1.82272230E+002
10.90000000 10.10000000 1.87336006E+002
10.90000000 10.20000000 1.92399781E+002
10.90000000 10.30000000 1.97594752E+002
10.90000000 10.40000000 2.03576895E+002
10.90000000 10.50000000 2.09559038E+002
10.90000000 10.60000000 2.15541181E+002
10.90000000 10.70000000 2.22091837E+002
10.90000000 10.80000000 2.29068878E+002
10.90000000 10.90000000 2.36045918E+002
10.90000000 11.00000000 2.43022959E+002
11.00000000 1.00000000 0.00000000E+000
11.00000000 1.10000000 6.97704082E+000
11.00000000 1.20000000 1.39540816E+001
11.00000000 1.30000000 2.09311224E+001
11.00000000 1.40000000 2.74817784E+001
11.00000000 1.50000000 3.34639213E+001
11.00000000 1.60000000 3.94460641E+001
11.00000000 1.70000000 4.54282070E+001
11.00000000 1.80000000 5.06231778E+001
11.00000000 1.90000000 5.56869534E+001
11.00000000 2.00000000 6.07507289E+001
11.00000000 2.10000000 6.55739796E+001
11.00000000 2.20000000 6.97959184E+001
11.00000000 2.30000000 7.40178571E+001
11.00000000 2.40000000 7.82397959E+001
11.00000000 2.50000000 8.19150875E+001
11.00000000 2.60000000 8.53717201E+001
11.00000000 2.70000000 8.88283528E+001
11.00000000 2.80000000 9.21865889E+001
11.00000000 2.90000000 9.49544461E+001
11.00000000 3.00000000 9.77223032E+001
11.00000000 3.10000000 1.00490160E+002
11.00000000 3.20000000 1.02908163E+002
11.00000000 3.30000000 1.05063776E+002
11.00000000 3.40000000 1.07219388E+002
11.00000000 3.50000000 1.09375000E+002
11.00000000 3.60000000 1.10994898E+002
11.00000000 3.70000000 1.12614796E+002
11.00000000 3.80000000 1.14234694E+002
11.00000000 3.90000000 1.15657799E+002
11.00000000 4.00000000 1.16818513E+002
11.00000000 4.10000000 1.17979227E+002
11.00000000 4.20000000 1.19139942E+002
11.00000000 4.30000000 1.19972668E+002
11.00000000 4.40000000 1.20750729E+002
11.00000000 4.50000000 1.21528790E+002
11.00000000 4.60000000 1.22219388E+002
11.00000000 4.70000000 1.22691327E+002
11.00000000 4.80000000 1.23163265E+002
11.00000000 4.90000000 1.23635204E+002
11.00000000 5.00000000 1.23943149E+002
11.00000000 5.10000000 1.24185496E+002
11.00000000 5.20000000 1.24427843E+002
11.00000000 5.30000000 1.24648324E+002
11.00000000 5.40000000 1.24737609E+002
11.00000000 5.50000000 1.24826895E+002
11.00000000 5.60000000 1.24916181E+002
11.00000000 5.70000000 1.24961735E+002
11.00000000 5.80000000 1.24974490E+002
11.00000000 5.90000000 1.24987245E+002
11.00000000 6.00000000 1.25000000E+002
11.00000000 6.10000000 1.25012755E+002
11.00000000 6.20000000 1.25025510E+002
11.00000000 6.30000000 1.25038265E+002
11.00000000 6.40000000 1.25083819E+002
11.00000000 6.50000000 1.25173105E+002
11.00000000 6.60000000 1.25262391E+002
11.00000000 6.70000000 1.25351676E+002
11.00000000 6.80000000 1.25572157E+002
11.00000000 6.90000000 1.25814504E+002
11.00000000 7.00000000 1.26056851E+002
11.00000000 7.10000000 1.26364796E+002
11.00000000 7.20000000 1.26836735E+002
11.00000000 7.30000000 1.27308673E+002
11.00000000 7.40000000 1.27780612E+002
11.00000000 7.50000000 1.28471210E+002
11.00000000 7.60000000 1.29249271E+002
11.00000000 7.70000000 1.30027332E+002
11.00000000 7.80000000 1.30860058E+002
11.00000000 7.90000000 1.32020773E+002
11.00000000 8.00000000 1.33181487E+002
11.00000000 8.10000000 1.34342201E+002
11.00000000 8.20000000 1.35765306E+002
11.00000000 8.30000000 1.37385204E+002
11.00000000 8.40000000 1.39005102E+002
11.00000000 8.50000000 1.40625000E+002
11.00000000 8.60000000 1.42780612E+002
11.00000000 8.70000000 1.44936224E+002
11.00000000 8.80000000 1.47091837E+002
11.00000000 8.90000000 1.49509840E+002
11.00000000 9.00000000 1.52277697E+002
11.00000000 9.10000000 1.55045554E+002
11.00000000 9.20000000 1.57813411E+002
11.00000000 9.30000000 1.61171647E+002
11.00000000 9.40000000 1.64628280E+002
11.00000000 9.50000000 1.68084913E+002
11.00000000 9.60000000 1.71760204E+002
11.00000000 9.70000000 1.75982143E+002
11.00000000 9.80000000 1.80204082E+002
11.00000000 9.90000000 1.84426020E+002
11.00000000 10.00000000 1.89249271E+002
11.00000000 10.10000000 1.94313047E+002
11.00000000 10.20000000 1.99376822E+002
11.00000000 10.30000000 2.04571793E+002
11.00000000 10.40000000 2.10553936E+002
11.00000000 10.50000000 2.16536079E+002
11.00000000 10.60000000 2.22518222E+002
11.00000000 10.70000000 2.29068878E+002
11.00000000 10.80000000 2.36045918E+002
11.00000000 10.90000000 2.43022959E+002
11.00000000 11.00000000 2.50000000E+002
