1.00000000 1.00000000 2.00000000E+000
1.00000000 1.10000000 2.10000000E+000
1.00000000 1.20000000 2.20000000E+000
1.00000000 1.30000000 2.30000000E+000
1.00000000 1.40000000 2.40000000E+000
1.00000000 1.50000000 2.50000000E+000
1.00000000 1.60000000 2.60000000E+000
1.00000000 1.70000000 2.70000000E+000
1.00000000 1.80000000 2.80000000E+000
1.00000000 1.90000000 2.90000000E+000
1.00000000 2.00000000 3.00000000E+000
1.00000000 2.10000000 3.10000000E+000
1.00000000 2.20000000 3.20000000E+000
1.00000000 2.30000000 3.30000000E+000
1.00000000 2.40000000 3.40000000E+000
1.00000000 2.50000000 3.50000000E+000
1.00000000 2.60000000 3.60000000E+000
1.00000000 2.70000000 3.70000000E+000
1.00000000 2.80000000 3.80000000E+000
1.00000000 2.90000000 3.90000000E+000
1.00000000 3.00000000 4.00000000E+000
1.00000000 3.10000000 4.10000000E+000
1.00000000 3.20000000 4.20000000E+000
1.00000000 3.30000000 4.30000000E+000
1.00000000 3.40000000 4.40000000E+000
1.00000000 3.50000000 4.50000000E+000
1.00000000 3.60000000 4.60000000E+000
1.00000000 3.70000000 4.70000000E+000
1.00000000 3.80000000 4.80000000E+000
1.00000000 3.90000000 4.90000000E+000
1.00000000 4.00000000 5.00000000E+000
1.00000000 4.10000000 5.10000000E+000
1.00000000 4.20000000 5.20000000E+000
1.00000000 4.30000000 5.30000000E+000
1.00000000 4.40000000 5.40000000E+000
1.00000000 4.50000000 5.50000000E+000
1.00000000 4.60000000 5.60000000E+000
1.00000000 4.70000000 5.70000000E+000
1.00000000 4.80000000 5.80000000E+000
1.00000000 4.90000000 5.90000000E+000
1.00000000 5.00000000 6.00000000E+000
1.00000000 5.10000000 6.10000000E+000
1.00000000 5.20000000 6.20000000E+000
1.00000000 5.30000000 6.30000000E+000
1.00000000 5.40000000 6.40000000E+000
1.00000000 5.50000000 6.50000000E+000
1.00000000 5.60000000 6.60000000E+000
1.00000000 5.70000000 6.70000000E+000
1.00000000 5.80000000 6.80000000E+000
1.00000000 5.90000000 6.90000000E+000
1.00000000 6.00000000 7.00000000E+000
1.00000000 6.10000000 7.10000000E+000
1.00000000 6.20000000 7.20000000E+000
1.00000000 6.30000000 7.30000000E+000
1.00000000 6.40000000 7.40000000E+000
1.00000000 6.50000000 7.50000000E+000
1.00000000 6.60000000 7.60000000E+000
1.00000000 6.70000000 7.70000000E+000
1.00000000 6.80000000 7.80000000E+000
1.00000000 6.90000000 7.90000000E+000
1.00000000 7.00000000 8.00000000E+000
1.00000000 7.10000000 8.10000000E+000
1.00000000 7.20000000 8.20000000E+000
1.00000000 7.30000000 8.30000000E+000
1.00000000 7.40000000 8.40000000E+000
1.00000000 7.50000000 8.50000000E+000
1.00000000 7.60000000 8.60000000E+000
1.00000000 7.70000000 8.70000000E+000
1.00000000 7.80000000 8.80000000E+000
1.00000000 7.90000000 8.90000000E+000
1.00000000 8.00000000 9.00000000E+000
1.00000000 8.10000000 9.10000000E+000
1.00000000 8.20000000 9.20000000E+000
1.00000000 8.30000000 9.30000000E+000
1.00000000 8.40000000 9.40000000E+000
1.00000000 8.50000000 9.50000000E+000
1.00000000 8.60000000 9.60000000E+000
1.00000000 8.70000000 9.70000000E+000
1.00000000 8.80000000 9.80000000E+000
1.00000000 8.90000000 9.90000000E+000
1.00000000 9.00000000 1.00000000E+001
1.00000000 9.10000000 1.01000000E+001
1.00000000 9.20000000 1.02000000E+001
1.00000000 9.30000000 1.03000000E+001
1.00000000 9.40000000 1.04000000E+001
1.00000000 9.50000000 1.05000000E+001
1.00000000 9.60000000 1.06000000E+001
1.00000000 9.70000000 1.07000000E+001
1.00000000 9.80000000 1.08000000E+001
1.00000000 9.90000000 1.09000000E+001
1.00000000 10.00000000 1.10000000E+001
1.00000000 10.10000000 1.11000000E+001
1.00000000 10.20000000 1.12000000E+001
1.00000000 10.30000000 1.13000000E+001
1.00000000 10.40000000 1.14000000E+001
1.00000000 10.50000000 1.15000000E+001
1.00000000 10.60000000 1.16000000E+001
1.00000000 10.70000000 1.17000000E+001
1.00000000 10.80000000 1.18000000E+001
1.00000000 10.90000000 1.19000000E+001
1.00000000 11.00000000 1.20000000E+001
1.10000000 1.00000000 2.10000000E+000
1.10000000 1.10000000 2.20000000E+000
1.10000000 1.20000000 2.30000000E+000
1.10000000 1.30000000 2.40000000E+000
1.10000000 1.40000000 2.50000000E+000
1.10000000 1.50000000 2.60000000E+000
1.10000000 1.60000000 2.70000000E+000
1.10000000 1.70000000 2.80000000E+000
1.10000000 1.80000000 2.90000000E+000
1.10000000 1.90000000 3.00000000E+000
1.10000000 2.00000000 3.10000000E+000
1.10000000 2.10000000 3.20000000E+000
1.10000000 2.20000000 3.30000000E+000
1.10000000 2.30000000 3.40000000E+000
1.10000000 2.40000000 3.50000000E+000
1.10000000 2.50000000 3.60000000E+000
1.10000000 2.60000000 3.70000000E+000
1.10000000 2.70000000 3.80000000E+000
1.10000000 2.80000000 3.90000000E+000
1.10000000 2.90000000 4.00000000E+000
1.10000000 3.00000000 4.10000000E+000
1.10000000 3.10000000 4.20000000E+000
1.10000000 3.20000000 4.30000000E+000
1.10000000 3.30000000 4.40000000E+000
1.10000000 3.40000000 4.50000000E+000
1.10000000 3.50000000 4.60000000E+000
1.10000000 3.60000000 4.70000000E+000
1.10000000 3.70000000 4.80000000E+000
1.10000000 3.80000000 4.90000000E+000
1.10000000 3.90000000 5.00000000E+000
1.10000000 4.00000000 5.10000000E+000
1.10000000 4.10000000 5.20000000E+000
1.10000000 4.20000000 5.30000000E+000
1.10000000 4.30000000 5.40000000E+000
1.10000000 4.40000000 5.50000000E+000
1.10000000 4.50000000 5.60000000E+000
1.10000000 4.60000000 5.70000000E+000
1.10000000 4.70000000 5.80000000E+000
1.10000000 4.80000000 5.90000000E+000
1.10000000 4.90000000 6.00000000E+000
1.10000000 5.00000000 6.10000000E+000
1.10000000 5.10000000 6.20000000E+000
1.10000000 5.20000000 6.30000000E+000
1.10000000 5.30000000 6.40000000E+000
1.10000000 5.40000000 6.50000000E+000
1.10000000 5.50000000 6.60000000E+000
1.10000000 5.60000000 6.70000000E+000
1.10000000 5.70000000 6.80000000E+000
1.10000000 5.80000000 6.90000000E+000
1.10000000 5.90000000 7.00000000E+000
1.10000000 6.00000000 7.10000000E+000
1.10000000 6.10000000 7.20000000E+000
1.10000000 6.20000000 7.30000000E+000
1.10000000 6.30000000 7.40000000E+000
1.10000000 6.40000000 7.50000000E+000
1.10000000 6.50000000 7.60000000E+000
1.10000000 6.60000000 7.70000000E+000
1.10000000 6.70000000 7.80000000E+000
1.10000000 6.80000000 7.90000000E+000
1.10000000 6.90000000 8.00000000E+000
1.10000000 7.00000000 8.10000000E+000
1.10000000 7.10000000 8.20000000E+000
1.10000000 7.20000000 8.30000000E+000
1.10000000 7.30000000 8.40000000E+000
1.10000000 7.40000000 8.50000000E+000
1.10000000 7.50000000 8.60000000E+000
1.10000000 7.60000000 8.70000000E+000
1.10000000 7.70000000 8.80000000E+000
1.10000000 7.80000000 8.90000000E+000
1.10000000 7.90000000 9.00000000E+000
1.10000000 8.00000000 9.10000000E+000
1.10000000 8.10000000 9.20000000E+000
1.10000000 8.20000000 9.30000000E+000
1.10000000 8.30000000 9.40000000E+000
1.10000000 8.40000000 9.50000000E+000
1.10000000 8.50000000 9.60000000E+000
1.10000000 8.60000000 9.70000000E+000
1.10000000 8.70000000 9.80000000E+000
1.10000000 8.80000000 9.90000000E+000
1.10000000 8.90000000 1.00000000E+001
1.10000000 9.00000000 1.01000000E+001
1.10000000 9.10000000 1.02000000E+001
1.10000000 9.20000000 1.03000000E+001
1.10000000 9.30000000 1.04000000E+001
1.10000000 9.40000000 1.05000000E+001
1.10000000 9.50000000 1.06000000E+001
1.10000000 9.60000000 1.07000000E+001
1.10000000 9.70000000 1.08000000E+001
1.10000000 9.80000000 1.09000000E+001
1.10000000 9.90000000 1.10000000E+001
1.10000000 10.00000000 1.11000000E+001
1.10000000 10.10000000 1.12000000E+001
1.10000000 10.20000000 1.13000000E+001
1.10000000 10.30000000 1.14000000E+001
1.10000000 10.40000000 1.15000000E+001
1.10000000 10.50000000 1.16000000E+001
1.10000000 10.60000000 1.17000000E+001
1.10000000 10.70000000 1.18000000E+001
1.10000000 10.80000000 1.19000000E+001
1.10000000 10.90000000 1.20000000E+001
1.10000000 11.00000000 1.21000000E+001
1.20000000 1.00000000 2.20000000E+000
1.20000000 1.10000000 2.30000000E+000
1.20000000 1.20000000 2.40000000E+000
1.20000000 1.30000000 2.50000000E+000
1.20000000 1.40000000 2.60000000E+000
1.20000000 1.50000000 2.70000000E+000
1.20000000 1.60000000 2.80000000E+000
1.20000000 1.70000000 2.90000000E+000
1.20000000 1.80000000 3.00000000E+000
1.20000000 1.90000000 3.10000000E+000
1.20000000 2.00000000 3.20000000E+000
1.20000000 2.10000000 3.30000000E+000
1.20000000 2.20000000 3.40000000E+000
1.20000000 2.30000000 3.50000000E+000
1.20000000 2.40000000 3.60000000E+000
1.20000000 2.50000000 3.70000000E+000
1.20000000 2.60000000 3.80000000E+000
1.20000000 2.70000000 3.90000000E+000
1.20000000 2.80000000 4.00000000E+000
1.20000000 2.90000000 4.10000000E+000
1.20000000 3.00000000 4.20000000E+000
1.20000000 3.10000000 4.30000000E+000
1.20000000 3.20000000 4.40000000E+000
1.20000000 3.30000000 4.50000000E+000
1.20000000 3.40000000 4.60000000E+000
1.20000000 3.50000000 4.70000000E+000
1.20000000 3.60000000 4.80000000E+000
1.20000000 3.70000000 4.90000000E+000
1.20000000 3.80000000 5.00000000E+000
1.20000000 3.90000000 5.10000000E+000
1.20000000 4.00000000 5.20000000E+000
1.20000000 4.10000000 5.30000000E+000
1.20000000 4.20000000 5.40000000E+000
1.20000000 4.30000000 5.50000000E+000
1.20000000 4.40000000 5.60000000E+000
1.20000000 4.50000000 5.70000000E+000
1.20000000 4.60000000 5.80000000E+000
1.20000000 4.70000000 5.90000000E+000
1.20000000 4.80000000 6.00000000E+000
1.20000000 4.90000000 6.10000000E+000
1.20000000 5.00000000 6.20000000E+000
1.20000000 5.10000000 6.30000000E+000
1.20000000 5.20000000 6.40000000E+000
1.20000000 5.30000000 6.50000000E+000
1.20000000 5.40000000 6.60000000E+000
1.20000000 5.50000000 6.70000000E+000
1.20000000 5.60000000 6.80000000E+000
1.20000000 5.70000000 6.90000000E+000
1.20000000 5.80000000 7.00000000E+000
1.20000000 5.90000000 7.10000000E+000
1.20000000 6.00000000 7.20000000E+000
1.20000000 6.10000000 7.30000000E+000
1.20000000 6.20000000 7.40000000E+000
1.20000000 6.30000000 7.50000000E+000
1.20000000 6.40000000 7.60000000E+000
1.20000000 6.50000000 7.70000000E+000
1.20000000 6.60000000 7.80000000E+000
1.20000000 6.70000000 7.90000000E+000
1.20000000 6.80000000 8.00000000E+000
1.20000000 6.90000000 8.10000000E+000
1.20000000 7.00000000 8.20000000E+000
1.20000000 7.10000000 8.30000000E+000
1.20000000 7.20000000 8.40000000E+000
1.20000000 7.30000000 8.50000000E+000
1.20000000 7.40000000 8.60000000E+000
1.20000000 7.50000000 8.70000000E+000
1.20000000 7.60000000 8.80000000E+000
1.20000000 7.70000000 8.90000000E+000
1.20000000 7.80000000 9.00000000E+000
1.20000000 7.90000000 9.10000000E+000
1.20000000 8.00000000 9.20000000E+000
1.20000000 8.10000000 9.30000000E+000
1.20000000 8.20000000 9.40000000E+000
1.20000000 8.30000000 9.50000000E+000
1.20000000 8.40000000 9.60000000E+000
1.20000000 8.50000000 9.70000000E+000
1.20000000 8.60000000 9.80000000E+000
1.20000000 8.70000000 9.90000000E+000
1.20000000 8.80000000 1.00000000E+001
1.20000000 8.90000000 1.01000000E+001
1.20000000 9.00000000 1.02000000E+001
1.20000000 9.10000000 1.03000000E+001
1.20000000 9.20000000 1.04000000E+001
1.20000000 9.30000000 1.05000000E+001
1.20000000 9.40000000 1.06000000E+001
1.20000000 9.50000000 1.07000000E+001
1.20000000 9.60000000 1.08000000E+001
1.20000000 9.70000000 1.09000000E+001
1.20000000 9.80000000 1.10000000E+001
1.20000000 9.90000000 1.11000000E+001
1.20000000 10.00000000 1.12000000E+001
1.20000000 10.10000000 1.13000000E+001
1.20000000 10.20000000 1.14000000E+001
1.20000000 10.30000000 1.15000000E+001
1.20000000 10.40000000 1.16000000E+001
1.20000000 10.50000000 1.17000000E+001
1.20000000 10.60000000 1.18000000E+001
1.20000000 10.70000000 1.19000000E+001
1.20000000 10.80000000 1.20000000E+001
1.20000000 10.90000000 1.21000000E+001
1.20000000 11.00000000 1.22000000E+001
1.30000000 1.00000000 2.30000000E+000
1.30000000 1.10000000 2.40000000E+000
1.30000000 1.20000000 2.50000000E+000
1.30000000 1.30000000 2.60000000E+000
1.30000000 1.40000000 2.70000000E+000
1.30000000 1.50000000 2.80000000E+000
1.30000000 1.60000000 2.90000000E+000
1.30000000 1.70000000 3.00000000E+000
1.30000000 1.80000000 3.10000000E+000
1.30000000 1.90000000 3.20000000E+000
1.30000000 2.00000000 3.30000000E+000
1.30000000 2.10000000 3.40000000E+000
1.30000000 2.20000000 3.50000000E+000
1.30000000 2.30000000 3.60000000E+000
1.30000000 2.40000000 3.70000000E+000
1.30000000 2.50000000 3.80000000E+000
1.30000000 2.60000000 3.90000000E+000
1.30000000 2.70000000 4.00000000E+000
1.30000000 2.80000000 4.10000000E+000
1.30000000 2.90000000 4.20000000E+000
1.30000000 3.00000000 4.30000000E+000
1.30000000 3.10000000 4.40000000E+000
1.30000000 3.20000000 4.50000000E+000
1.30000000 3.30000000 4.60000000E+000
1.30000000 3.40000000 4.70000000E+000
1.30000000 3.50000000 4.80000000E+000
1.30000000 3.60000000 4.90000000E+000
1.30000000 3.70000000 5.00000000E+000
1.30000000 3.80000000 5.10000000E+000
1.30000000 3.90000000 5.20000000E+000
1.30000000 4.00000000 5.30000000E+000
1.30000000 4.10000000 5.40000000E+000
1.30000000 4.20000000 5.50000000E+000
1.30000000 4.30000000 5.60000000E+000
1.30000000 4.40000000 5.70000000E+000
1.30000000 4.50000000 5.80000000E+000
1.30000000 4.60000000 5.90000000E+000
1.30000000 4.70000000 6.00000000E+000
1.30000000 4.80000000 6.10000000E+000
1.30000000 4.90000000 6.20000000E+000
1.30000000 5.00000000 6.30000000E+000
1.30000000 5.10000000 6.40000000E+000
1.30000000 5.20000000 6.50000000E+000
1.30000000 5.30000000 6.60000000E+000
1.30000000 5.40000000 6.70000000E+000
1.30000000 5.50000000 6.80000000E+000
1.30000000 5.60000000 6.90000000E+000
1.30000000 5.70000000 7.00000000E+000
1.30000000 5.80000000 7.10000000E+000
1.30000000 5.90000000 7.20000000E+000
1.30000000 6.00000000 7.30000000E+000
1.30000000 6.10000000 7.40000000E+000
1.30000000 6.20000000 7.50000000E+000
1.30000000 6.30000000 7.60000000E+000
1.30000000 6.40000000 7.70000000E+000
1.30000000 6.50000000 7.80000000E+000
1.30000000 6.60000000 7.90000000E+000
1.30000000 6.70000000 8.00000000E+000
1.30000000 6.80000000 8.10000000E+000
1.30000000 6.90000000 8.20000000E+000
1.30000000 7.00000000 8.30000000E+000
1.30000000 7.10000000 8.40000000E+000
1.30000000 7.20000000 8.50000000E+000
1.30000000 7.30000000 8.60000000E+000
1.30000000 7.40000000 8.70000000E+000
1.30000000 7.50000000 8.80000000E+000
1.30000000 7.60000000 8.90000000E+000
1.30000000 7.70000000 9.00000000E+000
1.30000000 7.80000000 9.10000000E+000
1.30000000 7.90000000 9.20000000E+000
1.30000000 8.00000000 9.30000000E+000
1.30000000 8.10000000 9.40000000E+000
1.30000000 8.20000000 9.50000000E+000
1.30000000 8.30000000 9.60000000E+000
1.30000000 8.40000000 9.70000000E+000
1.30000000 8.50000000 9.80000000E+000
1.30000000 8.60000000 9.90000000E+000
1.30000000 8.70000000 1.00000000E+001
1.30000000 8.80000000 1.01000000E+001
1.30000000 8.90000000 1.02000000E+001
1.30000000 9.00000000 1.03000000E+001
1.30000000 9.10000000 1.04000000E+001
1.30000000 9.20000000 1.05000000E+001
1.30000000 9.30000000 1.06000000E+001
1.30000000 9.40000000 1.07000000E+001
1.30000000 9.50000000 1.08000000E+001
1.30000000 9.60000000 1.09000000E+001
1.30000000 9.70000000 1.10000000E+001
1.30000000 9.80000000 1.11000000E+001
1.30000000 9.90000000 1.12000000E+001
1.30000000 10.00000000 1.13000000E+001
1.30000000 10.10000000 1.14000000E+001
1.30000000 10.20000000 1.15000000E+001
1.30000000 10.30000000 1.16000000E+001
1.30000000 10.40000000 1.17000000E+001
1.30000000 10.50000000 1.18000000E+001
1.30000000 10.60000000 1.19000000E+001
1.30000000 10.70000000 1.20000000E+001
1.30000000 10.80000000 1.21000000E+001
1.30000000 10.90000000 1.22000000E+001
1.30000000 11.00000000 1.23000000E+001
1.40000000 1.00000000 2.40000000E+000
1.40000000 1.10000000 2.50000000E+000
1.40000000 1.20000000 2.60000000E+000
1.40000000 1.30000000 2.70000000E+000
1.40000000 1.40000000 2.80000000E+000
1.40000000 1.50000000 2.90000000E+000
1.40000000 1.60000000 3.00000000E+000
1.40000000 1.70000000 3.10000000E+000
1.40000000 1.80000000 3.20000000E+000
1.40000000 1.90000000 3.30000000E+000
1.40000000 2.00000000 3.40000000E+000
1.40000000 2.10000000 3.50000000E+000
1.40000000 2.20000000 3.60000000E+000
1.40000000 2.30000000 3.70000000E+000
1.40000000 2.40000000 3.80000000E+000
1.40000000 2.50000000 3.90000000E+000
1.40000000 2.60000000 4.00000000E+000
1.40000000 2.70000000 4.10000000E+000
1.40000000 2.80000000 4.20000000E+000
1.40000000 2.90000000 4.30000000E+000
1.40000000 3.00000000 4.40000000E+000
1.40000000 3.10000000 4.50000000E+000
1.40000000 3.20000000 4.60000000E+000
1.40000000 3.30000000 4.70000000E+000
1.40000000 3.40000000 4.80000000E+000
1.40000000 3.50000000 4.90000000E+000
1.40000000 3.60000000 5.00000000E+000
1.40000000 3.70000000 5.10000000E+000
1.40000000 3.80000000 5.20000000E+000
1.40000000 3.90000000 5.30000000E+000
1.40000000 4.00000000 5.40000000E+000
1.40000000 4.10000000 5.50000000E+000
1.40000000 4.20000000 5.60000000E+000
1.40000000 4.30000000 5.70000000E+000
1.40000000 4.40000000 5.80000000E+000
1.40000000 4.50000000 5.90000000E+000
1.40000000 4.60000000 6.00000000E+000
1.40000000 4.70000000 6.10000000E+000
1.40000000 4.80000000 6.20000000E+000
1.40000000 4.90000000 6.30000000E+000
1.40000000 5.00000000 6.40000000E+000
1.40000000 5.10000000 6.50000000E+000
1.40000000 5.20000000 6.60000000E+000
1.40000000 5.30000000 6.70000000E+000
1.40000000 5.40000000 6.80000000E+000
1.40000000 5.50000000 6.90000000E+000
1.40000000 5.60000000 7.00000000E+000
1.40000000 5.70000000 7.10000000E+000
1.40000000 5.80000000 7.20000000E+000
1.40000000 5.90000000 7.30000000E+000
1.40000000 6.00000000 7.40000000E+000
1.40000000 6.10000000 7.50000000E+000
1.40000000 6.20000000 7.60000000E+000
1.40000000 6.30000000 7.70000000E+000
1.40000000 6.40000000 7.80000000E+000
1.40000000 6.50000000 7.90000000E+000
1.40000000 6.60000000 8.00000000E+000
1.40000000 6.70000000 8.10000000E+000
1.40000000 6.80000000 8.20000000E+000
1.40000000 6.90000000 8.30000000E+000
1.40000000 7.00000000 8.40000000E+000
1.40000000 7.10000000 8.50000000E+000
1.40000000 7.20000000 8.60000000E+000
1.40000000 7.30000000 8.70000000E+000
1.40000000 7.40000000 8.80000000E+000
1.40000000 7.50000000 8.90000000E+000
1.40000000 7.60000000 9.00000000E+000
1.40000000 7.70000000 9.10000000E+000
1.40000000 7.80000000 9.20000000E+000
1.40000000 7.90000000 9.30000000E+000
1.40000000 8.00000000 9.40000000E+000
1.40000000 8.10000000 9.50000000E+000
1.40000000 8.20000000 9.60000000E+000
1.40000000 8.30000000 9.70000000E+000
1.40000000 8.40000000 9.80000000E+000
1.40000000 8.50000000 9.90000000E+000
1.40000000 8.60000000 1.00000000E+001
1.40000000 8.70000000 1.01000000E+001
1.40000000 8.80000000 1.02000000E+001
1.40000000 8.90000000 1.03000000E+001
1.40000000 9.00000000 1.04000000E+001
1.40000000 9.10000000 1.05000000E+001
1.40000000 9.20000000 1.06000000E+001
1.40000000 9.30000000 1.07000000E+001
1.40000000 9.40000000 1.08000000E+001
1.40000000 9.50000000 1.09000000E+001
1.40000000 9.60000000 1.10000000E+001
1.40000000 9.70000000 1.11000000E+001
1.40000000 9.80000000 1.12000000E+001
1.40000000 9.90000000 1.13000000E+001
1.40000000 10.00000000 1.14000000E+001
1.40000000 10.10000000 1.15000000E+001
1.40000000 10.20000000 1.16000000E+001
1.40000000 10.30000000 1.17000000E+001
1.40000000 10.40000000 1.18000000E+001
1.40000000 10.50000000 1.19000000E+001
1.40000000 10.60000000 1.20000000E+001
1.40000000 10.70000000 1.21000000E+001
1.40000000 10.80000000 1.22000000E+001
1.40000000 10.90000000 1.23000000E+001
1.40000000 11.00000000 1.24000000E+001
1.50000000 1.00000000 2.50000000E+000
1.50000000 1.10000000 2.60000000E+000
1.50000000 1.20000000 2.70000000E+000
1.50000000 1.30000000 2.80000000E+000
1.50000000 1.40000000 2.90000000E+000
1.50000000 1.50000000 3.00000000E+000
1.50000000 1.60000000 3.10000000E+000
1.50000000 1.70000000 3.20000000E+000
1.50000000 1.80000000 3.30000000E+000
1.50000000 1.90000000 3.40000000E+000
1.50000000 2.00000000 3.50000000E+000
1.50000000 2.10000000 3.60000000E+000
1.50000000 2.20000000 3.70000000E+000
1.50000000 2.30000000 3.80000000E+000
1.50000000 2.40000000 3.90000000E+000
1.50000000 2.50000000 4.00000000E+000
1.50000000 2.60000000 4.10000000E+000
1.50000000 2.70000000 4.20000000E+000
1.50000000 2.80000000 4.30000000E+000
1.50000000 2.90000000 4.40000000E+000
1.50000000 3.00000000 4.50000000E+000
1.50000000 3.10000000 4.60000000E+000
1.50000000 3.20000000 4.70000000E+000
1.50000000 3.30000000 4.80000000E+000
1.50000000 3.40000000 4.90000000E+000
1.50000000 3.50000000 5.00000000E+000
1.50000000 3.60000000 5.10000000E+000
1.50000000 3.70000000 5.20000000E+000
1.50000000 3.80000000 5.30000000E+000
1.50000000 3.90000000 5.40000000E+000
1.50000000 4.00000000 5.50000000E+000
1.50000000 4.10000000 5.60000000E+000
1.50000000 4.20000000 5.70000000E+000
1.50000000 4.30000000 5.80000000E+000
1.50000000 4.40000000 5.90000000E+000
1.50000000 4.50000000 6.00000000E+000
1.50000000 4.60000000 6.10000000E+000
1.50000000 4.70000000 6.20000000E+000
1.50000000 4.80000000 6.30000000E+000
1.50000000 4.90000000 6.40000000E+000
1.50000000 5.00000000 6.50000000E+000
1.50000000 5.10000000 6.60000000E+000
1.50000000 5.20000000 6.70000000E+000
1.50000000 5.30000000 6.80000000E+000
1.50000000 5.40000000 6.90000000E+000
1.50000000 5.50000000 7.00000000E+000
1.50000000 5.60000000 7.10000000E+000
1.50000000 5.70000000 7.20000000E+000
1.50000000 5.80000000 7.30000000E+000
1.50000000 5.90000000 7.40000000E+000
1.50000000 6.00000000 7.50000000E+000
1.50000000 6.10000000 7.60000000E+000
1.50000000 6.20000000 7.70000000E+000
1.50000000 6.30000000 7.80000000E+000
1.50000000 6.40000000 7.90000000E+000
1.50000000 6.50000000 8.00000000E+000
1.50000000 6.60000000 8.10000000E+000
1.50000000 6.70000000 8.20000000E+000
1.50000000 6.80000000 8.30000000E+000
1.50000000 6.90000000 8.40000000E+000
1.50000000 7.00000000 8.50000000E+000
1.50000000 7.10000000 8.60000000E+000
1.50000000 7.20000000 8.70000000E+000
1.50000000 7.30000000 8.80000000E+000
1.50000000 7.40000000 8.90000000E+000
1.50000000 7.50000000 9.00000000E+000
1.50000000 7.60000000 9.10000000E+000
1.50000000 7.70000000 9.20000000E+000
1.50000000 7.80000000 9.30000000E+000
1.50000000 7.90000000 9.40000000E+000
1.50000000 8.00000000 9.50000000E+000
1.50000000 8.10000000 9.60000000E+000
1.50000000 8.20000000 9.70000000E+000
1.50000000 8.30000000 9.80000000E+000
1.50000000 8.40000000 9.90000000E+000
1.50000000 8.50000000 1.00000000E+001
1.50000000 8.60000000 1.01000000E+001
1.50000000 8.70000000 1.02000000E+001
1.50000000 8.80000000 1.03000000E+001
1.50000000 8.90000000 1.04000000E+001
1.50000000 9.00000000 1.05000000E+001
1.50000000 9.10000000 1.06000000E+001
1.50000000 9.20000000 1.07000000E+001
1.50000000 9.30000000 1.08000000E+001
1.50000000 9.40000000 1.09000000E+001
1.50000000 9.50000000 1.10000000E+001
1.50000000 9.60000000 1.11000000E+001
1.50000000 9.70000000 1.12000000E+001
1.50000000 9.80000000 1.13000000E+001
1.50000000 9.90000000 1.14000000E+001
1.50000000 10.00000000 1.15000000E+001
1.50000000 10.10000000 1.16000000E+001
1.50000000 10.20000000 1.17000000E+001
1.50000000 10.30000000 1.18000000E+001
1.50000000 10.40000000 1.19000000E+001
1.50000000 10.50000000 1.20000000E+001
1.50000000 10.60000000 1.21000000E+001
1.50000000 10.70000000 1.22000000E+001
1.50000000 10.80000000 1.23000000E+001
1.50000000 10.90000000 1.24000000E+001
1.50000000 11.00000000 1.25000000E+001
1.60000000 1.00000000 2.60000000E+000
1.60000000 1.10000000 2.70000000E+000
1.60000000 1.20000000 2.80000000E+000
1.60000000 1.30000000 2.90000000E+000
1.60000000 1.40000000 3.00000000E+000
1.60000000 1.50000000 3.10000000E+000
1.60000000 1.60000000 3.20000000E+000
1.60000000 1.70000000 3.30000000E+000
1.60000000 1.80000000 3.40000000E+000
1.60000000 1.90000000 3.50000000E+000
1.60000000 2.00000000 3.60000000E+000
1.60000000 2.10000000 3.70000000E+000
1.60000000 2.20000000 3.80000000E+000
1.60000000 2.30000000 3.90000000E+000
1.60000000 2.40000000 4.00000000E+000
1.60000000 2.50000000 4.10000000E+000
1.60000000 2.60000000 4.20000000E+000
1.60000000 2.70000000 4.30000000E+000
1.60000000 2.80000000 4.40000000E+000
1.60000000 2.90000000 4.50000000E+000
1.60000000 3.00000000 4.60000000E+000
1.60000000 3.10000000 4.70000000E+000
1.60000000 3.20000000 4.80000000E+000
1.60000000 3.30000000 4.90000000E+000
1.60000000 3.40000000 5.00000000E+000
1.60000000 3.50000000 5.10000000E+000
1.60000000 3.60000000 5.20000000E+000
1.60000000 3.70000000 5.30000000E+000
1.60000000 3.80000000 5.40000000E+000
1.60000000 3.90000000 5.50000000E+000
1.60000000 4.00000000 5.60000000E+000
1.60000000 4.10000000 5.70000000E+000
1.60000000 4.20000000 5.80000000E+000
1.60000000 4.30000000 5.90000000E+000
1.60000000 4.40000000 6.00000000E+000
1.60000000 4.50000000 6.10000000E+000
1.60000000 4.60000000 6.20000000E+000
1.60000000 4.70000000 6.30000000E+000
1.60000000 4.80000000 6.40000000E+000
1.60000000 4.90000000 6.50000000E+000
1.60000000 5.00000000 6.60000000E+000
1.60000000 5.10000000 6.70000000E+000
1.60000000 5.20000000 6.80000000E+000
1.60000000 5.30000000 6.90000000E+000
1.60000000 5.40000000 7.00000000E+000
1.60000000 5.50000000 7.10000000E+000
1.60000000 5.60000000 7.20000000E+000
1.60000000 5.70000000 7.30000000E+000
1.60000000 5.80000000 7.40000000E+000
1.60000000 5.90000000 7.50000000E+000
1.60000000 6.00000000 7.60000000E+000
1.60000000 6.10000000 7.70000000E+000
1.60000000 6.20000000 7.80000000E+000
1.60000000 6.30000000 7.90000000E+000
1.60000000 6.40000000 8.00000000E+000
1.60000000 6.50000000 8.10000000E+000
1.60000000 6.60000000 8.20000000E+000
1.60000000 6.70000000 8.30000000E+000
1.60000000 6.80000000 8.40000000E+000
1.60000000 6.90000000 8.50000000E+000
1.60000000 7.00000000 8.60000000E+000
1.60000000 7.10000000 8.70000000E+000
1.60000000 7.20000000 8.80000000E+000
1.60000000 7.30000000 8.90000000E+000
1.60000000 7.40000000 9.00000000E+000
1.60000000 7.50000000 9.10000000E+000
1.60000000 7.60000000 9.20000000E+000
1.60000000 7.70000000 9.30000000E+000
1.60000000 7.80000000 9.40000000E+000
1.60000000 7.90000000 9.50000000E+000
1.60000000 8.00000000 9.60000000E+000
1.60000000 8.10000000 9.70000000E+000
1.60000000 8.20000000 9.80000000E+000
1.60000000 8.30000000 9.90000000E+000
1.60000000 8.40000000 1.00000000E+001
1.60000000 8.50000000 1.01000000E+001
1.60000000 8.60000000 1.02000000E+001
1.60000000 8.70000000 1.03000000E+001
1.60000000 8.80000000 1.04000000E+001
1.60000000 8.90000000 1.05000000E+001
1.60000000 9.00000000 1.06000000E+001
1.60000000 9.10000000 1.07000000E+001
1.60000000 9.20000000 1.08000000E+001
1.60000000 9.30000000 1.09000000E+001
1.60000000 9.40000000 1.10000000E+001
1.60000000 9.50000000 1.11000000E+001
1.60000000 9.60000000 1.12000000E+001
1.60000000 9.70000000 1.13000000E+001
1.60000000 9.80000000 1.14000000E+001
1.60000000 9.90000000 1.15000000E+001
1.60000000 10.00000000 1.16000000E+001
1.60000000 10.10000000 1.17000000E+001
1.60000000 10.20000000 1.18000000E+001
1.60000000 10.30000000 1.19000000E+001
1.60000000 10.40000000 1.20000000E+001
1.60000000 10.50000000 1.21000000E+001
1.60000000 10.60000000 1.22000000E+001
1.60000000 10.70000000 1.23000000E+001
1.60000000 10.80000000 1.24000000E+001
1.60000000 10.90000000 1.25000000E+001
1.60000000 11.00000000 1.26000000E+001
1.70000000 1.00000000 2.70000000E+000
1.70000000 1.10000000 2.80000000E+000
1.70000000 1.20000000 2.90000000E+000
1.70000000 1.30000000 3.00000000E+000
1.70000000 1.40000000 3.10000000E+000
1.70000000 1.50000000 3.20000000E+000
1.70000000 1.60000000 3.30000000E+000
1.70000000 1.70000000 3.40000000E+000
1.70000000 1.80000000 3.50000000E+000
1.70000000 1.90000000 3.60000000E+000
1.70000000 2.00000000 3.70000000E+000
1.70000000 2.10000000 3.80000000E+000
1.70000000 2.20000000 3.90000000E+000
1.70000000 2.30000000 4.00000000E+000
1.70000000 2.40000000 4.10000000E+000
1.70000000 2.50000000 4.20000000E+000
1.70000000 2.60000000 4.30000000E+000
1.70000000 2.70000000 4.40000000E+000
1.70000000 2.80000000 4.50000000E+000
1.70000000 2.90000000 4.60000000E+000
1.70000000 3.00000000 4.70000000E+000
1.70000000 3.10000000 4.80000000E+000
1.70000000 3.20000000 4.90000000E+000
1.70000000 3.30000000 5.00000000E+000
1.70000000 3.40000000 5.10000000E+000
1.70000000 3.50000000 5.20000000E+000
1.70000000 3.60000000 5.30000000E+000
1.70000000 3.70000000 5.40000000E+000
1.70000000 3.80000000 5.50000000E+000
1.70000000 3.90000000 5.60000000E+000
1.70000000 4.00000000 5.70000000E+000
1.70000000 4.10000000 5.80000000E+000
1.70000000 4.20000000 5.90000000E+000
1.70000000 4.30000000 6.00000000E+000
1.70000000 4.40000000 6.10000000E+000
1.70000000 4.50000000 6.20000000E+000
1.70000000 4.60000000 6.30000000E+000
1.70000000 4.70000000 6.40000000E+000
1.70000000 4.80000000 6.50000000E+000
1.70000000 4.90000000 6.60000000E+000
1.70000000 5.00000000 6.70000000E+000
1.70000000 5.10000000 6.80000000E+000
1.70000000 5.20000000 6.90000000E+000
1.70000000 5.30000000 7.00000000E+000
1.70000000 5.40000000 7.10000000E+000
1.70000000 5.50000000 7.20000000E+000
1.70000000 5.60000000 7.30000000E+000
1.70000000 5.70000000 7.40000000E+000
1.70000000 5.80000000 7.50000000E+000
1.70000000 5.90000000 7.60000000E+000
1.70000000 6.00000000 7.70000000E+000
1.70000000 6.10000000 7.80000000E+000
1.70000000 6.20000000 7.90000000E+000
1.70000000 6.30000000 8.00000000E+000
1.70000000 6.40000000 8.10000000E+000
1.70000000 6.50000000 8.20000000E+000
1.70000000 6.60000000 8.30000000E+000
1.70000000 6.70000000 8.40000000E+000
1.70000000 6.80000000 8.50000000E+000
1.70000000 6.90000000 8.60000000E+000
1.70000000 7.00000000 8.70000000E+000
1.70000000 7.10000000 8.80000000E+000
1.70000000 7.20000000 8.90000000E+000
1.70000000 7.30000000 9.00000000E+000
1.70000000 7.40000000 9.10000000E+000
1.70000000 7.50000000 9.20000000E+000
1.70000000 7.60000000 9.30000000E+000
1.70000000 7.70000000 9.40000000E+000
1.70000000 7.80000000 9.50000000E+000
1.70000000 7.90000000 9.60000000E+000
1.70000000 8.00000000 9.70000000E+000
1.70000000 8.10000000 9.80000000E+000
1.70000000 8.20000000 9.90000000E+000
1.70000000 8.30000000 1.00000000E+001
1.70000000 8.40000000 1.01000000E+001
1.70000000 8.50000000 1.02000000E+001
1.70000000 8.60000000 1.03000000E+001
1.70000000 8.70000000 1.04000000E+001
1.70000000 8.80000000 1.05000000E+001
1.70000000 8.90000000 1.06000000E+001
1.70000000 9.00000000 1.07000000E+001
1.70000000 9.10000000 1.08000000E+001
1.70000000 9.20000000 1.09000000E+001
1.70000000 9.30000000 1.10000000E+001
1.70000000 9.40000000 1.11000000E+001
1.70000000 9.50000000 1.12000000E+001
1.70000000 9.60000000 1.13000000E+001
1.70000000 9.70000000 1.14000000E+001
1.70000000 9.80000000 1.15000000E+001
1.70000000 9.90000000 1.16000000E+001
1.70000000 10.00000000 1.17000000E+001
1.70000000 10.10000000 1.18000000E+001
1.70000000 10.20000000 1.19000000E+001
1.70000000 10.30000000 1.20000000E+001
1.70000000 10.40000000 1.21000000E+001
1.70000000 10.50000000 1.22000000E+001
1.70000000 10.60000000 1.23000000E+001
1.70000000 10.70000000 1.24000000E+001
1.70000000 10.80000000 1.25000000E+001
1.70000000 10.90000000 1.26000000E+001
1.70000000 11.00000000 1.27000000E+001
1.80000000 1.00000000 2.80000000E+000
1.80000000 1.10000000 2.90000000E+000
1.80000000 1.20000000 3.00000000E+000
1.80000000 1.30000000 3.10000000E+000
1.80000000 1.40000000 3.20000000E+000
1.80000000 1.50000000 3.30000000E+000
1.80000000 1.60000000 3.40000000E+000
1.80000000 1.70000000 3.50000000E+000
1.80000000 1.80000000 3.60000000E+000
1.80000000 1.90000000 3.70000000E+000
1.80000000 2.00000000 3.80000000E+000
1.80000000 2.10000000 3.90000000E+000
1.80000000 2.20000000 4.00000000E+000
1.80000000 2.30000000 4.10000000E+000
1.80000000 2.40000000 4.20000000E+000
1.80000000 2.50000000 4.30000000E+000
1.80000000 2.60000000 4.40000000E+000
1.80000000 2.70000000 4.50000000E+000
1.80000000 2.80000000 4.60000000E+000
1.80000000 2.90000000 4.70000000E+000
1.80000000 3.00000000 4.80000000E+000
1.80000000 3.10000000 4.90000000E+000
1.80000000 3.20000000 5.00000000E+000
1.80000000 3.30000000 5.10000000E+000
1.80000000 3.40000000 5.20000000E+000
1.80000000 3.50000000 5.30000000E+000
1.80000000 3.60000000 5.40000000E+000
1.80000000 3.70000000 5.50000000E+000
1.80000000 3.80000000 5.60000000E+000
1.80000000 3.90000000 5.70000000E+000
1.80000000 4.00000000 5.80000000E+000
1.80000000 4.10000000 5.90000000E+000
1.80000000 4.20000000 6.00000000E+000
1.80000000 4.30000000 6.10000000E+000
1.80000000 4.40000000 6.20000000E+000
1.80000000 4.50000000 6.30000000E+000
1.80000000 4.60000000 6.40000000E+000
1.80000000 4.70000000 6.50000000E+000
1.80000000 4.80000000 6.60000000E+000
1.80000000 4.90000000 6.70000000E+000
1.80000000 5.00000000 6.80000000E+000
1.80000000 5.10000000 6.90000000E+000
1.80000000 5.20000000 7.00000000E+000
1.80000000 5.30000000 7.10000000E+000
1.80000000 5.40000000 7.20000000E+000
1.80000000 5.50000000 7.30000000E+000
1.80000000 5.60000000 7.40000000E+000
1.80000000 5.70000000 7.50000000E+000
1.80000000 5.80000000 7.60000000E+000
1.80000000 5.90000000 7.70000000E+000
1.80000000 6.00000000 7.80000000E+000
1.80000000 6.10000000 7.90000000E+000
1.80000000 6.20000000 8.00000000E+000
1.80000000 6.30000000 8.10000000E+000
1.80000000 6.40000000 8.20000000E+000
1.80000000 6.50000000 8.30000000E+000
1.80000000 6.60000000 8.40000000E+000
1.80000000 6.70000000 8.50000000E+000
1.80000000 6.80000000 8.60000000E+000
1.80000000 6.90000000 8.70000000E+000
1.80000000 7.00000000 8.80000000E+000
1.80000000 7.10000000 8.90000000E+000
1.80000000 7.20000000 9.00000000E+000
1.80000000 7.30000000 9.10000000E+000
1.80000000 7.40000000 9.20000000E+000
1.80000000 7.50000000 9.30000000E+000
1.80000000 7.60000000 9.40000000E+000
1.80000000 7.70000000 9.50000000E+000
1.80000000 7.80000000 9.60000000E+000
1.80000000 7.90000000 9.70000000E+000
1.80000000 8.00000000 9.80000000E+000
1.80000000 8.10000000 9.90000000E+000
1.80000000 8.20000000 1.00000000E+001
1.80000000 8.30000000 1.01000000E+001
1.80000000 8.40000000 1.02000000E+001
1.80000000 8.50000000 1.03000000E+001
1.80000000 8.60000000 1.04000000E+001
1.80000000 8.70000000 1.05000000E+001
1.80000000 8.80000000 1.06000000E+001
1.80000000 8.90000000 1.07000000E+001
1.80000000 9.00000000 1.08000000E+001
1.80000000 9.10000000 1.09000000E+001
1.80000000 9.20000000 1.10000000E+001
1.80000000 9.30000000 1.11000000E+001
1.80000000 9.40000000 1.12000000E+001
1.80000000 9.50000000 1.13000000E+001
1.80000000 9.60000000 1.14000000E+001
1.80000000 9.70000000 1.15000000E+001
1.80000000 9.80000000 1.16000000E+001
1.80000000 9.90000000 1.17000000E+001
1.80000000 10.00000000 1.18000000E+001
1.80000000 10.10000000 1.19000000E+001
1.80000000 10.20000000 1.20000000E+001
1.80000000 10.30000000 1.21000000E+001
1.80000000 10.40000000 1.22000000E+001
1.80000000 10.50000000 1.23000000E+001
1.80000000 10.60000000 1.24000000E+001
1.80000000 10.70000000 1.25000000E+001
1.80000000 10.80000000 1.26000000E+001
1.80000000 10.90000000 1.27000000E+001
1.80000000 11.00000000 1.28000000E+001
1.90000000 1.00000000 2.90000000E+000
1.90000000 1.10000000 3.00000000E+000
1.90000000 1.20000000 3.10000000E+000
1.90000000 1.30000000 3.20000000E+000
1.90000000 1.40000000 3.30000000E+000
1.90000000 1.50000000 3.40000000E+000
1.90000000 1.60000000 3.50000000E+000
1.90000000 1.70000000 3.60000000E+000
1.90000000 1.80000000 3.70000000E+000
1.90000000 1.90000000 3.80000000E+000
1.90000000 2.00000000 3.90000000E+000
1.90000000 2.10000000 4.00000000E+000
1.90000000 2.20000000 4.10000000E+000
1.90000000 2.30000000 4.20000000E+000
1.90000000 2.40000000 4.30000000E+000
1.90000000 2.50000000 4.40000000E+000
1.90000000 2.60000000 4.50000000E+000
1.90000000 2.70000000 4.60000000E+000
1.90000000 2.80000000 4.70000000E+000
1.90000000 2.90000000 4.80000000E+000
1.90000000 3.00000000 4.90000000E+000
1.90000000 3.10000000 5.00000000E+000
1.90000000 3.20000000 5.10000000E+000
1.90000000 3.30000000 5.20000000E+000
1.90000000 3.40000000 5.30000000E+000
1.90000000 3.50000000 5.40000000E+000
1.90000000 3.60000000 5.50000000E+000
1.90000000 3.70000000 5.60000000E+000
1.90000000 3.80000000 5.70000000E+000
1.90000000 3.90000000 5.80000000E+000
1.90000000 4.00000000 5.90000000E+000
1.90000000 4.10000000 6.00000000E+000
1.90000000 4.20000000 6.10000000E+000
1.90000000 4.30000000 6.20000000E+000
1.90000000 4.40000000 6.30000000E+000
1.90000000 4.50000000 6.40000000E+000
1.90000000 4.60000000 6.50000000E+000
1.90000000 4.70000000 6.60000000E+000
1.90000000 4.80000000 6.70000000E+000
1.90000000 4.90000000 6.80000000E+000
1.90000000 5.00000000 6.90000000E+000
1.90000000 5.10000000 7.00000000E+000
1.90000000 5.20000000 7.10000000E+000
1.90000000 5.30000000 7.20000000E+000
1.90000000 5.40000000 7.30000000E+000
1.90000000 5.50000000 7.40000000E+000
1.90000000 5.60000000 7.50000000E+000
1.90000000 5.70000000 7.60000000E+000
1.90000000 5.80000000 7.70000000E+000
1.90000000 5.90000000 7.80000000E+000
1.90000000 6.00000000 7.90000000E+000
1.90000000 6.10000000 8.00000000E+000
1.90000000 6.20000000 8.10000000E+000
1.90000000 6.30000000 8.20000000E+000
1.90000000 6.40000000 8.30000000E+000
1.90000000 6.50000000 8.40000000E+000
1.90000000 6.60000000 8.50000000E+000
1.90000000 6.70000000 8.60000000E+000
1.90000000 6.80000000 8.70000000E+000
1.90000000 6.90000000 8.80000000E+000
1.90000000 7.00000000 8.90000000E+000
1.90000000 7.10000000 9.00000000E+000
1.90000000 7.20000000 9.10000000E+000
1.90000000 7.30000000 9.20000000E+000
1.90000000 7.40000000 9.30000000E+000
1.90000000 7.50000000 9.40000000E+000
1.90000000 7.60000000 9.50000000E+000
1.90000000 7.70000000 9.60000000E+000
1.90000000 7.80000000 9.70000000E+000
1.90000000 7.90000000 9.80000000E+000
1.90000000 8.00000000 9.90000000E+000
1.90000000 8.10000000 1.00000000E+001
1.90000000 8.20000000 1.01000000E+001
1.90000000 8.30000000 1.02000000E+001
1.90000000 8.40000000 1.03000000E+001
1.90000000 8.50000000 1.04000000E+001
1.90000000 8.60000000 1.05000000E+001
1.90000000 8.70000000 1.06000000E+001
1.90000000 8.80000000 1.07000000E+001
1.90000000 8.90000000 1.08000000E+001
1.90000000 9.00000000 1.09000000E+001
1.90000000 9.10000000 1.10000000E+001
1.90000000 9.20000000 1.11000000E+001
1.90000000 9.30000000 1.12000000E+001
1.90000000 9.40000000 1.13000000E+001
1.90000000 9.50000000 1.14000000E+001
1.90000000 9.60000000 1.15000000E+001
1.90000000 9.70000000 1.16000000E+001
1.90000000 9.80000000 1.17000000E+001
1.90000000 9.90000000 1.18000000E+001
1.90000000 10.00000000 1.19000000E+001
1.90000000 10.10000000 1.20000000E+001
1.90000000 10.20000000 1.21000000E+001
1.90000000 10.30000000 1.22000000E+001
1.90000000 10.40000000 1.23000000E+001
1.90000000 10.50000000 1.24000000E+001
1.90000000 10.60000000 1.25000000E+001
1.90000000 10.70000000 1.26000000E+001
1.90000000 10.80000000 1.27000000E+001
1.90000000 10.90000000 1.28000000E+001
1.90000000 11.00000000 1.29000000E+001
2.00000000 1.00000000 3.00000000E+000
2.00000000 1.10000000 3.10000000E+000
2.00000000 1.20000000 3.20000000E+000
2.00000000 1.30000000 3.30000000E+000
2.00000000 1.40000000 3.40000000E+000
2.00000000 1.50000000 3.50000000E+000
2.00000000 1.60000000 3.60000000E+000
2.00000000 1.70000000 3.70000000E+000
2.00000000 1.80000000 3.80000000E+000
2.00000000 1.90000000 3.90000000E+000
2.00000000 2.00000000 4.00000000E+000
2.00000000 2.10000000 4.10000000E+000
2.00000000 2.20000000 4.20000000E+000
2.00000000 2.30000000 4.30000000E+000
2.00000000 2.40000000 4.40000000E+000
2.00000000 2.50000000 4.50000000E+000
2.00000000 2.60000000 4.60000000E+000
2.00000000 2.70000000 4.70000000E+000
2.00000000 2.80000000 4.80000000E+000
2.00000000 2.90000000 4.90000000E+000
2.00000000 3.00000000 5.00000000E+000
2.00000000 3.10000000 5.10000000E+000
2.00000000 3.20000000 5.20000000E+000
2.00000000 3.30000000 5.30000000E+000
2.00000000 3.40000000 5.40000000E+000
2.00000000 3.50000000 5.50000000E+000
2.00000000 3.60000000 5.60000000E+000
2.00000000 3.70000000 5.70000000E+000
2.00000000 3.80000000 5.80000000E+000
2.00000000 3.90000000 5.90000000E+000
2.00000000 4.00000000 6.00000000E+000
2.00000000 4.10000000 6.10000000E+000
2.00000000 4.20000000 6.20000000E+000
2.00000000 4.30000000 6.30000000E+000
2.00000000 4.40000000 6.40000000E+000
2.00000000 4.50000000 6.50000000E+000
2.00000000 4.60000000 6.60000000E+000
2.00000000 4.70000000 6.70000000E+000
2.00000000 4.80000000 6.80000000E+000
2.00000000 4.90000000 6.90000000E+000
2.00000000 5.00000000 7.00000000E+000
2.00000000 5.10000000 7.10000000E+000
2.00000000 5.20000000 7.20000000E+000
2.00000000 5.30000000 7.30000000E+000
2.00000000 5.40000000 7.40000000E+000
2.00000000 5.50000000 7.50000000E+000
2.00000000 5.60000000 7.60000000E+000
2.00000000 5.70000000 7.70000000E+000
2.00000000 5.80000000 7.80000000E+000
2.00000000 5.90000000 7.90000000E+000
2.00000000 6.00000000 8.00000000E+000
2.00000000 6.10000000 8.10000000E+000
2.00000000 6.20000000 8.20000000E+000
2.00000000 6.30000000 8.30000000E+000
2.00000000 6.40000000 8.40000000E+000
2.00000000 6.50000000 8.50000000E+000
2.00000000 6.60000000 8.60000000E+000
2.00000000 6.70000000 8.70000000E+000
2.00000000 6.80000000 8.80000000E+000
2.00000000 6.90000000 8.90000000E+000
2.00000000 7.00000000 9.00000000E+000
2.00000000 7.10000000 9.10000000E+000
2.00000000 7.20000000 9.20000000E+000
2.00000000 7.30000000 9.30000000E+000
2.00000000 7.40000000 9.40000000E+000
2.00000000 7.50000000 9.50000000E+000
2.00000000 7.60000000 9.60000000E+000
2.00000000 7.70000000 9.70000000E+000
2.00000000 7.80000000 9.80000000E+000
2.00000000 7.90000000 9.90000000E+000
2.00000000 8.00000000 1.00000000E+001
2.00000000 8.10000000 1.01000000E+001
2.00000000 8.20000000 1.02000000E+001
2.00000000 8.30000000 1.03000000E+001
2.00000000 8.40000000 1.04000000E+001
2.00000000 8.50000000 1.05000000E+001
2.00000000 8.60000000 1.06000000E+001
2.00000000 8.70000000 1.07000000E+001
2.00000000 8.80000000 1.08000000E+001
2.00000000 8.90000000 1.09000000E+001
2.00000000 9.00000000 1.10000000E+001
2.00000000 9.10000000 1.11000000E+001
2.00000000 9.20000000 1.12000000E+001
2.00000000 9.30000000 1.13000000E+001
2.00000000 9.40000000 1.14000000E+001
2.00000000 9.50000000 1.15000000E+001
2.00000000 9.60000000 1.16000000E+001
2.00000000 9.70000000 1.17000000E+001
2.00000000 9.80000000 1.18000000E+001
2.00000000 9.90000000 1.19000000E+001
2.00000000 10.00000000 1.20000000E+001
2.00000000 10.10000000 1.21000000E+001
2.00000000 10.20000000 1.22000000E+001
2.00000000 10.30000000 1.23000000E+001
2.00000000 10.40000000 1.24000000E+001
2.00000000 10.50000000 1.25000000E+001
2.00000000 10.60000000 1.26000000E+001
2.00000000 10.70000000 1.27000000E+001
2.00000000 10.80000000 1.28000000E+001
2.00000000 10.90000000 1.29000000E+001
2.00000000 11.00000000 1.30000000E+001
2.10000000 1.00000000 3.10000000E+000
2.10000000 1.10000000 3.20000000E+000
2.10000000 1.20000000 3.30000000E+000
2.10000000 1.30000000 3.40000000E+000
2.10000000 1.40000000 3.50000000E+000
2.10000000 1.50000000 3.60000000E+000
2.10000000 1.60000000 3.70000000E+000
2.10000000 1.70000000 3.80000000E+000
2.10000000 1.80000000 3.90000000E+000
2.10000000 1.90000000 4.00000000E+000
2.10000000 2.00000000 4.10000000E+000
2.10000000 2.10000000 4.20000000E+000
2.10000000 2.20000000 4.30000000E+000
2.10000000 2.30000000 4.40000000E+000
2.10000000 2.40000000 4.50000000E+000
2.10000000 2.50000000 4.60000000E+000
2.10000000 2.60000000 4.70000000E+000
2.10000000 2.70000000 4.80000000E+000
2.10000000 2.80000000 4.90000000E+000
2.10000000 2.90000000 5.00000000E+000
2.10000000 3.00000000 5.10000000E+000
2.10000000 3.10000000 5.20000000E+000
2.10000000 3.20000000 5.30000000E+000
2.10000000 3.30000000 5.40000000E+000
2.10000000 3.40000000 5.50000000E+000
2.10000000 3.50000000 5.60000000E+000
2.10000000 3.60000000 5.70000000E+000
2.10000000 3.70000000 5.80000000E+000
2.10000000 3.80000000 5.90000000E+000
2.10000000 3.90000000 6.00000000E+000
2.10000000 4.00000000 6.10000000E+000
2.10000000 4.10000000 6.20000000E+000
2.10000000 4.20000000 6.30000000E+000
2.10000000 4.30000000 6.40000000E+000
2.10000000 4.40000000 6.50000000E+000
2.10000000 4.50000000 6.60000000E+000
2.10000000 4.60000000 6.70000000E+000
2.10000000 4.70000000 6.80000000E+000
2.10000000 4.80000000 6.90000000E+000
2.10000000 4.90000000 7.00000000E+000
2.10000000 5.00000000 7.10000000E+000
2.10000000 5.10000000 7.20000000E+000
2.10000000 5.20000000 7.30000000E+000
2.10000000 5.30000000 7.40000000E+000
2.10000000 5.40000000 7.50000000E+000
2.10000000 5.50000000 7.60000000E+000
2.10000000 5.60000000 7.70000000E+000
2.10000000 5.70000000 7.80000000E+000
2.10000000 5.80000000 7.90000000E+000
2.10000000 5.90000000 8.00000000E+000
2.10000000 6.00000000 8.10000000E+000
2.10000000 6.10000000 8.20000000E+000
2.10000000 6.20000000 8.30000000E+000
2.10000000 6.30000000 8.40000000E+000
2.10000000 6.40000000 8.50000000E+000
2.10000000 6.50000000 8.60000000E+000
2.10000000 6.60000000 8.70000000E+000
2.10000000 6.70000000 8.80000000E+000
2.10000000 6.80000000 8.90000000E+000
2.10000000 6.90000000 9.00000000E+000
2.10000000 7.00000000 9.10000000E+000
2.10000000 7.10000000 9.20000000E+000
2.10000000 7.20000000 9.30000000E+000
2.10000000 7.30000000 9.40000000E+000
2.10000000 7.40000000 9.50000000E+000
2.10000000 7.50000000 9.60000000E+000
2.10000000 7.60000000 9.70000000E+000
2.10000000 7.70000000 9.80000000E+000
2.10000000 7.80000000 9.90000000E+000
2.10000000 7.90000000 1.00000000E+001
2.10000000 8.00000000 1.01000000E+001
2.10000000 8.10000000 1.02000000E+001
2.10000000 8.20000000 1.03000000E+001
2.10000000 8.30000000 1.04000000E+001
2.10000000 8.40000000 1.05000000E+001
2.10000000 8.50000000 1.06000000E+001
2.10000000 8.60000000 1.07000000E+001
2.10000000 8.70000000 1.08000000E+001
2.10000000 8.80000000 1.09000000E+001
2.10000000 8.90000000 1.10000000E+001
2.10000000 9.00000000 1.11000000E+001
2.10000000 9.10000000 1.12000000E+001
2.10000000 9.20000000 1.13000000E+001
2.10000000 9.30000000 1.14000000E+001
2.10000000 9.40000000 1.15000000E+001
2.10000000 9.50000000 1.16000000E+001
2.10000000 9.60000000 1.17000000E+001
2.10000000 9.70000000 1.18000000E+001
2.10000000 9.80000000 1.19000000E+001
2.10000000 9.90000000 1.20000000E+001
2.10000000 10.00000000 1.21000000E+001
2.10000000 10.10000000 1.22000000E+001
2.10000000 10.20000000 1.23000000E+001
2.10000000 10.30000000 1.24000000E+001
2.10000000 10.40000000 1.25000000E+001
2.10000000 10.50000000 1.26000000E+001
2.10000000 10.60000000 1.27000000E+001
2.10000000 10.70000000 1.28000000E+001
2.10000000 10.80000000 1.29000000E+001
2.10000000 10.90000000 1.30000000E+001
2.10000000 11.00000000 1.31000000E+001
2.20000000 1.00000000 3.20000000E+000
2.20000000 1.10000000 3.30000000E+000
2.20000000 1.20000000 3.40000000E+000
2.20000000 1.30000000 3.50000000E+000
2.20000000 1.40000000 3.60000000E+000
2.20000000 1.50000000 3.70000000E+000
2.20000000 1.60000000 3.80000000E+000
2.20000000 1.70000000 3.90000000E+000
2.20000000 1.80000000 4.00000000E+000
2.20000000 1.90000000 4.10000000E+000
2.20000000 2.00000000 4.20000000E+000
2.20000000 2.10000000 4.30000000E+000
2.20000000 2.20000000 4.40000000E+000
2.20000000 2.30000000 4.50000000E+000
2.20000000 2.40000000 4.60000000E+000
2.20000000 2.50000000 4.70000000E+000
2.20000000 2.60000000 4.80000000E+000
2.20000000 2.70000000 4.90000000E+000
2.20000000 2.80000000 5.00000000E+000
2.20000000 2.90000000 5.10000000E+000
2.20000000 3.00000000 5.20000000E+000
2.20000000 3.10000000 5.30000000E+000
2.20000000 3.20000000 5.40000000E+000
2.20000000 3.30000000 5.50000000E+000
2.20000000 3.40000000 5.60000000E+000
2.20000000 3.50000000 5.70000000E+000
2.20000000 3.60000000 5.80000000E+000
2.20000000 3.70000000 5.90000000E+000
2.20000000 3.80000000 6.00000000E+000
2.20000000 3.90000000 6.10000000E+000
2.20000000 4.00000000 6.20000000E+000
2.20000000 4.10000000 6.30000000E+000
2.20000000 4.20000000 6.40000000E+000
2.20000000 4.30000000 6.50000000E+000
2.20000000 4.40000000 6.60000000E+000
2.20000000 4.50000000 6.70000000E+000
2.20000000 4.60000000 6.80000000E+000
2.20000000 4.70000000 6.90000000E+000
2.20000000 4.80000000 7.00000000E+000
2.20000000 4.90000000 7.10000000E+000
2.20000000 5.00000000 7.20000000E+000
2.20000000 5.10000000 7.30000000E+000
2.20000000 5.20000000 7.40000000E+000
2.20000000 5.30000000 7.50000000E+000
2.20000000 5.40000000 7.60000000E+000
2.20000000 5.50000000 7.70000000E+000
2.20000000 5.60000000 7.80000000E+000
2.20000000 5.70000000 7.90000000E+000
2.20000000 5.80000000 8.00000000E+000
2.20000000 5.90000000 8.10000000E+000
2.20000000 6.00000000 8.20000000E+000
2.20000000 6.10000000 8.30000000E+000
2.20000000 6.20000000 8.40000000E+000
2.20000000 6.30000000 8.50000000E+000
2.20000000 6.40000000 8.60000000E+000
2.20000000 6.50000000 8.70000000E+000
2.20000000 6.60000000 8.80000000E+000
2.20000000 6.70000000 8.90000000E+000
2.20000000 6.80000000 9.00000000E+000
2.20000000 6.90000000 9.10000000E+000
2.20000000 7.00000000 9.20000000E+000
2.20000000 7.10000000 9.30000000E+000
2.20000000 7.20000000 9.40000000E+000
2.20000000 7.30000000 9.50000000E+000
2.20000000 7.40000000 9.60000000E+000
2.20000000 7.50000000 9.70000000E+000
2.20000000 7.60000000 9.80000000E+000
2.20000000 7.70000000 9.90000000E+000
2.20000000 7.80000000 1.00000000E+001
2.20000000 7.90000000 1.01000000E+001
2.20000000 8.00000000 1.02000000E+001
2.20000000 8.10000000 1.03000000E+001
2.20000000 8.20000000 1.04000000E+001
2.20000000 8.30000000 1.05000000E+001
2.20000000 8.40000000 1.06000000E+001
2.20000000 8.50000000 1.07000000E+001
2.20000000 8.60000000 1.08000000E+001
2.20000000 8.70000000 1.09000000E+001
2.20000000 8.80000000 1.10000000E+001
2.20000000 8.90000000 1.11000000E+001
2.20000000 9.00000000 1.12000000E+001
2.20000000 9.10000000 1.13000000E+001
2.20000000 9.20000000 1.14000000E+001
2.20000000 9.30000000 1.15000000E+001
2.20000000 9.40000000 1.16000000E+001
2.20000000 9.50000000 1.17000000E+001
2.20000000 9.60000000 1.18000000E+001
2.20000000 9.70000000 1.19000000E+001
2.20000000 9.80000000 1.20000000E+001
2.20000000 9.90000000 1.21000000E+001
2.20000000 10.00000000 1.22000000E+001
2.20000000 10.10000000 1.23000000E+001
2.20000000 10.20000000 1.24000000E+001
2.20000000 10.30000000 1.25000000E+001
2.20000000 10.40000000 1.26000000E+001
2.20000000 10.50000000 1.27000000E+001
2.20000000 10.60000000 1.28000000E+001
2.20000000 10.70000000 1.29000000E+001
2.20000000 10.80000000 1.30000000E+001
2.20000000 10.90000000 1.31000000E+001
2.20000000 11.00000000 1.32000000E+001
2.30000000 1.00000000 3.30000000E+000
2.30000000 1.10000000 3.40000000E+000
2.30000000 1.20000000 3.50000000E+000
2.30000000 1.30000000 3.60000000E+000
2.30000000 1.40000000 3.70000000E+000
2.30000000 1.50000000 3.80000000E+000
2.30000000 1.60000000 3.90000000E+000
2.30000000 1.70000000 4.00000000E+000
2.30000000 1.80000000 4.10000000E+000
2.30000000 1.90000000 4.20000000E+000
2.30000000 2.00000000 4.30000000E+000
2.30000000 2.10000000 4.40000000E+000
2.30000000 2.20000000 4.50000000E+000
2.30000000 2.30000000 4.60000000E+000
2.30000000 2.40000000 4.70000000E+000
2.30000000 2.50000000 4.80000000E+000
2.30000000 2.60000000 4.90000000E+000
2.30000000 2.70000000 5.00000000E+000
2.30000000 2.80000000 5.10000000E+000
2.30000000 2.90000000 5.20000000E+000
2.30000000 3.00000000 5.30000000E+000
2.30000000 3.10000000 5.40000000E+000
2.30000000 3.20000000 5.50000000E+000
2.30000000 3.30000000 5.60000000E+000
2.30000000 3.40000000 5.70000000E+000
2.30000000 3.50000000 5.80000000E+000
2.30000000 3.60000000 5.90000000E+000
2.30000000 3.70000000 6.00000000E+000
2.30000000 3.80000000 6.10000000E+000
2.30000000 3.90000000 6.20000000E+000
2.30000000 4.00000000 6.30000000E+000
2.30000000 4.10000000 6.40000000E+000
2.30000000 4.20000000 6.50000000E+000
2.30000000 4.30000000 6.60000000E+000
2.30000000 4.40000000 6.70000000E+000
2.30000000 4.50000000 6.80000000E+000
2.30000000 4.60000000 6.90000000E+000
2.30000000 4.70000000 7.00000000E+000
2.30000000 4.80000000 7.10000000E+000
2.30000000 4.90000000 7.20000000E+000
2.30000000 5.00000000 7.30000000E+000
2.30000000 5.10000000 7.40000000E+000
2.30000000 5.20000000 7.50000000E+000
2.30000000 5.30000000 7.60000000E+000
2.30000000 5.40000000 7.70000000E+000
2.30000000 5.50000000 7.80000000E+000
2.30000000 5.60000000 7.90000000E+000
2.30000000 5.70000000 8.00000000E+000
2.30000000 5.80000000 8.10000000E+000
2.30000000 5.90000000 8.20000000E+000
2.30000000 6.00000000 8.30000000E+000
2.30000000 6.10000000 8.40000000E+000
2.30000000 6.20000000 8.50000000E+000
2.30000000 6.30000000 8.60000000E+000
2.30000000 6.40000000 8.70000000E+000
2.30000000 6.50000000 8.80000000E+000
2.30000000 6.60000000 8.90000000E+000
2.30000000 6.70000000 9.00000000E+000
2.30000000 6.80000000 9.10000000E+000
2.30000000 6.90000000 9.20000000E+000
2.30000000 7.00000000 9.30000000E+000
2.30000000 7.10000000 9.40000000E+000
2.30000000 7.20000000 9.50000000E+000
2.30000000 7.30000000 9.60000000E+000
2.30000000 7.40000000 9.70000000E+000
2.30000000 7.50000000 9.80000000E+000
2.30000000 7.60000000 9.90000000E+000
2.30000000 7.70000000 1.00000000E+001
2.30000000 7.80000000 1.01000000E+001
2.30000000 7.90000000 1.02000000E+001
2.30000000 8.00000000 1.03000000E+001
2.30000000 8.10000000 1.04000000E+001
2.30000000 8.20000000 1.05000000E+001
2.30000000 8.30000000 1.06000000E+001
2.30000000 8.40000000 1.07000000E+001
2.30000000 8.50000000 1.08000000E+001
2.30000000 8.60000000 1.09000000E+001
2.30000000 8.70000000 1.10000000E+001
2.30000000 8.80000000 1.11000000E+001
2.30000000 8.90000000 1.12000000E+001
2.30000000 9.00000000 1.13000000E+001
2.30000000 9.10000000 1.14000000E+001
2.30000000 9.20000000 1.15000000E+001
2.30000000 9.30000000 1.16000000E+001
2.30000000 9.40000000 1.17000000E+001
2.30000000 9.50000000 1.18000000E+001
2.30000000 9.60000000 1.19000000E+001
2.30000000 9.70000000 1.20000000E+001
2.30000000 9.80000000 1.21000000E+001
2.30000000 9.90000000 1.22000000E+001
2.30000000 10.00000000 1.23000000E+001
2.30000000 10.10000000 1.24000000E+001
2.30000000 10.20000000 1.25000000E+001
2.30000000 10.30000000 1.26000000E+001
2.30000000 10.40000000 1.27000000E+001
2.30000000 10.50000000 1.28000000E+001
2.30000000 10.60000000 1.29000000E+001
2.30000000 10.70000000 1.30000000E+001
2.30000000 10.80000000 1.31000000E+001
2.30000000 10.90000000 1.32000000E+001
2.30000000 11.00000000 1.33000000E+001
2.40000000 1.00000000 3.40000000E+000
2.40000000 1.10000000 3.50000000E+000
2.40000000 1.20000000 3.60000000E+000
2.40000000 1.30000000 3.70000000E+000
2.40000000 1.40000000 3.80000000E+000
2.40000000 1.50000000 3.90000000E+000
2.40000000 1.60000000 4.00000000E+000
2.40000000 1.70000000 4.10000000E+000
2.40000000 1.80000000 4.20000000E+000
2.40000000 1.90000000 4.30000000E+000
2.40000000 2.00000000 4.40000000E+000
2.40000000 2.10000000 4.50000000E+000
2.40000000 2.20000000 4.60000000E+000
2.40000000 2.30000000 4.70000000E+000
2.40000000 2.40000000 4.80000000E+000
2.40000000 2.50000000 4.90000000E+000
2.40000000 2.60000000 5.00000000E+000
2.40000000 2.70000000 5.10000000E+000
2.40000000 2.80000000 5.20000000E+000
2.40000000 2.90000000 5.30000000E+000
2.40000000 3.00000000 5.40000000E+000
2.40000000 3.10000000 5.50000000E+000
2.40000000 3.20000000 5.60000000E+000
2.40000000 3.30000000 5.70000000E+000
2.40000000 3.40000000 5.80000000E+000
2.40000000 3.50000000 5.90000000E+000
2.40000000 3.60000000 6.00000000E+000
2.40000000 3.70000000 6.10000000E+000
2.40000000 3.80000000 6.20000000E+000
2.40000000 3.90000000 6.30000000E+000
2.40000000 4.00000000 6.40000000E+000
2.40000000 4.10000000 6.50000000E+000
2.40000000 4.20000000 6.60000000E+000
2.40000000 4.30000000 6.70000000E+000
2.40000000 4.40000000 6.80000000E+000
2.40000000 4.50000000 6.90000000E+000
2.40000000 4.60000000 7.00000000E+000
2.40000000 4.70000000 7.10000000E+000
2.40000000 4.80000000 7.20000000E+000
2.40000000 4.90000000 7.30000000E+000
2.40000000 5.00000000 7.40000000E+000
2.40000000 5.10000000 7.50000000E+000
2.40000000 5.20000000 7.60000000E+000
2.40000000 5.30000000 7.70000000E+000
2.40000000 5.40000000 7.80000000E+000
2.40000000 5.50000000 7.90000000E+000
2.40000000 5.60000000 8.00000000E+000
2.40000000 5.70000000 8.10000000E+000
2.40000000 5.80000000 8.20000000E+000
2.40000000 5.90000000 8.30000000E+000
2.40000000 6.00000000 8.40000000E+000
2.40000000 6.10000000 8.50000000E+000
2.40000000 6.20000000 8.60000000E+000
2.40000000 6.30000000 8.70000000E+000
2.40000000 6.40000000 8.80000000E+000
2.40000000 6.50000000 8.90000000E+000
2.40000000 6.60000000 9.00000000E+000
2.40000000 6.70000000 9.10000000E+000
2.40000000 6.80000000 9.20000000E+000
2.40000000 6.90000000 9.30000000E+000
2.40000000 7.00000000 9.40000000E+000
2.40000000 7.10000000 9.50000000E+000
2.40000000 7.20000000 9.60000000E+000
2.40000000 7.30000000 9.70000000E+000
2.40000000 7.40000000 9.80000000E+000
2.40000000 7.50000000 9.90000000E+000
2.40000000 7.60000000 1.00000000E+001
2.40000000 7.70000000 1.01000000E+001
2.40000000 7.80000000 1.02000000E+001
2.40000000 7.90000000 1.03000000E+001
2.40000000 8.00000000 1.04000000E+001
2.40000000 8.10000000 1.05000000E+001
2.40000000 8.20000000 1.06000000E+001
2.40000000 8.30000000 1.07000000E+001
2.40000000 8.40000000 1.08000000E+001
2.40000000 8.50000000 1.09000000E+001
2.40000000 8.60000000 1.10000000E+001
2.40000000 8.70000000 1.11000000E+001
2.40000000 8.80000000 1.12000000E+001
2.40000000 8.90000000 1.13000000E+001
2.40000000 9.00000000 1.14000000E+001
2.40000000 9.10000000 1.15000000E+001
2.40000000 9.20000000 1.16000000E+001
2.40000000 9.30000000 1.17000000E+001
2.40000000 9.40000000 1.18000000E+001
2.40000000 9.50000000 1.19000000E+001
2.40000000 9.60000000 1.20000000E+001
2.40000000 9.70000000 1.21000000E+001
2.40000000 9.80000000 1.22000000E+001
2.40000000 9.90000000 1.23000000E+001
2.40000000 10.00000000 1.24000000E+001
2.40000000 10.10000000 1.25000000E+001
2.40000000 10.20000000 1.26000000E+001
2.40000000 10.30000000 1.27000000E+001
2.40000000 10.40000000 1.28000000E+001
2.40000000 10.50000000 1.29000000E+001
2.40000000 10.60000000 1.30000000E+001
2.40000000 10.70000000 1.31000000E+001
2.40000000 10.80000000 1.32000000E+001
2.40000000 10.90000000 1.33000000E+001
2.40000000 11.00000000 1.34000000E+001
2.50000000 1.00000000 3.50000000E+000
2.50000000 1.10000000 3.60000000E+000
2.50000000 1.20000000 3.70000000E+000
2.50000000 1.30000000 3.80000000E+000
2.50000000 1.40000000 3.90000000E+000
2.50000000 1.50000000 4.00000000E+000
2.50000000 1.60000000 4.10000000E+000
2.50000000 1.70000000 4.20000000E+000
2.50000000 1.80000000 4.30000000E+000
2.50000000 1.90000000 4.40000000E+000
2.50000000 2.00000000 4.50000000E+000
2.50000000 2.10000000 4.60000000E+000
2.50000000 2.20000000 4.70000000E+000
2.50000000 2.30000000 4.80000000E+000
2.50000000 2.40000000 4.90000000E+000
2.50000000 2.50000000 5.00000000E+000
2.50000000 2.60000000 5.10000000E+000
2.50000000 2.70000000 5.20000000E+000
2.50000000 2.80000000 5.30000000E+000
2.50000000 2.90000000 5.40000000E+000
2.50000000 3.00000000 5.50000000E+000
2.50000000 3.10000000 5.60000000E+000
2.50000000 3.20000000 5.70000000E+000
2.50000000 3.30000000 5.80000000E+000
2.50000000 3.40000000 5.90000000E+000
2.50000000 3.50000000 6.00000000E+000
2.50000000 3.60000000 6.10000000E+000
2.50000000 3.70000000 6.20000000E+000
2.50000000 3.80000000 6.30000000E+000
2.50000000 3.90000000 6.40000000E+000
2.50000000 4.00000000 6.50000000E+000
2.50000000 4.10000000 6.60000000E+000
2.50000000 4.20000000 6.70000000E+000
2.50000000 4.30000000 6.80000000E+000
2.50000000 4.40000000 6.90000000E+000
2.50000000 4.50000000 7.00000000E+000
2.50000000 4.60000000 7.10000000E+000
2.50000000 4.70000000 7.20000000E+000
2.50000000 4.80000000 7.30000000E+000
2.50000000 4.90000000 7.40000000E+000
2.50000000 5.00000000 7.50000000E+000
2.50000000 5.10000000 7.60000000E+000
2.50000000 5.20000000 7.70000000E+000
2.50000000 5.30000000 7.80000000E+000
2.50000000 5.40000000 7.90000000E+000
2.50000000 5.50000000 8.00000000E+000
2.50000000 5.60000000 8.10000000E+000
2.50000000 5.70000000 8.20000000E+000
2.50000000 5.80000000 8.30000000E+000
2.50000000 5.90000000 8.40000000E+000
2.50000000 6.00000000 8.50000000E+000
2.50000000 6.10000000 8.60000000E+000
2.50000000 6.20000000 8.70000000E+000
2.50000000 6.30000000 8.80000000E+000
2.50000000 6.40000000 8.90000000E+000
2.50000000 6.50000000 9.00000000E+000
2.50000000 6.60000000 9.10000000E+000
2.50000000 6.70000000 9.20000000E+000
2.50000000 6.80000000 9.30000000E+000
2.50000000 6.90000000 9.40000000E+000
2.50000000 7.00000000 9.50000000E+000
2.50000000 7.10000000 9.60000000E+000
2.50000000 7.20000000 9.70000000E+000
2.50000000 7.30000000 9.80000000E+000
2.50000000 7.40000000 9.90000000E+000
2.50000000 7.50000000 1.00000000E+001
2.50000000 7.60000000 1.01000000E+001
2.50000000 7.70000000 1.02000000E+001
2.50000000 7.80000000 1.03000000E+001
2.50000000 7.90000000 1.04000000E+001
2.50000000 8.00000000 1.05000000E+001
2.50000000 8.10000000 1.06000000E+001
2.50000000 8.20000000 1.07000000E+001
2.50000000 8.30000000 1.08000000E+001
2.50000000 8.40000000 1.09000000E+001
2.50000000 8.50000000 1.10000000E+001
2.50000000 8.60000000 1.11000000E+001
2.50000000 8.70000000 1.12000000E+001
2.50000000 8.80000000 1.13000000E+001
2.50000000 8.90000000 1.14000000E+001
2.50000000 9.00000000 1.15000000E+001
2.50000000 9.10000000 1.16000000E+001
2.50000000 9.20000000 1.17000000E+001
2.50000000 9.30000000 1.18000000E+001
2.50000000 9.40000000 1.19000000E+001
2.50000000 9.50000000 1.20000000E+001
2.50000000 9.60000000 1.21000000E+001
2.50000000 9.70000000 1.22000000E+001
2.50000000 9.80000000 1.23000000E+001
2.50000000 9.90000000 1.24000000E+001
2.50000000 10.00000000 1.25000000E+001
2.50000000 10.10000000 1.26000000E+001
2.50000000 10.20000000 1.27000000E+001
2.50000000 10.30000000 1.28000000E+001
2.50000000 10.40000000 1.29000000E+001
2.50000000 10.50000000 1.30000000E+001
2.50000000 10.60000000 1.31000000E+001
2.50000000 10.70000000 1.32000000E+001
2.50000000 10.80000000 1.33000000E+001
2.50000000 10.90000000 1.34000000E+001
2.50000000 11.00000000 1.35000000E+001
2.60000000 1.00000000 3.60000000E+000
2.60000000 1.10000000 3.70000000E+000
2.60000000 1.20000000 3.80000000E+000
2.60000000 1.30000000 3.90000000E+000
2.60000000 1.40000000 4.00000000E+000
2.60000000 1.50000000 4.10000000E+000
2.60000000 1.60000000 4.20000000E+000
2.60000000 1.70000000 4.30000000E+000
2.60000000 1.80000000 4.40000000E+000
2.60000000 1.90000000 4.50000000E+000
2.60000000 2.00000000 4.60000000E+000
2.60000000 2.10000000 4.70000000E+000
2.60000000 2.20000000 4.80000000E+000
2.60000000 2.30000000 4.90000000E+000
2.60000000 2.40000000 5.00000000E+000
2.60000000 2.50000000 5.10000000E+000
2.60000000 2.60000000 5.20000000E+000
2.60000000 2.70000000 5.30000000E+000
2.60000000 2.80000000 5.40000000E+000
2.60000000 2.90000000 5.50000000E+000
2.60000000 3.00000000 5.60000000E+000
2.60000000 3.10000000 5.70000000E+000
2.60000000 3.20000000 5.80000000E+000
2.60000000 3.30000000 5.90000000E+000
2.60000000 3.40000000 6.00000000E+000
2.60000000 3.50000000 6.10000000E+000
2.60000000 3.60000000 6.20000000E+000
2.60000000 3.70000000 6.30000000E+000
2.60000000 3.80000000 6.40000000E+000
2.60000000 3.90000000 6.50000000E+000
2.60000000 4.00000000 6.60000000E+000
2.60000000 4.10000000 6.70000000E+000
2.60000000 4.20000000 6.80000000E+000
2.60000000 4.30000000 6.90000000E+000
2.60000000 4.40000000 7.00000000E+000
2.60000000 4.50000000 7.10000000E+000
2.60000000 4.60000000 7.20000000E+000
2.60000000 4.70000000 7.30000000E+000
2.60000000 4.80000000 7.40000000E+000
2.60000000 4.90000000 7.50000000E+000
2.60000000 5.00000000 7.60000000E+000
2.60000000 5.10000000 7.70000000E+000
2.60000000 5.20000000 7.80000000E+000
2.60000000 5.30000000 7.90000000E+000
2.60000000 5.40000000 8.00000000E+000
2.60000000 5.50000000 8.10000000E+000
2.60000000 5.60000000 8.20000000E+000
2.60000000 5.70000000 8.30000000E+000
2.60000000 5.80000000 8.40000000E+000
2.60000000 5.90000000 8.50000000E+000
2.60000000 6.00000000 8.60000000E+000
2.60000000 6.10000000 8.70000000E+000
2.60000000 6.20000000 8.80000000E+000
2.60000000 6.30000000 8.90000000E+000
2.60000000 6.40000000 9.00000000E+000
2.60000000 6.50000000 9.10000000E+000
2.60000000 6.60000000 9.20000000E+000
2.60000000 6.70000000 9.30000000E+000
2.60000000 6.80000000 9.40000000E+000
2.60000000 6.90000000 9.50000000E+000
2.60000000 7.00000000 9.60000000E+000
2.60000000 7.10000000 9.70000000E+000
2.60000000 7.20000000 9.80000000E+000
2.60000000 7.30000000 9.90000000E+000
2.60000000 7.40000000 1.00000000E+001
2.60000000 7.50000000 1.01000000E+001
2.60000000 7.60000000 1.02000000E+001
2.60000000 7.70000000 1.03000000E+001
2.60000000 7.80000000 1.04000000E+001
2.60000000 7.90000000 1.05000000E+001
2.60000000 8.00000000 1.06000000E+001
2.60000000 8.10000000 1.07000000E+001
2.60000000 8.20000000 1.08000000E+001
2.60000000 8.30000000 1.09000000E+001
2.60000000 8.40000000 1.10000000E+001
2.60000000 8.50000000 1.11000000E+001
2.60000000 8.60000000 1.12000000E+001
2.60000000 8.70000000 1.13000000E+001
2.60000000 8.80000000 1.14000000E+001
2.60000000 8.90000000 1.15000000E+001
2.60000000 9.00000000 1.16000000E+001
2.60000000 9.10000000 1.17000000E+001
2.60000000 9.20000000 1.18000000E+001
2.60000000 9.30000000 1.19000000E+001
2.60000000 9.40000000 1.20000000E+001
2.60000000 9.50000000 1.21000000E+001
2.60000000 9.60000000 1.22000000E+001
2.60000000 9.70000000 1.23000000E+001
2.60000000 9.80000000 1.24000000E+001
2.60000000 9.90000000 1.25000000E+001
2.60000000 10.00000000 1.26000000E+001
2.60000000 10.10000000 1.27000000E+001
2.60000000 10.20000000 1.28000000E+001
2.60000000 10.30000000 1.29000000E+001
2.60000000 10.40000000 1.30000000E+001
2.60000000 10.50000000 1.31000000E+001
2.60000000 10.60000000 1.32000000E+001
2.60000000 10.70000000 1.33000000E+001
2.60000000 10.80000000 1.34000000E+001
2.60000000 10.90000000 1.35000000E+001
2.60000000 11.00000000 1.36000000E+001
2.70000000 1.00000000 3.70000000E+000
2.70000000 1.10000000 3.80000000E+000
2.70000000 1.20000000 3.90000000E+000
2.70000000 1.30000000 4.00000000E+000
2.70000000 1.40000000 4.10000000E+000
2.70000000 1.50000000 4.20000000E+000
2.70000000 1.60000000 4.30000000E+000
2.70000000 1.70000000 4.40000000E+000
2.70000000 1.80000000 4.50000000E+000
2.70000000 1.90000000 4.60000000E+000
2.70000000 2.00000000 4.70000000E+000
2.70000000 2.10000000 4.80000000E+000
2.70000000 2.20000000 4.90000000E+000
2.70000000 2.30000000 5.00000000E+000
2.70000000 2.40000000 5.10000000E+000
2.70000000 2.50000000 5.20000000E+000
2.70000000 2.60000000 5.30000000E+000
2.70000000 2.70000000 5.40000000E+000
2.70000000 2.80000000 5.50000000E+000
2.70000000 2.90000000 5.60000000E+000
2.70000000 3.00000000 5.70000000E+000
2.70000000 3.10000000 5.80000000E+000
2.70000000 3.20000000 5.90000000E+000
2.70000000 3.30000000 6.00000000E+000
2.70000000 3.40000000 6.10000000E+000
2.70000000 3.50000000 6.20000000E+000
2.70000000 3.60000000 6.30000000E+000
2.70000000 3.70000000 6.40000000E+000
2.70000000 3.80000000 6.50000000E+000
2.70000000 3.90000000 6.60000000E+000
2.70000000 4.00000000 6.70000000E+000
2.70000000 4.10000000 6.80000000E+000
2.70000000 4.20000000 6.90000000E+000
2.70000000 4.30000000 7.00000000E+000
2.70000000 4.40000000 7.10000000E+000
2.70000000 4.50000000 7.20000000E+000
2.70000000 4.60000000 7.30000000E+000
2.70000000 4.70000000 7.40000000E+000
2.70000000 4.80000000 7.50000000E+000
2.70000000 4.90000000 7.60000000E+000
2.70000000 5.00000000 7.70000000E+000
2.70000000 5.10000000 7.80000000E+000
2.70000000 5.20000000 7.90000000E+000
2.70000000 5.30000000 8.00000000E+000
2.70000000 5.40000000 8.10000000E+000
2.70000000 5.50000000 8.20000000E+000
2.70000000 5.60000000 8.30000000E+000
2.70000000 5.70000000 8.40000000E+000
2.70000000 5.80000000 8.50000000E+000
2.70000000 5.90000000 8.60000000E+000
2.70000000 6.00000000 8.70000000E+000
2.70000000 6.10000000 8.80000000E+000
2.70000000 6.20000000 8.90000000E+000
2.70000000 6.30000000 9.00000000E+000
2.70000000 6.40000000 9.10000000E+000
2.70000000 6.50000000 9.20000000E+000
2.70000000 6.60000000 9.30000000E+000
2.70000000 6.70000000 9.40000000E+000
2.70000000 6.80000000 9.50000000E+000
2.70000000 6.90000000 9.60000000E+000
2.70000000 7.00000000 9.70000000E+000
2.70000000 7.10000000 9.80000000E+000
2.70000000 7.20000000 9.90000000E+000
2.70000000 7.30000000 1.00000000E+001
2.70000000 7.40000000 1.01000000E+001
2.70000000 7.50000000 1.02000000E+001
2.70000000 7.60000000 1.03000000E+001
2.70000000 7.70000000 1.04000000E+001
2.70000000 7.80000000 1.05000000E+001
2.70000000 7.90000000 1.06000000E+001
2.70000000 8.00000000 1.07000000E+001
2.70000000 8.10000000 1.08000000E+001
2.70000000 8.20000000 1.09000000E+001
2.70000000 8.30000000 1.10000000E+001
2.70000000 8.40000000 1.11000000E+001
2.70000000 8.50000000 1.12000000E+001
2.70000000 8.60000000 1.13000000E+001
2.70000000 8.70000000 1.14000000E+001
2.70000000 8.80000000 1.15000000E+001
2.70000000 8.90000000 1.16000000E+001
2.70000000 9.00000000 1.17000000E+001
2.70000000 9.10000000 1.18000000E+001
2.70000000 9.20000000 1.19000000E+001
2.70000000 9.30000000 1.20000000E+001
2.70000000 9.40000000 1.21000000E+001
2.70000000 9.50000000 1.22000000E+001
2.70000000 9.60000000 1.23000000E+001
2.70000000 9.70000000 1.24000000E+001
2.70000000 9.80000000 1.25000000E+001
2.70000000 9.90000000 1.26000000E+001
2.70000000 10.00000000 1.27000000E+001
2.70000000 10.10000000 1.28000000E+001
2.70000000 10.20000000 1.29000000E+001
2.70000000 10.30000000 1.30000000E+001
2.70000000 10.40000000 1.31000000E+001
2.70000000 10.50000000 1.32000000E+001
2.70000000 10.60000000 1.33000000E+001
2.70000000 10.70000000 1.34000000E+001
2.70000000 10.80000000 1.35000000E+001
2.70000000 10.90000000 1.36000000E+001
2.70000000 11.00000000 1.37000000E+001
2.80000000 1.00000000 3.80000000E+000
2.80000000 1.10000000 3.90000000E+000
2.80000000 1.20000000 4.00000000E+000
2.80000000 1.30000000 4.10000000E+000
2.80000000 1.40000000 4.20000000E+000
2.80000000 1.50000000 4.30000000E+000
2.80000000 1.60000000 4.40000000E+000
2.80000000 1.70000000 4.50000000E+000
2.80000000 1.80000000 4.60000000E+000
2.80000000 1.90000000 4.70000000E+000
2.80000000 2.00000000 4.80000000E+000
2.80000000 2.10000000 4.90000000E+000
2.80000000 2.20000000 5.00000000E+000
2.80000000 2.30000000 5.10000000E+000
2.80000000 2.40000000 5.20000000E+000
2.80000000 2.50000000 5.30000000E+000
2.80000000 2.60000000 5.40000000E+000
2.80000000 2.70000000 5.50000000E+000
2.80000000 2.80000000 5.60000000E+000
2.80000000 2.90000000 5.70000000E+000
2.80000000 3.00000000 5.80000000E+000
2.80000000 3.10000000 5.90000000E+000
2.80000000 3.20000000 6.00000000E+000
2.80000000 3.30000000 6.10000000E+000
2.80000000 3.40000000 6.20000000E+000
2.80000000 3.50000000 6.30000000E+000
2.80000000 3.60000000 6.40000000E+000
2.80000000 3.70000000 6.50000000E+000
2.80000000 3.80000000 6.60000000E+000
2.80000000 3.90000000 6.70000000E+000
2.80000000 4.00000000 6.80000000E+000
2.80000000 4.10000000 6.90000000E+000
2.80000000 4.20000000 7.00000000E+000
2.80000000 4.30000000 7.10000000E+000
2.80000000 4.40000000 7.20000000E+000
2.80000000 4.50000000 7.30000000E+000
2.80000000 4.60000000 7.40000000E+000
2.80000000 4.70000000 7.50000000E+000
2.80000000 4.80000000 7.60000000E+000
2.80000000 4.90000000 7.70000000E+000
2.80000000 5.00000000 7.80000000E+000
2.80000000 5.10000000 7.90000000E+000
2.80000000 5.20000000 8.00000000E+000
2.80000000 5.30000000 8.10000000E+000
2.80000000 5.40000000 8.20000000E+000
2.80000000 5.50000000 8.30000000E+000
2.80000000 5.60000000 8.40000000E+000
2.80000000 5.70000000 8.50000000E+000
2.80000000 5.80000000 8.60000000E+000
2.80000000 5.90000000 8.70000000E+000
2.80000000 6.00000000 8.80000000E+000
2.80000000 6.10000000 8.90000000E+000
2.80000000 6.20000000 9.00000000E+000
2.80000000 6.30000000 9.10000000E+000
2.80000000 6.40000000 9.20000000E+000
2.80000000 6.50000000 9.30000000E+000
2.80000000 6.60000000 9.40000000E+000
2.80000000 6.70000000 9.50000000E+000
2.80000000 6.80000000 9.60000000E+000
2.80000000 6.90000000 9.70000000E+000
2.80000000 7.00000000 9.80000000E+000
2.80000000 7.10000000 9.90000000E+000
2.80000000 7.20000000 1.00000000E+001
2.80000000 7.30000000 1.01000000E+001
2.80000000 7.40000000 1.02000000E+001
2.80000000 7.50000000 1.03000000E+001
2.80000000 7.60000000 1.04000000E+001
2.80000000 7.70000000 1.05000000E+001
2.80000000 7.80000000 1.06000000E+001
2.80000000 7.90000000 1.07000000E+001
2.80000000 8.00000000 1.08000000E+001
2.80000000 8.10000000 1.09000000E+001
2.80000000 8.20000000 1.10000000E+001
2.80000000 8.30000000 1.11000000E+001
2.80000000 8.40000000 1.12000000E+001
2.80000000 8.50000000 1.13000000E+001
2.80000000 8.60000000 1.14000000E+001
2.80000000 8.70000000 1.15000000E+001
2.80000000 8.80000000 1.16000000E+001
2.80000000 8.90000000 1.17000000E+001
2.80000000 9.00000000 1.18000000E+001
2.80000000 9.10000000 1.19000000E+001
2.80000000 9.20000000 1.20000000E+001
2.80000000 9.30000000 1.21000000E+001
2.80000000 9.40000000 1.22000000E+001
2.80000000 9.50000000 1.23000000E+001
2.80000000 9.60000000 1.24000000E+001
2.80000000 9.70000000 1.25000000E+001
2.80000000 9.80000000 1.26000000E+001
2.80000000 9.90000000 1.27000000E+001
2.80000000 10.00000000 1.28000000E+001
2.80000000 10.10000000 1.29000000E+001
2.80000000 10.20000000 1.30000000E+001
2.80000000 10.30000000 1.31000000E+001
2.80000000 10.40000000 1.32000000E+001
2.80000000 10.50000000 1.33000000E+001
2.80000000 10.60000000 1.34000000E+001
2.80000000 10.70000000 1.35000000E+001
2.80000000 10.80000000 1.36000000E+001
2.80000000 10.90000000 1.37000000E+001
2.80000000 11.00000000 1.38000000E+001
2.90000000 1.00000000 3.90000000E+000
2.90000000 1.10000000 4.00000000E+000
2.90000000 1.20000000 4.10000000E+000
2.90000000 1.30000000 4.20000000E+000
2.90000000 1.40000000 4.30000000E+000
2.90000000 1.50000000 4.40000000E+000
2.90000000 1.60000000 4.50000000E+000
2.90000000 1.70000000 4.60000000E+000
2.90000000 1.80000000 4.70000000E+000
2.90000000 1.90000000 4.80000000E+000
2.90000000 2.00000000 4.90000000E+000
2.90000000 2.10000000 5.00000000E+000
2.90000000 2.20000000 5.10000000E+000
2.90000000 2.30000000 5.20000000E+000
2.90000000 2.40000000 5.30000000E+000
2.90000000 2.50000000 5.40000000E+000
2.90000000 2.60000000 5.50000000E+000
2.90000000 2.70000000 5.60000000E+000
2.90000000 2.80000000 5.70000000E+000
2.90000000 2.90000000 5.80000000E+000
2.90000000 3.00000000 5.90000000E+000
2.90000000 3.10000000 6.00000000E+000
2.90000000 3.20000000 6.10000000E+000
2.90000000 3.30000000 6.20000000E+000
2.90000000 3.40000000 6.30000000E+000
2.90000000 3.50000000 6.40000000E+000
2.90000000 3.60000000 6.50000000E+000
2.90000000 3.70000000 6.60000000E+000
2.90000000 3.80000000 6.70000000E+000
2.90000000 3.90000000 6.80000000E+000
2.90000000 4.00000000 6.90000000E+000
2.90000000 4.10000000 7.00000000E+000
2.90000000 4.20000000 7.10000000E+000
2.90000000 4.30000000 7.20000000E+000
2.90000000 4.40000000 7.30000000E+000
2.90000000 4.50000000 7.40000000E+000
2.90000000 4.60000000 7.50000000E+000
2.90000000 4.70000000 7.60000000E+000
2.90000000 4.80000000 7.70000000E+000
2.90000000 4.90000000 7.80000000E+000
2.90000000 5.00000000 7.90000000E+000
2.90000000 5.10000000 8.00000000E+000
2.90000000 5.20000000 8.10000000E+000
2.90000000 5.30000000 8.20000000E+000
2.90000000 5.40000000 8.30000000E+000
2.90000000 5.50000000 8.40000000E+000
2.90000000 5.60000000 8.50000000E+000
2.90000000 5.70000000 8.60000000E+000
2.90000000 5.80000000 8.70000000E+000
2.90000000 5.90000000 8.80000000E+000
2.90000000 6.00000000 8.90000000E+000
2.90000000 6.10000000 9.00000000E+000
2.90000000 6.20000000 9.10000000E+000
2.90000000 6.30000000 9.20000000E+000
2.90000000 6.40000000 9.30000000E+000
2.90000000 6.50000000 9.40000000E+000
2.90000000 6.60000000 9.50000000E+000
2.90000000 6.70000000 9.60000000E+000
2.90000000 6.80000000 9.70000000E+000
2.90000000 6.90000000 9.80000000E+000
2.90000000 7.00000000 9.90000000E+000
2.90000000 7.10000000 1.00000000E+001
2.90000000 7.20000000 1.01000000E+001
2.90000000 7.30000000 1.02000000E+001
2.90000000 7.40000000 1.03000000E+001
2.90000000 7.50000000 1.04000000E+001
2.90000000 7.60000000 1.05000000E+001
2.90000000 7.70000000 1.06000000E+001
2.90000000 7.80000000 1.07000000E+001
2.90000000 7.90000000 1.08000000E+001
2.90000000 8.00000000 1.09000000E+001
2.90000000 8.10000000 1.10000000E+001
2.90000000 8.20000000 1.11000000E+001
2.90000000 8.30000000 1.12000000E+001
2.90000000 8.40000000 1.13000000E+001
2.90000000 8.50000000 1.14000000E+001
2.90000000 8.60000000 1.15000000E+001
2.90000000 8.70000000 1.16000000E+001
2.90000000 8.80000000 1.17000000E+001
2.90000000 8.90000000 1.18000000E+001
2.90000000 9.00000000 1.19000000E+001
2.90000000 9.10000000 1.20000000E+001
2.90000000 9.20000000 1.21000000E+001
2.90000000 9.30000000 1.22000000E+001
2.90000000 9.40000000 1.23000000E+001
2.90000000 9.50000000 1.24000000E+001
2.90000000 9.60000000 1.25000000E+001
2.90000000 9.70000000 1.26000000E+001
2.90000000 9.80000000 1.27000000E+001
2.90000000 9.90000000 1.28000000E+001
2.90000000 10.00000000 1.29000000E+001
2.90000000 10.10000000 1.30000000E+001
2.90000000 10.20000000 1.31000000E+001
2.90000000 10.30000000 1.32000000E+001
2.90000000 10.40000000 1.33000000E+001
2.90000000 10.50000000 1.34000000E+001
2.90000000 10.60000000 1.35000000E+001
2.90000000 10.70000000 1.36000000E+001
2.90000000 10.80000000 1.37000000E+001
2.90000000 10.90000000 1.38000000E+001
2.90000000 11.00000000 1.39000000E+001
3.00000000 1.00000000 4.00000000E+000
3.00000000 1.10000000 4.10000000E+000
3.00000000 1.20000000 4.20000000E+000
3.00000000 1.30000000 4.30000000E+000
3.00000000 1.40000000 4.40000000E+000
3.00000000 1.50000000 4.50000000E+000
3.00000000 1.60000000 4.60000000E+000
3.00000000 1.70000000 4.70000000E+000
3.00000000 1.80000000 4.80000000E+000
3.00000000 1.90000000 4.90000000E+000
3.00000000 2.00000000 5.00000000E+000
3.00000000 2.10000000 5.10000000E+000
3.00000000 2.20000000 5.20000000E+000
3.00000000 2.30000000 5.30000000E+000
3.00000000 2.40000000 5.40000000E+000
3.00000000 2.50000000 5.50000000E+000
3.00000000 2.60000000 5.60000000E+000
3.00000000 2.70000000 5.70000000E+000
3.00000000 2.80000000 5.80000000E+000
3.00000000 2.90000000 5.90000000E+000
3.00000000 3.00000000 6.00000000E+000
3.00000000 3.10000000 6.10000000E+000
3.00000000 3.20000000 6.20000000E+000
3.00000000 3.30000000 6.30000000E+000
3.00000000 3.40000000 6.40000000E+000
3.00000000 3.50000000 6.50000000E+000
3.00000000 3.60000000 6.60000000E+000
3.00000000 3.70000000 6.70000000E+000
3.00000000 3.80000000 6.80000000E+000
3.00000000 3.90000000 6.90000000E+000
3.00000000 4.00000000 7.00000000E+000
3.00000000 4.10000000 7.10000000E+000
3.00000000 4.20000000 7.20000000E+000
3.00000000 4.30000000 7.30000000E+000
3.00000000 4.40000000 7.40000000E+000
3.00000000 4.50000000 7.50000000E+000
3.00000000 4.60000000 7.60000000E+000
3.00000000 4.70000000 7.70000000E+000
3.00000000 4.80000000 7.80000000E+000
3.00000000 4.90000000 7.90000000E+000
3.00000000 5.00000000 8.00000000E+000
3.00000000 5.10000000 8.10000000E+000
3.00000000 5.20000000 8.20000000E+000
3.00000000 5.30000000 8.30000000E+000
3.00000000 5.40000000 8.40000000E+000
3.00000000 5.50000000 8.50000000E+000
3.00000000 5.60000000 8.60000000E+000
3.00000000 5.70000000 8.70000000E+000
3.00000000 5.80000000 8.80000000E+000
3.00000000 5.90000000 8.90000000E+000
3.00000000 6.00000000 9.00000000E+000
3.00000000 6.10000000 9.10000000E+000
3.00000000 6.20000000 9.20000000E+000
3.00000000 6.30000000 9.30000000E+000
3.00000000 6.40000000 9.40000000E+000
3.00000000 6.50000000 9.50000000E+000
3.00000000 6.60000000 9.60000000E+000
3.00000000 6.70000000 9.70000000E+000
3.00000000 6.80000000 9.80000000E+000
3.00000000 6.90000000 9.90000000E+000
3.00000000 7.00000000 1.00000000E+001
3.00000000 7.10000000 1.01000000E+001
3.00000000 7.20000000 1.02000000E+001
3.00000000 7.30000000 1.03000000E+001
3.00000000 7.40000000 1.04000000E+001
3.00000000 7.50000000 1.05000000E+001
3.00000000 7.60000000 1.06000000E+001
3.00000000 7.70000000 1.07000000E+001
3.00000000 7.80000000 1.08000000E+001
3.00000000 7.90000000 1.09000000E+001
3.00000000 8.00000000 1.10000000E+001
3.00000000 8.10000000 1.11000000E+001
3.00000000 8.20000000 1.12000000E+001
3.00000000 8.30000000 1.13000000E+001
3.00000000 8.40000000 1.14000000E+001
3.00000000 8.50000000 1.15000000E+001
3.00000000 8.60000000 1.16000000E+001
3.00000000 8.70000000 1.17000000E+001
3.00000000 8.80000000 1.18000000E+001
3.00000000 8.90000000 1.19000000E+001
3.00000000 9.00000000 1.20000000E+001
3.00000000 9.10000000 1.21000000E+001
3.00000000 9.20000000 1.22000000E+001
3.00000000 9.30000000 1.23000000E+001
3.00000000 9.40000000 1.24000000E+001
3.00000000 9.50000000 1.25000000E+001
3.00000000 9.60000000 1.26000000E+001
3.00000000 9.70000000 1.27000000E+001
3.00000000 9.80000000 1.28000000E+001
3.00000000 9.90000000 1.29000000E+001
3.00000000 10.00000000 1.30000000E+001
3.00000000 10.10000000 1.31000000E+001
3.00000000 10.20000000 1.32000000E+001
3.00000000 10.30000000 1.33000000E+001
3.00000000 10.40000000 1.34000000E+001
3.00000000 10.50000000 1.35000000E+001
3.00000000 10.60000000 1.36000000E+001
3.00000000 10.70000000 1.37000000E+001
3.00000000 10.80000000 1.38000000E+001
3.00000000 10.90000000 1.39000000E+001
3.00000000 11.00000000 1.40000000E+001
3.10000000 1.00000000 4.10000000E+000
3.10000000 1.10000000 4.20000000E+000
3.10000000 1.20000000 4.30000000E+000
3.10000000 1.30000000 4.40000000E+000
3.10000000 1.40000000 4.50000000E+000
3.10000000 1.50000000 4.60000000E+000
3.10000000 1.60000000 4.70000000E+000
3.10000000 1.70000000 4.80000000E+000
3.10000000 1.80000000 4.90000000E+000
3.10000000 1.90000000 5.00000000E+000
3.10000000 2.00000000 5.10000000E+000
3.10000000 2.10000000 5.20000000E+000
3.10000000 2.20000000 5.30000000E+000
3.10000000 2.30000000 5.40000000E+000
3.10000000 2.40000000 5.50000000E+000
3.10000000 2.50000000 5.60000000E+000
3.10000000 2.60000000 5.70000000E+000
3.10000000 2.70000000 5.80000000E+000
3.10000000 2.80000000 5.90000000E+000
3.10000000 2.90000000 6.00000000E+000
3.10000000 3.00000000 6.10000000E+000
3.10000000 3.10000000 6.20000000E+000
3.10000000 3.20000000 6.30000000E+000
3.10000000 3.30000000 6.40000000E+000
3.10000000 3.40000000 6.50000000E+000
3.10000000 3.50000000 6.60000000E+000
3.10000000 3.60000000 6.70000000E+000
3.10000000 3.70000000 6.80000000E+000
3.10000000 3.80000000 6.90000000E+000
3.10000000 3.90000000 7.00000000E+000
3.10000000 4.00000000 7.10000000E+000
3.10000000 4.10000000 7.20000000E+000
3.10000000 4.20000000 7.30000000E+000
3.10000000 4.30000000 7.40000000E+000
3.10000000 4.40000000 7.50000000E+000
3.10000000 4.50000000 7.60000000E+000
3.10000000 4.60000000 7.70000000E+000
3.10000000 4.70000000 7.80000000E+000
3.10000000 4.80000000 7.90000000E+000
3.10000000 4.90000000 8.00000000E+000
3.10000000 5.00000000 8.10000000E+000
3.10000000 5.10000000 8.20000000E+000
3.10000000 5.20000000 8.30000000E+000
3.10000000 5.30000000 8.40000000E+000
3.10000000 5.40000000 8.50000000E+000
3.10000000 5.50000000 8.60000000E+000
3.10000000 5.60000000 8.70000000E+000
3.10000000 5.70000000 8.80000000E+000
3.10000000 5.80000000 8.90000000E+000
3.10000000 5.90000000 9.00000000E+000
3.10000000 6.00000000 9.10000000E+000
3.10000000 6.10000000 9.20000000E+000
3.10000000 6.20000000 9.30000000E+000
3.10000000 6.30000000 9.40000000E+000
3.10000000 6.40000000 9.50000000E+000
3.10000000 6.50000000 9.60000000E+000
3.10000000 6.60000000 9.70000000E+000
3.10000000 6.70000000 9.80000000E+000
3.10000000 6.80000000 9.90000000E+000
3.10000000 6.90000000 1.00000000E+001
3.10000000 7.00000000 1.01000000E+001
3.10000000 7.10000000 1.02000000E+001
3.10000000 7.20000000 1.03000000E+001
3.10000000 7.30000000 1.04000000E+001
3.10000000 7.40000000 1.05000000E+001
3.10000000 7.50000000 1.06000000E+001
3.10000000 7.60000000 1.07000000E+001
3.10000000 7.70000000 1.08000000E+001
3.10000000 7.80000000 1.09000000E+001
3.10000000 7.90000000 1.10000000E+001
3.10000000 8.00000000 1.11000000E+001
3.10000000 8.10000000 1.12000000E+001
3.10000000 8.20000000 1.13000000E+001
3.10000000 8.30000000 1.14000000E+001
3.10000000 8.40000000 1.15000000E+001
3.10000000 8.50000000 1.16000000E+001
3.10000000 8.60000000 1.17000000E+001
3.10000000 8.70000000 1.18000000E+001
3.10000000 8.80000000 1.19000000E+001
3.10000000 8.90000000 1.20000000E+001
3.10000000 9.00000000 1.21000000E+001
3.10000000 9.10000000 1.22000000E+001
3.10000000 9.20000000 1.23000000E+001
3.10000000 9.30000000 1.24000000E+001
3.10000000 9.40000000 1.25000000E+001
3.10000000 9.50000000 1.26000000E+001
3.10000000 9.60000000 1.27000000E+001
3.10000000 9.70000000 1.28000000E+001
3.10000000 9.80000000 1.29000000E+001
3.10000000 9.90000000 1.30000000E+001
3.10000000 10.00000000 1.31000000E+001
3.10000000 10.10000000 1.32000000E+001
3.10000000 10.20000000 1.33000000E+001
3.10000000 10.30000000 1.34000000E+001
3.10000000 10.40000000 1.35000000E+001
3.10000000 10.50000000 1.36000000E+001
3.10000000 10.60000000 1.37000000E+001
3.10000000 10.70000000 1.38000000E+001
3.10000000 10.80000000 1.39000000E+001
3.10000000 10.90000000 1.40000000E+001
3.10000000 11.00000000 1.41000000E+001
3.20000000 1.00000000 4.20000000E+000
3.20000000 1.10000000 4.30000000E+000
3.20000000 1.20000000 4.40000000E+000
3.20000000 1.30000000 4.50000000E+000
3.20000000 1.40000000 4.60000000E+000
3.20000000 1.50000000 4.70000000E+000
3.20000000 1.60000000 4.80000000E+000
3.20000000 1.70000000 4.90000000E+000
3.20000000 1.80000000 5.00000000E+000
3.20000000 1.90000000 5.10000000E+000
3.20000000 2.00000000 5.20000000E+000
3.20000000 2.10000000 5.30000000E+000
3.20000000 2.20000000 5.40000000E+000
3.20000000 2.30000000 5.50000000E+000
3.20000000 2.40000000 5.60000000E+000
3.20000000 2.50000000 5.70000000E+000
3.20000000 2.60000000 5.80000000E+000
3.20000000 2.70000000 5.90000000E+000
3.20000000 2.80000000 6.00000000E+000
3.20000000 2.90000000 6.10000000E+000
3.20000000 3.00000000 6.20000000E+000
3.20000000 3.10000000 6.30000000E+000
3.20000000 3.20000000 6.40000000E+000
3.20000000 3.30000000 6.50000000E+000
3.20000000 3.40000000 6.60000000E+000
3.20000000 3.50000000 6.70000000E+000
3.20000000 3.60000000 6.80000000E+000
3.20000000 3.70000000 6.90000000E+000
3.20000000 3.80000000 7.00000000E+000
3.20000000 3.90000000 7.10000000E+000
3.20000000 4.00000000 7.20000000E+000
3.20000000 4.10000000 7.30000000E+000
3.20000000 4.20000000 7.40000000E+000
3.20000000 4.30000000 7.50000000E+000
3.20000000 4.40000000 7.60000000E+000
3.20000000 4.50000000 7.70000000E+000
3.20000000 4.60000000 7.80000000E+000
3.20000000 4.70000000 7.90000000E+000
3.20000000 4.80000000 8.00000000E+000
3.20000000 4.90000000 8.10000000E+000
3.20000000 5.00000000 8.20000000E+000
3.20000000 5.10000000 8.30000000E+000
3.20000000 5.20000000 8.40000000E+000
3.20000000 5.30000000 8.50000000E+000
3.20000000 5.40000000 8.60000000E+000
3.20000000 5.50000000 8.70000000E+000
3.20000000 5.60000000 8.80000000E+000
3.20000000 5.70000000 8.90000000E+000
3.20000000 5.80000000 9.00000000E+000
3.20000000 5.90000000 9.10000000E+000
3.20000000 6.00000000 9.20000000E+000
3.20000000 6.10000000 9.30000000E+000
3.20000000 6.20000000 9.40000000E+000
3.20000000 6.30000000 9.50000000E+000
3.20000000 6.40000000 9.60000000E+000
3.20000000 6.50000000 9.70000000E+000
3.20000000 6.60000000 9.80000000E+000
3.20000000 6.70000000 9.90000000E+000
3.20000000 6.80000000 1.00000000E+001
3.20000000 6.90000000 1.01000000E+001
3.20000000 7.00000000 1.02000000E+001
3.20000000 7.10000000 1.03000000E+001
3.20000000 7.20000000 1.04000000E+001
3.20000000 7.30000000 1.05000000E+001
3.20000000 7.40000000 1.06000000E+001
3.20000000 7.50000000 1.07000000E+001
3.20000000 7.60000000 1.08000000E+001
3.20000000 7.70000000 1.09000000E+001
3.20000000 7.80000000 1.10000000E+001
3.20000000 7.90000000 1.11000000E+001
3.20000000 8.00000000 1.12000000E+001
3.20000000 8.10000000 1.13000000E+001
3.20000000 8.20000000 1.14000000E+001
3.20000000 8.30000000 1.15000000E+001
3.20000000 8.40000000 1.16000000E+001
3.20000000 8.50000000 1.17000000E+001
3.20000000 8.60000000 1.18000000E+001
3.20000000 8.70000000 1.19000000E+001
3.20000000 8.80000000 1.20000000E+001
3.20000000 8.90000000 1.21000000E+001
3.20000000 9.00000000 1.22000000E+001
3.20000000 9.10000000 1.23000000E+001
3.20000000 9.20000000 1.24000000E+001
3.20000000 9.30000000 1.25000000E+001
3.20000000 9.40000000 1.26000000E+001
3.20000000 9.50000000 1.27000000E+001
3.20000000 9.60000000 1.28000000E+001
3.20000000 9.70000000 1.29000000E+001
3.20000000 9.80000000 1.30000000E+001
3.20000000 9.90000000 1.31000000E+001
3.20000000 10.00000000 1.32000000E+001
3.20000000 10.10000000 1.33000000E+001
3.20000000 10.20000000 1.34000000E+001
3.20000000 10.30000000 1.35000000E+001
3.20000000 10.40000000 1.36000000E+001
3.20000000 10.50000000 1.37000000E+001
3.20000000 10.60000000 1.38000000E+001
3.20000000 10.70000000 1.39000000E+001
3.20000000 10.80000000 1.40000000E+001
3.20000000 10.90000000 1.41000000E+001
3.20000000 11.00000000 1.42000000E+001
3.30000000 1.00000000 4.30000000E+000
3.30000000 1.10000000 4.40000000E+000
3.30000000 1.20000000 4.50000000E+000
3.30000000 1.30000000 4.60000000E+000
3.30000000 1.40000000 4.70000000E+000
3.30000000 1.50000000 4.80000000E+000
3.30000000 1.60000000 4.90000000E+000
3.30000000 1.70000000 5.00000000E+000
3.30000000 1.80000000 5.10000000E+000
3.30000000 1.90000000 5.20000000E+000
3.30000000 2.00000000 5.30000000E+000
3.30000000 2.10000000 5.40000000E+000
3.30000000 2.20000000 5.50000000E+000
3.30000000 2.30000000 5.60000000E+000
3.30000000 2.40000000 5.70000000E+000
3.30000000 2.50000000 5.80000000E+000
3.30000000 2.60000000 5.90000000E+000
3.30000000 2.70000000 6.00000000E+000
3.30000000 2.80000000 6.10000000E+000
3.30000000 2.90000000 6.20000000E+000
3.30000000 3.00000000 6.30000000E+000
3.30000000 3.10000000 6.40000000E+000
3.30000000 3.20000000 6.50000000E+000
3.30000000 3.30000000 6.60000000E+000
3.30000000 3.40000000 6.70000000E+000
3.30000000 3.50000000 6.80000000E+000
3.30000000 3.60000000 6.90000000E+000
3.30000000 3.70000000 7.00000000E+000
3.30000000 3.80000000 7.10000000E+000
3.30000000 3.90000000 7.20000000E+000
3.30000000 4.00000000 7.30000000E+000
3.30000000 4.10000000 7.40000000E+000
3.30000000 4.20000000 7.50000000E+000
3.30000000 4.30000000 7.60000000E+000
3.30000000 4.40000000 7.70000000E+000
3.30000000 4.50000000 7.80000000E+000
3.30000000 4.60000000 7.90000000E+000
3.30000000 4.70000000 8.00000000E+000
3.30000000 4.80000000 8.10000000E+000
3.30000000 4.90000000 8.20000000E+000
3.30000000 5.00000000 8.30000000E+000
3.30000000 5.10000000 8.40000000E+000
3.30000000 5.20000000 8.50000000E+000
3.30000000 5.30000000 8.60000000E+000
3.30000000 5.40000000 8.70000000E+000
3.30000000 5.50000000 8.80000000E+000
3.30000000 5.60000000 8.90000000E+000
3.30000000 5.70000000 9.00000000E+000
3.30000000 5.80000000 9.10000000E+000
3.30000000 5.90000000 9.20000000E+000
3.30000000 6.00000000 9.30000000E+000
3.30000000 6.10000000 9.40000000E+000
3.30000000 6.20000000 9.50000000E+000
3.30000000 6.30000000 9.60000000E+000
3.30000000 6.40000000 9.70000000E+000
3.30000000 6.50000000 9.80000000E+000
3.30000000 6.60000000 9.90000000E+000
3.30000000 6.70000000 1.00000000E+001
3.30000000 6.80000000 1.01000000E+001
3.30000000 6.90000000 1.02000000E+001
3.30000000 7.00000000 1.03000000E+001
3.30000000 7.10000000 1.04000000E+001
3.30000000 7.20000000 1.05000000E+001
3.30000000 7.30000000 1.06000000E+001
3.30000000 7.40000000 1.07000000E+001
3.30000000 7.50000000 1.08000000E+001
3.30000000 7.60000000 1.09000000E+001
3.30000000 7.70000000 1.10000000E+001
3.30000000 7.80000000 1.11000000E+001
3.30000000 7.90000000 1.12000000E+001
3.30000000 8.00000000 1.13000000E+001
3.30000000 8.10000000 1.14000000E+001
3.30000000 8.20000000 1.15000000E+001
3.30000000 8.30000000 1.16000000E+001
3.30000000 8.40000000 1.17000000E+001
3.30000000 8.50000000 1.18000000E+001
3.30000000 8.60000000 1.19000000E+001
3.30000000 8.70000000 1.20000000E+001
3.30000000 8.80000000 1.21000000E+001
3.30000000 8.90000000 1.22000000E+001
3.30000000 9.00000000 1.23000000E+001
3.30000000 9.10000000 1.24000000E+001
3.30000000 9.20000000 1.25000000E+001
3.30000000 9.30000000 1.26000000E+001
3.30000000 9.40000000 1.27000000E+001
3.30000000 9.50000000 1.28000000E+001
3.30000000 9.60000000 1.29000000E+001
3.30000000 9.70000000 1.30000000E+001
3.30000000 9.80000000 1.31000000E+001
3.30000000 9.90000000 1.32000000E+001
3.30000000 10.00000000 1.33000000E+001
3.30000000 10.10000000 1.34000000E+001
3.30000000 10.20000000 1.35000000E+001
3.30000000 10.30000000 1.36000000E+001
3.30000000 10.40000000 1.37000000E+001
3.30000000 10.50000000 1.38000000E+001
3.30000000 10.60000000 1.39000000E+001
3.30000000 10.70000000 1.40000000E+001
3.30000000 10.80000000 1.41000000E+001
3.30000000 10.90000000 1.42000000E+001
3.30000000 11.00000000 1.43000000E+001
3.40000000 1.00000000 4.40000000E+000
3.40000000 1.10000000 4.50000000E+000
3.40000000 1.20000000 4.60000000E+000
3.40000000 1.30000000 4.70000000E+000
3.40000000 1.40000000 4.80000000E+000
3.40000000 1.50000000 4.90000000E+000
3.40000000 1.60000000 5.00000000E+000
3.40000000 1.70000000 5.10000000E+000
3.40000000 1.80000000 5.20000000E+000
3.40000000 1.90000000 5.30000000E+000
3.40000000 2.00000000 5.40000000E+000
3.40000000 2.10000000 5.50000000E+000
3.40000000 2.20000000 5.60000000E+000
3.40000000 2.30000000 5.70000000E+000
3.40000000 2.40000000 5.80000000E+000
3.40000000 2.50000000 5.90000000E+000
3.40000000 2.60000000 6.00000000E+000
3.40000000 2.70000000 6.10000000E+000
3.40000000 2.80000000 6.20000000E+000
3.40000000 2.90000000 6.30000000E+000
3.40000000 3.00000000 6.40000000E+000
3.40000000 3.10000000 6.50000000E+000
3.40000000 3.20000000 6.60000000E+000
3.40000000 3.30000000 6.70000000E+000
3.40000000 3.40000000 6.80000000E+000
3.40000000 3.50000000 6.90000000E+000
3.40000000 3.60000000 7.00000000E+000
3.40000000 3.70000000 7.10000000E+000
3.40000000 3.80000000 7.20000000E+000
3.40000000 3.90000000 7.30000000E+000
3.40000000 4.00000000 7.40000000E+000
3.40000000 4.10000000 7.50000000E+000
3.40000000 4.20000000 7.60000000E+000
3.40000000 4.30000000 7.70000000E+000
3.40000000 4.40000000 7.80000000E+000
3.40000000 4.50000000 7.90000000E+000
3.40000000 4.60000000 8.00000000E+000
3.40000000 4.70000000 8.10000000E+000
3.40000000 4.80000000 8.20000000E+000
3.40000000 4.90000000 8.30000000E+000
3.40000000 5.00000000 8.40000000E+000
3.40000000 5.10000000 8.50000000E+000
3.40000000 5.20000000 8.60000000E+000
3.40000000 5.30000000 8.70000000E+000
3.40000000 5.40000000 8.80000000E+000
3.40000000 5.50000000 8.90000000E+000
3.40000000 5.60000000 9.00000000E+000
3.40000000 5.70000000 9.10000000E+000
3.40000000 5.80000000 9.20000000E+000
3.40000000 5.90000000 9.30000000E+000
3.40000000 6.00000000 9.40000000E+000
3.40000000 6.10000000 9.50000000E+000
3.40000000 6.20000000 9.60000000E+000
3.40000000 6.30000000 9.70000000E+000
3.40000000 6.40000000 9.80000000E+000
3.40000000 6.50000000 9.90000000E+000
3.40000000 6.60000000 1.00000000E+001
3.40000000 6.70000000 1.01000000E+001
3.40000000 6.80000000 1.02000000E+001
3.40000000 6.90000000 1.03000000E+001
3.40000000 7.00000000 1.04000000E+001
3.40000000 7.10000000 1.05000000E+001
3.40000000 7.20000000 1.06000000E+001
3.40000000 7.30000000 1.07000000E+001
3.40000000 7.40000000 1.08000000E+001
3.40000000 7.50000000 1.09000000E+001
3.40000000 7.60000000 1.10000000E+001
3.40000000 7.70000000 1.11000000E+001
3.40000000 7.80000000 1.12000000E+001
3.40000000 7.90000000 1.13000000E+001
3.40000000 8.00000000 1.14000000E+001
3.40000000 8.10000000 1.15000000E+001
3.40000000 8.20000000 1.16000000E+001
3.40000000 8.30000000 1.17000000E+001
3.40000000 8.40000000 1.18000000E+001
3.40000000 8.50000000 1.19000000E+001
3.40000000 8.60000000 1.20000000E+001
3.40000000 8.70000000 1.21000000E+001
3.40000000 8.80000000 1.22000000E+001
3.40000000 8.90000000 1.23000000E+001
3.40000000 9.00000000 1.24000000E+001
3.40000000 9.10000000 1.25000000E+001
3.40000000 9.20000000 1.26000000E+001
3.40000000 9.30000000 1.27000000E+001
3.40000000 9.40000000 1.28000000E+001
3.40000000 9.50000000 1.29000000E+001
3.40000000 9.60000000 1.30000000E+001
3.40000000 9.70000000 1.31000000E+001
3.40000000 9.80000000 1.32000000E+001
3.40000000 9.90000000 1.33000000E+001
3.40000000 10.00000000 1.34000000E+001
3.40000000 10.10000000 1.35000000E+001
3.40000000 10.20000000 1.36000000E+001
3.40000000 10.30000000 1.37000000E+001
3.40000000 10.40000000 1.38000000E+001
3.40000000 10.50000000 1.39000000E+001
3.40000000 10.60000000 1.40000000E+001
3.40000000 10.70000000 1.41000000E+001
3.40000000 10.80000000 1.42000000E+001
3.40000000 10.90000000 1.43000000E+001
3.40000000 11.00000000 1.44000000E+001
3.50000000 1.00000000 4.50000000E+000
3.50000000 1.10000000 4.60000000E+000
3.50000000 1.20000000 4.70000000E+000
3.50000000 1.30000000 4.80000000E+000
3.50000000 1.40000000 4.90000000E+000
3.50000000 1.50000000 5.00000000E+000
3.50000000 1.60000000 5.10000000E+000
3.50000000 1.70000000 5.20000000E+000
3.50000000 1.80000000 5.30000000E+000
3.50000000 1.90000000 5.40000000E+000
3.50000000 2.00000000 5.50000000E+000
3.50000000 2.10000000 5.60000000E+000
3.50000000 2.20000000 5.70000000E+000
3.50000000 2.30000000 5.80000000E+000
3.50000000 2.40000000 5.90000000E+000
3.50000000 2.50000000 6.00000000E+000
3.50000000 2.60000000 6.10000000E+000
3.50000000 2.70000000 6.20000000E+000
3.50000000 2.80000000 6.30000000E+000
3.50000000 2.90000000 6.40000000E+000
3.50000000 3.00000000 6.50000000E+000
3.50000000 3.10000000 6.60000000E+000
3.50000000 3.20000000 6.70000000E+000
3.50000000 3.30000000 6.80000000E+000
3.50000000 3.40000000 6.90000000E+000
3.50000000 3.50000000 7.00000000E+000
3.50000000 3.60000000 7.10000000E+000
3.50000000 3.70000000 7.20000000E+000
3.50000000 3.80000000 7.30000000E+000
3.50000000 3.90000000 7.40000000E+000
3.50000000 4.00000000 7.50000000E+000
3.50000000 4.10000000 7.60000000E+000
3.50000000 4.20000000 7.70000000E+000
3.50000000 4.30000000 7.80000000E+000
3.50000000 4.40000000 7.90000000E+000
3.50000000 4.50000000 8.00000000E+000
3.50000000 4.60000000 8.10000000E+000
3.50000000 4.70000000 8.20000000E+000
3.50000000 4.80000000 8.30000000E+000
3.50000000 4.90000000 8.40000000E+000
3.50000000 5.00000000 8.50000000E+000
3.50000000 5.10000000 8.60000000E+000
3.50000000 5.20000000 8.70000000E+000
3.50000000 5.30000000 8.80000000E+000
3.50000000 5.40000000 8.90000000E+000
3.50000000 5.50000000 9.00000000E+000
3.50000000 5.60000000 9.10000000E+000
3.50000000 5.70000000 9.20000000E+000
3.50000000 5.80000000 9.30000000E+000
3.50000000 5.90000000 9.40000000E+000
3.50000000 6.00000000 9.50000000E+000
3.50000000 6.10000000 9.60000000E+000
3.50000000 6.20000000 9.70000000E+000
3.50000000 6.30000000 9.80000000E+000
3.50000000 6.40000000 9.90000000E+000
3.50000000 6.50000000 1.00000000E+001
3.50000000 6.60000000 1.01000000E+001
3.50000000 6.70000000 1.02000000E+001
3.50000000 6.80000000 1.03000000E+001
3.50000000 6.90000000 1.04000000E+001
3.50000000 7.00000000 1.05000000E+001
3.50000000 7.10000000 1.06000000E+001
3.50000000 7.20000000 1.07000000E+001
3.50000000 7.30000000 1.08000000E+001
3.50000000 7.40000000 1.09000000E+001
3.50000000 7.50000000 1.10000000E+001
3.50000000 7.60000000 1.11000000E+001
3.50000000 7.70000000 1.12000000E+001
3.50000000 7.80000000 1.13000000E+001
3.50000000 7.90000000 1.14000000E+001
3.50000000 8.00000000 1.15000000E+001
3.50000000 8.10000000 1.16000000E+001
3.50000000 8.20000000 1.17000000E+001
3.50000000 8.30000000 1.18000000E+001
3.50000000 8.40000000 1.19000000E+001
3.50000000 8.50000000 1.20000000E+001
3.50000000 8.60000000 1.21000000E+001
3.50000000 8.70000000 1.22000000E+001
3.50000000 8.80000000 1.23000000E+001
3.50000000 8.90000000 1.24000000E+001
3.50000000 9.00000000 1.25000000E+001
3.50000000 9.10000000 1.26000000E+001
3.50000000 9.20000000 1.27000000E+001
3.50000000 9.30000000 1.28000000E+001
3.50000000 9.40000000 1.29000000E+001
3.50000000 9.50000000 1.30000000E+001
3.50000000 9.60000000 1.31000000E+001
3.50000000 9.70000000 1.32000000E+001
3.50000000 9.80000000 1.33000000E+001
3.50000000 9.90000000 1.34000000E+001
3.50000000 10.00000000 1.35000000E+001
3.50000000 10.10000000 1.36000000E+001
3.50000000 10.20000000 1.37000000E+001
3.50000000 10.30000000 1.38000000E+001
3.50000000 10.40000000 1.39000000E+001
3.50000000 10.50000000 1.40000000E+001
3.50000000 10.60000000 1.41000000E+001
3.50000000 10.70000000 1.42000000E+001
3.50000000 10.80000000 1.43000000E+001
3.50000000 10.90000000 1.44000000E+001
3.50000000 11.00000000 1.45000000E+001
3.60000000 1.00000000 4.60000000E+000
3.60000000 1.10000000 4.70000000E+000
3.60000000 1.20000000 4.80000000E+000
3.60000000 1.30000000 4.90000000E+000
3.60000000 1.40000000 5.00000000E+000
3.60000000 1.50000000 5.10000000E+000
3.60000000 1.60000000 5.20000000E+000
3.60000000 1.70000000 5.30000000E+000
3.60000000 1.80000000 5.40000000E+000
3.60000000 1.90000000 5.50000000E+000
3.60000000 2.00000000 5.60000000E+000
3.60000000 2.10000000 5.70000000E+000
3.60000000 2.20000000 5.80000000E+000
3.60000000 2.30000000 5.90000000E+000
3.60000000 2.40000000 6.00000000E+000
3.60000000 2.50000000 6.10000000E+000
3.60000000 2.60000000 6.20000000E+000
3.60000000 2.70000000 6.30000000E+000
3.60000000 2.80000000 6.40000000E+000
3.60000000 2.90000000 6.50000000E+000
3.60000000 3.00000000 6.60000000E+000
3.60000000 3.10000000 6.70000000E+000
3.60000000 3.20000000 6.80000000E+000
3.60000000 3.30000000 6.90000000E+000
3.60000000 3.40000000 7.00000000E+000
3.60000000 3.50000000 7.10000000E+000
3.60000000 3.60000000 7.20000000E+000
3.60000000 3.70000000 7.30000000E+000
3.60000000 3.80000000 7.40000000E+000
3.60000000 3.90000000 7.50000000E+000
3.60000000 4.00000000 7.60000000E+000
3.60000000 4.10000000 7.70000000E+000
3.60000000 4.20000000 7.80000000E+000
3.60000000 4.30000000 7.90000000E+000
3.60000000 4.40000000 8.00000000E+000
3.60000000 4.50000000 8.10000000E+000
3.60000000 4.60000000 8.20000000E+000
3.60000000 4.70000000 8.30000000E+000
3.60000000 4.80000000 8.40000000E+000
3.60000000 4.90000000 8.50000000E+000
3.60000000 5.00000000 8.60000000E+000
3.60000000 5.10000000 8.70000000E+000
3.60000000 5.20000000 8.80000000E+000
3.60000000 5.30000000 8.90000000E+000
3.60000000 5.40000000 9.00000000E+000
3.60000000 5.50000000 9.10000000E+000
3.60000000 5.60000000 9.20000000E+000
3.60000000 5.70000000 9.30000000E+000
3.60000000 5.80000000 9.40000000E+000
3.60000000 5.90000000 9.50000000E+000
3.60000000 6.00000000 9.60000000E+000
3.60000000 6.10000000 9.70000000E+000
3.60000000 6.20000000 9.80000000E+000
3.60000000 6.30000000 9.90000000E+000
3.60000000 6.40000000 1.00000000E+001
3.60000000 6.50000000 1.01000000E+001
3.60000000 6.60000000 1.02000000E+001
3.60000000 6.70000000 1.03000000E+001
3.60000000 6.80000000 1.04000000E+001
3.60000000 6.90000000 1.05000000E+001
3.60000000 7.00000000 1.06000000E+001
3.60000000 7.10000000 1.07000000E+001
3.60000000 7.20000000 1.08000000E+001
3.60000000 7.30000000 1.09000000E+001
3.60000000 7.40000000 1.10000000E+001
3.60000000 7.50000000 1.11000000E+001
3.60000000 7.60000000 1.12000000E+001
3.60000000 7.70000000 1.13000000E+001
3.60000000 7.80000000 1.14000000E+001
3.60000000 7.90000000 1.15000000E+001
3.60000000 8.00000000 1.16000000E+001
3.60000000 8.10000000 1.17000000E+001
3.60000000 8.20000000 1.18000000E+001
3.60000000 8.30000000 1.19000000E+001
3.60000000 8.40000000 1.20000000E+001
3.60000000 8.50000000 1.21000000E+001
3.60000000 8.60000000 1.22000000E+001
3.60000000 8.70000000 1.23000000E+001
3.60000000 8.80000000 1.24000000E+001
3.60000000 8.90000000 1.25000000E+001
3.60000000 9.00000000 1.26000000E+001
3.60000000 9.10000000 1.27000000E+001
3.60000000 9.20000000 1.28000000E+001
3.60000000 9.30000000 1.29000000E+001
3.60000000 9.40000000 1.30000000E+001
3.60000000 9.50000000 1.31000000E+001
3.60000000 9.60000000 1.32000000E+001
3.60000000 9.70000000 1.33000000E+001
3.60000000 9.80000000 1.34000000E+001
3.60000000 9.90000000 1.35000000E+001
3.60000000 10.00000000 1.36000000E+001
3.60000000 10.10000000 1.37000000E+001
3.60000000 10.20000000 1.38000000E+001
3.60000000 10.30000000 1.39000000E+001
3.60000000 10.40000000 1.40000000E+001
3.60000000 10.50000000 1.41000000E+001
3.60000000 10.60000000 1.42000000E+001
3.60000000 10.70000000 1.43000000E+001
3.60000000 10.80000000 1.44000000E+001
3.60000000 10.90000000 1.45000000E+001
3.60000000 11.00000000 1.46000000E+001
3.70000000 1.00000000 4.70000000E+000
3.70000000 1.10000000 4.80000000E+000
3.70000000 1.20000000 4.90000000E+000
3.70000000 1.30000000 5.00000000E+000
3.70000000 1.40000000 5.10000000E+000
3.70000000 1.50000000 5.20000000E+000
3.70000000 1.60000000 5.30000000E+000
3.70000000 1.70000000 5.40000000E+000
3.70000000 1.80000000 5.50000000E+000
3.70000000 1.90000000 5.60000000E+000
3.70000000 2.00000000 5.70000000E+000
3.70000000 2.10000000 5.80000000E+000
3.70000000 2.20000000 5.90000000E+000
3.70000000 2.30000000 6.00000000E+000
3.70000000 2.40000000 6.10000000E+000
3.70000000 2.50000000 6.20000000E+000
3.70000000 2.60000000 6.30000000E+000
3.70000000 2.70000000 6.40000000E+000
3.70000000 2.80000000 6.50000000E+000
3.70000000 2.90000000 6.60000000E+000
3.70000000 3.00000000 6.70000000E+000
3.70000000 3.10000000 6.80000000E+000
3.70000000 3.20000000 6.90000000E+000
3.70000000 3.30000000 7.00000000E+000
3.70000000 3.40000000 7.10000000E+000
3.70000000 3.50000000 7.20000000E+000
3.70000000 3.60000000 7.30000000E+000
3.70000000 3.70000000 7.40000000E+000
3.70000000 3.80000000 7.50000000E+000
3.70000000 3.90000000 7.60000000E+000
3.70000000 4.00000000 7.70000000E+000
3.70000000 4.10000000 7.80000000E+000
3.70000000 4.20000000 7.90000000E+000
3.70000000 4.30000000 8.00000000E+000
3.70000000 4.40000000 8.10000000E+000
3.70000000 4.50000000 8.20000000E+000
3.70000000 4.60000000 8.30000000E+000
3.70000000 4.70000000 8.40000000E+000
3.70000000 4.80000000 8.50000000E+000
3.70000000 4.90000000 8.60000000E+000
3.70000000 5.00000000 8.70000000E+000
3.70000000 5.10000000 8.80000000E+000
3.70000000 5.20000000 8.90000000E+000
3.70000000 5.30000000 9.00000000E+000
3.70000000 5.40000000 9.10000000E+000
3.70000000 5.50000000 9.20000000E+000
3.70000000 5.60000000 9.30000000E+000
3.70000000 5.70000000 9.40000000E+000
3.70000000 5.80000000 9.50000000E+000
3.70000000 5.90000000 9.60000000E+000
3.70000000 6.00000000 9.70000000E+000
3.70000000 6.10000000 9.80000000E+000
3.70000000 6.20000000 9.90000000E+000
3.70000000 6.30000000 1.00000000E+001
3.70000000 6.40000000 1.01000000E+001
3.70000000 6.50000000 1.02000000E+001
3.70000000 6.60000000 1.03000000E+001
3.70000000 6.70000000 1.04000000E+001
3.70000000 6.80000000 1.05000000E+001
3.70000000 6.90000000 1.06000000E+001
3.70000000 7.00000000 1.07000000E+001
3.70000000 7.10000000 1.08000000E+001
3.70000000 7.20000000 1.09000000E+001
3.70000000 7.30000000 1.10000000E+001
3.70000000 7.40000000 1.11000000E+001
3.70000000 7.50000000 1.12000000E+001
3.70000000 7.60000000 1.13000000E+001
3.70000000 7.70000000 1.14000000E+001
3.70000000 7.80000000 1.15000000E+001
3.70000000 7.90000000 1.16000000E+001
3.70000000 8.00000000 1.17000000E+001
3.70000000 8.10000000 1.18000000E+001
3.70000000 8.20000000 1.19000000E+001
3.70000000 8.30000000 1.20000000E+001
3.70000000 8.40000000 1.21000000E+001
3.70000000 8.50000000 1.22000000E+001
3.70000000 8.60000000 1.23000000E+001
3.70000000 8.70000000 1.24000000E+001
3.70000000 8.80000000 1.25000000E+001
3.70000000 8.90000000 1.26000000E+001
3.70000000 9.00000000 1.27000000E+001
3.70000000 9.10000000 1.28000000E+001
3.70000000 9.20000000 1.29000000E+001
3.70000000 9.30000000 1.30000000E+001
3.70000000 9.40000000 1.31000000E+001
3.70000000 9.50000000 1.32000000E+001
3.70000000 9.60000000 1.33000000E+001
3.70000000 9.70000000 1.34000000E+001
3.70000000 9.80000000 1.35000000E+001
3.70000000 9.90000000 1.36000000E+001
3.70000000 10.00000000 1.37000000E+001
3.70000000 10.10000000 1.38000000E+001
3.70000000 10.20000000 1.39000000E+001
3.70000000 10.30000000 1.40000000E+001
3.70000000 10.40000000 1.41000000E+001
3.70000000 10.50000000 1.42000000E+001
3.70000000 10.60000000 1.43000000E+001
3.70000000 10.70000000 1.44000000E+001
3.70000000 10.80000000 1.45000000E+001
3.70000000 10.90000000 1.46000000E+001
3.70000000 11.00000000 1.47000000E+001
3.80000000 1.00000000 4.80000000E+000
3.80000000 1.10000000 4.90000000E+000
3.80000000 1.20000000 5.00000000E+000
3.80000000 1.30000000 5.10000000E+000
3.80000000 1.40000000 5.20000000E+000
3.80000000 1.50000000 5.30000000E+000
3.80000000 1.60000000 5.40000000E+000
3.80000000 1.70000000 5.50000000E+000
3.80000000 1.80000000 5.60000000E+000
3.80000000 1.90000000 5.70000000E+000
3.80000000 2.00000000 5.80000000E+000
3.80000000 2.10000000 5.90000000E+000
3.80000000 2.20000000 6.00000000E+000
3.80000000 2.30000000 6.10000000E+000
3.80000000 2.40000000 6.20000000E+000
3.80000000 2.50000000 6.30000000E+000
3.80000000 2.60000000 6.40000000E+000
3.80000000 2.70000000 6.50000000E+000
3.80000000 2.80000000 6.60000000E+000
3.80000000 2.90000000 6.70000000E+000
3.80000000 3.00000000 6.80000000E+000
3.80000000 3.10000000 6.90000000E+000
3.80000000 3.20000000 7.00000000E+000
3.80000000 3.30000000 7.10000000E+000
3.80000000 3.40000000 7.20000000E+000
3.80000000 3.50000000 7.30000000E+000
3.80000000 3.60000000 7.40000000E+000
3.80000000 3.70000000 7.50000000E+000
3.80000000 3.80000000 7.60000000E+000
3.80000000 3.90000000 7.70000000E+000
3.80000000 4.00000000 7.80000000E+000
3.80000000 4.10000000 7.90000000E+000
3.80000000 4.20000000 8.00000000E+000
3.80000000 4.30000000 8.10000000E+000
3.80000000 4.40000000 8.20000000E+000
3.80000000 4.50000000 8.30000000E+000
3.80000000 4.60000000 8.40000000E+000
3.80000000 4.70000000 8.50000000E+000
3.80000000 4.80000000 8.60000000E+000
3.80000000 4.90000000 8.70000000E+000
3.80000000 5.00000000 8.80000000E+000
3.80000000 5.10000000 8.90000000E+000
3.80000000 5.20000000 9.00000000E+000
3.80000000 5.30000000 9.10000000E+000
3.80000000 5.40000000 9.20000000E+000
3.80000000 5.50000000 9.30000000E+000
3.80000000 5.60000000 9.40000000E+000
3.80000000 5.70000000 9.50000000E+000
3.80000000 5.80000000 9.60000000E+000
3.80000000 5.90000000 9.70000000E+000
3.80000000 6.00000000 9.80000000E+000
3.80000000 6.10000000 9.90000000E+000
3.80000000 6.20000000 1.00000000E+001
3.80000000 6.30000000 1.01000000E+001
3.80000000 6.40000000 1.02000000E+001
3.80000000 6.50000000 1.03000000E+001
3.80000000 6.60000000 1.04000000E+001
3.80000000 6.70000000 1.05000000E+001
3.80000000 6.80000000 1.06000000E+001
3.80000000 6.90000000 1.07000000E+001
3.80000000 7.00000000 1.08000000E+001
3.80000000 7.10000000 1.09000000E+001
3.80000000 7.20000000 1.10000000E+001
3.80000000 7.30000000 1.11000000E+001
3.80000000 7.40000000 1.12000000E+001
3.80000000 7.50000000 1.13000000E+001
3.80000000 7.60000000 1.14000000E+001
3.80000000 7.70000000 1.15000000E+001
3.80000000 7.80000000 1.16000000E+001
3.80000000 7.90000000 1.17000000E+001
3.80000000 8.00000000 1.18000000E+001
3.80000000 8.10000000 1.19000000E+001
3.80000000 8.20000000 1.20000000E+001
3.80000000 8.30000000 1.21000000E+001
3.80000000 8.40000000 1.22000000E+001
3.80000000 8.50000000 1.23000000E+001
3.80000000 8.60000000 1.24000000E+001
3.80000000 8.70000000 1.25000000E+001
3.80000000 8.80000000 1.26000000E+001
3.80000000 8.90000000 1.27000000E+001
3.80000000 9.00000000 1.28000000E+001
3.80000000 9.10000000 1.29000000E+001
3.80000000 9.20000000 1.30000000E+001
3.80000000 9.30000000 1.31000000E+001
3.80000000 9.40000000 1.32000000E+001
3.80000000 9.50000000 1.33000000E+001
3.80000000 9.60000000 1.34000000E+001
3.80000000 9.70000000 1.35000000E+001
3.80000000 9.80000000 1.36000000E+001
3.80000000 9.90000000 1.37000000E+001
3.80000000 10.00000000 1.38000000E+001
3.80000000 10.10000000 1.39000000E+001
3.80000000 10.20000000 1.40000000E+001
3.80000000 10.30000000 1.41000000E+001
3.80000000 10.40000000 1.42000000E+001
3.80000000 10.50000000 1.43000000E+001
3.80000000 10.60000000 1.44000000E+001
3.80000000 10.70000000 1.45000000E+001
3.80000000 10.80000000 1.46000000E+001
3.80000000 10.90000000 1.47000000E+001
3.80000000 11.00000000 1.48000000E+001
3.90000000 1.00000000 4.90000000E+000
3.90000000 1.10000000 5.00000000E+000
3.90000000 1.20000000 5.10000000E+000
3.90000000 1.30000000 5.20000000E+000
3.90000000 1.40000000 5.30000000E+000
3.90000000 1.50000000 5.40000000E+000
3.90000000 1.60000000 5.50000000E+000
3.90000000 1.70000000 5.60000000E+000
3.90000000 1.80000000 5.70000000E+000
3.90000000 1.90000000 5.80000000E+000
3.90000000 2.00000000 5.90000000E+000
3.90000000 2.10000000 6.00000000E+000
3.90000000 2.20000000 6.10000000E+000
3.90000000 2.30000000 6.20000000E+000
3.90000000 2.40000000 6.30000000E+000
3.90000000 2.50000000 6.40000000E+000
3.90000000 2.60000000 6.50000000E+000
3.90000000 2.70000000 6.60000000E+000
3.90000000 2.80000000 6.70000000E+000
3.90000000 2.90000000 6.80000000E+000
3.90000000 3.00000000 6.90000000E+000
3.90000000 3.10000000 7.00000000E+000
3.90000000 3.20000000 7.10000000E+000
3.90000000 3.30000000 7.20000000E+000
3.90000000 3.40000000 7.30000000E+000
3.90000000 3.50000000 7.40000000E+000
3.90000000 3.60000000 7.50000000E+000
3.90000000 3.70000000 7.60000000E+000
3.90000000 3.80000000 7.70000000E+000
3.90000000 3.90000000 7.80000000E+000
3.90000000 4.00000000 7.90000000E+000
3.90000000 4.10000000 8.00000000E+000
3.90000000 4.20000000 8.10000000E+000
3.90000000 4.30000000 8.20000000E+000
3.90000000 4.40000000 8.30000000E+000
3.90000000 4.50000000 8.40000000E+000
3.90000000 4.60000000 8.50000000E+000
3.90000000 4.70000000 8.60000000E+000
3.90000000 4.80000000 8.70000000E+000
3.90000000 4.90000000 8.80000000E+000
3.90000000 5.00000000 8.90000000E+000
3.90000000 5.10000000 9.00000000E+000
3.90000000 5.20000000 9.10000000E+000
3.90000000 5.30000000 9.20000000E+000
3.90000000 5.40000000 9.30000000E+000
3.90000000 5.50000000 9.40000000E+000
3.90000000 5.60000000 9.50000000E+000
3.90000000 5.70000000 9.60000000E+000
3.90000000 5.80000000 9.70000000E+000
3.90000000 5.90000000 9.80000000E+000
3.90000000 6.00000000 9.90000000E+000
3.90000000 6.10000000 1.00000000E+001
3.90000000 6.20000000 1.01000000E+001
3.90000000 6.30000000 1.02000000E+001
3.90000000 6.40000000 1.03000000E+001
3.90000000 6.50000000 1.04000000E+001
3.90000000 6.60000000 1.05000000E+001
3.90000000 6.70000000 1.06000000E+001
3.90000000 6.80000000 1.07000000E+001
3.90000000 6.90000000 1.08000000E+001
3.90000000 7.00000000 1.09000000E+001
3.90000000 7.10000000 1.10000000E+001
3.90000000 7.20000000 1.11000000E+001
3.90000000 7.30000000 1.12000000E+001
3.90000000 7.40000000 1.13000000E+001
3.90000000 7.50000000 1.14000000E+001
3.90000000 7.60000000 1.15000000E+001
3.90000000 7.70000000 1.16000000E+001
3.90000000 7.80000000 1.17000000E+001
3.90000000 7.90000000 1.18000000E+001
3.90000000 8.00000000 1.19000000E+001
3.90000000 8.10000000 1.20000000E+001
3.90000000 8.20000000 1.21000000E+001
3.90000000 8.30000000 1.22000000E+001
3.90000000 8.40000000 1.23000000E+001
3.90000000 8.50000000 1.24000000E+001
3.90000000 8.60000000 1.25000000E+001
3.90000000 8.70000000 1.26000000E+001
3.90000000 8.80000000 1.27000000E+001
3.90000000 8.90000000 1.28000000E+001
3.90000000 9.00000000 1.29000000E+001
3.90000000 9.10000000 1.30000000E+001
3.90000000 9.20000000 1.31000000E+001
3.90000000 9.30000000 1.32000000E+001
3.90000000 9.40000000 1.33000000E+001
3.90000000 9.50000000 1.34000000E+001
3.90000000 9.60000000 1.35000000E+001
3.90000000 9.70000000 1.36000000E+001
3.90000000 9.80000000 1.37000000E+001
3.90000000 9.90000000 1.38000000E+001
3.90000000 10.00000000 1.39000000E+001
3.90000000 10.10000000 1.40000000E+001
3.90000000 10.20000000 1.41000000E+001
3.90000000 10.30000000 1.42000000E+001
3.90000000 10.40000000 1.43000000E+001
3.90000000 10.50000000 1.44000000E+001
3.90000000 10.60000000 1.45000000E+001
3.90000000 10.70000000 1.46000000E+001
3.90000000 10.80000000 1.47000000E+001
3.90000000 10.90000000 1.48000000E+001
3.90000000 11.00000000 1.49000000E+001
4.00000000 1.00000000 5.00000000E+000
4.00000000 1.10000000 5.10000000E+000
4.00000000 1.20000000 5.20000000E+000
4.00000000 1.30000000 5.30000000E+000
4.00000000 1.40000000 5.40000000E+000
4.00000000 1.50000000 5.50000000E+000
4.00000000 1.60000000 5.60000000E+000
4.00000000 1.70000000 5.70000000E+000
4.00000000 1.80000000 5.80000000E+000
4.00000000 1.90000000 5.90000000E+000
4.00000000 2.00000000 6.00000000E+000
4.00000000 2.10000000 6.10000000E+000
4.00000000 2.20000000 6.20000000E+000
4.00000000 2.30000000 6.30000000E+000
4.00000000 2.40000000 6.40000000E+000
4.00000000 2.50000000 6.50000000E+000
4.00000000 2.60000000 6.60000000E+000
4.00000000 2.70000000 6.70000000E+000
4.00000000 2.80000000 6.80000000E+000
4.00000000 2.90000000 6.90000000E+000
4.00000000 3.00000000 7.00000000E+000
4.00000000 3.10000000 7.10000000E+000
4.00000000 3.20000000 7.20000000E+000
4.00000000 3.30000000 7.30000000E+000
4.00000000 3.40000000 7.40000000E+000
4.00000000 3.50000000 7.50000000E+000
4.00000000 3.60000000 7.60000000E+000
4.00000000 3.70000000 7.70000000E+000
4.00000000 3.80000000 7.80000000E+000
4.00000000 3.90000000 7.90000000E+000
4.00000000 4.00000000 8.00000000E+000
4.00000000 4.10000000 8.10000000E+000
4.00000000 4.20000000 8.20000000E+000
4.00000000 4.30000000 8.30000000E+000
4.00000000 4.40000000 8.40000000E+000
4.00000000 4.50000000 8.50000000E+000
4.00000000 4.60000000 8.60000000E+000
4.00000000 4.70000000 8.70000000E+000
4.00000000 4.80000000 8.80000000E+000
4.00000000 4.90000000 8.90000000E+000
4.00000000 5.00000000 9.00000000E+000
4.00000000 5.10000000 9.10000000E+000
4.00000000 5.20000000 9.20000000E+000
4.00000000 5.30000000 9.30000000E+000
4.00000000 5.40000000 9.40000000E+000
4.00000000 5.50000000 9.50000000E+000
4.00000000 5.60000000 9.60000000E+000
4.00000000 5.70000000 9.70000000E+000
4.00000000 5.80000000 9.80000000E+000
4.00000000 5.90000000 9.90000000E+000
4.00000000 6.00000000 1.00000000E+001
4.00000000 6.10000000 1.01000000E+001
4.00000000 6.20000000 1.02000000E+001
4.00000000 6.30000000 1.03000000E+001
4.00000000 6.40000000 1.04000000E+001
4.00000000 6.50000000 1.05000000E+001
4.00000000 6.60000000 1.06000000E+001
4.00000000 6.70000000 1.07000000E+001
4.00000000 6.80000000 1.08000000E+001
4.00000000 6.90000000 1.09000000E+001
4.00000000 7.00000000 1.10000000E+001
4.00000000 7.10000000 1.11000000E+001
4.00000000 7.20000000 1.12000000E+001
4.00000000 7.30000000 1.13000000E+001
4.00000000 7.40000000 1.14000000E+001
4.00000000 7.50000000 1.15000000E+001
4.00000000 7.60000000 1.16000000E+001
4.00000000 7.70000000 1.17000000E+001
4.00000000 7.80000000 1.18000000E+001
4.00000000 7.90000000 1.19000000E+001
4.00000000 8.00000000 1.20000000E+001
4.00000000 8.10000000 1.21000000E+001
4.00000000 8.20000000 1.22000000E+001
4.00000000 8.30000000 1.23000000E+001
4.00000000 8.40000000 1.24000000E+001
4.00000000 8.50000000 1.25000000E+001
4.00000000 8.60000000 1.26000000E+001
4.00000000 8.70000000 1.27000000E+001
4.00000000 8.80000000 1.28000000E+001
4.00000000 8.90000000 1.29000000E+001
4.00000000 9.00000000 1.30000000E+001
4.00000000 9.10000000 1.31000000E+001
4.00000000 9.20000000 1.32000000E+001
4.00000000 9.30000000 1.33000000E+001
4.00000000 9.40000000 1.34000000E+001
4.00000000 9.50000000 1.35000000E+001
4.00000000 9.60000000 1.36000000E+001
4.00000000 9.70000000 1.37000000E+001
4.00000000 9.80000000 1.38000000E+001
4.00000000 9.90000000 1.39000000E+001
4.00000000 10.00000000 1.40000000E+001
4.00000000 10.10000000 1.41000000E+001
4.00000000 10.20000000 1.42000000E+001
4.00000000 10.30000000 1.43000000E+001
4.00000000 10.40000000 1.44000000E+001
4.00000000 10.50000000 1.45000000E+001
4.00000000 10.60000000 1.46000000E+001
4.00000000 10.70000000 1.47000000E+001
4.00000000 10.80000000 1.48000000E+001
4.00000000 10.90000000 1.49000000E+001
4.00000000 11.00000000 1.50000000E+001
4.10000000 1.00000000 5.10000000E+000
4.10000000 1.10000000 5.20000000E+000
4.10000000 1.20000000 5.30000000E+000
4.10000000 1.30000000 5.40000000E+000
4.10000000 1.40000000 5.50000000E+000
4.10000000 1.50000000 5.60000000E+000
4.10000000 1.60000000 5.70000000E+000
4.10000000 1.70000000 5.80000000E+000
4.10000000 1.80000000 5.90000000E+000
4.10000000 1.90000000 6.00000000E+000
4.10000000 2.00000000 6.10000000E+000
4.10000000 2.10000000 6.20000000E+000
4.10000000 2.20000000 6.30000000E+000
4.10000000 2.30000000 6.40000000E+000
4.10000000 2.40000000 6.50000000E+000
4.10000000 2.50000000 6.60000000E+000
4.10000000 2.60000000 6.70000000E+000
4.10000000 2.70000000 6.80000000E+000
4.10000000 2.80000000 6.90000000E+000
4.10000000 2.90000000 7.00000000E+000
4.10000000 3.00000000 7.10000000E+000
4.10000000 3.10000000 7.20000000E+000
4.10000000 3.20000000 7.30000000E+000
4.10000000 3.30000000 7.40000000E+000
4.10000000 3.40000000 7.50000000E+000
4.10000000 3.50000000 7.60000000E+000
4.10000000 3.60000000 7.70000000E+000
4.10000000 3.70000000 7.80000000E+000
4.10000000 3.80000000 7.90000000E+000
4.10000000 3.90000000 8.00000000E+000
4.10000000 4.00000000 8.10000000E+000
4.10000000 4.10000000 8.20000000E+000
4.10000000 4.20000000 8.30000000E+000
4.10000000 4.30000000 8.40000000E+000
4.10000000 4.40000000 8.50000000E+000
4.10000000 4.50000000 8.60000000E+000
4.10000000 4.60000000 8.70000000E+000
4.10000000 4.70000000 8.80000000E+000
4.10000000 4.80000000 8.90000000E+000
4.10000000 4.90000000 9.00000000E+000
4.10000000 5.00000000 9.10000000E+000
4.10000000 5.10000000 9.20000000E+000
4.10000000 5.20000000 9.30000000E+000
4.10000000 5.30000000 9.40000000E+000
4.10000000 5.40000000 9.50000000E+000
4.10000000 5.50000000 9.60000000E+000
4.10000000 5.60000000 9.70000000E+000
4.10000000 5.70000000 9.80000000E+000
4.10000000 5.80000000 9.90000000E+000
4.10000000 5.90000000 1.00000000E+001
4.10000000 6.00000000 1.01000000E+001
4.10000000 6.10000000 1.02000000E+001
4.10000000 6.20000000 1.03000000E+001
4.10000000 6.30000000 1.04000000E+001
4.10000000 6.40000000 1.05000000E+001
4.10000000 6.50000000 1.06000000E+001
4.10000000 6.60000000 1.07000000E+001
4.10000000 6.70000000 1.08000000E+001
4.10000000 6.80000000 1.09000000E+001
4.10000000 6.90000000 1.10000000E+001
4.10000000 7.00000000 1.11000000E+001
4.10000000 7.10000000 1.12000000E+001
4.10000000 7.20000000 1.13000000E+001
4.10000000 7.30000000 1.14000000E+001
4.10000000 7.40000000 1.15000000E+001
4.10000000 7.50000000 1.16000000E+001
4.10000000 7.60000000 1.17000000E+001
4.10000000 7.70000000 1.18000000E+001
4.10000000 7.80000000 1.19000000E+001
4.10000000 7.90000000 1.20000000E+001
4.10000000 8.00000000 1.21000000E+001
4.10000000 8.10000000 1.22000000E+001
4.10000000 8.20000000 1.23000000E+001
4.10000000 8.30000000 1.24000000E+001
4.10000000 8.40000000 1.25000000E+001
4.10000000 8.50000000 1.26000000E+001
4.10000000 8.60000000 1.27000000E+001
4.10000000 8.70000000 1.28000000E+001
4.10000000 8.80000000 1.29000000E+001
4.10000000 8.90000000 1.30000000E+001
4.10000000 9.00000000 1.31000000E+001
4.10000000 9.10000000 1.32000000E+001
4.10000000 9.20000000 1.33000000E+001
4.10000000 9.30000000 1.34000000E+001
4.10000000 9.40000000 1.35000000E+001
4.10000000 9.50000000 1.36000000E+001
4.10000000 9.60000000 1.37000000E+001
4.10000000 9.70000000 1.38000000E+001
4.10000000 9.80000000 1.39000000E+001
4.10000000 9.90000000 1.40000000E+001
4.10000000 10.00000000 1.41000000E+001
4.10000000 10.10000000 1.42000000E+001
4.10000000 10.20000000 1.43000000E+001
4.10000000 10.30000000 1.44000000E+001
4.10000000 10.40000000 1.45000000E+001
4.10000000 10.50000000 1.46000000E+001
4.10000000 10.60000000 1.47000000E+001
4.10000000 10.70000000 1.48000000E+001
4.10000000 10.80000000 1.49000000E+001
4.10000000 10.90000000 1.50000000E+001
4.10000000 11.00000000 1.51000000E+001
4.20000000 1.00000000 5.20000000E+000
4.20000000 1.10000000 5.30000000E+000
4.20000000 1.20000000 5.40000000E+000
4.20000000 1.30000000 5.50000000E+000
4.20000000 1.40000000 5.60000000E+000
4.20000000 1.50000000 5.70000000E+000
4.20000000 1.60000000 5.80000000E+000
4.20000000 1.70000000 5.90000000E+000
4.20000000 1.80000000 6.00000000E+000
4.20000000 1.90000000 6.10000000E+000
4.20000000 2.00000000 6.20000000E+000
4.20000000 2.10000000 6.30000000E+000
4.20000000 2.20000000 6.40000000E+000
4.20000000 2.30000000 6.50000000E+000
4.20000000 2.40000000 6.60000000E+000
4.20000000 2.50000000 6.70000000E+000
4.20000000 2.60000000 6.80000000E+000
4.20000000 2.70000000 6.90000000E+000
4.20000000 2.80000000 7.00000000E+000
4.20000000 2.90000000 7.10000000E+000
4.20000000 3.00000000 7.20000000E+000
4.20000000 3.10000000 7.30000000E+000
4.20000000 3.20000000 7.40000000E+000
4.20000000 3.30000000 7.50000000E+000
4.20000000 3.40000000 7.60000000E+000
4.20000000 3.50000000 7.70000000E+000
4.20000000 3.60000000 7.80000000E+000
4.20000000 3.70000000 7.90000000E+000
4.20000000 3.80000000 8.00000000E+000
4.20000000 3.90000000 8.10000000E+000
4.20000000 4.00000000 8.20000000E+000
4.20000000 4.10000000 8.30000000E+000
4.20000000 4.20000000 8.40000000E+000
4.20000000 4.30000000 8.50000000E+000
4.20000000 4.40000000 8.60000000E+000
4.20000000 4.50000000 8.70000000E+000
4.20000000 4.60000000 8.80000000E+000
4.20000000 4.70000000 8.90000000E+000
4.20000000 4.80000000 9.00000000E+000
4.20000000 4.90000000 9.10000000E+000
4.20000000 5.00000000 9.20000000E+000
4.20000000 5.10000000 9.30000000E+000
4.20000000 5.20000000 9.40000000E+000
4.20000000 5.30000000 9.50000000E+000
4.20000000 5.40000000 9.60000000E+000
4.20000000 5.50000000 9.70000000E+000
4.20000000 5.60000000 9.80000000E+000
4.20000000 5.70000000 9.90000000E+000
4.20000000 5.80000000 1.00000000E+001
4.20000000 5.90000000 1.01000000E+001
4.20000000 6.00000000 1.02000000E+001
4.20000000 6.10000000 1.03000000E+001
4.20000000 6.20000000 1.04000000E+001
4.20000000 6.30000000 1.05000000E+001
4.20000000 6.40000000 1.06000000E+001
4.20000000 6.50000000 1.07000000E+001
4.20000000 6.60000000 1.08000000E+001
4.20000000 6.70000000 1.09000000E+001
4.20000000 6.80000000 1.10000000E+001
4.20000000 6.90000000 1.11000000E+001
4.20000000 7.00000000 1.12000000E+001
4.20000000 7.10000000 1.13000000E+001
4.20000000 7.20000000 1.14000000E+001
4.20000000 7.30000000 1.15000000E+001
4.20000000 7.40000000 1.16000000E+001
4.20000000 7.50000000 1.17000000E+001
4.20000000 7.60000000 1.18000000E+001
4.20000000 7.70000000 1.19000000E+001
4.20000000 7.80000000 1.20000000E+001
4.20000000 7.90000000 1.21000000E+001
4.20000000 8.00000000 1.22000000E+001
4.20000000 8.10000000 1.23000000E+001
4.20000000 8.20000000 1.24000000E+001
4.20000000 8.30000000 1.25000000E+001
4.20000000 8.40000000 1.26000000E+001
4.20000000 8.50000000 1.27000000E+001
4.20000000 8.60000000 1.28000000E+001
4.20000000 8.70000000 1.29000000E+001
4.20000000 8.80000000 1.30000000E+001
4.20000000 8.90000000 1.31000000E+001
4.20000000 9.00000000 1.32000000E+001
4.20000000 9.10000000 1.33000000E+001
4.20000000 9.20000000 1.34000000E+001
4.20000000 9.30000000 1.35000000E+001
4.20000000 9.40000000 1.36000000E+001
4.20000000 9.50000000 1.37000000E+001
4.20000000 9.60000000 1.38000000E+001
4.20000000 9.70000000 1.39000000E+001
4.20000000 9.80000000 1.40000000E+001
4.20000000 9.90000000 1.41000000E+001
4.20000000 10.00000000 1.42000000E+001
4.20000000 10.10000000 1.43000000E+001
4.20000000 10.20000000 1.44000000E+001
4.20000000 10.30000000 1.45000000E+001
4.20000000 10.40000000 1.46000000E+001
4.20000000 10.50000000 1.47000000E+001
4.20000000 10.60000000 1.48000000E+001
4.20000000 10.70000000 1.49000000E+001
4.20000000 10.80000000 1.50000000E+001
4.20000000 10.90000000 1.51000000E+001
4.20000000 11.00000000 1.52000000E+001
4.30000000 1.00000000 5.30000000E+000
4.30000000 1.10000000 5.40000000E+000
4.30000000 1.20000000 5.50000000E+000
4.30000000 1.30000000 5.60000000E+000
4.30000000 1.40000000 5.70000000E+000
4.30000000 1.50000000 5.80000000E+000
4.30000000 1.60000000 5.90000000E+000
4.30000000 1.70000000 6.00000000E+000
4.30000000 1.80000000 6.10000000E+000
4.30000000 1.90000000 6.20000000E+000
4.30000000 2.00000000 6.30000000E+000
4.30000000 2.10000000 6.40000000E+000
4.30000000 2.20000000 6.50000000E+000
4.30000000 2.30000000 6.60000000E+000
4.30000000 2.40000000 6.70000000E+000
4.30000000 2.50000000 6.80000000E+000
4.30000000 2.60000000 6.90000000E+000
4.30000000 2.70000000 7.00000000E+000
4.30000000 2.80000000 7.10000000E+000
4.30000000 2.90000000 7.20000000E+000
4.30000000 3.00000000 7.30000000E+000
4.30000000 3.10000000 7.40000000E+000
4.30000000 3.20000000 7.50000000E+000
4.30000000 3.30000000 7.60000000E+000
4.30000000 3.40000000 7.70000000E+000
4.30000000 3.50000000 7.80000000E+000
4.30000000 3.60000000 7.90000000E+000
4.30000000 3.70000000 8.00000000E+000
4.30000000 3.80000000 8.10000000E+000
4.30000000 3.90000000 8.20000000E+000
4.30000000 4.00000000 8.30000000E+000
4.30000000 4.10000000 8.40000000E+000
4.30000000 4.20000000 8.50000000E+000
4.30000000 4.30000000 8.60000000E+000
4.30000000 4.40000000 8.70000000E+000
4.30000000 4.50000000 8.80000000E+000
4.30000000 4.60000000 8.90000000E+000
4.30000000 4.70000000 9.00000000E+000
4.30000000 4.80000000 9.10000000E+000
4.30000000 4.90000000 9.20000000E+000
4.30000000 5.00000000 9.30000000E+000
4.30000000 5.10000000 9.40000000E+000
4.30000000 5.20000000 9.50000000E+000
4.30000000 5.30000000 9.60000000E+000
4.30000000 5.40000000 9.70000000E+000
4.30000000 5.50000000 9.80000000E+000
4.30000000 5.60000000 9.90000000E+000
4.30000000 5.70000000 1.00000000E+001
4.30000000 5.80000000 1.01000000E+001
4.30000000 5.90000000 1.02000000E+001
4.30000000 6.00000000 1.03000000E+001
4.30000000 6.10000000 1.04000000E+001
4.30000000 6.20000000 1.05000000E+001
4.30000000 6.30000000 1.06000000E+001
4.30000000 6.40000000 1.07000000E+001
4.30000000 6.50000000 1.08000000E+001
4.30000000 6.60000000 1.09000000E+001
4.30000000 6.70000000 1.10000000E+001
4.30000000 6.80000000 1.11000000E+001
4.30000000 6.90000000 1.12000000E+001
4.30000000 7.00000000 1.13000000E+001
4.30000000 7.10000000 1.14000000E+001
4.30000000 7.20000000 1.15000000E+001
4.30000000 7.30000000 1.16000000E+001
4.30000000 7.40000000 1.17000000E+001
4.30000000 7.50000000 1.18000000E+001
4.30000000 7.60000000 1.19000000E+001
4.30000000 7.70000000 1.20000000E+001
4.30000000 7.80000000 1.21000000E+001
4.30000000 7.90000000 1.22000000E+001
4.30000000 8.00000000 1.23000000E+001
4.30000000 8.10000000 1.24000000E+001
4.30000000 8.20000000 1.25000000E+001
4.30000000 8.30000000 1.26000000E+001
4.30000000 8.40000000 1.27000000E+001
4.30000000 8.50000000 1.28000000E+001
4.30000000 8.60000000 1.29000000E+001
4.30000000 8.70000000 1.30000000E+001
4.30000000 8.80000000 1.31000000E+001
4.30000000 8.90000000 1.32000000E+001
4.30000000 9.00000000 1.33000000E+001
4.30000000 9.10000000 1.34000000E+001
4.30000000 9.20000000 1.35000000E+001
4.30000000 9.30000000 1.36000000E+001
4.30000000 9.40000000 1.37000000E+001
4.30000000 9.50000000 1.38000000E+001
4.30000000 9.60000000 1.39000000E+001
4.30000000 9.70000000 1.40000000E+001
4.30000000 9.80000000 1.41000000E+001
4.30000000 9.90000000 1.42000000E+001
4.30000000 10.00000000 1.43000000E+001
4.30000000 10.10000000 1.44000000E+001
4.30000000 10.20000000 1.45000000E+001
4.30000000 10.30000000 1.46000000E+001
4.30000000 10.40000000 1.47000000E+001
4.30000000 10.50000000 1.48000000E+001
4.30000000 10.60000000 1.49000000E+001
4.30000000 10.70000000 1.50000000E+001
4.30000000 10.80000000 1.51000000E+001
4.30000000 10.90000000 1.52000000E+001
4.30000000 11.00000000 1.53000000E+001
4.40000000 1.00000000 5.40000000E+000
4.40000000 1.10000000 5.50000000E+000
4.40000000 1.20000000 5.60000000E+000
4.40000000 1.30000000 5.70000000E+000
4.40000000 1.40000000 5.80000000E+000
4.40000000 1.50000000 5.90000000E+000
4.40000000 1.60000000 6.00000000E+000
4.40000000 1.70000000 6.10000000E+000
4.40000000 1.80000000 6.20000000E+000
4.40000000 1.90000000 6.30000000E+000
4.40000000 2.00000000 6.40000000E+000
4.40000000 2.10000000 6.50000000E+000
4.40000000 2.20000000 6.60000000E+000
4.40000000 2.30000000 6.70000000E+000
4.40000000 2.40000000 6.80000000E+000
4.40000000 2.50000000 6.90000000E+000
4.40000000 2.60000000 7.00000000E+000
4.40000000 2.70000000 7.10000000E+000
4.40000000 2.80000000 7.20000000E+000
4.40000000 2.90000000 7.30000000E+000
4.40000000 3.00000000 7.40000000E+000
4.40000000 3.10000000 7.50000000E+000
4.40000000 3.20000000 7.60000000E+000
4.40000000 3.30000000 7.70000000E+000
4.40000000 3.40000000 7.80000000E+000
4.40000000 3.50000000 7.90000000E+000
4.40000000 3.60000000 8.00000000E+000
4.40000000 3.70000000 8.10000000E+000
4.40000000 3.80000000 8.20000000E+000
4.40000000 3.90000000 8.30000000E+000
4.40000000 4.00000000 8.40000000E+000
4.40000000 4.10000000 8.50000000E+000
4.40000000 4.20000000 8.60000000E+000
4.40000000 4.30000000 8.70000000E+000
4.40000000 4.40000000 8.80000000E+000
4.40000000 4.50000000 8.90000000E+000
4.40000000 4.60000000 9.00000000E+000
4.40000000 4.70000000 9.10000000E+000
4.40000000 4.80000000 9.20000000E+000
4.40000000 4.90000000 9.30000000E+000
4.40000000 5.00000000 9.40000000E+000
4.40000000 5.10000000 9.50000000E+000
4.40000000 5.20000000 9.60000000E+000
4.40000000 5.30000000 9.70000000E+000
4.40000000 5.40000000 9.80000000E+000
4.40000000 5.50000000 9.90000000E+000
4.40000000 5.60000000 1.00000000E+001
4.40000000 5.70000000 1.01000000E+001
4.40000000 5.80000000 1.02000000E+001
4.40000000 5.90000000 1.03000000E+001
4.40000000 6.00000000 1.04000000E+001
4.40000000 6.10000000 1.05000000E+001
4.40000000 6.20000000 1.06000000E+001
4.40000000 6.30000000 1.07000000E+001
4.40000000 6.40000000 1.08000000E+001
4.40000000 6.50000000 1.09000000E+001
4.40000000 6.60000000 1.10000000E+001
4.40000000 6.70000000 1.11000000E+001
4.40000000 6.80000000 1.12000000E+001
4.40000000 6.90000000 1.13000000E+001
4.40000000 7.00000000 1.14000000E+001
4.40000000 7.10000000 1.15000000E+001
4.40000000 7.20000000 1.16000000E+001
4.40000000 7.30000000 1.17000000E+001
4.40000000 7.40000000 1.18000000E+001
4.40000000 7.50000000 1.19000000E+001
4.40000000 7.60000000 1.20000000E+001
4.40000000 7.70000000 1.21000000E+001
4.40000000 7.80000000 1.22000000E+001
4.40000000 7.90000000 1.23000000E+001
4.40000000 8.00000000 1.24000000E+001
4.40000000 8.10000000 1.25000000E+001
4.40000000 8.20000000 1.26000000E+001
4.40000000 8.30000000 1.27000000E+001
4.40000000 8.40000000 1.28000000E+001
4.40000000 8.50000000 1.29000000E+001
4.40000000 8.60000000 1.30000000E+001
4.40000000 8.70000000 1.31000000E+001
4.40000000 8.80000000 1.32000000E+001
4.40000000 8.90000000 1.33000000E+001
4.40000000 9.00000000 1.34000000E+001
4.40000000 9.10000000 1.35000000E+001
4.40000000 9.20000000 1.36000000E+001
4.40000000 9.30000000 1.37000000E+001
4.40000000 9.40000000 1.38000000E+001
4.40000000 9.50000000 1.39000000E+001
4.40000000 9.60000000 1.40000000E+001
4.40000000 9.70000000 1.41000000E+001
4.40000000 9.80000000 1.42000000E+001
4.40000000 9.90000000 1.43000000E+001
4.40000000 10.00000000 1.44000000E+001
4.40000000 10.10000000 1.45000000E+001
4.40000000 10.20000000 1.46000000E+001
4.40000000 10.30000000 1.47000000E+001
4.40000000 10.40000000 1.48000000E+001
4.40000000 10.50000000 1.49000000E+001
4.40000000 10.60000000 1.50000000E+001
4.40000000 10.70000000 1.51000000E+001
4.40000000 10.80000000 1.52000000E+001
4.40000000 10.90000000 1.53000000E+001
4.40000000 11.00000000 1.54000000E+001
4.50000000 1.00000000 5.50000000E+000
4.50000000 1.10000000 5.60000000E+000
4.50000000 1.20000000 5.70000000E+000
4.50000000 1.30000000 5.80000000E+000
4.50000000 1.40000000 5.90000000E+000
4.50000000 1.50000000 6.00000000E+000
4.50000000 1.60000000 6.10000000E+000
4.50000000 1.70000000 6.20000000E+000
4.50000000 1.80000000 6.30000000E+000
4.50000000 1.90000000 6.40000000E+000
4.50000000 2.00000000 6.50000000E+000
4.50000000 2.10000000 6.60000000E+000
4.50000000 2.20000000 6.70000000E+000
4.50000000 2.30000000 6.80000000E+000
4.50000000 2.40000000 6.90000000E+000
4.50000000 2.50000000 7.00000000E+000
4.50000000 2.60000000 7.10000000E+000
4.50000000 2.70000000 7.20000000E+000
4.50000000 2.80000000 7.30000000E+000
4.50000000 2.90000000 7.40000000E+000
4.50000000 3.00000000 7.50000000E+000
4.50000000 3.10000000 7.60000000E+000
4.50000000 3.20000000 7.70000000E+000
4.50000000 3.30000000 7.80000000E+000
4.50000000 3.40000000 7.90000000E+000
4.50000000 3.50000000 8.00000000E+000
4.50000000 3.60000000 8.10000000E+000
4.50000000 3.70000000 8.20000000E+000
4.50000000 3.80000000 8.30000000E+000
4.50000000 3.90000000 8.40000000E+000
4.50000000 4.00000000 8.50000000E+000
4.50000000 4.10000000 8.60000000E+000
4.50000000 4.20000000 8.70000000E+000
4.50000000 4.30000000 8.80000000E+000
4.50000000 4.40000000 8.90000000E+000
4.50000000 4.50000000 9.00000000E+000
4.50000000 4.60000000 9.10000000E+000
4.50000000 4.70000000 9.20000000E+000
4.50000000 4.80000000 9.30000000E+000
4.50000000 4.90000000 9.40000000E+000
4.50000000 5.00000000 9.50000000E+000
4.50000000 5.10000000 9.60000000E+000
4.50000000 5.20000000 9.70000000E+000
4.50000000 5.30000000 9.80000000E+000
4.50000000 5.40000000 9.90000000E+000
4.50000000 5.50000000 1.00000000E+001
4.50000000 5.60000000 1.01000000E+001
4.50000000 5.70000000 1.02000000E+001
4.50000000 5.80000000 1.03000000E+001
4.50000000 5.90000000 1.04000000E+001
4.50000000 6.00000000 1.05000000E+001
4.50000000 6.10000000 1.06000000E+001
4.50000000 6.20000000 1.07000000E+001
4.50000000 6.30000000 1.08000000E+001
4.50000000 6.40000000 1.09000000E+001
4.50000000 6.50000000 1.10000000E+001
4.50000000 6.60000000 1.11000000E+001
4.50000000 6.70000000 1.12000000E+001
4.50000000 6.80000000 1.13000000E+001
4.50000000 6.90000000 1.14000000E+001
4.50000000 7.00000000 1.15000000E+001
4.50000000 7.10000000 1.16000000E+001
4.50000000 7.20000000 1.17000000E+001
4.50000000 7.30000000 1.18000000E+001
4.50000000 7.40000000 1.19000000E+001
4.50000000 7.50000000 1.20000000E+001
4.50000000 7.60000000 1.21000000E+001
4.50000000 7.70000000 1.22000000E+001
4.50000000 7.80000000 1.23000000E+001
4.50000000 7.90000000 1.24000000E+001
4.50000000 8.00000000 1.25000000E+001
4.50000000 8.10000000 1.26000000E+001
4.50000000 8.20000000 1.27000000E+001
4.50000000 8.30000000 1.28000000E+001
4.50000000 8.40000000 1.29000000E+001
4.50000000 8.50000000 1.30000000E+001
4.50000000 8.60000000 1.31000000E+001
4.50000000 8.70000000 1.32000000E+001
4.50000000 8.80000000 1.33000000E+001
4.50000000 8.90000000 1.34000000E+001
4.50000000 9.00000000 1.35000000E+001
4.50000000 9.10000000 1.36000000E+001
4.50000000 9.20000000 1.37000000E+001
4.50000000 9.30000000 1.38000000E+001
4.50000000 9.40000000 1.39000000E+001
4.50000000 9.50000000 1.40000000E+001
4.50000000 9.60000000 1.41000000E+001
4.50000000 9.70000000 1.42000000E+001
4.50000000 9.80000000 1.43000000E+001
4.50000000 9.90000000 1.44000000E+001
4.50000000 10.00000000 1.45000000E+001
4.50000000 10.10000000 1.46000000E+001
4.50000000 10.20000000 1.47000000E+001
4.50000000 10.30000000 1.48000000E+001
4.50000000 10.40000000 1.49000000E+001
4.50000000 10.50000000 1.50000000E+001
4.50000000 10.60000000 1.51000000E+001
4.50000000 10.70000000 1.52000000E+001
4.50000000 10.80000000 1.53000000E+001
4.50000000 10.90000000 1.54000000E+001
4.50000000 11.00000000 1.55000000E+001
4.60000000 1.00000000 5.60000000E+000
4.60000000 1.10000000 5.70000000E+000
4.60000000 1.20000000 5.80000000E+000
4.60000000 1.30000000 5.90000000E+000
4.60000000 1.40000000 6.00000000E+000
4.60000000 1.50000000 6.10000000E+000
4.60000000 1.60000000 6.20000000E+000
4.60000000 1.70000000 6.30000000E+000
4.60000000 1.80000000 6.40000000E+000
4.60000000 1.90000000 6.50000000E+000
4.60000000 2.00000000 6.60000000E+000
4.60000000 2.10000000 6.70000000E+000
4.60000000 2.20000000 6.80000000E+000
4.60000000 2.30000000 6.90000000E+000
4.60000000 2.40000000 7.00000000E+000
4.60000000 2.50000000 7.10000000E+000
4.60000000 2.60000000 7.20000000E+000
4.60000000 2.70000000 7.30000000E+000
4.60000000 2.80000000 7.40000000E+000
4.60000000 2.90000000 7.50000000E+000
4.60000000 3.00000000 7.60000000E+000
4.60000000 3.10000000 7.70000000E+000
4.60000000 3.20000000 7.80000000E+000
4.60000000 3.30000000 7.90000000E+000
4.60000000 3.40000000 8.00000000E+000
4.60000000 3.50000000 8.10000000E+000
4.60000000 3.60000000 8.20000000E+000
4.60000000 3.70000000 8.30000000E+000
4.60000000 3.80000000 8.40000000E+000
4.60000000 3.90000000 8.50000000E+000
4.60000000 4.00000000 8.60000000E+000
4.60000000 4.10000000 8.70000000E+000
4.60000000 4.20000000 8.80000000E+000
4.60000000 4.30000000 8.90000000E+000
4.60000000 4.40000000 9.00000000E+000
4.60000000 4.50000000 9.10000000E+000
4.60000000 4.60000000 9.20000000E+000
4.60000000 4.70000000 9.30000000E+000
4.60000000 4.80000000 9.40000000E+000
4.60000000 4.90000000 9.50000000E+000
4.60000000 5.00000000 9.60000000E+000
4.60000000 5.10000000 9.70000000E+000
4.60000000 5.20000000 9.80000000E+000
4.60000000 5.30000000 9.90000000E+000
4.60000000 5.40000000 1.00000000E+001
4.60000000 5.50000000 1.01000000E+001
4.60000000 5.60000000 1.02000000E+001
4.60000000 5.70000000 1.03000000E+001
4.60000000 5.80000000 1.04000000E+001
4.60000000 5.90000000 1.05000000E+001
4.60000000 6.00000000 1.06000000E+001
4.60000000 6.10000000 1.07000000E+001
4.60000000 6.20000000 1.08000000E+001
4.60000000 6.30000000 1.09000000E+001
4.60000000 6.40000000 1.10000000E+001
4.60000000 6.50000000 1.11000000E+001
4.60000000 6.60000000 1.12000000E+001
4.60000000 6.70000000 1.13000000E+001
4.60000000 6.80000000 1.14000000E+001
4.60000000 6.90000000 1.15000000E+001
4.60000000 7.00000000 1.16000000E+001
4.60000000 7.10000000 1.17000000E+001
4.60000000 7.20000000 1.18000000E+001
4.60000000 7.30000000 1.19000000E+001
4.60000000 7.40000000 1.20000000E+001
4.60000000 7.50000000 1.21000000E+001
4.60000000 7.60000000 1.22000000E+001
4.60000000 7.70000000 1.23000000E+001
4.60000000 7.80000000 1.24000000E+001
4.60000000 7.90000000 1.25000000E+001
4.60000000 8.00000000 1.26000000E+001
4.60000000 8.10000000 1.27000000E+001
4.60000000 8.20000000 1.28000000E+001
4.60000000 8.30000000 1.29000000E+001
4.60000000 8.40000000 1.30000000E+001
4.60000000 8.50000000 1.31000000E+001
4.60000000 8.60000000 1.32000000E+001
4.60000000 8.70000000 1.33000000E+001
4.60000000 8.80000000 1.34000000E+001
4.60000000 8.90000000 1.35000000E+001
4.60000000 9.00000000 1.36000000E+001
4.60000000 9.10000000 1.37000000E+001
4.60000000 9.20000000 1.38000000E+001
4.60000000 9.30000000 1.39000000E+001
4.60000000 9.40000000 1.40000000E+001
4.60000000 9.50000000 1.41000000E+001
4.60000000 9.60000000 1.42000000E+001
4.60000000 9.70000000 1.43000000E+001
4.60000000 9.80000000 1.44000000E+001
4.60000000 9.90000000 1.45000000E+001
4.60000000 10.00000000 1.46000000E+001
4.60000000 10.10000000 1.47000000E+001
4.60000000 10.20000000 1.48000000E+001
4.60000000 10.30000000 1.49000000E+001
4.60000000 10.40000000 1.50000000E+001
4.60000000 10.50000000 1.51000000E+001
4.60000000 10.60000000 1.52000000E+001
4.60000000 10.70000000 1.53000000E+001
4.60000000 10.80000000 1.54000000E+001
4.60000000 10.90000000 1.55000000E+001
4.60000000 11.00000000 1.56000000E+001
4.70000000 1.00000000 5.70000000E+000
4.70000000 1.10000000 5.80000000E+000
4.70000000 1.20000000 5.90000000E+000
4.70000000 1.30000000 6.00000000E+000
4.70000000 1.40000000 6.10000000E+000
4.70000000 1.50000000 6.20000000E+000
4.70000000 1.60000000 6.30000000E+000
4.70000000 1.70000000 6.40000000E+000
4.70000000 1.80000000 6.50000000E+000
4.70000000 1.90000000 6.60000000E+000
4.70000000 2.00000000 6.70000000E+000
4.70000000 2.10000000 6.80000000E+000
4.70000000 2.20000000 6.90000000E+000
4.70000000 2.30000000 7.00000000E+000
4.70000000 2.40000000 7.10000000E+000
4.70000000 2.50000000 7.20000000E+000
4.70000000 2.60000000 7.30000000E+000
4.70000000 2.70000000 7.40000000E+000
4.70000000 2.80000000 7.50000000E+000
4.70000000 2.90000000 7.60000000E+000
4.70000000 3.00000000 7.70000000E+000
4.70000000 3.10000000 7.80000000E+000
4.70000000 3.20000000 7.90000000E+000
4.70000000 3.30000000 8.00000000E+000
4.70000000 3.40000000 8.10000000E+000
4.70000000 3.50000000 8.20000000E+000
4.70000000 3.60000000 8.30000000E+000
4.70000000 3.70000000 8.40000000E+000
4.70000000 3.80000000 8.50000000E+000
4.70000000 3.90000000 8.60000000E+000
4.70000000 4.00000000 8.70000000E+000
4.70000000 4.10000000 8.80000000E+000
4.70000000 4.20000000 8.90000000E+000
4.70000000 4.30000000 9.00000000E+000
4.70000000 4.40000000 9.10000000E+000
4.70000000 4.50000000 9.20000000E+000
4.70000000 4.60000000 9.30000000E+000
4.70000000 4.70000000 9.40000000E+000
4.70000000 4.80000000 9.50000000E+000
4.70000000 4.90000000 9.60000000E+000
4.70000000 5.00000000 9.70000000E+000
4.70000000 5.10000000 9.80000000E+000
4.70000000 5.20000000 9.90000000E+000
4.70000000 5.30000000 1.00000000E+001
4.70000000 5.40000000 1.01000000E+001
4.70000000 5.50000000 1.02000000E+001
4.70000000 5.60000000 1.03000000E+001
4.70000000 5.70000000 1.04000000E+001
4.70000000 5.80000000 1.05000000E+001
4.70000000 5.90000000 1.06000000E+001
4.70000000 6.00000000 1.07000000E+001
4.70000000 6.10000000 1.08000000E+001
4.70000000 6.20000000 1.09000000E+001
4.70000000 6.30000000 1.10000000E+001
4.70000000 6.40000000 1.11000000E+001
4.70000000 6.50000000 1.12000000E+001
4.70000000 6.60000000 1.13000000E+001
4.70000000 6.70000000 1.14000000E+001
4.70000000 6.80000000 1.15000000E+001
4.70000000 6.90000000 1.16000000E+001
4.70000000 7.00000000 1.17000000E+001
4.70000000 7.10000000 1.18000000E+001
4.70000000 7.20000000 1.19000000E+001
4.70000000 7.30000000 1.20000000E+001
4.70000000 7.40000000 1.21000000E+001
4.70000000 7.50000000 1.22000000E+001
4.70000000 7.60000000 1.23000000E+001
4.70000000 7.70000000 1.24000000E+001
4.70000000 7.80000000 1.25000000E+001
4.70000000 7.90000000 1.26000000E+001
4.70000000 8.00000000 1.27000000E+001
4.70000000 8.10000000 1.28000000E+001
4.70000000 8.20000000 1.29000000E+001
4.70000000 8.30000000 1.30000000E+001
4.70000000 8.40000000 1.31000000E+001
4.70000000 8.50000000 1.32000000E+001
4.70000000 8.60000000 1.33000000E+001
4.70000000 8.70000000 1.34000000E+001
4.70000000 8.80000000 1.35000000E+001
4.70000000 8.90000000 1.36000000E+001
4.70000000 9.00000000 1.37000000E+001
4.70000000 9.10000000 1.38000000E+001
4.70000000 9.20000000 1.39000000E+001
4.70000000 9.30000000 1.40000000E+001
4.70000000 9.40000000 1.41000000E+001
4.70000000 9.50000000 1.42000000E+001
4.70000000 9.60000000 1.43000000E+001
4.70000000 9.70000000 1.44000000E+001
4.70000000 9.80000000 1.45000000E+001
4.70000000 9.90000000 1.46000000E+001
4.70000000 10.00000000 1.47000000E+001
4.70000000 10.10000000 1.48000000E+001
4.70000000 10.20000000 1.49000000E+001
4.70000000 10.30000000 1.50000000E+001
4.70000000 10.40000000 1.51000000E+001
4.70000000 10.50000000 1.52000000E+001
4.70000000 10.60000000 1.53000000E+001
4.70000000 10.70000000 1.54000000E+001
4.70000000 10.80000000 1.55000000E+001
4.70000000 10.90000000 1.56000000E+001
4.70000000 11.00000000 1.57000000E+001
4.80000000 1.00000000 5.80000000E+000
4.80000000 1.10000000 5.90000000E+000
4.80000000 1.20000000 6.00000000E+000
4.80000000 1.30000000 6.10000000E+000
4.80000000 1.40000000 6.20000000E+000
4.80000000 1.50000000 6.30000000E+000
4.80000000 1.60000000 6.40000000E+000
4.80000000 1.70000000 6.50000000E+000
4.80000000 1.80000000 6.60000000E+000
4.80000000 1.90000000 6.70000000E+000
4.80000000 2.00000000 6.80000000E+000
4.80000000 2.10000000 6.90000000E+000
4.80000000 2.20000000 7.00000000E+000
4.80000000 2.30000000 7.10000000E+000
4.80000000 2.40000000 7.20000000E+000
4.80000000 2.50000000 7.30000000E+000
4.80000000 2.60000000 7.40000000E+000
4.80000000 2.70000000 7.50000000E+000
4.80000000 2.80000000 7.60000000E+000
4.80000000 2.90000000 7.70000000E+000
4.80000000 3.00000000 7.80000000E+000
4.80000000 3.10000000 7.90000000E+000
4.80000000 3.20000000 8.00000000E+000
4.80000000 3.30000000 8.10000000E+000
4.80000000 3.40000000 8.20000000E+000
4.80000000 3.50000000 8.30000000E+000
4.80000000 3.60000000 8.40000000E+000
4.80000000 3.70000000 8.50000000E+000
4.80000000 3.80000000 8.60000000E+000
4.80000000 3.90000000 8.70000000E+000
4.80000000 4.00000000 8.80000000E+000
4.80000000 4.10000000 8.90000000E+000
4.80000000 4.20000000 9.00000000E+000
4.80000000 4.30000000 9.10000000E+000
4.80000000 4.40000000 9.20000000E+000
4.80000000 4.50000000 9.30000000E+000
4.80000000 4.60000000 9.40000000E+000
4.80000000 4.70000000 9.50000000E+000
4.80000000 4.80000000 9.60000000E+000
4.80000000 4.90000000 9.70000000E+000
4.80000000 5.00000000 9.80000000E+000
4.80000000 5.10000000 9.90000000E+000
4.80000000 5.20000000 1.00000000E+001
4.80000000 5.30000000 1.01000000E+001
4.80000000 5.40000000 1.02000000E+001
4.80000000 5.50000000 1.03000000E+001
4.80000000 5.60000000 1.04000000E+001
4.80000000 5.70000000 1.05000000E+001
4.80000000 5.80000000 1.06000000E+001
4.80000000 5.90000000 1.07000000E+001
4.80000000 6.00000000 1.08000000E+001
4.80000000 6.10000000 1.09000000E+001
4.80000000 6.20000000 1.10000000E+001
4.80000000 6.30000000 1.11000000E+001
4.80000000 6.40000000 1.12000000E+001
4.80000000 6.50000000 1.13000000E+001
4.80000000 6.60000000 1.14000000E+001
4.80000000 6.70000000 1.15000000E+001
4.80000000 6.80000000 1.16000000E+001
4.80000000 6.90000000 1.17000000E+001
4.80000000 7.00000000 1.18000000E+001
4.80000000 7.10000000 1.19000000E+001
4.80000000 7.20000000 1.20000000E+001
4.80000000 7.30000000 1.21000000E+001
4.80000000 7.40000000 1.22000000E+001
4.80000000 7.50000000 1.23000000E+001
4.80000000 7.60000000 1.24000000E+001
4.80000000 7.70000000 1.25000000E+001
4.80000000 7.80000000 1.26000000E+001
4.80000000 7.90000000 1.27000000E+001
4.80000000 8.00000000 1.28000000E+001
4.80000000 8.10000000 1.29000000E+001
4.80000000 8.20000000 1.30000000E+001
4.80000000 8.30000000 1.31000000E+001
4.80000000 8.40000000 1.32000000E+001
4.80000000 8.50000000 1.33000000E+001
4.80000000 8.60000000 1.34000000E+001
4.80000000 8.70000000 1.35000000E+001
4.80000000 8.80000000 1.36000000E+001
4.80000000 8.90000000 1.37000000E+001
4.80000000 9.00000000 1.38000000E+001
4.80000000 9.10000000 1.39000000E+001
4.80000000 9.20000000 1.40000000E+001
4.80000000 9.30000000 1.41000000E+001
4.80000000 9.40000000 1.42000000E+001
4.80000000 9.50000000 1.43000000E+001
4.80000000 9.60000000 1.44000000E+001
4.80000000 9.70000000 1.45000000E+001
4.80000000 9.80000000 1.46000000E+001
4.80000000 9.90000000 1.47000000E+001
4.80000000 10.00000000 1.48000000E+001
4.80000000 10.10000000 1.49000000E+001
4.80000000 10.20000000 1.50000000E+001
4.80000000 10.30000000 1.51000000E+001
4.80000000 10.40000000 1.52000000E+001
4.80000000 10.50000000 1.53000000E+001
4.80000000 10.60000000 1.54000000E+001
4.80000000 10.70000000 1.55000000E+001
4.80000000 10.80000000 1.56000000E+001
4.80000000 10.90000000 1.57000000E+001
4.80000000 11.00000000 1.58000000E+001
4.90000000 1.00000000 5.90000000E+000
4.90000000 1.10000000 6.00000000E+000
4.90000000 1.20000000 6.10000000E+000
4.90000000 1.30000000 6.20000000E+000
4.90000000 1.40000000 6.30000000E+000
4.90000000 1.50000000 6.40000000E+000
4.90000000 1.60000000 6.50000000E+000
4.90000000 1.70000000 6.60000000E+000
4.90000000 1.80000000 6.70000000E+000
4.90000000 1.90000000 6.80000000E+000
4.90000000 2.00000000 6.90000000E+000
4.90000000 2.10000000 7.00000000E+000
4.90000000 2.20000000 7.10000000E+000
4.90000000 2.30000000 7.20000000E+000
4.90000000 2.40000000 7.30000000E+000
4.90000000 2.50000000 7.40000000E+000
4.90000000 2.60000000 7.50000000E+000
4.90000000 2.70000000 7.60000000E+000
4.90000000 2.80000000 7.70000000E+000
4.90000000 2.90000000 7.80000000E+000
4.90000000 3.00000000 7.90000000E+000
4.90000000 3.10000000 8.00000000E+000
4.90000000 3.20000000 8.10000000E+000
4.90000000 3.30000000 8.20000000E+000
4.90000000 3.40000000 8.30000000E+000
4.90000000 3.50000000 8.40000000E+000
4.90000000 3.60000000 8.50000000E+000
4.90000000 3.70000000 8.60000000E+000
4.90000000 3.80000000 8.70000000E+000
4.90000000 3.90000000 8.80000000E+000
4.90000000 4.00000000 8.90000000E+000
4.90000000 4.10000000 9.00000000E+000
4.90000000 4.20000000 9.10000000E+000
4.90000000 4.30000000 9.20000000E+000
4.90000000 4.40000000 9.30000000E+000
4.90000000 4.50000000 9.40000000E+000
4.90000000 4.60000000 9.50000000E+000
4.90000000 4.70000000 9.60000000E+000
4.90000000 4.80000000 9.70000000E+000
4.90000000 4.90000000 9.80000000E+000
4.90000000 5.00000000 9.90000000E+000
4.90000000 5.10000000 1.00000000E+001
4.90000000 5.20000000 1.01000000E+001
4.90000000 5.30000000 1.02000000E+001
4.90000000 5.40000000 1.03000000E+001
4.90000000 5.50000000 1.04000000E+001
4.90000000 5.60000000 1.05000000E+001
4.90000000 5.70000000 1.06000000E+001
4.90000000 5.80000000 1.07000000E+001
4.90000000 5.90000000 1.08000000E+001
4.90000000 6.00000000 1.09000000E+001
4.90000000 6.10000000 1.10000000E+001
4.90000000 6.20000000 1.11000000E+001
4.90000000 6.30000000 1.12000000E+001
4.90000000 6.40000000 1.13000000E+001
4.90000000 6.50000000 1.14000000E+001
4.90000000 6.60000000 1.15000000E+001
4.90000000 6.70000000 1.16000000E+001
4.90000000 6.80000000 1.17000000E+001
4.90000000 6.90000000 1.18000000E+001
4.90000000 7.00000000 1.19000000E+001
4.90000000 7.10000000 1.20000000E+001
4.90000000 7.20000000 1.21000000E+001
4.90000000 7.30000000 1.22000000E+001
4.90000000 7.40000000 1.23000000E+001
4.90000000 7.50000000 1.24000000E+001
4.90000000 7.60000000 1.25000000E+001
4.90000000 7.70000000 1.26000000E+001
4.90000000 7.80000000 1.27000000E+001
4.90000000 7.90000000 1.28000000E+001
4.90000000 8.00000000 1.29000000E+001
4.90000000 8.10000000 1.30000000E+001
4.90000000 8.20000000 1.31000000E+001
4.90000000 8.30000000 1.32000000E+001
4.90000000 8.40000000 1.33000000E+001
4.90000000 8.50000000 1.34000000E+001
4.90000000 8.60000000 1.35000000E+001
4.90000000 8.70000000 1.36000000E+001
4.90000000 8.80000000 1.37000000E+001
4.90000000 8.90000000 1.38000000E+001
4.90000000 9.00000000 1.39000000E+001
4.90000000 9.10000000 1.40000000E+001
4.90000000 9.20000000 1.41000000E+001
4.90000000 9.30000000 1.42000000E+001
4.90000000 9.40000000 1.43000000E+001
4.90000000 9.50000000 1.44000000E+001
4.90000000 9.60000000 1.45000000E+001
4.90000000 9.70000000 1.46000000E+001
4.90000000 9.80000000 1.47000000E+001
4.90000000 9.90000000 1.48000000E+001
4.90000000 10.00000000 1.49000000E+001
4.90000000 10.10000000 1.50000000E+001
4.90000000 10.20000000 1.51000000E+001
4.90000000 10.30000000 1.52000000E+001
4.90000000 10.40000000 1.53000000E+001
4.90000000 10.50000000 1.54000000E+001
4.90000000 10.60000000 1.55000000E+001
4.90000000 10.70000000 1.56000000E+001
4.90000000 10.80000000 1.57000000E+001
4.90000000 10.90000000 1.58000000E+001
4.90000000 11.00000000 1.59000000E+001
5.00000000 1.00000000 6.00000000E+000
5.00000000 1.10000000 6.10000000E+000
5.00000000 1.20000000 6.20000000E+000
5.00000000 1.30000000 6.30000000E+000
5.00000000 1.40000000 6.40000000E+000
5.00000000 1.50000000 6.50000000E+000
5.00000000 1.60000000 6.60000000E+000
5.00000000 1.70000000 6.70000000E+000
5.00000000 1.80000000 6.80000000E+000
5.00000000 1.90000000 6.90000000E+000
5.00000000 2.00000000 7.00000000E+000
5.00000000 2.10000000 7.10000000E+000
5.00000000 2.20000000 7.20000000E+000
5.00000000 2.30000000 7.30000000E+000
5.00000000 2.40000000 7.40000000E+000
5.00000000 2.50000000 7.50000000E+000
5.00000000 2.60000000 7.60000000E+000
5.00000000 2.70000000 7.70000000E+000
5.00000000 2.80000000 7.80000000E+000
5.00000000 2.90000000 7.90000000E+000
5.00000000 3.00000000 8.00000000E+000
5.00000000 3.10000000 8.10000000E+000
5.00000000 3.20000000 8.20000000E+000
5.00000000 3.30000000 8.30000000E+000
5.00000000 3.40000000 8.40000000E+000
5.00000000 3.50000000 8.50000000E+000
5.00000000 3.60000000 8.60000000E+000
5.00000000 3.70000000 8.70000000E+000
5.00000000 3.80000000 8.80000000E+000
5.00000000 3.90000000 8.90000000E+000
5.00000000 4.00000000 9.00000000E+000
5.00000000 4.10000000 9.10000000E+000
5.00000000 4.20000000 9.20000000E+000
5.00000000 4.30000000 9.30000000E+000
5.00000000 4.40000000 9.40000000E+000
5.00000000 4.50000000 9.50000000E+000
5.00000000 4.60000000 9.60000000E+000
5.00000000 4.70000000 9.70000000E+000
5.00000000 4.80000000 9.80000000E+000
5.00000000 4.90000000 9.90000000E+000
5.00000000 5.00000000 1.00000000E+001
5.00000000 5.10000000 1.01000000E+001
5.00000000 5.20000000 1.02000000E+001
5.00000000 5.30000000 1.03000000E+001
5.00000000 5.40000000 1.04000000E+001
5.00000000 5.50000000 1.05000000E+001
5.00000000 5.60000000 1.06000000E+001
5.00000000 5.70000000 1.07000000E+001
5.00000000 5.80000000 1.08000000E+001
5.00000000 5.90000000 1.09000000E+001
5.00000000 6.00000000 1.10000000E+001
5.00000000 6.10000000 1.11000000E+001
5.00000000 6.20000000 1.12000000E+001
5.00000000 6.30000000 1.13000000E+001
5.00000000 6.40000000 1.14000000E+001
5.00000000 6.50000000 1.15000000E+001
5.00000000 6.60000000 1.16000000E+001
5.00000000 6.70000000 1.17000000E+001
5.00000000 6.80000000 1.18000000E+001
5.00000000 6.90000000 1.19000000E+001
5.00000000 7.00000000 1.20000000E+001
5.00000000 7.10000000 1.21000000E+001
5.00000000 7.20000000 1.22000000E+001
5.00000000 7.30000000 1.23000000E+001
5.00000000 7.40000000 1.24000000E+001
5.00000000 7.50000000 1.25000000E+001
5.00000000 7.60000000 1.26000000E+001
5.00000000 7.70000000 1.27000000E+001
5.00000000 7.80000000 1.28000000E+001
5.00000000 7.90000000 1.29000000E+001
5.00000000 8.00000000 1.30000000E+001
5.00000000 8.10000000 1.31000000E+001
5.00000000 8.20000000 1.32000000E+001
5.00000000 8.30000000 1.33000000E+001
5.00000000 8.40000000 1.34000000E+001
5.00000000 8.50000000 1.35000000E+001
5.00000000 8.60000000 1.36000000E+001
5.00000000 8.70000000 1.37000000E+001
5.00000000 8.80000000 1.38000000E+001
5.00000000 8.90000000 1.39000000E+001
5.00000000 9.00000000 1.40000000E+001
5.00000000 9.10000000 1.41000000E+001
5.00000000 9.20000000 1.42000000E+001
5.00000000 9.30000000 1.43000000E+001
5.00000000 9.40000000 1.44000000E+001
5.00000000 9.50000000 1.45000000E+001
5.00000000 9.60000000 1.46000000E+001
5.00000000 9.70000000 1.47000000E+001
5.00000000 9.80000000 1.48000000E+001
5.00000000 9.90000000 1.49000000E+001
5.00000000 10.00000000 1.50000000E+001
5.00000000 10.10000000 1.51000000E+001
5.00000000 10.20000000 1.52000000E+001
5.00000000 10.30000000 1.53000000E+001
5.00000000 10.40000000 1.54000000E+001
5.00000000 10.50000000 1.55000000E+001
5.00000000 10.60000000 1.56000000E+001
5.00000000 10.70000000 1.57000000E+001
5.00000000 10.80000000 1.58000000E+001
5.00000000 10.90000000 1.59000000E+001
5.00000000 11.00000000 1.60000000E+001
5.10000000 1.00000000 6.10000000E+000
5.10000000 1.10000000 6.20000000E+000
5.10000000 1.20000000 6.30000000E+000
5.10000000 1.30000000 6.40000000E+000
5.10000000 1.40000000 6.50000000E+000
5.10000000 1.50000000 6.60000000E+000
5.10000000 1.60000000 6.70000000E+000
5.10000000 1.70000000 6.80000000E+000
5.10000000 1.80000000 6.90000000E+000
5.10000000 1.90000000 7.00000000E+000
5.10000000 2.00000000 7.10000000E+000
5.10000000 2.10000000 7.20000000E+000
5.10000000 2.20000000 7.30000000E+000
5.10000000 2.30000000 7.40000000E+000
5.10000000 2.40000000 7.50000000E+000
5.10000000 2.50000000 7.60000000E+000
5.10000000 2.60000000 7.70000000E+000
5.10000000 2.70000000 7.80000000E+000
5.10000000 2.80000000 7.90000000E+000
5.10000000 2.90000000 8.00000000E+000
5.10000000 3.00000000 8.10000000E+000
5.10000000 3.10000000 8.20000000E+000
5.10000000 3.20000000 8.30000000E+000
5.10000000 3.30000000 8.40000000E+000
5.10000000 3.40000000 8.50000000E+000
5.10000000 3.50000000 8.60000000E+000
5.10000000 3.60000000 8.70000000E+000
5.10000000 3.70000000 8.80000000E+000
5.10000000 3.80000000 8.90000000E+000
5.10000000 3.90000000 9.00000000E+000
5.10000000 4.00000000 9.10000000E+000
5.10000000 4.10000000 9.20000000E+000
5.10000000 4.20000000 9.30000000E+000
5.10000000 4.30000000 9.40000000E+000
5.10000000 4.40000000 9.50000000E+000
5.10000000 4.50000000 9.60000000E+000
5.10000000 4.60000000 9.70000000E+000
5.10000000 4.70000000 9.80000000E+000
5.10000000 4.80000000 9.90000000E+000
5.10000000 4.90000000 1.00000000E+001
5.10000000 5.00000000 1.01000000E+001
5.10000000 5.10000000 1.02000000E+001
5.10000000 5.20000000 1.03000000E+001
5.10000000 5.30000000 1.04000000E+001
5.10000000 5.40000000 1.05000000E+001
5.10000000 5.50000000 1.06000000E+001
5.10000000 5.60000000 1.07000000E+001
5.10000000 5.70000000 1.08000000E+001
5.10000000 5.80000000 1.09000000E+001
5.10000000 5.90000000 1.10000000E+001
5.10000000 6.00000000 1.11000000E+001
5.10000000 6.10000000 1.12000000E+001
5.10000000 6.20000000 1.13000000E+001
5.10000000 6.30000000 1.14000000E+001
5.10000000 6.40000000 1.15000000E+001
5.10000000 6.50000000 1.16000000E+001
5.10000000 6.60000000 1.17000000E+001
5.10000000 6.70000000 1.18000000E+001
5.10000000 6.80000000 1.19000000E+001
5.10000000 6.90000000 1.20000000E+001
5.10000000 7.00000000 1.21000000E+001
5.10000000 7.10000000 1.22000000E+001
5.10000000 7.20000000 1.23000000E+001
5.10000000 7.30000000 1.24000000E+001
5.10000000 7.40000000 1.25000000E+001
5.10000000 7.50000000 1.26000000E+001
5.10000000 7.60000000 1.27000000E+001
5.10000000 7.70000000 1.28000000E+001
5.10000000 7.80000000 1.29000000E+001
5.10000000 7.90000000 1.30000000E+001
5.10000000 8.00000000 1.31000000E+001
5.10000000 8.10000000 1.32000000E+001
5.10000000 8.20000000 1.33000000E+001
5.10000000 8.30000000 1.34000000E+001
5.10000000 8.40000000 1.35000000E+001
5.10000000 8.50000000 1.36000000E+001
5.10000000 8.60000000 1.37000000E+001
5.10000000 8.70000000 1.38000000E+001
5.10000000 8.80000000 1.39000000E+001
5.10000000 8.90000000 1.40000000E+001
5.10000000 9.00000000 1.41000000E+001
5.10000000 9.10000000 1.42000000E+001
5.10000000 9.20000000 1.43000000E+001
5.10000000 9.30000000 1.44000000E+001
5.10000000 9.40000000 1.45000000E+001
5.10000000 9.50000000 1.46000000E+001
5.10000000 9.60000000 1.47000000E+001
5.10000000 9.70000000 1.48000000E+001
5.10000000 9.80000000 1.49000000E+001
5.10000000 9.90000000 1.50000000E+001
5.10000000 10.00000000 1.51000000E+001
5.10000000 10.10000000 1.52000000E+001
5.10000000 10.20000000 1.53000000E+001
5.10000000 10.30000000 1.54000000E+001
5.10000000 10.40000000 1.55000000E+001
5.10000000 10.50000000 1.56000000E+001
5.10000000 10.60000000 1.57000000E+001
5.10000000 10.70000000 1.58000000E+001
5.10000000 10.80000000 1.59000000E+001
5.10000000 10.90000000 1.60000000E+001
5.10000000 11.00000000 1.61000000E+001
5.20000000 1.00000000 6.20000000E+000
5.20000000 1.10000000 6.30000000E+000
5.20000000 1.20000000 6.40000000E+000
5.20000000 1.30000000 6.50000000E+000
5.20000000 1.40000000 6.60000000E+000
5.20000000 1.50000000 6.70000000E+000
5.20000000 1.60000000 6.80000000E+000
5.20000000 1.70000000 6.90000000E+000
5.20000000 1.80000000 7.00000000E+000
5.20000000 1.90000000 7.10000000E+000
5.20000000 2.00000000 7.20000000E+000
5.20000000 2.10000000 7.30000000E+000
5.20000000 2.20000000 7.40000000E+000
5.20000000 2.30000000 7.50000000E+000
5.20000000 2.40000000 7.60000000E+000
5.20000000 2.50000000 7.70000000E+000
5.20000000 2.60000000 7.80000000E+000
5.20000000 2.70000000 7.90000000E+000
5.20000000 2.80000000 8.00000000E+000
5.20000000 2.90000000 8.10000000E+000
5.20000000 3.00000000 8.20000000E+000
5.20000000 3.10000000 8.30000000E+000
5.20000000 3.20000000 8.40000000E+000
5.20000000 3.30000000 8.50000000E+000
5.20000000 3.40000000 8.60000000E+000
5.20000000 3.50000000 8.70000000E+000
5.20000000 3.60000000 8.80000000E+000
5.20000000 3.70000000 8.90000000E+000
5.20000000 3.80000000 9.00000000E+000
5.20000000 3.90000000 9.10000000E+000
5.20000000 4.00000000 9.20000000E+000
5.20000000 4.10000000 9.30000000E+000
5.20000000 4.20000000 9.40000000E+000
5.20000000 4.30000000 9.50000000E+000
5.20000000 4.40000000 9.60000000E+000
5.20000000 4.50000000 9.70000000E+000
5.20000000 4.60000000 9.80000000E+000
5.20000000 4.70000000 9.90000000E+000
5.20000000 4.80000000 1.00000000E+001
5.20000000 4.90000000 1.01000000E+001
5.20000000 5.00000000 1.02000000E+001
5.20000000 5.10000000 1.03000000E+001
5.20000000 5.20000000 1.04000000E+001
5.20000000 5.30000000 1.05000000E+001
5.20000000 5.40000000 1.06000000E+001
5.20000000 5.50000000 1.07000000E+001
5.20000000 5.60000000 1.08000000E+001
5.20000000 5.70000000 1.09000000E+001
5.20000000 5.80000000 1.10000000E+001
5.20000000 5.90000000 1.11000000E+001
5.20000000 6.00000000 1.12000000E+001
5.20000000 6.10000000 1.13000000E+001
5.20000000 6.20000000 1.14000000E+001
5.20000000 6.30000000 1.15000000E+001
5.20000000 6.40000000 1.16000000E+001
5.20000000 6.50000000 1.17000000E+001
5.20000000 6.60000000 1.18000000E+001
5.20000000 6.70000000 1.19000000E+001
5.20000000 6.80000000 1.20000000E+001
5.20000000 6.90000000 1.21000000E+001
5.20000000 7.00000000 1.22000000E+001
5.20000000 7.10000000 1.23000000E+001
5.20000000 7.20000000 1.24000000E+001
5.20000000 7.30000000 1.25000000E+001
5.20000000 7.40000000 1.26000000E+001
5.20000000 7.50000000 1.27000000E+001
5.20000000 7.60000000 1.28000000E+001
5.20000000 7.70000000 1.29000000E+001
5.20000000 7.80000000 1.30000000E+001
5.20000000 7.90000000 1.31000000E+001
5.20000000 8.00000000 1.32000000E+001
5.20000000 8.10000000 1.33000000E+001
5.20000000 8.20000000 1.34000000E+001
5.20000000 8.30000000 1.35000000E+001
5.20000000 8.40000000 1.36000000E+001
5.20000000 8.50000000 1.37000000E+001
5.20000000 8.60000000 1.38000000E+001
5.20000000 8.70000000 1.39000000E+001
5.20000000 8.80000000 1.40000000E+001
5.20000000 8.90000000 1.41000000E+001
5.20000000 9.00000000 1.42000000E+001
5.20000000 9.10000000 1.43000000E+001
5.20000000 9.20000000 1.44000000E+001
5.20000000 9.30000000 1.45000000E+001
5.20000000 9.40000000 1.46000000E+001
5.20000000 9.50000000 1.47000000E+001
5.20000000 9.60000000 1.48000000E+001
5.20000000 9.70000000 1.49000000E+001
5.20000000 9.80000000 1.50000000E+001
5.20000000 9.90000000 1.51000000E+001
5.20000000 10.00000000 1.52000000E+001
5.20000000 10.10000000 1.53000000E+001
5.20000000 10.20000000 1.54000000E+001
5.20000000 10.30000000 1.55000000E+001
5.20000000 10.40000000 1.56000000E+001
5.20000000 10.50000000 1.57000000E+001
5.20000000 10.60000000 1.58000000E+001
5.20000000 10.70000000 1.59000000E+001
5.20000000 10.80000000 1.60000000E+001
5.20000000 10.90000000 1.61000000E+001
5.20000000 11.00000000 1.62000000E+001
5.30000000 1.00000000 6.30000000E+000
5.30000000 1.10000000 6.40000000E+000
5.30000000 1.20000000 6.50000000E+000
5.30000000 1.30000000 6.60000000E+000
5.30000000 1.40000000 6.70000000E+000
5.30000000 1.50000000 6.80000000E+000
5.30000000 1.60000000 6.90000000E+000
5.30000000 1.70000000 7.00000000E+000
5.30000000 1.80000000 7.10000000E+000
5.30000000 1.90000000 7.20000000E+000
5.30000000 2.00000000 7.30000000E+000
5.30000000 2.10000000 7.40000000E+000
5.30000000 2.20000000 7.50000000E+000
5.30000000 2.30000000 7.60000000E+000
5.30000000 2.40000000 7.70000000E+000
5.30000000 2.50000000 7.80000000E+000
5.30000000 2.60000000 7.90000000E+000
5.30000000 2.70000000 8.00000000E+000
5.30000000 2.80000000 8.10000000E+000
5.30000000 2.90000000 8.20000000E+000
5.30000000 3.00000000 8.30000000E+000
5.30000000 3.10000000 8.40000000E+000
5.30000000 3.20000000 8.50000000E+000
5.30000000 3.30000000 8.60000000E+000
5.30000000 3.40000000 8.70000000E+000
5.30000000 3.50000000 8.80000000E+000
5.30000000 3.60000000 8.90000000E+000
5.30000000 3.70000000 9.00000000E+000
5.30000000 3.80000000 9.10000000E+000
5.30000000 3.90000000 9.20000000E+000
5.30000000 4.00000000 9.30000000E+000
5.30000000 4.10000000 9.40000000E+000
5.30000000 4.20000000 9.50000000E+000
5.30000000 4.30000000 9.60000000E+000
5.30000000 4.40000000 9.70000000E+000
5.30000000 4.50000000 9.80000000E+000
5.30000000 4.60000000 9.90000000E+000
5.30000000 4.70000000 1.00000000E+001
5.30000000 4.80000000 1.01000000E+001
5.30000000 4.90000000 1.02000000E+001
5.30000000 5.00000000 1.03000000E+001
5.30000000 5.10000000 1.04000000E+001
5.30000000 5.20000000 1.05000000E+001
5.30000000 5.30000000 1.06000000E+001
5.30000000 5.40000000 1.07000000E+001
5.30000000 5.50000000 1.08000000E+001
5.30000000 5.60000000 1.09000000E+001
5.30000000 5.70000000 1.10000000E+001
5.30000000 5.80000000 1.11000000E+001
5.30000000 5.90000000 1.12000000E+001
5.30000000 6.00000000 1.13000000E+001
5.30000000 6.10000000 1.14000000E+001
5.30000000 6.20000000 1.15000000E+001
5.30000000 6.30000000 1.16000000E+001
5.30000000 6.40000000 1.17000000E+001
5.30000000 6.50000000 1.18000000E+001
5.30000000 6.60000000 1.19000000E+001
5.30000000 6.70000000 1.20000000E+001
5.30000000 6.80000000 1.21000000E+001
5.30000000 6.90000000 1.22000000E+001
5.30000000 7.00000000 1.23000000E+001
5.30000000 7.10000000 1.24000000E+001
5.30000000 7.20000000 1.25000000E+001
5.30000000 7.30000000 1.26000000E+001
5.30000000 7.40000000 1.27000000E+001
5.30000000 7.50000000 1.28000000E+001
5.30000000 7.60000000 1.29000000E+001
5.30000000 7.70000000 1.30000000E+001
5.30000000 7.80000000 1.31000000E+001
5.30000000 7.90000000 1.32000000E+001
5.30000000 8.00000000 1.33000000E+001
5.30000000 8.10000000 1.34000000E+001
5.30000000 8.20000000 1.35000000E+001
5.30000000 8.30000000 1.36000000E+001
5.30000000 8.40000000 1.37000000E+001
5.30000000 8.50000000 1.38000000E+001
5.30000000 8.60000000 1.39000000E+001
5.30000000 8.70000000 1.40000000E+001
5.30000000 8.80000000 1.41000000E+001
5.30000000 8.90000000 1.42000000E+001
5.30000000 9.00000000 1.43000000E+001
5.30000000 9.10000000 1.44000000E+001
5.30000000 9.20000000 1.45000000E+001
5.30000000 9.30000000 1.46000000E+001
5.30000000 9.40000000 1.47000000E+001
5.30000000 9.50000000 1.48000000E+001
5.30000000 9.60000000 1.49000000E+001
5.30000000 9.70000000 1.50000000E+001
5.30000000 9.80000000 1.51000000E+001
5.30000000 9.90000000 1.52000000E+001
5.30000000 10.00000000 1.53000000E+001
5.30000000 10.10000000 1.54000000E+001
5.30000000 10.20000000 1.55000000E+001
5.30000000 10.30000000 1.56000000E+001
5.30000000 10.40000000 1.57000000E+001
5.30000000 10.50000000 1.58000000E+001
5.30000000 10.60000000 1.59000000E+001
5.30000000 10.70000000 1.60000000E+001
5.30000000 10.80000000 1.61000000E+001
5.30000000 10.90000000 1.62000000E+001
5.30000000 11.00000000 1.63000000E+001
5.40000000 1.00000000 6.40000000E+000
5.40000000 1.10000000 6.50000000E+000
5.40000000 1.20000000 6.60000000E+000
5.40000000 1.30000000 6.70000000E+000
5.40000000 1.40000000 6.80000000E+000
5.40000000 1.50000000 6.90000000E+000
5.40000000 1.60000000 7.00000000E+000
5.40000000 1.70000000 7.10000000E+000
5.40000000 1.80000000 7.20000000E+000
5.40000000 1.90000000 7.30000000E+000
5.40000000 2.00000000 7.40000000E+000
5.40000000 2.10000000 7.50000000E+000
5.40000000 2.20000000 7.60000000E+000
5.40000000 2.30000000 7.70000000E+000
5.40000000 2.40000000 7.80000000E+000
5.40000000 2.50000000 7.90000000E+000
5.40000000 2.60000000 8.00000000E+000
5.40000000 2.70000000 8.10000000E+000
5.40000000 2.80000000 8.20000000E+000
5.40000000 2.90000000 8.30000000E+000
5.40000000 3.00000000 8.40000000E+000
5.40000000 3.10000000 8.50000000E+000
5.40000000 3.20000000 8.60000000E+000
5.40000000 3.30000000 8.70000000E+000
5.40000000 3.40000000 8.80000000E+000
5.40000000 3.50000000 8.90000000E+000
5.40000000 3.60000000 9.00000000E+000
5.40000000 3.70000000 9.10000000E+000
5.40000000 3.80000000 9.20000000E+000
5.40000000 3.90000000 9.30000000E+000
5.40000000 4.00000000 9.40000000E+000
5.40000000 4.10000000 9.50000000E+000
5.40000000 4.20000000 9.60000000E+000
5.40000000 4.30000000 9.70000000E+000
5.40000000 4.40000000 9.80000000E+000
5.40000000 4.50000000 9.90000000E+000
5.40000000 4.60000000 1.00000000E+001
5.40000000 4.70000000 1.01000000E+001
5.40000000 4.80000000 1.02000000E+001
5.40000000 4.90000000 1.03000000E+001
5.40000000 5.00000000 1.04000000E+001
5.40000000 5.10000000 1.05000000E+001
5.40000000 5.20000000 1.06000000E+001
5.40000000 5.30000000 1.07000000E+001
5.40000000 5.40000000 1.08000000E+001
5.40000000 5.50000000 1.09000000E+001
5.40000000 5.60000000 1.10000000E+001
5.40000000 5.70000000 1.11000000E+001
5.40000000 5.80000000 1.12000000E+001
5.40000000 5.90000000 1.13000000E+001
5.40000000 6.00000000 1.14000000E+001
5.40000000 6.10000000 1.15000000E+001
5.40000000 6.20000000 1.16000000E+001
5.40000000 6.30000000 1.17000000E+001
5.40000000 6.40000000 1.18000000E+001
5.40000000 6.50000000 1.19000000E+001
5.40000000 6.60000000 1.20000000E+001
5.40000000 6.70000000 1.21000000E+001
5.40000000 6.80000000 1.22000000E+001
5.40000000 6.90000000 1.23000000E+001
5.40000000 7.00000000 1.24000000E+001
5.40000000 7.10000000 1.25000000E+001
5.40000000 7.20000000 1.26000000E+001
5.40000000 7.30000000 1.27000000E+001
5.40000000 7.40000000 1.28000000E+001
5.40000000 7.50000000 1.29000000E+001
5.40000000 7.60000000 1.30000000E+001
5.40000000 7.70000000 1.31000000E+001
5.40000000 7.80000000 1.32000000E+001
5.40000000 7.90000000 1.33000000E+001
5.40000000 8.00000000 1.34000000E+001
5.40000000 8.10000000 1.35000000E+001
5.40000000 8.20000000 1.36000000E+001
5.40000000 8.30000000 1.37000000E+001
5.40000000 8.40000000 1.38000000E+001
5.40000000 8.50000000 1.39000000E+001
5.40000000 8.60000000 1.40000000E+001
5.40000000 8.70000000 1.41000000E+001
5.40000000 8.80000000 1.42000000E+001
5.40000000 8.90000000 1.43000000E+001
5.40000000 9.00000000 1.44000000E+001
5.40000000 9.10000000 1.45000000E+001
5.40000000 9.20000000 1.46000000E+001
5.40000000 9.30000000 1.47000000E+001
5.40000000 9.40000000 1.48000000E+001
5.40000000 9.50000000 1.49000000E+001
5.40000000 9.60000000 1.50000000E+001
5.40000000 9.70000000 1.51000000E+001
5.40000000 9.80000000 1.52000000E+001
5.40000000 9.90000000 1.53000000E+001
5.40000000 10.00000000 1.54000000E+001
5.40000000 10.10000000 1.55000000E+001
5.40000000 10.20000000 1.56000000E+001
5.40000000 10.30000000 1.57000000E+001
5.40000000 10.40000000 1.58000000E+001
5.40000000 10.50000000 1.59000000E+001
5.40000000 10.60000000 1.60000000E+001
5.40000000 10.70000000 1.61000000E+001
5.40000000 10.80000000 1.62000000E+001
5.40000000 10.90000000 1.63000000E+001
5.40000000 11.00000000 1.64000000E+001
5.50000000 1.00000000 6.50000000E+000
5.50000000 1.10000000 6.60000000E+000
5.50000000 1.20000000 6.70000000E+000
5.50000000 1.30000000 6.80000000E+000
5.50000000 1.40000000 6.90000000E+000
5.50000000 1.50000000 7.00000000E+000
5.50000000 1.60000000 7.10000000E+000
5.50000000 1.70000000 7.20000000E+000
5.50000000 1.80000000 7.30000000E+000
5.50000000 1.90000000 7.40000000E+000
5.50000000 2.00000000 7.50000000E+000
5.50000000 2.10000000 7.60000000E+000
5.50000000 2.20000000 7.70000000E+000
5.50000000 2.30000000 7.80000000E+000
5.50000000 2.40000000 7.90000000E+000
5.50000000 2.50000000 8.00000000E+000
5.50000000 2.60000000 8.10000000E+000
5.50000000 2.70000000 8.20000000E+000
5.50000000 2.80000000 8.30000000E+000
5.50000000 2.90000000 8.40000000E+000
5.50000000 3.00000000 8.50000000E+000
5.50000000 3.10000000 8.60000000E+000
5.50000000 3.20000000 8.70000000E+000
5.50000000 3.30000000 8.80000000E+000
5.50000000 3.40000000 8.90000000E+000
5.50000000 3.50000000 9.00000000E+000
5.50000000 3.60000000 9.10000000E+000
5.50000000 3.70000000 9.20000000E+000
5.50000000 3.80000000 9.30000000E+000
5.50000000 3.90000000 9.40000000E+000
5.50000000 4.00000000 9.50000000E+000
5.50000000 4.10000000 9.60000000E+000
5.50000000 4.20000000 9.70000000E+000
5.50000000 4.30000000 9.80000000E+000
5.50000000 4.40000000 9.90000000E+000
5.50000000 4.50000000 1.00000000E+001
5.50000000 4.60000000 1.01000000E+001
5.50000000 4.70000000 1.02000000E+001
5.50000000 4.80000000 1.03000000E+001
5.50000000 4.90000000 1.04000000E+001
5.50000000 5.00000000 1.05000000E+001
5.50000000 5.10000000 1.06000000E+001
5.50000000 5.20000000 1.07000000E+001
5.50000000 5.30000000 1.08000000E+001
5.50000000 5.40000000 1.09000000E+001
5.50000000 5.50000000 1.10000000E+001
5.50000000 5.60000000 1.11000000E+001
5.50000000 5.70000000 1.12000000E+001
5.50000000 5.80000000 1.13000000E+001
5.50000000 5.90000000 1.14000000E+001
5.50000000 6.00000000 1.15000000E+001
5.50000000 6.10000000 1.16000000E+001
5.50000000 6.20000000 1.17000000E+001
5.50000000 6.30000000 1.18000000E+001
5.50000000 6.40000000 1.19000000E+001
5.50000000 6.50000000 1.20000000E+001
5.50000000 6.60000000 1.21000000E+001
5.50000000 6.70000000 1.22000000E+001
5.50000000 6.80000000 1.23000000E+001
5.50000000 6.90000000 1.24000000E+001
5.50000000 7.00000000 1.25000000E+001
5.50000000 7.10000000 1.26000000E+001
5.50000000 7.20000000 1.27000000E+001
5.50000000 7.30000000 1.28000000E+001
5.50000000 7.40000000 1.29000000E+001
5.50000000 7.50000000 1.30000000E+001
5.50000000 7.60000000 1.31000000E+001
5.50000000 7.70000000 1.32000000E+001
5.50000000 7.80000000 1.33000000E+001
5.50000000 7.90000000 1.34000000E+001
5.50000000 8.00000000 1.35000000E+001
5.50000000 8.10000000 1.36000000E+001
5.50000000 8.20000000 1.37000000E+001
5.50000000 8.30000000 1.38000000E+001
5.50000000 8.40000000 1.39000000E+001
5.50000000 8.50000000 1.40000000E+001
5.50000000 8.60000000 1.41000000E+001
5.50000000 8.70000000 1.42000000E+001
5.50000000 8.80000000 1.43000000E+001
5.50000000 8.90000000 1.44000000E+001
5.50000000 9.00000000 1.45000000E+001
5.50000000 9.10000000 1.46000000E+001
5.50000000 9.20000000 1.47000000E+001
5.50000000 9.30000000 1.48000000E+001
5.50000000 9.40000000 1.49000000E+001
5.50000000 9.50000000 1.50000000E+001
5.50000000 9.60000000 1.51000000E+001
5.50000000 9.70000000 1.52000000E+001
5.50000000 9.80000000 1.53000000E+001
5.50000000 9.90000000 1.54000000E+001
5.50000000 10.00000000 1.55000000E+001
5.50000000 10.10000000 1.56000000E+001
5.50000000 10.20000000 1.57000000E+001
5.50000000 10.30000000 1.58000000E+001
5.50000000 10.40000000 1.59000000E+001
5.50000000 10.50000000 1.60000000E+001
5.50000000 10.60000000 1.61000000E+001
5.50000000 10.70000000 1.62000000E+001
5.50000000 10.80000000 1.63000000E+001
5.50000000 10.90000000 1.64000000E+001
5.50000000 11.00000000 1.65000000E+001
5.60000000 1.00000000 6.60000000E+000
5.60000000 1.10000000 6.70000000E+000
5.60000000 1.20000000 6.80000000E+000
5.60000000 1.30000000 6.90000000E+000
5.60000000 1.40000000 7.00000000E+000
5.60000000 1.50000000 7.10000000E+000
5.60000000 1.60000000 7.20000000E+000
5.60000000 1.70000000 7.30000000E+000
5.60000000 1.80000000 7.40000000E+000
5.60000000 1.90000000 7.50000000E+000
5.60000000 2.00000000 7.60000000E+000
5.60000000 2.10000000 7.70000000E+000
5.60000000 2.20000000 7.80000000E+000
5.60000000 2.30000000 7.90000000E+000
5.60000000 2.40000000 8.00000000E+000
5.60000000 2.50000000 8.10000000E+000
5.60000000 2.60000000 8.20000000E+000
5.60000000 2.70000000 8.30000000E+000
5.60000000 2.80000000 8.40000000E+000
5.60000000 2.90000000 8.50000000E+000
5.60000000 3.00000000 8.60000000E+000
5.60000000 3.10000000 8.70000000E+000
5.60000000 3.20000000 8.80000000E+000
5.60000000 3.30000000 8.90000000E+000
5.60000000 3.40000000 9.00000000E+000
5.60000000 3.50000000 9.10000000E+000
5.60000000 3.60000000 9.20000000E+000
5.60000000 3.70000000 9.30000000E+000
5.60000000 3.80000000 9.40000000E+000
5.60000000 3.90000000 9.50000000E+000
5.60000000 4.00000000 9.60000000E+000
5.60000000 4.10000000 9.70000000E+000
5.60000000 4.20000000 9.80000000E+000
5.60000000 4.30000000 9.90000000E+000
5.60000000 4.40000000 1.00000000E+001
5.60000000 4.50000000 1.01000000E+001
5.60000000 4.60000000 1.02000000E+001
5.60000000 4.70000000 1.03000000E+001
5.60000000 4.80000000 1.04000000E+001
5.60000000 4.90000000 1.05000000E+001
5.60000000 5.00000000 1.06000000E+001
5.60000000 5.10000000 1.07000000E+001
5.60000000 5.20000000 1.08000000E+001
5.60000000 5.30000000 1.09000000E+001
5.60000000 5.40000000 1.10000000E+001
5.60000000 5.50000000 1.11000000E+001
5.60000000 5.60000000 1.12000000E+001
5.60000000 5.70000000 1.13000000E+001
5.60000000 5.80000000 1.14000000E+001
5.60000000 5.90000000 1.15000000E+001
5.60000000 6.00000000 1.16000000E+001
5.60000000 6.10000000 1.17000000E+001
5.60000000 6.20000000 1.18000000E+001
5.60000000 6.30000000 1.19000000E+001
5.60000000 6.40000000 1.20000000E+001
5.60000000 6.50000000 1.21000000E+001
5.60000000 6.60000000 1.22000000E+001
5.60000000 6.70000000 1.23000000E+001
5.60000000 6.80000000 1.24000000E+001
5.60000000 6.90000000 1.25000000E+001
5.60000000 7.00000000 1.26000000E+001
5.60000000 7.10000000 1.27000000E+001
5.60000000 7.20000000 1.28000000E+001
5.60000000 7.30000000 1.29000000E+001
5.60000000 7.40000000 1.30000000E+001
5.60000000 7.50000000 1.31000000E+001
5.60000000 7.60000000 1.32000000E+001
5.60000000 7.70000000 1.33000000E+001
5.60000000 7.80000000 1.34000000E+001
5.60000000 7.90000000 1.35000000E+001
5.60000000 8.00000000 1.36000000E+001
5.60000000 8.10000000 1.37000000E+001
5.60000000 8.20000000 1.38000000E+001
5.60000000 8.30000000 1.39000000E+001
5.60000000 8.40000000 1.40000000E+001
5.60000000 8.50000000 1.41000000E+001
5.60000000 8.60000000 1.42000000E+001
5.60000000 8.70000000 1.43000000E+001
5.60000000 8.80000000 1.44000000E+001
5.60000000 8.90000000 1.45000000E+001
5.60000000 9.00000000 1.46000000E+001
5.60000000 9.10000000 1.47000000E+001
5.60000000 9.20000000 1.48000000E+001
5.60000000 9.30000000 1.49000000E+001
5.60000000 9.40000000 1.50000000E+001
5.60000000 9.50000000 1.51000000E+001
5.60000000 9.60000000 1.52000000E+001
5.60000000 9.70000000 1.53000000E+001
5.60000000 9.80000000 1.54000000E+001
5.60000000 9.90000000 1.55000000E+001
5.60000000 10.00000000 1.56000000E+001
5.60000000 10.10000000 1.57000000E+001
5.60000000 10.20000000 1.58000000E+001
5.60000000 10.30000000 1.59000000E+001
5.60000000 10.40000000 1.60000000E+001
5.60000000 10.50000000 1.61000000E+001
5.60000000 10.60000000 1.62000000E+001
5.60000000 10.70000000 1.63000000E+001
5.60000000 10.80000000 1.64000000E+001
5.60000000 10.90000000 1.65000000E+001
5.60000000 11.00000000 1.66000000E+001
5.70000000 1.00000000 6.70000000E+000
5.70000000 1.10000000 6.80000000E+000
5.70000000 1.20000000 6.90000000E+000
5.70000000 1.30000000 7.00000000E+000
5.70000000 1.40000000 7.10000000E+000
5.70000000 1.50000000 7.20000000E+000
5.70000000 1.60000000 7.30000000E+000
5.70000000 1.70000000 7.40000000E+000
5.70000000 1.80000000 7.50000000E+000
5.70000000 1.90000000 7.60000000E+000
5.70000000 2.00000000 7.70000000E+000
5.70000000 2.10000000 7.80000000E+000
5.70000000 2.20000000 7.90000000E+000
5.70000000 2.30000000 8.00000000E+000
5.70000000 2.40000000 8.10000000E+000
5.70000000 2.50000000 8.20000000E+000
5.70000000 2.60000000 8.30000000E+000
5.70000000 2.70000000 8.40000000E+000
5.70000000 2.80000000 8.50000000E+000
5.70000000 2.90000000 8.60000000E+000
5.70000000 3.00000000 8.70000000E+000
5.70000000 3.10000000 8.80000000E+000
5.70000000 3.20000000 8.90000000E+000
5.70000000 3.30000000 9.00000000E+000
5.70000000 3.40000000 9.10000000E+000
5.70000000 3.50000000 9.20000000E+000
5.70000000 3.60000000 9.30000000E+000
5.70000000 3.70000000 9.40000000E+000
5.70000000 3.80000000 9.50000000E+000
5.70000000 3.90000000 9.60000000E+000
5.70000000 4.00000000 9.70000000E+000
5.70000000 4.10000000 9.80000000E+000
5.70000000 4.20000000 9.90000000E+000
5.70000000 4.30000000 1.00000000E+001
5.70000000 4.40000000 1.01000000E+001
5.70000000 4.50000000 1.02000000E+001
5.70000000 4.60000000 1.03000000E+001
5.70000000 4.70000000 1.04000000E+001
5.70000000 4.80000000 1.05000000E+001
5.70000000 4.90000000 1.06000000E+001
5.70000000 5.00000000 1.07000000E+001
5.70000000 5.10000000 1.08000000E+001
5.70000000 5.20000000 1.09000000E+001
5.70000000 5.30000000 1.10000000E+001
5.70000000 5.40000000 1.11000000E+001
5.70000000 5.50000000 1.12000000E+001
5.70000000 5.60000000 1.13000000E+001
5.70000000 5.70000000 1.14000000E+001
5.70000000 5.80000000 1.15000000E+001
5.70000000 5.90000000 1.16000000E+001
5.70000000 6.00000000 1.17000000E+001
5.70000000 6.10000000 1.18000000E+001
5.70000000 6.20000000 1.19000000E+001
5.70000000 6.30000000 1.20000000E+001
5.70000000 6.40000000 1.21000000E+001
5.70000000 6.50000000 1.22000000E+001
5.70000000 6.60000000 1.23000000E+001
5.70000000 6.70000000 1.24000000E+001
5.70000000 6.80000000 1.25000000E+001
5.70000000 6.90000000 1.26000000E+001
5.70000000 7.00000000 1.27000000E+001
5.70000000 7.10000000 1.28000000E+001
5.70000000 7.20000000 1.29000000E+001
5.70000000 7.30000000 1.30000000E+001
5.70000000 7.40000000 1.31000000E+001
5.70000000 7.50000000 1.32000000E+001
5.70000000 7.60000000 1.33000000E+001
5.70000000 7.70000000 1.34000000E+001
5.70000000 7.80000000 1.35000000E+001
5.70000000 7.90000000 1.36000000E+001
5.70000000 8.00000000 1.37000000E+001
5.70000000 8.10000000 1.38000000E+001
5.70000000 8.20000000 1.39000000E+001
5.70000000 8.30000000 1.40000000E+001
5.70000000 8.40000000 1.41000000E+001
5.70000000 8.50000000 1.42000000E+001
5.70000000 8.60000000 1.43000000E+001
5.70000000 8.70000000 1.44000000E+001
5.70000000 8.80000000 1.45000000E+001
5.70000000 8.90000000 1.46000000E+001
5.70000000 9.00000000 1.47000000E+001
5.70000000 9.10000000 1.48000000E+001
5.70000000 9.20000000 1.49000000E+001
5.70000000 9.30000000 1.50000000E+001
5.70000000 9.40000000 1.51000000E+001
5.70000000 9.50000000 1.52000000E+001
5.70000000 9.60000000 1.53000000E+001
5.70000000 9.70000000 1.54000000E+001
5.70000000 9.80000000 1.55000000E+001
5.70000000 9.90000000 1.56000000E+001
5.70000000 10.00000000 1.57000000E+001
5.70000000 10.10000000 1.58000000E+001
5.70000000 10.20000000 1.59000000E+001
5.70000000 10.30000000 1.60000000E+001
5.70000000 10.40000000 1.61000000E+001
5.70000000 10.50000000 1.62000000E+001
5.70000000 10.60000000 1.63000000E+001
5.70000000 10.70000000 1.64000000E+001
5.70000000 10.80000000 1.65000000E+001
5.70000000 10.90000000 1.66000000E+001
5.70000000 11.00000000 1.67000000E+001
5.80000000 1.00000000 6.80000000E+000
5.80000000 1.10000000 6.90000000E+000
5.80000000 1.20000000 7.00000000E+000
5.80000000 1.30000000 7.10000000E+000
5.80000000 1.40000000 7.20000000E+000
5.80000000 1.50000000 7.30000000E+000
5.80000000 1.60000000 7.40000000E+000
5.80000000 1.70000000 7.50000000E+000
5.80000000 1.80000000 7.60000000E+000
5.80000000 1.90000000 7.70000000E+000
5.80000000 2.00000000 7.80000000E+000
5.80000000 2.10000000 7.90000000E+000
5.80000000 2.20000000 8.00000000E+000
5.80000000 2.30000000 8.10000000E+000
5.80000000 2.40000000 8.20000000E+000
5.80000000 2.50000000 8.30000000E+000
5.80000000 2.60000000 8.40000000E+000
5.80000000 2.70000000 8.50000000E+000
5.80000000 2.80000000 8.60000000E+000
5.80000000 2.90000000 8.70000000E+000
5.80000000 3.00000000 8.80000000E+000
5.80000000 3.10000000 8.90000000E+000
5.80000000 3.20000000 9.00000000E+000
5.80000000 3.30000000 9.10000000E+000
5.80000000 3.40000000 9.20000000E+000
5.80000000 3.50000000 9.30000000E+000
5.80000000 3.60000000 9.40000000E+000
5.80000000 3.70000000 9.50000000E+000
5.80000000 3.80000000 9.60000000E+000
5.80000000 3.90000000 9.70000000E+000
5.80000000 4.00000000 9.80000000E+000
5.80000000 4.10000000 9.90000000E+000
5.80000000 4.20000000 1.00000000E+001
5.80000000 4.30000000 1.01000000E+001
5.80000000 4.40000000 1.02000000E+001
5.80000000 4.50000000 1.03000000E+001
5.80000000 4.60000000 1.04000000E+001
5.80000000 4.70000000 1.05000000E+001
5.80000000 4.80000000 1.06000000E+001
5.80000000 4.90000000 1.07000000E+001
5.80000000 5.00000000 1.08000000E+001
5.80000000 5.10000000 1.09000000E+001
5.80000000 5.20000000 1.10000000E+001
5.80000000 5.30000000 1.11000000E+001
5.80000000 5.40000000 1.12000000E+001
5.80000000 5.50000000 1.13000000E+001
5.80000000 5.60000000 1.14000000E+001
5.80000000 5.70000000 1.15000000E+001
5.80000000 5.80000000 1.16000000E+001
5.80000000 5.90000000 1.17000000E+001
5.80000000 6.00000000 1.18000000E+001
5.80000000 6.10000000 1.19000000E+001
5.80000000 6.20000000 1.20000000E+001
5.80000000 6.30000000 1.21000000E+001
5.80000000 6.40000000 1.22000000E+001
5.80000000 6.50000000 1.23000000E+001
5.80000000 6.60000000 1.24000000E+001
5.80000000 6.70000000 1.25000000E+001
5.80000000 6.80000000 1.26000000E+001
5.80000000 6.90000000 1.27000000E+001
5.80000000 7.00000000 1.28000000E+001
5.80000000 7.10000000 1.29000000E+001
5.80000000 7.20000000 1.30000000E+001
5.80000000 7.30000000 1.31000000E+001
5.80000000 7.40000000 1.32000000E+001
5.80000000 7.50000000 1.33000000E+001
5.80000000 7.60000000 1.34000000E+001
5.80000000 7.70000000 1.35000000E+001
5.80000000 7.80000000 1.36000000E+001
5.80000000 7.90000000 1.37000000E+001
5.80000000 8.00000000 1.38000000E+001
5.80000000 8.10000000 1.39000000E+001
5.80000000 8.20000000 1.40000000E+001
5.80000000 8.30000000 1.41000000E+001
5.80000000 8.40000000 1.42000000E+001
5.80000000 8.50000000 1.43000000E+001
5.80000000 8.60000000 1.44000000E+001
5.80000000 8.70000000 1.45000000E+001
5.80000000 8.80000000 1.46000000E+001
5.80000000 8.90000000 1.47000000E+001
5.80000000 9.00000000 1.48000000E+001
5.80000000 9.10000000 1.49000000E+001
5.80000000 9.20000000 1.50000000E+001
5.80000000 9.30000000 1.51000000E+001
5.80000000 9.40000000 1.52000000E+001
5.80000000 9.50000000 1.53000000E+001
5.80000000 9.60000000 1.54000000E+001
5.80000000 9.70000000 1.55000000E+001
5.80000000 9.80000000 1.56000000E+001
5.80000000 9.90000000 1.57000000E+001
5.80000000 10.00000000 1.58000000E+001
5.80000000 10.10000000 1.59000000E+001
5.80000000 10.20000000 1.60000000E+001
5.80000000 10.30000000 1.61000000E+001
5.80000000 10.40000000 1.62000000E+001
5.80000000 10.50000000 1.63000000E+001
5.80000000 10.60000000 1.64000000E+001
5.80000000 10.70000000 1.65000000E+001
5.80000000 10.80000000 1.66000000E+001
5.80000000 10.90000000 1.67000000E+001
5.80000000 11.00000000 1.68000000E+001
5.90000000 1.00000000 6.90000000E+000
5.90000000 1.10000000 7.00000000E+000
5.90000000 1.20000000 7.10000000E+000
5.90000000 1.30000000 7.20000000E+000
5.90000000 1.40000000 7.30000000E+000
5.90000000 1.50000000 7.40000000E+000
5.90000000 1.60000000 7.50000000E+000
5.90000000 1.70000000 7.60000000E+000
5.90000000 1.80000000 7.70000000E+000
5.90000000 1.90000000 7.80000000E+000
5.90000000 2.00000000 7.90000000E+000
5.90000000 2.10000000 8.00000000E+000
5.90000000 2.20000000 8.10000000E+000
5.90000000 2.30000000 8.20000000E+000
5.90000000 2.40000000 8.30000000E+000
5.90000000 2.50000000 8.40000000E+000
5.90000000 2.60000000 8.50000000E+000
5.90000000 2.70000000 8.60000000E+000
5.90000000 2.80000000 8.70000000E+000
5.90000000 2.90000000 8.80000000E+000
5.90000000 3.00000000 8.90000000E+000
5.90000000 3.10000000 9.00000000E+000
5.90000000 3.20000000 9.10000000E+000
5.90000000 3.30000000 9.20000000E+000
5.90000000 3.40000000 9.30000000E+000
5.90000000 3.50000000 9.40000000E+000
5.90000000 3.60000000 9.50000000E+000
5.90000000 3.70000000 9.60000000E+000
5.90000000 3.80000000 9.70000000E+000
5.90000000 3.90000000 9.80000000E+000
5.90000000 4.00000000 9.90000000E+000
5.90000000 4.10000000 1.00000000E+001
5.90000000 4.20000000 1.01000000E+001
5.90000000 4.30000000 1.02000000E+001
5.90000000 4.40000000 1.03000000E+001
5.90000000 4.50000000 1.04000000E+001
5.90000000 4.60000000 1.05000000E+001
5.90000000 4.70000000 1.06000000E+001
5.90000000 4.80000000 1.07000000E+001
5.90000000 4.90000000 1.08000000E+001
5.90000000 5.00000000 1.09000000E+001
5.90000000 5.10000000 1.10000000E+001
5.90000000 5.20000000 1.11000000E+001
5.90000000 5.30000000 1.12000000E+001
5.90000000 5.40000000 1.13000000E+001
5.90000000 5.50000000 1.14000000E+001
5.90000000 5.60000000 1.15000000E+001
5.90000000 5.70000000 1.16000000E+001
5.90000000 5.80000000 1.17000000E+001
5.90000000 5.90000000 1.18000000E+001
5.90000000 6.00000000 1.19000000E+001
5.90000000 6.10000000 1.20000000E+001
5.90000000 6.20000000 1.21000000E+001
5.90000000 6.30000000 1.22000000E+001
5.90000000 6.40000000 1.23000000E+001
5.90000000 6.50000000 1.24000000E+001
5.90000000 6.60000000 1.25000000E+001
5.90000000 6.70000000 1.26000000E+001
5.90000000 6.80000000 1.27000000E+001
5.90000000 6.90000000 1.28000000E+001
5.90000000 7.00000000 1.29000000E+001
5.90000000 7.10000000 1.30000000E+001
5.90000000 7.20000000 1.31000000E+001
5.90000000 7.30000000 1.32000000E+001
5.90000000 7.40000000 1.33000000E+001
5.90000000 7.50000000 1.34000000E+001
5.90000000 7.60000000 1.35000000E+001
5.90000000 7.70000000 1.36000000E+001
5.90000000 7.80000000 1.37000000E+001
5.90000000 7.90000000 1.38000000E+001
5.90000000 8.00000000 1.39000000E+001
5.90000000 8.10000000 1.40000000E+001
5.90000000 8.20000000 1.41000000E+001
5.90000000 8.30000000 1.42000000E+001
5.90000000 8.40000000 1.43000000E+001
5.90000000 8.50000000 1.44000000E+001
5.90000000 8.60000000 1.45000000E+001
5.90000000 8.70000000 1.46000000E+001
5.90000000 8.80000000 1.47000000E+001
5.90000000 8.90000000 1.48000000E+001
5.90000000 9.00000000 1.49000000E+001
5.90000000 9.10000000 1.50000000E+001
5.90000000 9.20000000 1.51000000E+001
5.90000000 9.30000000 1.52000000E+001
5.90000000 9.40000000 1.53000000E+001
5.90000000 9.50000000 1.54000000E+001
5.90000000 9.60000000 1.55000000E+001
5.90000000 9.70000000 1.56000000E+001
5.90000000 9.80000000 1.57000000E+001
5.90000000 9.90000000 1.58000000E+001
5.90000000 10.00000000 1.59000000E+001
5.90000000 10.10000000 1.60000000E+001
5.90000000 10.20000000 1.61000000E+001
5.90000000 10.30000000 1.62000000E+001
5.90000000 10.40000000 1.63000000E+001
5.90000000 10.50000000 1.64000000E+001
5.90000000 10.60000000 1.65000000E+001
5.90000000 10.70000000 1.66000000E+001
5.90000000 10.80000000 1.67000000E+001
5.90000000 10.90000000 1.68000000E+001
5.90000000 11.00000000 1.69000000E+001
6.00000000 1.00000000 7.00000000E+000
6.00000000 1.10000000 7.10000000E+000
6.00000000 1.20000000 7.20000000E+000
6.00000000 1.30000000 7.30000000E+000
6.00000000 1.40000000 7.40000000E+000
6.00000000 1.50000000 7.50000000E+000
6.00000000 1.60000000 7.60000000E+000
6.00000000 1.70000000 7.70000000E+000
6.00000000 1.80000000 7.80000000E+000
6.00000000 1.90000000 7.90000000E+000
6.00000000 2.00000000 8.00000000E+000
6.00000000 2.10000000 8.10000000E+000
6.00000000 2.20000000 8.20000000E+000
6.00000000 2.30000000 8.30000000E+000
6.00000000 2.40000000 8.40000000E+000
6.00000000 2.50000000 8.50000000E+000
6.00000000 2.60000000 8.60000000E+000
6.00000000 2.70000000 8.70000000E+000
6.00000000 2.80000000 8.80000000E+000
6.00000000 2.90000000 8.90000000E+000
6.00000000 3.00000000 9.00000000E+000
6.00000000 3.10000000 9.10000000E+000
6.00000000 3.20000000 9.20000000E+000
6.00000000 3.30000000 9.30000000E+000
6.00000000 3.40000000 9.40000000E+000
6.00000000 3.50000000 9.50000000E+000
6.00000000 3.60000000 9.60000000E+000
6.00000000 3.70000000 9.70000000E+000
6.00000000 3.80000000 9.80000000E+000
6.00000000 3.90000000 9.90000000E+000
6.00000000 4.00000000 1.00000000E+001
6.00000000 4.10000000 1.01000000E+001
6.00000000 4.20000000 1.02000000E+001
6.00000000 4.30000000 1.03000000E+001
6.00000000 4.40000000 1.04000000E+001
6.00000000 4.50000000 1.05000000E+001
6.00000000 4.60000000 1.06000000E+001
6.00000000 4.70000000 1.07000000E+001
6.00000000 4.80000000 1.08000000E+001
6.00000000 4.90000000 1.09000000E+001
6.00000000 5.00000000 1.10000000E+001
6.00000000 5.10000000 1.11000000E+001
6.00000000 5.20000000 1.12000000E+001
6.00000000 5.30000000 1.13000000E+001
6.00000000 5.40000000 1.14000000E+001
6.00000000 5.50000000 1.15000000E+001
6.00000000 5.60000000 1.16000000E+001
6.00000000 5.70000000 1.17000000E+001
6.00000000 5.80000000 1.18000000E+001
6.00000000 5.90000000 1.19000000E+001
6.00000000 6.00000000 1.20000000E+001
6.00000000 6.10000000 1.21000000E+001
6.00000000 6.20000000 1.22000000E+001
6.00000000 6.30000000 1.23000000E+001
6.00000000 6.40000000 1.24000000E+001
6.00000000 6.50000000 1.25000000E+001
6.00000000 6.60000000 1.26000000E+001
6.00000000 6.70000000 1.27000000E+001
6.00000000 6.80000000 1.28000000E+001
6.00000000 6.90000000 1.29000000E+001
6.00000000 7.00000000 1.30000000E+001
6.00000000 7.10000000 1.31000000E+001
6.00000000 7.20000000 1.32000000E+001
6.00000000 7.30000000 1.33000000E+001
6.00000000 7.40000000 1.34000000E+001
6.00000000 7.50000000 1.35000000E+001
6.00000000 7.60000000 1.36000000E+001
6.00000000 7.70000000 1.37000000E+001
6.00000000 7.80000000 1.38000000E+001
6.00000000 7.90000000 1.39000000E+001
6.00000000 8.00000000 1.40000000E+001
6.00000000 8.10000000 1.41000000E+001
6.00000000 8.20000000 1.42000000E+001
6.00000000 8.30000000 1.43000000E+001
6.00000000 8.40000000 1.44000000E+001
6.00000000 8.50000000 1.45000000E+001
6.00000000 8.60000000 1.46000000E+001
6.00000000 8.70000000 1.47000000E+001
6.00000000 8.80000000 1.48000000E+001
6.00000000 8.90000000 1.49000000E+001
6.00000000 9.00000000 1.50000000E+001
6.00000000 9.10000000 1.51000000E+001
6.00000000 9.20000000 1.52000000E+001
6.00000000 9.30000000 1.53000000E+001
6.00000000 9.40000000 1.54000000E+001
6.00000000 9.50000000 1.55000000E+001
6.00000000 9.60000000 1.56000000E+001
6.00000000 9.70000000 1.57000000E+001
6.00000000 9.80000000 1.58000000E+001
6.00000000 9.90000000 1.59000000E+001
6.00000000 10.00000000 1.60000000E+001
6.00000000 10.10000000 1.61000000E+001
6.00000000 10.20000000 1.62000000E+001
6.00000000 10.30000000 1.63000000E+001
6.00000000 10.40000000 1.64000000E+001
6.00000000 10.50000000 1.65000000E+001
6.00000000 10.60000000 1.66000000E+001
6.00000000 10.70000000 1.67000000E+001
6.00000000 10.80000000 1.68000000E+001
6.00000000 10.90000000 1.69000000E+001
6.00000000 11.00000000 1.70000000E+001
6.10000000 1.00000000 7.10000000E+000
6.10000000 1.10000000 7.20000000E+000
6.10000000 1.20000000 7.30000000E+000
6.10000000 1.30000000 7.40000000E+000
6.10000000 1.40000000 7.50000000E+000
6.10000000 1.50000000 7.60000000E+000
6.10000000 1.60000000 7.70000000E+000
6.10000000 1.70000000 7.80000000E+000
6.10000000 1.80000000 7.90000000E+000
6.10000000 1.90000000 8.00000000E+000
6.10000000 2.00000000 8.10000000E+000
6.10000000 2.10000000 8.20000000E+000
6.10000000 2.20000000 8.30000000E+000
6.10000000 2.30000000 8.40000000E+000
6.10000000 2.40000000 8.50000000E+000
6.10000000 2.50000000 8.60000000E+000
6.10000000 2.60000000 8.70000000E+000
6.10000000 2.70000000 8.80000000E+000
6.10000000 2.80000000 8.90000000E+000
6.10000000 2.90000000 9.00000000E+000
6.10000000 3.00000000 9.10000000E+000
6.10000000 3.10000000 9.20000000E+000
6.10000000 3.20000000 9.30000000E+000
6.10000000 3.30000000 9.40000000E+000
6.10000000 3.40000000 9.50000000E+000
6.10000000 3.50000000 9.60000000E+000
6.10000000 3.60000000 9.70000000E+000
6.10000000 3.70000000 9.80000000E+000
6.10000000 3.80000000 9.90000000E+000
6.10000000 3.90000000 1.00000000E+001
6.10000000 4.00000000 1.01000000E+001
6.10000000 4.10000000 1.02000000E+001
6.10000000 4.20000000 1.03000000E+001
6.10000000 4.30000000 1.04000000E+001
6.10000000 4.40000000 1.05000000E+001
6.10000000 4.50000000 1.06000000E+001
6.10000000 4.60000000 1.07000000E+001
6.10000000 4.70000000 1.08000000E+001
6.10000000 4.80000000 1.09000000E+001
6.10000000 4.90000000 1.10000000E+001
6.10000000 5.00000000 1.11000000E+001
6.10000000 5.10000000 1.12000000E+001
6.10000000 5.20000000 1.13000000E+001
6.10000000 5.30000000 1.14000000E+001
6.10000000 5.40000000 1.15000000E+001
6.10000000 5.50000000 1.16000000E+001
6.10000000 5.60000000 1.17000000E+001
6.10000000 5.70000000 1.18000000E+001
6.10000000 5.80000000 1.19000000E+001
6.10000000 5.90000000 1.20000000E+001
6.10000000 6.00000000 1.21000000E+001
6.10000000 6.10000000 1.22000000E+001
6.10000000 6.20000000 1.23000000E+001
6.10000000 6.30000000 1.24000000E+001
6.10000000 6.40000000 1.25000000E+001
6.10000000 6.50000000 1.26000000E+001
6.10000000 6.60000000 1.27000000E+001
6.10000000 6.70000000 1.28000000E+001
6.10000000 6.80000000 1.29000000E+001
6.10000000 6.90000000 1.30000000E+001
6.10000000 7.00000000 1.31000000E+001
6.10000000 7.10000000 1.32000000E+001
6.10000000 7.20000000 1.33000000E+001
6.10000000 7.30000000 1.34000000E+001
6.10000000 7.40000000 1.35000000E+001
6.10000000 7.50000000 1.36000000E+001
6.10000000 7.60000000 1.37000000E+001
6.10000000 7.70000000 1.38000000E+001
6.10000000 7.80000000 1.39000000E+001
6.10000000 7.90000000 1.40000000E+001
6.10000000 8.00000000 1.41000000E+001
6.10000000 8.10000000 1.42000000E+001
6.10000000 8.20000000 1.43000000E+001
6.10000000 8.30000000 1.44000000E+001
6.10000000 8.40000000 1.45000000E+001
6.10000000 8.50000000 1.46000000E+001
6.10000000 8.60000000 1.47000000E+001
6.10000000 8.70000000 1.48000000E+001
6.10000000 8.80000000 1.49000000E+001
6.10000000 8.90000000 1.50000000E+001
6.10000000 9.00000000 1.51000000E+001
6.10000000 9.10000000 1.52000000E+001
6.10000000 9.20000000 1.53000000E+001
6.10000000 9.30000000 1.54000000E+001
6.10000000 9.40000000 1.55000000E+001
6.10000000 9.50000000 1.56000000E+001
6.10000000 9.60000000 1.57000000E+001
6.10000000 9.70000000 1.58000000E+001
6.10000000 9.80000000 1.59000000E+001
6.10000000 9.90000000 1.60000000E+001
6.10000000 10.00000000 1.61000000E+001
6.10000000 10.10000000 1.62000000E+001
6.10000000 10.20000000 1.63000000E+001
6.10000000 10.30000000 1.64000000E+001
6.10000000 10.40000000 1.65000000E+001
6.10000000 10.50000000 1.66000000E+001
6.10000000 10.60000000 1.67000000E+001
6.10000000 10.70000000 1.68000000E+001
6.10000000 10.80000000 1.69000000E+001
6.10000000 10.90000000 1.70000000E+001
6.10000000 11.00000000 1.71000000E+001
6.20000000 1.00000000 7.20000000E+000
6.20000000 1.10000000 7.30000000E+000
6.20000000 1.20000000 7.40000000E+000
6.20000000 1.30000000 7.50000000E+000
6.20000000 1.40000000 7.60000000E+000
6.20000000 1.50000000 7.70000000E+000
6.20000000 1.60000000 7.80000000E+000
6.20000000 1.70000000 7.90000000E+000
6.20000000 1.80000000 8.00000000E+000
6.20000000 1.90000000 8.10000000E+000
6.20000000 2.00000000 8.20000000E+000
6.20000000 2.10000000 8.30000000E+000
6.20000000 2.20000000 8.40000000E+000
6.20000000 2.30000000 8.50000000E+000
6.20000000 2.40000000 8.60000000E+000
6.20000000 2.50000000 8.70000000E+000
6.20000000 2.60000000 8.80000000E+000
6.20000000 2.70000000 8.90000000E+000
6.20000000 2.80000000 9.00000000E+000
6.20000000 2.90000000 9.10000000E+000
6.20000000 3.00000000 9.20000000E+000
6.20000000 3.10000000 9.30000000E+000
6.20000000 3.20000000 9.40000000E+000
6.20000000 3.30000000 9.50000000E+000
6.20000000 3.40000000 9.60000000E+000
6.20000000 3.50000000 9.70000000E+000
6.20000000 3.60000000 9.80000000E+000
6.20000000 3.70000000 9.90000000E+000
6.20000000 3.80000000 1.00000000E+001
6.20000000 3.90000000 1.01000000E+001
6.20000000 4.00000000 1.02000000E+001
6.20000000 4.10000000 1.03000000E+001
6.20000000 4.20000000 1.04000000E+001
6.20000000 4.30000000 1.05000000E+001
6.20000000 4.40000000 1.06000000E+001
6.20000000 4.50000000 1.07000000E+001
6.20000000 4.60000000 1.08000000E+001
6.20000000 4.70000000 1.09000000E+001
6.20000000 4.80000000 1.10000000E+001
6.20000000 4.90000000 1.11000000E+001
6.20000000 5.00000000 1.12000000E+001
6.20000000 5.10000000 1.13000000E+001
6.20000000 5.20000000 1.14000000E+001
6.20000000 5.30000000 1.15000000E+001
6.20000000 5.40000000 1.16000000E+001
6.20000000 5.50000000 1.17000000E+001
6.20000000 5.60000000 1.18000000E+001
6.20000000 5.70000000 1.19000000E+001
6.20000000 5.80000000 1.20000000E+001
6.20000000 5.90000000 1.21000000E+001
6.20000000 6.00000000 1.22000000E+001
6.20000000 6.10000000 1.23000000E+001
6.20000000 6.20000000 1.24000000E+001
6.20000000 6.30000000 1.25000000E+001
6.20000000 6.40000000 1.26000000E+001
6.20000000 6.50000000 1.27000000E+001
6.20000000 6.60000000 1.28000000E+001
6.20000000 6.70000000 1.29000000E+001
6.20000000 6.80000000 1.30000000E+001
6.20000000 6.90000000 1.31000000E+001
6.20000000 7.00000000 1.32000000E+001
6.20000000 7.10000000 1.33000000E+001
6.20000000 7.20000000 1.34000000E+001
6.20000000 7.30000000 1.35000000E+001
6.20000000 7.40000000 1.36000000E+001
6.20000000 7.50000000 1.37000000E+001
6.20000000 7.60000000 1.38000000E+001
6.20000000 7.70000000 1.39000000E+001
6.20000000 7.80000000 1.40000000E+001
6.20000000 7.90000000 1.41000000E+001
6.20000000 8.00000000 1.42000000E+001
6.20000000 8.10000000 1.43000000E+001
6.20000000 8.20000000 1.44000000E+001
6.20000000 8.30000000 1.45000000E+001
6.20000000 8.40000000 1.46000000E+001
6.20000000 8.50000000 1.47000000E+001
6.20000000 8.60000000 1.48000000E+001
6.20000000 8.70000000 1.49000000E+001
6.20000000 8.80000000 1.50000000E+001
6.20000000 8.90000000 1.51000000E+001
6.20000000 9.00000000 1.52000000E+001
6.20000000 9.10000000 1.53000000E+001
6.20000000 9.20000000 1.54000000E+001
6.20000000 9.30000000 1.55000000E+001
6.20000000 9.40000000 1.56000000E+001
6.20000000 9.50000000 1.57000000E+001
6.20000000 9.60000000 1.58000000E+001
6.20000000 9.70000000 1.59000000E+001
6.20000000 9.80000000 1.60000000E+001
6.20000000 9.90000000 1.61000000E+001
6.20000000 10.00000000 1.62000000E+001
6.20000000 10.10000000 1.63000000E+001
6.20000000 10.20000000 1.64000000E+001
6.20000000 10.30000000 1.65000000E+001
6.20000000 10.40000000 1.66000000E+001
6.20000000 10.50000000 1.67000000E+001
6.20000000 10.60000000 1.68000000E+001
6.20000000 10.70000000 1.69000000E+001
6.20000000 10.80000000 1.70000000E+001
6.20000000 10.90000000 1.71000000E+001
6.20000000 11.00000000 1.72000000E+001
6.30000000 1.00000000 7.30000000E+000
6.30000000 1.10000000 7.40000000E+000
6.30000000 1.20000000 7.50000000E+000
6.30000000 1.30000000 7.60000000E+000
6.30000000 1.40000000 7.70000000E+000
6.30000000 1.50000000 7.80000000E+000
6.30000000 1.60000000 7.90000000E+000
6.30000000 1.70000000 8.00000000E+000
6.30000000 1.80000000 8.10000000E+000
6.30000000 1.90000000 8.20000000E+000
6.30000000 2.00000000 8.30000000E+000
6.30000000 2.10000000 8.40000000E+000
6.30000000 2.20000000 8.50000000E+000
6.30000000 2.30000000 8.60000000E+000
6.30000000 2.40000000 8.70000000E+000
6.30000000 2.50000000 8.80000000E+000
6.30000000 2.60000000 8.90000000E+000
6.30000000 2.70000000 9.00000000E+000
6.30000000 2.80000000 9.10000000E+000
6.30000000 2.90000000 9.20000000E+000
6.30000000 3.00000000 9.30000000E+000
6.30000000 3.10000000 9.40000000E+000
6.30000000 3.20000000 9.50000000E+000
6.30000000 3.30000000 9.60000000E+000
6.30000000 3.40000000 9.70000000E+000
6.30000000 3.50000000 9.80000000E+000
6.30000000 3.60000000 9.90000000E+000
6.30000000 3.70000000 1.00000000E+001
6.30000000 3.80000000 1.01000000E+001
6.30000000 3.90000000 1.02000000E+001
6.30000000 4.00000000 1.03000000E+001
6.30000000 4.10000000 1.04000000E+001
6.30000000 4.20000000 1.05000000E+001
6.30000000 4.30000000 1.06000000E+001
6.30000000 4.40000000 1.07000000E+001
6.30000000 4.50000000 1.08000000E+001
6.30000000 4.60000000 1.09000000E+001
6.30000000 4.70000000 1.10000000E+001
6.30000000 4.80000000 1.11000000E+001
6.30000000 4.90000000 1.12000000E+001
6.30000000 5.00000000 1.13000000E+001
6.30000000 5.10000000 1.14000000E+001
6.30000000 5.20000000 1.15000000E+001
6.30000000 5.30000000 1.16000000E+001
6.30000000 5.40000000 1.17000000E+001
6.30000000 5.50000000 1.18000000E+001
6.30000000 5.60000000 1.19000000E+001
6.30000000 5.70000000 1.20000000E+001
6.30000000 5.80000000 1.21000000E+001
6.30000000 5.90000000 1.22000000E+001
6.30000000 6.00000000 1.23000000E+001
6.30000000 6.10000000 1.24000000E+001
6.30000000 6.20000000 1.25000000E+001
6.30000000 6.30000000 1.26000000E+001
6.30000000 6.40000000 1.27000000E+001
6.30000000 6.50000000 1.28000000E+001
6.30000000 6.60000000 1.29000000E+001
6.30000000 6.70000000 1.30000000E+001
6.30000000 6.80000000 1.31000000E+001
6.30000000 6.90000000 1.32000000E+001
6.30000000 7.00000000 1.33000000E+001
6.30000000 7.10000000 1.34000000E+001
6.30000000 7.20000000 1.35000000E+001
6.30000000 7.30000000 1.36000000E+001
6.30000000 7.40000000 1.37000000E+001
6.30000000 7.50000000 1.38000000E+001
6.30000000 7.60000000 1.39000000E+001
6.30000000 7.70000000 1.40000000E+001
6.30000000 7.80000000 1.41000000E+001
6.30000000 7.90000000 1.42000000E+001
6.30000000 8.00000000 1.43000000E+001
6.30000000 8.10000000 1.44000000E+001
6.30000000 8.20000000 1.45000000E+001
6.30000000 8.30000000 1.46000000E+001
6.30000000 8.40000000 1.47000000E+001
6.30000000 8.50000000 1.48000000E+001
6.30000000 8.60000000 1.49000000E+001
6.30000000 8.70000000 1.50000000E+001
6.30000000 8.80000000 1.51000000E+001
6.30000000 8.90000000 1.52000000E+001
6.30000000 9.00000000 1.53000000E+001
6.30000000 9.10000000 1.54000000E+001
6.30000000 9.20000000 1.55000000E+001
6.30000000 9.30000000 1.56000000E+001
6.30000000 9.40000000 1.57000000E+001
6.30000000 9.50000000 1.58000000E+001
6.30000000 9.60000000 1.59000000E+001
6.30000000 9.70000000 1.60000000E+001
6.30000000 9.80000000 1.61000000E+001
6.30000000 9.90000000 1.62000000E+001
6.30000000 10.00000000 1.63000000E+001
6.30000000 10.10000000 1.64000000E+001
6.30000000 10.20000000 1.65000000E+001
6.30000000 10.30000000 1.66000000E+001
6.30000000 10.40000000 1.67000000E+001
6.30000000 10.50000000 1.68000000E+001
6.30000000 10.60000000 1.69000000E+001
6.30000000 10.70000000 1.70000000E+001
6.30000000 10.80000000 1.71000000E+001
6.30000000 10.90000000 1.72000000E+001
6.30000000 11.00000000 1.73000000E+001
6.40000000 1.00000000 7.40000000E+000
6.40000000 1.10000000 7.50000000E+000
6.40000000 1.20000000 7.60000000E+000
6.40000000 1.30000000 7.70000000E+000
6.40000000 1.40000000 7.80000000E+000
6.40000000 1.50000000 7.90000000E+000
6.40000000 1.60000000 8.00000000E+000
6.40000000 1.70000000 8.10000000E+000
6.40000000 1.80000000 8.20000000E+000
6.40000000 1.90000000 8.30000000E+000
6.40000000 2.00000000 8.40000000E+000
6.40000000 2.10000000 8.50000000E+000
6.40000000 2.20000000 8.60000000E+000
6.40000000 2.30000000 8.70000000E+000
6.40000000 2.40000000 8.80000000E+000
6.40000000 2.50000000 8.90000000E+000
6.40000000 2.60000000 9.00000000E+000
6.40000000 2.70000000 9.10000000E+000
6.40000000 2.80000000 9.20000000E+000
6.40000000 2.90000000 9.30000000E+000
6.40000000 3.00000000 9.40000000E+000
6.40000000 3.10000000 9.50000000E+000
6.40000000 3.20000000 9.60000000E+000
6.40000000 3.30000000 9.70000000E+000
6.40000000 3.40000000 9.80000000E+000
6.40000000 3.50000000 9.90000000E+000
6.40000000 3.60000000 1.00000000E+001
6.40000000 3.70000000 1.01000000E+001
6.40000000 3.80000000 1.02000000E+001
6.40000000 3.90000000 1.03000000E+001
6.40000000 4.00000000 1.04000000E+001
6.40000000 4.10000000 1.05000000E+001
6.40000000 4.20000000 1.06000000E+001
6.40000000 4.30000000 1.07000000E+001
6.40000000 4.40000000 1.08000000E+001
6.40000000 4.50000000 1.09000000E+001
6.40000000 4.60000000 1.10000000E+001
6.40000000 4.70000000 1.11000000E+001
6.40000000 4.80000000 1.12000000E+001
6.40000000 4.90000000 1.13000000E+001
6.40000000 5.00000000 1.14000000E+001
6.40000000 5.10000000 1.15000000E+001
6.40000000 5.20000000 1.16000000E+001
6.40000000 5.30000000 1.17000000E+001
6.40000000 5.40000000 1.18000000E+001
6.40000000 5.50000000 1.19000000E+001
6.40000000 5.60000000 1.20000000E+001
6.40000000 5.70000000 1.21000000E+001
6.40000000 5.80000000 1.22000000E+001
6.40000000 5.90000000 1.23000000E+001
6.40000000 6.00000000 1.24000000E+001
6.40000000 6.10000000 1.25000000E+001
6.40000000 6.20000000 1.26000000E+001
6.40000000 6.30000000 1.27000000E+001
6.40000000 6.40000000 1.28000000E+001
6.40000000 6.50000000 1.29000000E+001
6.40000000 6.60000000 1.30000000E+001
6.40000000 6.70000000 1.31000000E+001
6.40000000 6.80000000 1.32000000E+001
6.40000000 6.90000000 1.33000000E+001
6.40000000 7.00000000 1.34000000E+001
6.40000000 7.10000000 1.35000000E+001
6.40000000 7.20000000 1.36000000E+001
6.40000000 7.30000000 1.37000000E+001
6.40000000 7.40000000 1.38000000E+001
6.40000000 7.50000000 1.39000000E+001
6.40000000 7.60000000 1.40000000E+001
6.40000000 7.70000000 1.41000000E+001
6.40000000 7.80000000 1.42000000E+001
6.40000000 7.90000000 1.43000000E+001
6.40000000 8.00000000 1.44000000E+001
6.40000000 8.10000000 1.45000000E+001
6.40000000 8.20000000 1.46000000E+001
6.40000000 8.30000000 1.47000000E+001
6.40000000 8.40000000 1.48000000E+001
6.40000000 8.50000000 1.49000000E+001
6.40000000 8.60000000 1.50000000E+001
6.40000000 8.70000000 1.51000000E+001
6.40000000 8.80000000 1.52000000E+001
6.40000000 8.90000000 1.53000000E+001
6.40000000 9.00000000 1.54000000E+001
6.40000000 9.10000000 1.55000000E+001
6.40000000 9.20000000 1.56000000E+001
6.40000000 9.30000000 1.57000000E+001
6.40000000 9.40000000 1.58000000E+001
6.40000000 9.50000000 1.59000000E+001
6.40000000 9.60000000 1.60000000E+001
6.40000000 9.70000000 1.61000000E+001
6.40000000 9.80000000 1.62000000E+001
6.40000000 9.90000000 1.63000000E+001
6.40000000 10.00000000 1.64000000E+001
6.40000000 10.10000000 1.65000000E+001
6.40000000 10.20000000 1.66000000E+001
6.40000000 10.30000000 1.67000000E+001
6.40000000 10.40000000 1.68000000E+001
6.40000000 10.50000000 1.69000000E+001
6.40000000 10.60000000 1.70000000E+001
6.40000000 10.70000000 1.71000000E+001
6.40000000 10.80000000 1.72000000E+001
6.40000000 10.90000000 1.73000000E+001
6.40000000 11.00000000 1.74000000E+001
6.50000000 1.00000000 7.50000000E+000
6.50000000 1.10000000 7.60000000E+000
6.50000000 1.20000000 7.70000000E+000
6.50000000 1.30000000 7.80000000E+000
6.50000000 1.40000000 7.90000000E+000
6.50000000 1.50000000 8.00000000E+000
6.50000000 1.60000000 8.10000000E+000
6.50000000 1.70000000 8.20000000E+000
6.50000000 1.80000000 8.30000000E+000
6.50000000 1.90000000 8.40000000E+000
6.50000000 2.00000000 8.50000000E+000
6.50000000 2.10000000 8.60000000E+000
6.50000000 2.20000000 8.70000000E+000
6.50000000 2.30000000 8.80000000E+000
6.50000000 2.40000000 8.90000000E+000
6.50000000 2.50000000 9.00000000E+000
6.50000000 2.60000000 9.10000000E+000
6.50000000 2.70000000 9.20000000E+000
6.50000000 2.80000000 9.30000000E+000
6.50000000 2.90000000 9.40000000E+000
6.50000000 3.00000000 9.50000000E+000
6.50000000 3.10000000 9.60000000E+000
6.50000000 3.20000000 9.70000000E+000
6.50000000 3.30000000 9.80000000E+000
6.50000000 3.40000000 9.90000000E+000
6.50000000 3.50000000 1.00000000E+001
6.50000000 3.60000000 1.01000000E+001
6.50000000 3.70000000 1.02000000E+001
6.50000000 3.80000000 1.03000000E+001
6.50000000 3.90000000 1.04000000E+001
6.50000000 4.00000000 1.05000000E+001
6.50000000 4.10000000 1.06000000E+001
6.50000000 4.20000000 1.07000000E+001
6.50000000 4.30000000 1.08000000E+001
6.50000000 4.40000000 1.09000000E+001
6.50000000 4.50000000 1.10000000E+001
6.50000000 4.60000000 1.11000000E+001
6.50000000 4.70000000 1.12000000E+001
6.50000000 4.80000000 1.13000000E+001
6.50000000 4.90000000 1.14000000E+001
6.50000000 5.00000000 1.15000000E+001
6.50000000 5.10000000 1.16000000E+001
6.50000000 5.20000000 1.17000000E+001
6.50000000 5.30000000 1.18000000E+001
6.50000000 5.40000000 1.19000000E+001
6.50000000 5.50000000 1.20000000E+001
6.50000000 5.60000000 1.21000000E+001
6.50000000 5.70000000 1.22000000E+001
6.50000000 5.80000000 1.23000000E+001
6.50000000 5.90000000 1.24000000E+001
6.50000000 6.00000000 1.25000000E+001
6.50000000 6.10000000 1.26000000E+001
6.50000000 6.20000000 1.27000000E+001
6.50000000 6.30000000 1.28000000E+001
6.50000000 6.40000000 1.29000000E+001
6.50000000 6.50000000 1.30000000E+001
6.50000000 6.60000000 1.31000000E+001
6.50000000 6.70000000 1.32000000E+001
6.50000000 6.80000000 1.33000000E+001
6.50000000 6.90000000 1.34000000E+001
6.50000000 7.00000000 1.35000000E+001
6.50000000 7.10000000 1.36000000E+001
6.50000000 7.20000000 1.37000000E+001
6.50000000 7.30000000 1.38000000E+001
6.50000000 7.40000000 1.39000000E+001
6.50000000 7.50000000 1.40000000E+001
6.50000000 7.60000000 1.41000000E+001
6.50000000 7.70000000 1.42000000E+001
6.50000000 7.80000000 1.43000000E+001
6.50000000 7.90000000 1.44000000E+001
6.50000000 8.00000000 1.45000000E+001
6.50000000 8.10000000 1.46000000E+001
6.50000000 8.20000000 1.47000000E+001
6.50000000 8.30000000 1.48000000E+001
6.50000000 8.40000000 1.49000000E+001
6.50000000 8.50000000 1.50000000E+001
6.50000000 8.60000000 1.51000000E+001
6.50000000 8.70000000 1.52000000E+001
6.50000000 8.80000000 1.53000000E+001
6.50000000 8.90000000 1.54000000E+001
6.50000000 9.00000000 1.55000000E+001
6.50000000 9.10000000 1.56000000E+001
6.50000000 9.20000000 1.57000000E+001
6.50000000 9.30000000 1.58000000E+001
6.50000000 9.40000000 1.59000000E+001
6.50000000 9.50000000 1.60000000E+001
6.50000000 9.60000000 1.61000000E+001
6.50000000 9.70000000 1.62000000E+001
6.50000000 9.80000000 1.63000000E+001
6.50000000 9.90000000 1.64000000E+001
6.50000000 10.00000000 1.65000000E+001
6.50000000 10.10000000 1.66000000E+001
6.50000000 10.20000000 1.67000000E+001
6.50000000 10.30000000 1.68000000E+001
6.50000000 10.40000000 1.69000000E+001
6.50000000 10.50000000 1.70000000E+001
6.50000000 10.60000000 1.71000000E+001
6.50000000 10.70000000 1.72000000E+001
6.50000000 10.80000000 1.73000000E+001
6.50000000 10.90000000 1.74000000E+001
6.50000000 11.00000000 1.75000000E+001
6.60000000 1.00000000 7.60000000E+000
6.60000000 1.10000000 7.70000000E+000
6.60000000 1.20000000 7.80000000E+000
6.60000000 1.30000000 7.90000000E+000
6.60000000 1.40000000 8.00000000E+000
6.60000000 1.50000000 8.10000000E+000
6.60000000 1.60000000 8.20000000E+000
6.60000000 1.70000000 8.30000000E+000
6.60000000 1.80000000 8.40000000E+000
6.60000000 1.90000000 8.50000000E+000
6.60000000 2.00000000 8.60000000E+000
6.60000000 2.10000000 8.70000000E+000
6.60000000 2.20000000 8.80000000E+000
6.60000000 2.30000000 8.90000000E+000
6.60000000 2.40000000 9.00000000E+000
6.60000000 2.50000000 9.10000000E+000
6.60000000 2.60000000 9.20000000E+000
6.60000000 2.70000000 9.30000000E+000
6.60000000 2.80000000 9.40000000E+000
6.60000000 2.90000000 9.50000000E+000
6.60000000 3.00000000 9.60000000E+000
6.60000000 3.10000000 9.70000000E+000
6.60000000 3.20000000 9.80000000E+000
6.60000000 3.30000000 9.90000000E+000
6.60000000 3.40000000 1.00000000E+001
6.60000000 3.50000000 1.01000000E+001
6.60000000 3.60000000 1.02000000E+001
6.60000000 3.70000000 1.03000000E+001
6.60000000 3.80000000 1.04000000E+001
6.60000000 3.90000000 1.05000000E+001
6.60000000 4.00000000 1.06000000E+001
6.60000000 4.10000000 1.07000000E+001
6.60000000 4.20000000 1.08000000E+001
6.60000000 4.30000000 1.09000000E+001
6.60000000 4.40000000 1.10000000E+001
6.60000000 4.50000000 1.11000000E+001
6.60000000 4.60000000 1.12000000E+001
6.60000000 4.70000000 1.13000000E+001
6.60000000 4.80000000 1.14000000E+001
6.60000000 4.90000000 1.15000000E+001
6.60000000 5.00000000 1.16000000E+001
6.60000000 5.10000000 1.17000000E+001
6.60000000 5.20000000 1.18000000E+001
6.60000000 5.30000000 1.19000000E+001
6.60000000 5.40000000 1.20000000E+001
6.60000000 5.50000000 1.21000000E+001
6.60000000 5.60000000 1.22000000E+001
6.60000000 5.70000000 1.23000000E+001
6.60000000 5.80000000 1.24000000E+001
6.60000000 5.90000000 1.25000000E+001
6.60000000 6.00000000 1.26000000E+001
6.60000000 6.10000000 1.27000000E+001
6.60000000 6.20000000 1.28000000E+001
6.60000000 6.30000000 1.29000000E+001
6.60000000 6.40000000 1.30000000E+001
6.60000000 6.50000000 1.31000000E+001
6.60000000 6.60000000 1.32000000E+001
6.60000000 6.70000000 1.33000000E+001
6.60000000 6.80000000 1.34000000E+001
6.60000000 6.90000000 1.35000000E+001
6.60000000 7.00000000 1.36000000E+001
6.60000000 7.10000000 1.37000000E+001
6.60000000 7.20000000 1.38000000E+001
6.60000000 7.30000000 1.39000000E+001
6.60000000 7.40000000 1.40000000E+001
6.60000000 7.50000000 1.41000000E+001
6.60000000 7.60000000 1.42000000E+001
6.60000000 7.70000000 1.43000000E+001
6.60000000 7.80000000 1.44000000E+001
6.60000000 7.90000000 1.45000000E+001
6.60000000 8.00000000 1.46000000E+001
6.60000000 8.10000000 1.47000000E+001
6.60000000 8.20000000 1.48000000E+001
6.60000000 8.30000000 1.49000000E+001
6.60000000 8.40000000 1.50000000E+001
6.60000000 8.50000000 1.51000000E+001
6.60000000 8.60000000 1.52000000E+001
6.60000000 8.70000000 1.53000000E+001
6.60000000 8.80000000 1.54000000E+001
6.60000000 8.90000000 1.55000000E+001
6.60000000 9.00000000 1.56000000E+001
6.60000000 9.10000000 1.57000000E+001
6.60000000 9.20000000 1.58000000E+001
6.60000000 9.30000000 1.59000000E+001
6.60000000 9.40000000 1.60000000E+001
6.60000000 9.50000000 1.61000000E+001
6.60000000 9.60000000 1.62000000E+001
6.60000000 9.70000000 1.63000000E+001
6.60000000 9.80000000 1.64000000E+001
6.60000000 9.90000000 1.65000000E+001
6.60000000 10.00000000 1.66000000E+001
6.60000000 10.10000000 1.67000000E+001
6.60000000 10.20000000 1.68000000E+001
6.60000000 10.30000000 1.69000000E+001
6.60000000 10.40000000 1.70000000E+001
6.60000000 10.50000000 1.71000000E+001
6.60000000 10.60000000 1.72000000E+001
6.60000000 10.70000000 1.73000000E+001
6.60000000 10.80000000 1.74000000E+001
6.60000000 10.90000000 1.75000000E+001
6.60000000 11.00000000 1.76000000E+001
6.70000000 1.00000000 7.70000000E+000
6.70000000 1.10000000 7.80000000E+000
6.70000000 1.20000000 7.90000000E+000
6.70000000 1.30000000 8.00000000E+000
6.70000000 1.40000000 8.10000000E+000
6.70000000 1.50000000 8.20000000E+000
6.70000000 1.60000000 8.30000000E+000
6.70000000 1.70000000 8.40000000E+000
6.70000000 1.80000000 8.50000000E+000
6.70000000 1.90000000 8.60000000E+000
6.70000000 2.00000000 8.70000000E+000
6.70000000 2.10000000 8.80000000E+000
6.70000000 2.20000000 8.90000000E+000
6.70000000 2.30000000 9.00000000E+000
6.70000000 2.40000000 9.10000000E+000
6.70000000 2.50000000 9.20000000E+000
6.70000000 2.60000000 9.30000000E+000
6.70000000 2.70000000 9.40000000E+000
6.70000000 2.80000000 9.50000000E+000
6.70000000 2.90000000 9.60000000E+000
6.70000000 3.00000000 9.70000000E+000
6.70000000 3.10000000 9.80000000E+000
6.70000000 3.20000000 9.90000000E+000
6.70000000 3.30000000 1.00000000E+001
6.70000000 3.40000000 1.01000000E+001
6.70000000 3.50000000 1.02000000E+001
6.70000000 3.60000000 1.03000000E+001
6.70000000 3.70000000 1.04000000E+001
6.70000000 3.80000000 1.05000000E+001
6.70000000 3.90000000 1.06000000E+001
6.70000000 4.00000000 1.07000000E+001
6.70000000 4.10000000 1.08000000E+001
6.70000000 4.20000000 1.09000000E+001
6.70000000 4.30000000 1.10000000E+001
6.70000000 4.40000000 1.11000000E+001
6.70000000 4.50000000 1.12000000E+001
6.70000000 4.60000000 1.13000000E+001
6.70000000 4.70000000 1.14000000E+001
6.70000000 4.80000000 1.15000000E+001
6.70000000 4.90000000 1.16000000E+001
6.70000000 5.00000000 1.17000000E+001
6.70000000 5.10000000 1.18000000E+001
6.70000000 5.20000000 1.19000000E+001
6.70000000 5.30000000 1.20000000E+001
6.70000000 5.40000000 1.21000000E+001
6.70000000 5.50000000 1.22000000E+001
6.70000000 5.60000000 1.23000000E+001
6.70000000 5.70000000 1.24000000E+001
6.70000000 5.80000000 1.25000000E+001
6.70000000 5.90000000 1.26000000E+001
6.70000000 6.00000000 1.27000000E+001
6.70000000 6.10000000 1.28000000E+001
6.70000000 6.20000000 1.29000000E+001
6.70000000 6.30000000 1.30000000E+001
6.70000000 6.40000000 1.31000000E+001
6.70000000 6.50000000 1.32000000E+001
6.70000000 6.60000000 1.33000000E+001
6.70000000 6.70000000 1.34000000E+001
6.70000000 6.80000000 1.35000000E+001
6.70000000 6.90000000 1.36000000E+001
6.70000000 7.00000000 1.37000000E+001
6.70000000 7.10000000 1.38000000E+001
6.70000000 7.20000000 1.39000000E+001
6.70000000 7.30000000 1.40000000E+001
6.70000000 7.40000000 1.41000000E+001
6.70000000 7.50000000 1.42000000E+001
6.70000000 7.60000000 1.43000000E+001
6.70000000 7.70000000 1.44000000E+001
6.70000000 7.80000000 1.45000000E+001
6.70000000 7.90000000 1.46000000E+001
6.70000000 8.00000000 1.47000000E+001
6.70000000 8.10000000 1.48000000E+001
6.70000000 8.20000000 1.49000000E+001
6.70000000 8.30000000 1.50000000E+001
6.70000000 8.40000000 1.51000000E+001
6.70000000 8.50000000 1.52000000E+001
6.70000000 8.60000000 1.53000000E+001
6.70000000 8.70000000 1.54000000E+001
6.70000000 8.80000000 1.55000000E+001
6.70000000 8.90000000 1.56000000E+001
6.70000000 9.00000000 1.57000000E+001
6.70000000 9.10000000 1.58000000E+001
6.70000000 9.20000000 1.59000000E+001
6.70000000 9.30000000 1.60000000E+001
6.70000000 9.40000000 1.61000000E+001
6.70000000 9.50000000 1.62000000E+001
6.70000000 9.60000000 1.63000000E+001
6.70000000 9.70000000 1.64000000E+001
6.70000000 9.80000000 1.65000000E+001
6.70000000 9.90000000 1.66000000E+001
6.70000000 10.00000000 1.67000000E+001
6.70000000 10.10000000 1.68000000E+001
6.70000000 10.20000000 1.69000000E+001
6.70000000 10.30000000 1.70000000E+001
6.70000000 10.40000000 1.71000000E+001
6.70000000 10.50000000 1.72000000E+001
6.70000000 10.60000000 1.73000000E+001
6.70000000 10.70000000 1.74000000E+001
6.70000000 10.80000000 1.75000000E+001
6.70000000 10.90000000 1.76000000E+001
6.70000000 11.00000000 1.77000000E+001
6.80000000 1.00000000 7.80000000E+000
6.80000000 1.10000000 7.90000000E+000
6.80000000 1.20000000 8.00000000E+000
6.80000000 1.30000000 8.10000000E+000
6.80000000 1.40000000 8.20000000E+000
6.80000000 1.50000000 8.30000000E+000
6.80000000 1.60000000 8.40000000E+000
6.80000000 1.70000000 8.50000000E+000
6.80000000 1.80000000 8.60000000E+000
6.80000000 1.90000000 8.70000000E+000
6.80000000 2.00000000 8.80000000E+000
6.80000000 2.10000000 8.90000000E+000
6.80000000 2.20000000 9.00000000E+000
6.80000000 2.30000000 9.10000000E+000
6.80000000 2.40000000 9.20000000E+000
6.80000000 2.50000000 9.30000000E+000
6.80000000 2.60000000 9.40000000E+000
6.80000000 2.70000000 9.50000000E+000
6.80000000 2.80000000 9.60000000E+000
6.80000000 2.90000000 9.70000000E+000
6.80000000 3.00000000 9.80000000E+000
6.80000000 3.10000000 9.90000000E+000
6.80000000 3.20000000 1.00000000E+001
6.80000000 3.30000000 1.01000000E+001
6.80000000 3.40000000 1.02000000E+001
6.80000000 3.50000000 1.03000000E+001
6.80000000 3.60000000 1.04000000E+001
6.80000000 3.70000000 1.05000000E+001
6.80000000 3.80000000 1.06000000E+001
6.80000000 3.90000000 1.07000000E+001
6.80000000 4.00000000 1.08000000E+001
6.80000000 4.10000000 1.09000000E+001
6.80000000 4.20000000 1.10000000E+001
6.80000000 4.30000000 1.11000000E+001
6.80000000 4.40000000 1.12000000E+001
6.80000000 4.50000000 1.13000000E+001
6.80000000 4.60000000 1.14000000E+001
6.80000000 4.70000000 1.15000000E+001
6.80000000 4.80000000 1.16000000E+001
6.80000000 4.90000000 1.17000000E+001
6.80000000 5.00000000 1.18000000E+001
6.80000000 5.10000000 1.19000000E+001
6.80000000 5.20000000 1.20000000E+001
6.80000000 5.30000000 1.21000000E+001
6.80000000 5.40000000 1.22000000E+001
6.80000000 5.50000000 1.23000000E+001
6.80000000 5.60000000 1.24000000E+001
6.80000000 5.70000000 1.25000000E+001
6.80000000 5.80000000 1.26000000E+001
6.80000000 5.90000000 1.27000000E+001
6.80000000 6.00000000 1.28000000E+001
6.80000000 6.10000000 1.29000000E+001
6.80000000 6.20000000 1.30000000E+001
6.80000000 6.30000000 1.31000000E+001
6.80000000 6.40000000 1.32000000E+001
6.80000000 6.50000000 1.33000000E+001
6.80000000 6.60000000 1.34000000E+001
6.80000000 6.70000000 1.35000000E+001
6.80000000 6.80000000 1.36000000E+001
6.80000000 6.90000000 1.37000000E+001
6.80000000 7.00000000 1.38000000E+001
6.80000000 7.10000000 1.39000000E+001
6.80000000 7.20000000 1.40000000E+001
6.80000000 7.30000000 1.41000000E+001
6.80000000 7.40000000 1.42000000E+001
6.80000000 7.50000000 1.43000000E+001
6.80000000 7.60000000 1.44000000E+001
6.80000000 7.70000000 1.45000000E+001
6.80000000 7.80000000 1.46000000E+001
6.80000000 7.90000000 1.47000000E+001
6.80000000 8.00000000 1.48000000E+001
6.80000000 8.10000000 1.49000000E+001
6.80000000 8.20000000 1.50000000E+001
6.80000000 8.30000000 1.51000000E+001
6.80000000 8.40000000 1.52000000E+001
6.80000000 8.50000000 1.53000000E+001
6.80000000 8.60000000 1.54000000E+001
6.80000000 8.70000000 1.55000000E+001
6.80000000 8.80000000 1.56000000E+001
6.80000000 8.90000000 1.57000000E+001
6.80000000 9.00000000 1.58000000E+001
6.80000000 9.10000000 1.59000000E+001
6.80000000 9.20000000 1.60000000E+001
6.80000000 9.30000000 1.61000000E+001
6.80000000 9.40000000 1.62000000E+001
6.80000000 9.50000000 1.63000000E+001
6.80000000 9.60000000 1.64000000E+001
6.80000000 9.70000000 1.65000000E+001
6.80000000 9.80000000 1.66000000E+001
6.80000000 9.90000000 1.67000000E+001
6.80000000 10.00000000 1.68000000E+001
6.80000000 10.10000000 1.69000000E+001
6.80000000 10.20000000 1.70000000E+001
6.80000000 10.30000000 1.71000000E+001
6.80000000 10.40000000 1.72000000E+001
6.80000000 10.50000000 1.73000000E+001
6.80000000 10.60000000 1.74000000E+001
6.80000000 10.70000000 1.75000000E+001
6.80000000 10.80000000 1.76000000E+001
6.80000000 10.90000000 1.77000000E+001
6.80000000 11.00000000 1.78000000E+001
6.90000000 1.00000000 7.90000000E+000
6.90000000 1.10000000 8.00000000E+000
6.90000000 1.20000000 8.10000000E+000
6.90000000 1.30000000 8.20000000E+000
6.90000000 1.40000000 8.30000000E+000
6.90000000 1.50000000 8.40000000E+000
6.90000000 1.60000000 8.50000000E+000
6.90000000 1.70000000 8.60000000E+000
6.90000000 1.80000000 8.70000000E+000
6.90000000 1.90000000 8.80000000E+000
6.90000000 2.00000000 8.90000000E+000
6.90000000 2.10000000 9.00000000E+000
6.90000000 2.20000000 9.10000000E+000
6.90000000 2.30000000 9.20000000E+000
6.90000000 2.40000000 9.30000000E+000
6.90000000 2.50000000 9.40000000E+000
6.90000000 2.60000000 9.50000000E+000
6.90000000 2.70000000 9.60000000E+000
6.90000000 2.80000000 9.70000000E+000
6.90000000 2.90000000 9.80000000E+000
6.90000000 3.00000000 9.90000000E+000
6.90000000 3.10000000 1.00000000E+001
6.90000000 3.20000000 1.01000000E+001
6.90000000 3.30000000 1.02000000E+001
6.90000000 3.40000000 1.03000000E+001
6.90000000 3.50000000 1.04000000E+001
6.90000000 3.60000000 1.05000000E+001
6.90000000 3.70000000 1.06000000E+001
6.90000000 3.80000000 1.07000000E+001
6.90000000 3.90000000 1.08000000E+001
6.90000000 4.00000000 1.09000000E+001
6.90000000 4.10000000 1.10000000E+001
6.90000000 4.20000000 1.11000000E+001
6.90000000 4.30000000 1.12000000E+001
6.90000000 4.40000000 1.13000000E+001
6.90000000 4.50000000 1.14000000E+001
6.90000000 4.60000000 1.15000000E+001
6.90000000 4.70000000 1.16000000E+001
6.90000000 4.80000000 1.17000000E+001
6.90000000 4.90000000 1.18000000E+001
6.90000000 5.00000000 1.19000000E+001
6.90000000 5.10000000 1.20000000E+001
6.90000000 5.20000000 1.21000000E+001
6.90000000 5.30000000 1.22000000E+001
6.90000000 5.40000000 1.23000000E+001
6.90000000 5.50000000 1.24000000E+001
6.90000000 5.60000000 1.25000000E+001
6.90000000 5.70000000 1.26000000E+001
6.90000000 5.80000000 1.27000000E+001
6.90000000 5.90000000 1.28000000E+001
6.90000000 6.00000000 1.29000000E+001
6.90000000 6.10000000 1.30000000E+001
6.90000000 6.20000000 1.31000000E+001
6.90000000 6.30000000 1.32000000E+001
6.90000000 6.40000000 1.33000000E+001
6.90000000 6.50000000 1.34000000E+001
6.90000000 6.60000000 1.35000000E+001
6.90000000 6.70000000 1.36000000E+001
6.90000000 6.80000000 1.37000000E+001
6.90000000 6.90000000 1.38000000E+001
6.90000000 7.00000000 1.39000000E+001
6.90000000 7.10000000 1.40000000E+001
6.90000000 7.20000000 1.41000000E+001
6.90000000 7.30000000 1.42000000E+001
6.90000000 7.40000000 1.43000000E+001
6.90000000 7.50000000 1.44000000E+001
6.90000000 7.60000000 1.45000000E+001
6.90000000 7.70000000 1.46000000E+001
6.90000000 7.80000000 1.47000000E+001
6.90000000 7.90000000 1.48000000E+001
6.90000000 8.00000000 1.49000000E+001
6.90000000 8.10000000 1.50000000E+001
6.90000000 8.20000000 1.51000000E+001
6.90000000 8.30000000 1.52000000E+001
6.90000000 8.40000000 1.53000000E+001
6.90000000 8.50000000 1.54000000E+001
6.90000000 8.60000000 1.55000000E+001
6.90000000 8.70000000 1.56000000E+001
6.90000000 8.80000000 1.57000000E+001
6.90000000 8.90000000 1.58000000E+001
6.90000000 9.00000000 1.59000000E+001
6.90000000 9.10000000 1.60000000E+001
6.90000000 9.20000000 1.61000000E+001
6.90000000 9.30000000 1.62000000E+001
6.90000000 9.40000000 1.63000000E+001
6.90000000 9.50000000 1.64000000E+001
6.90000000 9.60000000 1.65000000E+001
6.90000000 9.70000000 1.66000000E+001
6.90000000 9.80000000 1.67000000E+001
6.90000000 9.90000000 1.68000000E+001
6.90000000 10.00000000 1.69000000E+001
6.90000000 10.10000000 1.70000000E+001
6.90000000 10.20000000 1.71000000E+001
6.90000000 10.30000000 1.72000000E+001
6.90000000 10.40000000 1.73000000E+001
6.90000000 10.50000000 1.74000000E+001
6.90000000 10.60000000 1.75000000E+001
6.90000000 10.70000000 1.76000000E+001
6.90000000 10.80000000 1.77000000E+001
6.90000000 10.90000000 1.78000000E+001
6.90000000 11.00000000 1.79000000E+001
7.00000000 1.00000000 8.00000000E+000
7.00000000 1.10000000 8.10000000E+000
7.00000000 1.20000000 8.20000000E+000
7.00000000 1.30000000 8.30000000E+000
7.00000000 1.40000000 8.40000000E+000
7.00000000 1.50000000 8.50000000E+000
7.00000000 1.60000000 8.60000000E+000
7.00000000 1.70000000 8.70000000E+000
7.00000000 1.80000000 8.80000000E+000
7.00000000 1.90000000 8.90000000E+000
7.00000000 2.00000000 9.00000000E+000
7.00000000 2.10000000 9.10000000E+000
7.00000000 2.20000000 9.20000000E+000
7.00000000 2.30000000 9.30000000E+000
7.00000000 2.40000000 9.40000000E+000
7.00000000 2.50000000 9.50000000E+000
7.00000000 2.60000000 9.60000000E+000
7.00000000 2.70000000 9.70000000E+000
7.00000000 2.80000000 9.80000000E+000
7.00000000 2.90000000 9.90000000E+000
7.00000000 3.00000000 1.00000000E+001
7.00000000 3.10000000 1.01000000E+001
7.00000000 3.20000000 1.02000000E+001
7.00000000 3.30000000 1.03000000E+001
7.00000000 3.40000000 1.04000000E+001
7.00000000 3.50000000 1.05000000E+001
7.00000000 3.60000000 1.06000000E+001
7.00000000 3.70000000 1.07000000E+001
7.00000000 3.80000000 1.08000000E+001
7.00000000 3.90000000 1.09000000E+001
7.00000000 4.00000000 1.10000000E+001
7.00000000 4.10000000 1.11000000E+001
7.00000000 4.20000000 1.12000000E+001
7.00000000 4.30000000 1.13000000E+001
7.00000000 4.40000000 1.14000000E+001
7.00000000 4.50000000 1.15000000E+001
7.00000000 4.60000000 1.16000000E+001
7.00000000 4.70000000 1.17000000E+001
7.00000000 4.80000000 1.18000000E+001
7.00000000 4.90000000 1.19000000E+001
7.00000000 5.00000000 1.20000000E+001
7.00000000 5.10000000 1.21000000E+001
7.00000000 5.20000000 1.22000000E+001
7.00000000 5.30000000 1.23000000E+001
7.00000000 5.40000000 1.24000000E+001
7.00000000 5.50000000 1.25000000E+001
7.00000000 5.60000000 1.26000000E+001
7.00000000 5.70000000 1.27000000E+001
7.00000000 5.80000000 1.28000000E+001
7.00000000 5.90000000 1.29000000E+001
7.00000000 6.00000000 1.30000000E+001
7.00000000 6.10000000 1.31000000E+001
7.00000000 6.20000000 1.32000000E+001
7.00000000 6.30000000 1.33000000E+001
7.00000000 6.40000000 1.34000000E+001
7.00000000 6.50000000 1.35000000E+001
7.00000000 6.60000000 1.36000000E+001
7.00000000 6.70000000 1.37000000E+001
7.00000000 6.80000000 1.38000000E+001
7.00000000 6.90000000 1.39000000E+001
7.00000000 7.00000000 1.40000000E+001
7.00000000 7.10000000 1.41000000E+001
7.00000000 7.20000000 1.42000000E+001
7.00000000 7.30000000 1.43000000E+001
7.00000000 7.40000000 1.44000000E+001
7.00000000 7.50000000 1.45000000E+001
7.00000000 7.60000000 1.46000000E+001
7.00000000 7.70000000 1.47000000E+001
7.00000000 7.80000000 1.48000000E+001
7.00000000 7.90000000 1.49000000E+001
7.00000000 8.00000000 1.50000000E+001
7.00000000 8.10000000 1.51000000E+001
7.00000000 8.20000000 1.52000000E+001
7.00000000 8.30000000 1.53000000E+001
7.00000000 8.40000000 1.54000000E+001
7.00000000 8.50000000 1.55000000E+001
7.00000000 8.60000000 1.56000000E+001
7.00000000 8.70000000 1.57000000E+001
7.00000000 8.80000000 1.58000000E+001
7.00000000 8.90000000 1.59000000E+001
7.00000000 9.00000000 1.60000000E+001
7.00000000 9.10000000 1.61000000E+001
7.00000000 9.20000000 1.62000000E+001
7.00000000 9.30000000 1.63000000E+001
7.00000000 9.40000000 1.64000000E+001
7.00000000 9.50000000 1.65000000E+001
7.00000000 9.60000000 1.66000000E+001
7.00000000 9.70000000 1.67000000E+001
7.00000000 9.80000000 1.68000000E+001
7.00000000 9.90000000 1.69000000E+001
7.00000000 10.00000000 1.70000000E+001
7.00000000 10.10000000 1.71000000E+001
7.00000000 10.20000000 1.72000000E+001
7.00000000 10.30000000 1.73000000E+001
7.00000000 10.40000000 1.74000000E+001
7.00000000 10.50000000 1.75000000E+001
7.00000000 10.60000000 1.76000000E+001
7.00000000 10.70000000 1.77000000E+001
7.00000000 10.80000000 1.78000000E+001
7.00000000 10.90000000 1.79000000E+001
7.00000000 11.00000000 1.80000000E+001
7.10000000 1.00000000 8.10000000E+000
7.10000000 1.10000000 8.20000000E+000
7.10000000 1.20000000 8.30000000E+000
7.10000000 1.30000000 8.40000000E+000
7.10000000 1.40000000 8.50000000E+000
7.10000000 1.50000000 8.60000000E+000
7.10000000 1.60000000 8.70000000E+000
7.10000000 1.70000000 8.80000000E+000
7.10000000 1.80000000 8.90000000E+000
7.10000000 1.90000000 9.00000000E+000
7.10000000 2.00000000 9.10000000E+000
7.10000000 2.10000000 9.20000000E+000
7.10000000 2.20000000 9.30000000E+000
7.10000000 2.30000000 9.40000000E+000
7.10000000 2.40000000 9.50000000E+000
7.10000000 2.50000000 9.60000000E+000
7.10000000 2.60000000 9.70000000E+000
7.10000000 2.70000000 9.80000000E+000
7.10000000 2.80000000 9.90000000E+000
7.10000000 2.90000000 1.00000000E+001
7.10000000 3.00000000 1.01000000E+001
7.10000000 3.10000000 1.02000000E+001
7.10000000 3.20000000 1.03000000E+001
7.10000000 3.30000000 1.04000000E+001
7.10000000 3.40000000 1.05000000E+001
7.10000000 3.50000000 1.06000000E+001
7.10000000 3.60000000 1.07000000E+001
7.10000000 3.70000000 1.08000000E+001
7.10000000 3.80000000 1.09000000E+001
7.10000000 3.90000000 1.10000000E+001
7.10000000 4.00000000 1.11000000E+001
7.10000000 4.10000000 1.12000000E+001
7.10000000 4.20000000 1.13000000E+001
7.10000000 4.30000000 1.14000000E+001
7.10000000 4.40000000 1.15000000E+001
7.10000000 4.50000000 1.16000000E+001
7.10000000 4.60000000 1.17000000E+001
7.10000000 4.70000000 1.18000000E+001
7.10000000 4.80000000 1.19000000E+001
7.10000000 4.90000000 1.20000000E+001
7.10000000 5.00000000 1.21000000E+001
7.10000000 5.10000000 1.22000000E+001
7.10000000 5.20000000 1.23000000E+001
7.10000000 5.30000000 1.24000000E+001
7.10000000 5.40000000 1.25000000E+001
7.10000000 5.50000000 1.26000000E+001
7.10000000 5.60000000 1.27000000E+001
7.10000000 5.70000000 1.28000000E+001
7.10000000 5.80000000 1.29000000E+001
7.10000000 5.90000000 1.30000000E+001
7.10000000 6.00000000 1.31000000E+001
7.10000000 6.10000000 1.32000000E+001
7.10000000 6.20000000 1.33000000E+001
7.10000000 6.30000000 1.34000000E+001
7.10000000 6.40000000 1.35000000E+001
7.10000000 6.50000000 1.36000000E+001
7.10000000 6.60000000 1.37000000E+001
7.10000000 6.70000000 1.38000000E+001
7.10000000 6.80000000 1.39000000E+001
7.10000000 6.90000000 1.40000000E+001
7.10000000 7.00000000 1.41000000E+001
7.10000000 7.10000000 1.42000000E+001
7.10000000 7.20000000 1.43000000E+001
7.10000000 7.30000000 1.44000000E+001
7.10000000 7.40000000 1.45000000E+001
7.10000000 7.50000000 1.46000000E+001
7.10000000 7.60000000 1.47000000E+001
7.10000000 7.70000000 1.48000000E+001
7.10000000 7.80000000 1.49000000E+001
7.10000000 7.90000000 1.50000000E+001
7.10000000 8.00000000 1.51000000E+001
7.10000000 8.10000000 1.52000000E+001
7.10000000 8.20000000 1.53000000E+001
7.10000000 8.30000000 1.54000000E+001
7.10000000 8.40000000 1.55000000E+001
7.10000000 8.50000000 1.56000000E+001
7.10000000 8.60000000 1.57000000E+001
7.10000000 8.70000000 1.58000000E+001
7.10000000 8.80000000 1.59000000E+001
7.10000000 8.90000000 1.60000000E+001
7.10000000 9.00000000 1.61000000E+001
7.10000000 9.10000000 1.62000000E+001
7.10000000 9.20000000 1.63000000E+001
7.10000000 9.30000000 1.64000000E+001
7.10000000 9.40000000 1.65000000E+001
7.10000000 9.50000000 1.66000000E+001
7.10000000 9.60000000 1.67000000E+001
7.10000000 9.70000000 1.68000000E+001
7.10000000 9.80000000 1.69000000E+001
7.10000000 9.90000000 1.70000000E+001
7.10000000 10.00000000 1.71000000E+001
7.10000000 10.10000000 1.72000000E+001
7.10000000 10.20000000 1.73000000E+001
7.10000000 10.30000000 1.74000000E+001
7.10000000 10.40000000 1.75000000E+001
7.10000000 10.50000000 1.76000000E+001
7.10000000 10.60000000 1.77000000E+001
7.10000000 10.70000000 1.78000000E+001
7.10000000 10.80000000 1.79000000E+001
7.10000000 10.90000000 1.80000000E+001
7.10000000 11.00000000 1.81000000E+001
7.20000000 1.00000000 8.20000000E+000
7.20000000 1.10000000 8.30000000E+000
7.20000000 1.20000000 8.40000000E+000
7.20000000 1.30000000 8.50000000E+000
7.20000000 1.40000000 8.60000000E+000
7.20000000 1.50000000 8.70000000E+000
7.20000000 1.60000000 8.80000000E+000
7.20000000 1.70000000 8.90000000E+000
7.20000000 1.80000000 9.00000000E+000
7.20000000 1.90000000 9.10000000E+000
7.20000000 2.00000000 9.20000000E+000
7.20000000 2.10000000 9.30000000E+000
7.20000000 2.20000000 9.40000000E+000
7.20000000 2.30000000 9.50000000E+000
7.20000000 2.40000000 9.60000000E+000
7.20000000 2.50000000 9.70000000E+000
7.20000000 2.60000000 9.80000000E+000
7.20000000 2.70000000 9.90000000E+000
7.20000000 2.80000000 1.00000000E+001
7.20000000 2.90000000 1.01000000E+001
7.20000000 3.00000000 1.02000000E+001
7.20000000 3.10000000 1.03000000E+001
7.20000000 3.20000000 1.04000000E+001
7.20000000 3.30000000 1.05000000E+001
7.20000000 3.40000000 1.06000000E+001
7.20000000 3.50000000 1.07000000E+001
7.20000000 3.60000000 1.08000000E+001
7.20000000 3.70000000 1.09000000E+001
7.20000000 3.80000000 1.10000000E+001
7.20000000 3.90000000 1.11000000E+001
7.20000000 4.00000000 1.12000000E+001
7.20000000 4.10000000 1.13000000E+001
7.20000000 4.20000000 1.14000000E+001
7.20000000 4.30000000 1.15000000E+001
7.20000000 4.40000000 1.16000000E+001
7.20000000 4.50000000 1.17000000E+001
7.20000000 4.60000000 1.18000000E+001
7.20000000 4.70000000 1.19000000E+001
7.20000000 4.80000000 1.20000000E+001
7.20000000 4.90000000 1.21000000E+001
7.20000000 5.00000000 1.22000000E+001
7.20000000 5.10000000 1.23000000E+001
7.20000000 5.20000000 1.24000000E+001
7.20000000 5.30000000 1.25000000E+001
7.20000000 5.40000000 1.26000000E+001
7.20000000 5.50000000 1.27000000E+001
7.20000000 5.60000000 1.28000000E+001
7.20000000 5.70000000 1.29000000E+001
7.20000000 5.80000000 1.30000000E+001
7.20000000 5.90000000 1.31000000E+001
7.20000000 6.00000000 1.32000000E+001
7.20000000 6.10000000 1.33000000E+001
7.20000000 6.20000000 1.34000000E+001
7.20000000 6.30000000 1.35000000E+001
7.20000000 6.40000000 1.36000000E+001
7.20000000 6.50000000 1.37000000E+001
7.20000000 6.60000000 1.38000000E+001
7.20000000 6.70000000 1.39000000E+001
7.20000000 6.80000000 1.40000000E+001
7.20000000 6.90000000 1.41000000E+001
7.20000000 7.00000000 1.42000000E+001
7.20000000 7.10000000 1.43000000E+001
7.20000000 7.20000000 1.44000000E+001
7.20000000 7.30000000 1.45000000E+001
7.20000000 7.40000000 1.46000000E+001
7.20000000 7.50000000 1.47000000E+001
7.20000000 7.60000000 1.48000000E+001
7.20000000 7.70000000 1.49000000E+001
7.20000000 7.80000000 1.50000000E+001
7.20000000 7.90000000 1.51000000E+001
7.20000000 8.00000000 1.52000000E+001
7.20000000 8.10000000 1.53000000E+001
7.20000000 8.20000000 1.54000000E+001
7.20000000 8.30000000 1.55000000E+001
7.20000000 8.40000000 1.56000000E+001
7.20000000 8.50000000 1.57000000E+001
7.20000000 8.60000000 1.58000000E+001
7.20000000 8.70000000 1.59000000E+001
7.20000000 8.80000000 1.60000000E+001
7.20000000 8.90000000 1.61000000E+001
7.20000000 9.00000000 1.62000000E+001
7.20000000 9.10000000 1.63000000E+001
7.20000000 9.20000000 1.64000000E+001
7.20000000 9.30000000 1.65000000E+001
7.20000000 9.40000000 1.66000000E+001
7.20000000 9.50000000 1.67000000E+001
7.20000000 9.60000000 1.68000000E+001
7.20000000 9.70000000 1.69000000E+001
7.20000000 9.80000000 1.70000000E+001
7.20000000 9.90000000 1.71000000E+001
7.20000000 10.00000000 1.72000000E+001
7.20000000 10.10000000 1.73000000E+001
7.20000000 10.20000000 1.74000000E+001
7.20000000 10.30000000 1.75000000E+001
7.20000000 10.40000000 1.76000000E+001
7.20000000 10.50000000 1.77000000E+001
7.20000000 10.60000000 1.78000000E+001
7.20000000 10.70000000 1.79000000E+001
7.20000000 10.80000000 1.80000000E+001
7.20000000 10.90000000 1.81000000E+001
7.20000000 11.00000000 1.82000000E+001
7.30000000 1.00000000 8.30000000E+000
7.30000000 1.10000000 8.40000000E+000
7.30000000 1.20000000 8.50000000E+000
7.30000000 1.30000000 8.60000000E+000
7.30000000 1.40000000 8.70000000E+000
7.30000000 1.50000000 8.80000000E+000
7.30000000 1.60000000 8.90000000E+000
7.30000000 1.70000000 9.00000000E+000
7.30000000 1.80000000 9.10000000E+000
7.30000000 1.90000000 9.20000000E+000
7.30000000 2.00000000 9.30000000E+000
7.30000000 2.10000000 9.40000000E+000
7.30000000 2.20000000 9.50000000E+000
7.30000000 2.30000000 9.60000000E+000
7.30000000 2.40000000 9.70000000E+000
7.30000000 2.50000000 9.80000000E+000
7.30000000 2.60000000 9.90000000E+000
7.30000000 2.70000000 1.00000000E+001
7.30000000 2.80000000 1.01000000E+001
7.30000000 2.90000000 1.02000000E+001
7.30000000 3.00000000 1.03000000E+001
7.30000000 3.10000000 1.04000000E+001
7.30000000 3.20000000 1.05000000E+001
7.30000000 3.30000000 1.06000000E+001
7.30000000 3.40000000 1.07000000E+001
7.30000000 3.50000000 1.08000000E+001
7.30000000 3.60000000 1.09000000E+001
7.30000000 3.70000000 1.10000000E+001
7.30000000 3.80000000 1.11000000E+001
7.30000000 3.90000000 1.12000000E+001
7.30000000 4.00000000 1.13000000E+001
7.30000000 4.10000000 1.14000000E+001
7.30000000 4.20000000 1.15000000E+001
7.30000000 4.30000000 1.16000000E+001
7.30000000 4.40000000 1.17000000E+001
7.30000000 4.50000000 1.18000000E+001
7.30000000 4.60000000 1.19000000E+001
7.30000000 4.70000000 1.20000000E+001
7.30000000 4.80000000 1.21000000E+001
7.30000000 4.90000000 1.22000000E+001
7.30000000 5.00000000 1.23000000E+001
7.30000000 5.10000000 1.24000000E+001
7.30000000 5.20000000 1.25000000E+001
7.30000000 5.30000000 1.26000000E+001
7.30000000 5.40000000 1.27000000E+001
7.30000000 5.50000000 1.28000000E+001
7.30000000 5.60000000 1.29000000E+001
7.30000000 5.70000000 1.30000000E+001
7.30000000 5.80000000 1.31000000E+001
7.30000000 5.90000000 1.32000000E+001
7.30000000 6.00000000 1.33000000E+001
7.30000000 6.10000000 1.34000000E+001
7.30000000 6.20000000 1.35000000E+001
7.30000000 6.30000000 1.36000000E+001
7.30000000 6.40000000 1.37000000E+001
7.30000000 6.50000000 1.38000000E+001
7.30000000 6.60000000 1.39000000E+001
7.30000000 6.70000000 1.40000000E+001
7.30000000 6.80000000 1.41000000E+001
7.30000000 6.90000000 1.42000000E+001
7.30000000 7.00000000 1.43000000E+001
7.30000000 7.10000000 1.44000000E+001
7.30000000 7.20000000 1.45000000E+001
7.30000000 7.30000000 1.46000000E+001
7.30000000 7.40000000 1.47000000E+001
7.30000000 7.50000000 1.48000000E+001
7.30000000 7.60000000 1.49000000E+001
7.30000000 7.70000000 1.50000000E+001
7.30000000 7.80000000 1.51000000E+001
7.30000000 7.90000000 1.52000000E+001
7.30000000 8.00000000 1.53000000E+001
7.30000000 8.10000000 1.54000000E+001
7.30000000 8.20000000 1.55000000E+001
7.30000000 8.30000000 1.56000000E+001
7.30000000 8.40000000 1.57000000E+001
7.30000000 8.50000000 1.58000000E+001
7.30000000 8.60000000 1.59000000E+001
7.30000000 8.70000000 1.60000000E+001
7.30000000 8.80000000 1.61000000E+001
7.30000000 8.90000000 1.62000000E+001
7.30000000 9.00000000 1.63000000E+001
7.30000000 9.10000000 1.64000000E+001
7.30000000 9.20000000 1.65000000E+001
7.30000000 9.30000000 1.66000000E+001
7.30000000 9.40000000 1.67000000E+001
7.30000000 9.50000000 1.68000000E+001
7.30000000 9.60000000 1.69000000E+001
7.30000000 9.70000000 1.70000000E+001
7.30000000 9.80000000 1.71000000E+001
7.30000000 9.90000000 1.72000000E+001
7.30000000 10.00000000 1.73000000E+001
7.30000000 10.10000000 1.74000000E+001
7.30000000 10.20000000 1.75000000E+001
7.30000000 10.30000000 1.76000000E+001
7.30000000 10.40000000 1.77000000E+001
7.30000000 10.50000000 1.78000000E+001
7.30000000 10.60000000 1.79000000E+001
7.30000000 10.70000000 1.80000000E+001
7.30000000 10.80000000 1.81000000E+001
7.30000000 10.90000000 1.82000000E+001
7.30000000 11.00000000 1.83000000E+001
7.40000000 1.00000000 8.40000000E+000
7.40000000 1.10000000 8.50000000E+000
7.40000000 1.20000000 8.60000000E+000
7.40000000 1.30000000 8.70000000E+000
7.40000000 1.40000000 8.80000000E+000
7.40000000 1.50000000 8.90000000E+000
7.40000000 1.60000000 9.00000000E+000
7.40000000 1.70000000 9.10000000E+000
7.40000000 1.80000000 9.20000000E+000
7.40000000 1.90000000 9.30000000E+000
7.40000000 2.00000000 9.40000000E+000
7.40000000 2.10000000 9.50000000E+000
7.40000000 2.20000000 9.60000000E+000
7.40000000 2.30000000 9.70000000E+000
7.40000000 2.40000000 9.80000000E+000
7.40000000 2.50000000 9.90000000E+000
7.40000000 2.60000000 1.00000000E+001
7.40000000 2.70000000 1.01000000E+001
7.40000000 2.80000000 1.02000000E+001
7.40000000 2.90000000 1.03000000E+001
7.40000000 3.00000000 1.04000000E+001
7.40000000 3.10000000 1.05000000E+001
7.40000000 3.20000000 1.06000000E+001
7.40000000 3.30000000 1.07000000E+001
7.40000000 3.40000000 1.08000000E+001
7.40000000 3.50000000 1.09000000E+001
7.40000000 3.60000000 1.10000000E+001
7.40000000 3.70000000 1.11000000E+001
7.40000000 3.80000000 1.12000000E+001
7.40000000 3.90000000 1.13000000E+001
7.40000000 4.00000000 1.14000000E+001
7.40000000 4.10000000 1.15000000E+001
7.40000000 4.20000000 1.16000000E+001
7.40000000 4.30000000 1.17000000E+001
7.40000000 4.40000000 1.18000000E+001
7.40000000 4.50000000 1.19000000E+001
7.40000000 4.60000000 1.20000000E+001
7.40000000 4.70000000 1.21000000E+001
7.40000000 4.80000000 1.22000000E+001
7.40000000 4.90000000 1.23000000E+001
7.40000000 5.00000000 1.24000000E+001
7.40000000 5.10000000 1.25000000E+001
7.40000000 5.20000000 1.26000000E+001
7.40000000 5.30000000 1.27000000E+001
7.40000000 5.40000000 1.28000000E+001
7.40000000 5.50000000 1.29000000E+001
7.40000000 5.60000000 1.30000000E+001
7.40000000 5.70000000 1.31000000E+001
7.40000000 5.80000000 1.32000000E+001
7.40000000 5.90000000 1.33000000E+001
7.40000000 6.00000000 1.34000000E+001
7.40000000 6.10000000 1.35000000E+001
7.40000000 6.20000000 1.36000000E+001
7.40000000 6.30000000 1.37000000E+001
7.40000000 6.40000000 1.38000000E+001
7.40000000 6.50000000 1.39000000E+001
7.40000000 6.60000000 1.40000000E+001
7.40000000 6.70000000 1.41000000E+001
7.40000000 6.80000000 1.42000000E+001
7.40000000 6.90000000 1.43000000E+001
7.40000000 7.00000000 1.44000000E+001
7.40000000 7.10000000 1.45000000E+001
7.40000000 7.20000000 1.46000000E+001
7.40000000 7.30000000 1.47000000E+001
7.40000000 7.40000000 1.48000000E+001
7.40000000 7.50000000 1.49000000E+001
7.40000000 7.60000000 1.50000000E+001
7.40000000 7.70000000 1.51000000E+001
7.40000000 7.80000000 1.52000000E+001
7.40000000 7.90000000 1.53000000E+001
7.40000000 8.00000000 1.54000000E+001
7.40000000 8.10000000 1.55000000E+001
7.40000000 8.20000000 1.56000000E+001
7.40000000 8.30000000 1.57000000E+001
7.40000000 8.40000000 1.58000000E+001
7.40000000 8.50000000 1.59000000E+001
7.40000000 8.60000000 1.60000000E+001
7.40000000 8.70000000 1.61000000E+001
7.40000000 8.80000000 1.62000000E+001
7.40000000 8.90000000 1.63000000E+001
7.40000000 9.00000000 1.64000000E+001
7.40000000 9.10000000 1.65000000E+001
7.40000000 9.20000000 1.66000000E+001
7.40000000 9.30000000 1.67000000E+001
7.40000000 9.40000000 1.68000000E+001
7.40000000 9.50000000 1.69000000E+001
7.40000000 9.60000000 1.70000000E+001
7.40000000 9.70000000 1.71000000E+001
7.40000000 9.80000000 1.72000000E+001
7.40000000 9.90000000 1.73000000E+001
7.40000000 10.00000000 1.74000000E+001
7.40000000 10.10000000 1.75000000E+001
7.40000000 10.20000000 1.76000000E+001
7.40000000 10.30000000 1.77000000E+001
7.40000000 10.40000000 1.78000000E+001
7.40000000 10.50000000 1.79000000E+001
7.40000000 10.60000000 1.80000000E+001
7.40000000 10.70000000 1.81000000E+001
7.40000000 10.80000000 1.82000000E+001
7.40000000 10.90000000 1.83000000E+001
7.40000000 11.00000000 1.84000000E+001
7.50000000 1.00000000 8.50000000E+000
7.50000000 1.10000000 8.60000000E+000
7.50000000 1.20000000 8.70000000E+000
7.50000000 1.30000000 8.80000000E+000
7.50000000 1.40000000 8.90000000E+000
7.50000000 1.50000000 9.00000000E+000
7.50000000 1.60000000 9.10000000E+000
7.50000000 1.70000000 9.20000000E+000
7.50000000 1.80000000 9.30000000E+000
7.50000000 1.90000000 9.40000000E+000
7.50000000 2.00000000 9.50000000E+000
7.50000000 2.10000000 9.60000000E+000
7.50000000 2.20000000 9.70000000E+000
7.50000000 2.30000000 9.80000000E+000
7.50000000 2.40000000 9.90000000E+000
7.50000000 2.50000000 1.00000000E+001
7.50000000 2.60000000 1.01000000E+001
7.50000000 2.70000000 1.02000000E+001
7.50000000 2.80000000 1.03000000E+001
7.50000000 2.90000000 1.04000000E+001
7.50000000 3.00000000 1.05000000E+001
7.50000000 3.10000000 1.06000000E+001
7.50000000 3.20000000 1.07000000E+001
7.50000000 3.30000000 1.08000000E+001
7.50000000 3.40000000 1.09000000E+001
7.50000000 3.50000000 1.10000000E+001
7.50000000 3.60000000 1.11000000E+001
7.50000000 3.70000000 1.12000000E+001
7.50000000 3.80000000 1.13000000E+001
7.50000000 3.90000000 1.14000000E+001
7.50000000 4.00000000 1.15000000E+001
7.50000000 4.10000000 1.16000000E+001
7.50000000 4.20000000 1.17000000E+001
7.50000000 4.30000000 1.18000000E+001
7.50000000 4.40000000 1.19000000E+001
7.50000000 4.50000000 1.20000000E+001
7.50000000 4.60000000 1.21000000E+001
7.50000000 4.70000000 1.22000000E+001
7.50000000 4.80000000 1.23000000E+001
7.50000000 4.90000000 1.24000000E+001
7.50000000 5.00000000 1.25000000E+001
7.50000000 5.10000000 1.26000000E+001
7.50000000 5.20000000 1.27000000E+001
7.50000000 5.30000000 1.28000000E+001
7.50000000 5.40000000 1.29000000E+001
7.50000000 5.50000000 1.30000000E+001
7.50000000 5.60000000 1.31000000E+001
7.50000000 5.70000000 1.32000000E+001
7.50000000 5.80000000 1.33000000E+001
7.50000000 5.90000000 1.34000000E+001
7.50000000 6.00000000 1.35000000E+001
7.50000000 6.10000000 1.36000000E+001
7.50000000 6.20000000 1.37000000E+001
7.50000000 6.30000000 1.38000000E+001
7.50000000 6.40000000 1.39000000E+001
7.50000000 6.50000000 1.40000000E+001
7.50000000 6.60000000 1.41000000E+001
7.50000000 6.70000000 1.42000000E+001
7.50000000 6.80000000 1.43000000E+001
7.50000000 6.90000000 1.44000000E+001
7.50000000 7.00000000 1.45000000E+001
7.50000000 7.10000000 1.46000000E+001
7.50000000 7.20000000 1.47000000E+001
7.50000000 7.30000000 1.48000000E+001
7.50000000 7.40000000 1.49000000E+001
7.50000000 7.50000000 1.50000000E+001
7.50000000 7.60000000 1.51000000E+001
7.50000000 7.70000000 1.52000000E+001
7.50000000 7.80000000 1.53000000E+001
7.50000000 7.90000000 1.54000000E+001
7.50000000 8.00000000 1.55000000E+001
7.50000000 8.10000000 1.56000000E+001
7.50000000 8.20000000 1.57000000E+001
7.50000000 8.30000000 1.58000000E+001
7.50000000 8.40000000 1.59000000E+001
7.50000000 8.50000000 1.60000000E+001
7.50000000 8.60000000 1.61000000E+001
7.50000000 8.70000000 1.62000000E+001
7.50000000 8.80000000 1.63000000E+001
7.50000000 8.90000000 1.64000000E+001
7.50000000 9.00000000 1.65000000E+001
7.50000000 9.10000000 1.66000000E+001
7.50000000 9.20000000 1.67000000E+001
7.50000000 9.30000000 1.68000000E+001
7.50000000 9.40000000 1.69000000E+001
7.50000000 9.50000000 1.70000000E+001
7.50000000 9.60000000 1.71000000E+001
7.50000000 9.70000000 1.72000000E+001
7.50000000 9.80000000 1.73000000E+001
7.50000000 9.90000000 1.74000000E+001
7.50000000 10.00000000 1.75000000E+001
7.50000000 10.10000000 1.76000000E+001
7.50000000 10.20000000 1.77000000E+001
7.50000000 10.30000000 1.78000000E+001
7.50000000 10.40000000 1.79000000E+001
7.50000000 10.50000000 1.80000000E+001
7.50000000 10.60000000 1.81000000E+001
7.50000000 10.70000000 1.82000000E+001
7.50000000 10.80000000 1.83000000E+001
7.50000000 10.90000000 1.84000000E+001
7.50000000 11.00000000 1.85000000E+001
7.60000000 1.00000000 8.60000000E+000
7.60000000 1.10000000 8.70000000E+000
7.60000000 1.20000000 8.80000000E+000
7.60000000 1.30000000 8.90000000E+000
7.60000000 1.40000000 9.00000000E+000
7.60000000 1.50000000 9.10000000E+000
7.60000000 1.60000000 9.20000000E+000
7.60000000 1.70000000 9.30000000E+000
7.60000000 1.80000000 9.40000000E+000
7.60000000 1.90000000 9.50000000E+000
7.60000000 2.00000000 9.60000000E+000
7.60000000 2.10000000 9.70000000E+000
7.60000000 2.20000000 9.80000000E+000
7.60000000 2.30000000 9.90000000E+000
7.60000000 2.40000000 1.00000000E+001
7.60000000 2.50000000 1.01000000E+001
7.60000000 2.60000000 1.02000000E+001
7.60000000 2.70000000 1.03000000E+001
7.60000000 2.80000000 1.04000000E+001
7.60000000 2.90000000 1.05000000E+001
7.60000000 3.00000000 1.06000000E+001
7.60000000 3.10000000 1.07000000E+001
7.60000000 3.20000000 1.08000000E+001
7.60000000 3.30000000 1.09000000E+001
7.60000000 3.40000000 1.10000000E+001
7.60000000 3.50000000 1.11000000E+001
7.60000000 3.60000000 1.12000000E+001
7.60000000 3.70000000 1.13000000E+001
7.60000000 3.80000000 1.14000000E+001
7.60000000 3.90000000 1.15000000E+001
7.60000000 4.00000000 1.16000000E+001
7.60000000 4.10000000 1.17000000E+001
7.60000000 4.20000000 1.18000000E+001
7.60000000 4.30000000 1.19000000E+001
7.60000000 4.40000000 1.20000000E+001
7.60000000 4.50000000 1.21000000E+001
7.60000000 4.60000000 1.22000000E+001
7.60000000 4.70000000 1.23000000E+001
7.60000000 4.80000000 1.24000000E+001
7.60000000 4.90000000 1.25000000E+001
7.60000000 5.00000000 1.26000000E+001
7.60000000 5.10000000 1.27000000E+001
7.60000000 5.20000000 1.28000000E+001
7.60000000 5.30000000 1.29000000E+001
7.60000000 5.40000000 1.30000000E+001
7.60000000 5.50000000 1.31000000E+001
7.60000000 5.60000000 1.32000000E+001
7.60000000 5.70000000 1.33000000E+001
7.60000000 5.80000000 1.34000000E+001
7.60000000 5.90000000 1.35000000E+001
7.60000000 6.00000000 1.36000000E+001
7.60000000 6.10000000 1.37000000E+001
7.60000000 6.20000000 1.38000000E+001
7.60000000 6.30000000 1.39000000E+001
7.60000000 6.40000000 1.40000000E+001
7.60000000 6.50000000 1.41000000E+001
7.60000000 6.60000000 1.42000000E+001
7.60000000 6.70000000 1.43000000E+001
7.60000000 6.80000000 1.44000000E+001
7.60000000 6.90000000 1.45000000E+001
7.60000000 7.00000000 1.46000000E+001
7.60000000 7.10000000 1.47000000E+001
7.60000000 7.20000000 1.48000000E+001
7.60000000 7.30000000 1.49000000E+001
7.60000000 7.40000000 1.50000000E+001
7.60000000 7.50000000 1.51000000E+001
7.60000000 7.60000000 1.52000000E+001
7.60000000 7.70000000 1.53000000E+001
7.60000000 7.80000000 1.54000000E+001
7.60000000 7.90000000 1.55000000E+001
7.60000000 8.00000000 1.56000000E+001
7.60000000 8.10000000 1.57000000E+001
7.60000000 8.20000000 1.58000000E+001
7.60000000 8.30000000 1.59000000E+001
7.60000000 8.40000000 1.60000000E+001
7.60000000 8.50000000 1.61000000E+001
7.60000000 8.60000000 1.62000000E+001
7.60000000 8.70000000 1.63000000E+001
7.60000000 8.80000000 1.64000000E+001
7.60000000 8.90000000 1.65000000E+001
7.60000000 9.00000000 1.66000000E+001
7.60000000 9.10000000 1.67000000E+001
7.60000000 9.20000000 1.68000000E+001
7.60000000 9.30000000 1.69000000E+001
7.60000000 9.40000000 1.70000000E+001
7.60000000 9.50000000 1.71000000E+001
7.60000000 9.60000000 1.72000000E+001
7.60000000 9.70000000 1.73000000E+001
7.60000000 9.80000000 1.74000000E+001
7.60000000 9.90000000 1.75000000E+001
7.60000000 10.00000000 1.76000000E+001
7.60000000 10.10000000 1.77000000E+001
7.60000000 10.20000000 1.78000000E+001
7.60000000 10.30000000 1.79000000E+001
7.60000000 10.40000000 1.80000000E+001
7.60000000 10.50000000 1.81000000E+001
7.60000000 10.60000000 1.82000000E+001
7.60000000 10.70000000 1.83000000E+001
7.60000000 10.80000000 1.84000000E+001
7.60000000 10.90000000 1.85000000E+001
7.60000000 11.00000000 1.86000000E+001
7.70000000 1.00000000 8.70000000E+000
7.70000000 1.10000000 8.80000000E+000
7.70000000 1.20000000 8.90000000E+000
7.70000000 1.30000000 9.00000000E+000
7.70000000 1.40000000 9.10000000E+000
7.70000000 1.50000000 9.20000000E+000
7.70000000 1.60000000 9.30000000E+000
7.70000000 1.70000000 9.40000000E+000
7.70000000 1.80000000 9.50000000E+000
7.70000000 1.90000000 9.60000000E+000
7.70000000 2.00000000 9.70000000E+000
7.70000000 2.10000000 9.80000000E+000
7.70000000 2.20000000 9.90000000E+000
7.70000000 2.30000000 1.00000000E+001
7.70000000 2.40000000 1.01000000E+001
7.70000000 2.50000000 1.02000000E+001
7.70000000 2.60000000 1.03000000E+001
7.70000000 2.70000000 1.04000000E+001
7.70000000 2.80000000 1.05000000E+001
7.70000000 2.90000000 1.06000000E+001
7.70000000 3.00000000 1.07000000E+001
7.70000000 3.10000000 1.08000000E+001
7.70000000 3.20000000 1.09000000E+001
7.70000000 3.30000000 1.10000000E+001
7.70000000 3.40000000 1.11000000E+001
7.70000000 3.50000000 1.12000000E+001
7.70000000 3.60000000 1.13000000E+001
7.70000000 3.70000000 1.14000000E+001
7.70000000 3.80000000 1.15000000E+001
7.70000000 3.90000000 1.16000000E+001
7.70000000 4.00000000 1.17000000E+001
7.70000000 4.10000000 1.18000000E+001
7.70000000 4.20000000 1.19000000E+001
7.70000000 4.30000000 1.20000000E+001
7.70000000 4.40000000 1.21000000E+001
7.70000000 4.50000000 1.22000000E+001
7.70000000 4.60000000 1.23000000E+001
7.70000000 4.70000000 1.24000000E+001
7.70000000 4.80000000 1.25000000E+001
7.70000000 4.90000000 1.26000000E+001
7.70000000 5.00000000 1.27000000E+001
7.70000000 5.10000000 1.28000000E+001
7.70000000 5.20000000 1.29000000E+001
7.70000000 5.30000000 1.30000000E+001
7.70000000 5.40000000 1.31000000E+001
7.70000000 5.50000000 1.32000000E+001
7.70000000 5.60000000 1.33000000E+001
7.70000000 5.70000000 1.34000000E+001
7.70000000 5.80000000 1.35000000E+001
7.70000000 5.90000000 1.36000000E+001
7.70000000 6.00000000 1.37000000E+001
7.70000000 6.10000000 1.38000000E+001
7.70000000 6.20000000 1.39000000E+001
7.70000000 6.30000000 1.40000000E+001
7.70000000 6.40000000 1.41000000E+001
7.70000000 6.50000000 1.42000000E+001
7.70000000 6.60000000 1.43000000E+001
7.70000000 6.70000000 1.44000000E+001
7.70000000 6.80000000 1.45000000E+001
7.70000000 6.90000000 1.46000000E+001
7.70000000 7.00000000 1.47000000E+001
7.70000000 7.10000000 1.48000000E+001
7.70000000 7.20000000 1.49000000E+001
7.70000000 7.30000000 1.50000000E+001
7.70000000 7.40000000 1.51000000E+001
7.70000000 7.50000000 1.52000000E+001
7.70000000 7.60000000 1.53000000E+001
7.70000000 7.70000000 1.54000000E+001
7.70000000 7.80000000 1.55000000E+001
7.70000000 7.90000000 1.56000000E+001
7.70000000 8.00000000 1.57000000E+001
7.70000000 8.10000000 1.58000000E+001
7.70000000 8.20000000 1.59000000E+001
7.70000000 8.30000000 1.60000000E+001
7.70000000 8.40000000 1.61000000E+001
7.70000000 8.50000000 1.62000000E+001
7.70000000 8.60000000 1.63000000E+001
7.70000000 8.70000000 1.64000000E+001
7.70000000 8.80000000 1.65000000E+001
7.70000000 8.90000000 1.66000000E+001
7.70000000 9.00000000 1.67000000E+001
7.70000000 9.10000000 1.68000000E+001
7.70000000 9.20000000 1.69000000E+001
7.70000000 9.30000000 1.70000000E+001
7.70000000 9.40000000 1.71000000E+001
7.70000000 9.50000000 1.72000000E+001
7.70000000 9.60000000 1.73000000E+001
7.70000000 9.70000000 1.74000000E+001
7.70000000 9.80000000 1.75000000E+001
7.70000000 9.90000000 1.76000000E+001
7.70000000 10.00000000 1.77000000E+001
7.70000000 10.10000000 1.78000000E+001
7.70000000 10.20000000 1.79000000E+001
7.70000000 10.30000000 1.80000000E+001
7.70000000 10.40000000 1.81000000E+001
7.70000000 10.50000000 1.82000000E+001
7.70000000 10.60000000 1.83000000E+001
7.70000000 10.70000000 1.84000000E+001
7.70000000 10.80000000 1.85000000E+001
7.70000000 10.90000000 1.86000000E+001
7.70000000 11.00000000 1.87000000E+001
7.80000000 1.00000000 8.80000000E+000
7.80000000 1.10000000 8.90000000E+000
7.80000000 1.20000000 9.00000000E+000
7.80000000 1.30000000 9.10000000E+000
7.80000000 1.40000000 9.20000000E+000
7.80000000 1.50000000 9.30000000E+000
7.80000000 1.60000000 9.40000000E+000
7.80000000 1.70000000 9.50000000E+000
7.80000000 1.80000000 9.60000000E+000
7.80000000 1.90000000 9.70000000E+000
7.80000000 2.00000000 9.80000000E+000
7.80000000 2.10000000 9.90000000E+000
7.80000000 2.20000000 1.00000000E+001
7.80000000 2.30000000 1.01000000E+001
7.80000000 2.40000000 1.02000000E+001
7.80000000 2.50000000 1.03000000E+001
7.80000000 2.60000000 1.04000000E+001
7.80000000 2.70000000 1.05000000E+001
7.80000000 2.80000000 1.06000000E+001
7.80000000 2.90000000 1.07000000E+001
7.80000000 3.00000000 1.08000000E+001
7.80000000 3.10000000 1.09000000E+001
7.80000000 3.20000000 1.10000000E+001
7.80000000 3.30000000 1.11000000E+001
7.80000000 3.40000000 1.12000000E+001
7.80000000 3.50000000 1.13000000E+001
7.80000000 3.60000000 1.14000000E+001
7.80000000 3.70000000 1.15000000E+001
7.80000000 3.80000000 1.16000000E+001
7.80000000 3.90000000 1.17000000E+001
7.80000000 4.00000000 1.18000000E+001
7.80000000 4.10000000 1.19000000E+001
7.80000000 4.20000000 1.20000000E+001
7.80000000 4.30000000 1.21000000E+001
7.80000000 4.40000000 1.22000000E+001
7.80000000 4.50000000 1.23000000E+001
7.80000000 4.60000000 1.24000000E+001
7.80000000 4.70000000 1.25000000E+001
7.80000000 4.80000000 1.26000000E+001
7.80000000 4.90000000 1.27000000E+001
7.80000000 5.00000000 1.28000000E+001
7.80000000 5.10000000 1.29000000E+001
7.80000000 5.20000000 1.30000000E+001
7.80000000 5.30000000 1.31000000E+001
7.80000000 5.40000000 1.32000000E+001
7.80000000 5.50000000 1.33000000E+001
7.80000000 5.60000000 1.34000000E+001
7.80000000 5.70000000 1.35000000E+001
7.80000000 5.80000000 1.36000000E+001
7.80000000 5.90000000 1.37000000E+001
7.80000000 6.00000000 1.38000000E+001
7.80000000 6.10000000 1.39000000E+001
7.80000000 6.20000000 1.40000000E+001
7.80000000 6.30000000 1.41000000E+001
7.80000000 6.40000000 1.42000000E+001
7.80000000 6.50000000 1.43000000E+001
7.80000000 6.60000000 1.44000000E+001
7.80000000 6.70000000 1.45000000E+001
7.80000000 6.80000000 1.46000000E+001
7.80000000 6.90000000 1.47000000E+001
7.80000000 7.00000000 1.48000000E+001
7.80000000 7.10000000 1.49000000E+001
7.80000000 7.20000000 1.50000000E+001
7.80000000 7.30000000 1.51000000E+001
7.80000000 7.40000000 1.52000000E+001
7.80000000 7.50000000 1.53000000E+001
7.80000000 7.60000000 1.54000000E+001
7.80000000 7.70000000 1.55000000E+001
7.80000000 7.80000000 1.56000000E+001
7.80000000 7.90000000 1.57000000E+001
7.80000000 8.00000000 1.58000000E+001
7.80000000 8.10000000 1.59000000E+001
7.80000000 8.20000000 1.60000000E+001
7.80000000 8.30000000 1.61000000E+001
7.80000000 8.40000000 1.62000000E+001
7.80000000 8.50000000 1.63000000E+001
7.80000000 8.60000000 1.64000000E+001
7.80000000 8.70000000 1.65000000E+001
7.80000000 8.80000000 1.66000000E+001
7.80000000 8.90000000 1.67000000E+001
7.80000000 9.00000000 1.68000000E+001
7.80000000 9.10000000 1.69000000E+001
7.80000000 9.20000000 1.70000000E+001
7.80000000 9.30000000 1.71000000E+001
7.80000000 9.40000000 1.72000000E+001
7.80000000 9.50000000 1.73000000E+001
7.80000000 9.60000000 1.74000000E+001
7.80000000 9.70000000 1.75000000E+001
7.80000000 9.80000000 1.76000000E+001
7.80000000 9.90000000 1.77000000E+001
7.80000000 10.00000000 1.78000000E+001
7.80000000 10.10000000 1.79000000E+001
7.80000000 10.20000000 1.80000000E+001
7.80000000 10.30000000 1.81000000E+001
7.80000000 10.40000000 1.82000000E+001
7.80000000 10.50000000 1.83000000E+001
7.80000000 10.60000000 1.84000000E+001
7.80000000 10.70000000 1.85000000E+001
7.80000000 10.80000000 1.86000000E+001
7.80000000 10.90000000 1.87000000E+001
7.80000000 11.00000000 1.88000000E+001
7.90000000 1.00000000 8.90000000E+000
7.90000000 1.10000000 9.00000000E+000
7.90000000 1.20000000 9.10000000E+000
7.90000000 1.30000000 9.20000000E+000
7.90000000 1.40000000 9.30000000E+000
7.90000000 1.50000000 9.40000000E+000
7.90000000 1.60000000 9.50000000E+000
7.90000000 1.70000000 9.60000000E+000
7.90000000 1.80000000 9.70000000E+000
7.90000000 1.90000000 9.80000000E+000
7.90000000 2.00000000 9.90000000E+000
7.90000000 2.10000000 1.00000000E+001
7.90000000 2.20000000 1.01000000E+001
7.90000000 2.30000000 1.02000000E+001
7.90000000 2.40000000 1.03000000E+001
7.90000000 2.50000000 1.04000000E+001
7.90000000 2.60000000 1.05000000E+001
7.90000000 2.70000000 1.06000000E+001
7.90000000 2.80000000 1.07000000E+001
7.90000000 2.90000000 1.08000000E+001
7.90000000 3.00000000 1.09000000E+001
7.90000000 3.10000000 1.10000000E+001
7.90000000 3.20000000 1.11000000E+001
7.90000000 3.30000000 1.12000000E+001
7.90000000 3.40000000 1.13000000E+001
7.90000000 3.50000000 1.14000000E+001
7.90000000 3.60000000 1.15000000E+001
7.90000000 3.70000000 1.16000000E+001
7.90000000 3.80000000 1.17000000E+001
7.90000000 3.90000000 1.18000000E+001
7.90000000 4.00000000 1.19000000E+001
7.90000000 4.10000000 1.20000000E+001
7.90000000 4.20000000 1.21000000E+001
7.90000000 4.30000000 1.22000000E+001
7.90000000 4.40000000 1.23000000E+001
7.90000000 4.50000000 1.24000000E+001
7.90000000 4.60000000 1.25000000E+001
7.90000000 4.70000000 1.26000000E+001
7.90000000 4.80000000 1.27000000E+001
7.90000000 4.90000000 1.28000000E+001
7.90000000 5.00000000 1.29000000E+001
7.90000000 5.10000000 1.30000000E+001
7.90000000 5.20000000 1.31000000E+001
7.90000000 5.30000000 1.32000000E+001
7.90000000 5.40000000 1.33000000E+001
7.90000000 5.50000000 1.34000000E+001
7.90000000 5.60000000 1.35000000E+001
7.90000000 5.70000000 1.36000000E+001
7.90000000 5.80000000 1.37000000E+001
7.90000000 5.90000000 1.38000000E+001
7.90000000 6.00000000 1.39000000E+001
7.90000000 6.10000000 1.40000000E+001
7.90000000 6.20000000 1.41000000E+001
7.90000000 6.30000000 1.42000000E+001
7.90000000 6.40000000 1.43000000E+001
7.90000000 6.50000000 1.44000000E+001
7.90000000 6.60000000 1.45000000E+001
7.90000000 6.70000000 1.46000000E+001
7.90000000 6.80000000 1.47000000E+001
7.90000000 6.90000000 1.48000000E+001
7.90000000 7.00000000 1.49000000E+001
7.90000000 7.10000000 1.50000000E+001
7.90000000 7.20000000 1.51000000E+001
7.90000000 7.30000000 1.52000000E+001
7.90000000 7.40000000 1.53000000E+001
7.90000000 7.50000000 1.54000000E+001
7.90000000 7.60000000 1.55000000E+001
7.90000000 7.70000000 1.56000000E+001
7.90000000 7.80000000 1.57000000E+001
7.90000000 7.90000000 1.58000000E+001
7.90000000 8.00000000 1.59000000E+001
7.90000000 8.10000000 1.60000000E+001
7.90000000 8.20000000 1.61000000E+001
7.90000000 8.30000000 1.62000000E+001
7.90000000 8.40000000 1.63000000E+001
7.90000000 8.50000000 1.64000000E+001
7.90000000 8.60000000 1.65000000E+001
7.90000000 8.70000000 1.66000000E+001
7.90000000 8.80000000 1.67000000E+001
7.90000000 8.90000000 1.68000000E+001
7.90000000 9.00000000 1.69000000E+001
7.90000000 9.10000000 1.70000000E+001
7.90000000 9.20000000 1.71000000E+001
7.90000000 9.30000000 1.72000000E+001
7.90000000 9.40000000 1.73000000E+001
7.90000000 9.50000000 1.74000000E+001
7.90000000 9.60000000 1.75000000E+001
7.90000000 9.70000000 1.76000000E+001
7.90000000 9.80000000 1.77000000E+001
7.90000000 9.90000000 1.78000000E+001
7.90000000 10.00000000 1.79000000E+001
7.90000000 10.10000000 1.80000000E+001
7.90000000 10.20000000 1.81000000E+001
7.90000000 10.30000000 1.82000000E+001
7.90000000 10.40000000 1.83000000E+001
7.90000000 10.50000000 1.84000000E+001
7.90000000 10.60000000 1.85000000E+001
7.90000000 10.70000000 1.86000000E+001
7.90000000 10.80000000 1.87000000E+001
7.90000000 10.90000000 1.88000000E+001
7.90000000 11.00000000 1.89000000E+001
8.00000000 1.00000000 9.00000000E+000
8.00000000 1.10000000 9.10000000E+000
8.00000000 1.20000000 9.20000000E+000
8.00000000 1.30000000 9.30000000E+000
8.00000000 1.40000000 9.40000000E+000
8.00000000 1.50000000 9.50000000E+000
8.00000000 1.60000000 9.60000000E+000
8.00000000 1.70000000 9.70000000E+000
8.00000000 1.80000000 9.80000000E+000
8.00000000 1.90000000 9.90000000E+000
8.00000000 2.00000000 1.00000000E+001
8.00000000 2.10000000 1.01000000E+001
8.00000000 2.20000000 1.02000000E+001
8.00000000 2.30000000 1.03000000E+001
8.00000000 2.40000000 1.04000000E+001
8.00000000 2.50000000 1.05000000E+001
8.00000000 2.60000000 1.06000000E+001
8.00000000 2.70000000 1.07000000E+001
8.00000000 2.80000000 1.08000000E+001
8.00000000 2.90000000 1.09000000E+001
8.00000000 3.00000000 1.10000000E+001
8.00000000 3.10000000 1.11000000E+001
8.00000000 3.20000000 1.12000000E+001
8.00000000 3.30000000 1.13000000E+001
8.00000000 3.40000000 1.14000000E+001
8.00000000 3.50000000 1.15000000E+001
8.00000000 3.60000000 1.16000000E+001
8.00000000 3.70000000 1.17000000E+001
8.00000000 3.80000000 1.18000000E+001
8.00000000 3.90000000 1.19000000E+001
8.00000000 4.00000000 1.20000000E+001
8.00000000 4.10000000 1.21000000E+001
8.00000000 4.20000000 1.22000000E+001
8.00000000 4.30000000 1.23000000E+001
8.00000000 4.40000000 1.24000000E+001
8.00000000 4.50000000 1.25000000E+001
8.00000000 4.60000000 1.26000000E+001
8.00000000 4.70000000 1.27000000E+001
8.00000000 4.80000000 1.28000000E+001
8.00000000 4.90000000 1.29000000E+001
8.00000000 5.00000000 1.30000000E+001
8.00000000 5.10000000 1.31000000E+001
8.00000000 5.20000000 1.32000000E+001
8.00000000 5.30000000 1.33000000E+001
8.00000000 5.40000000 1.34000000E+001
8.00000000 5.50000000 1.35000000E+001
8.00000000 5.60000000 1.36000000E+001
8.00000000 5.70000000 1.37000000E+001
8.00000000 5.80000000 1.38000000E+001
8.00000000 5.90000000 1.39000000E+001
8.00000000 6.00000000 1.40000000E+001
8.00000000 6.10000000 1.41000000E+001
8.00000000 6.20000000 1.42000000E+001
8.00000000 6.30000000 1.43000000E+001
8.00000000 6.40000000 1.44000000E+001
8.00000000 6.50000000 1.45000000E+001
8.00000000 6.60000000 1.46000000E+001
8.00000000 6.70000000 1.47000000E+001
8.00000000 6.80000000 1.48000000E+001
8.00000000 6.90000000 1.49000000E+001
8.00000000 7.00000000 1.50000000E+001
8.00000000 7.10000000 1.51000000E+001
8.00000000 7.20000000 1.52000000E+001
8.00000000 7.30000000 1.53000000E+001
8.00000000 7.40000000 1.54000000E+001
8.00000000 7.50000000 1.55000000E+001
8.00000000 7.60000000 1.56000000E+001
8.00000000 7.70000000 1.57000000E+001
8.00000000 7.80000000 1.58000000E+001
8.00000000 7.90000000 1.59000000E+001
8.00000000 8.00000000 1.60000000E+001
8.00000000 8.10000000 1.61000000E+001
8.00000000 8.20000000 1.62000000E+001
8.00000000 8.30000000 1.63000000E+001
8.00000000 8.40000000 1.64000000E+001
8.00000000 8.50000000 1.65000000E+001
8.00000000 8.60000000 1.66000000E+001
8.00000000 8.70000000 1.67000000E+001
8.00000000 8.80000000 1.68000000E+001
8.00000000 8.90000000 1.69000000E+001
8.00000000 9.00000000 1.70000000E+001
8.00000000 9.10000000 1.71000000E+001
8.00000000 9.20000000 1.72000000E+001
8.00000000 9.30000000 1.73000000E+001
8.00000000 9.40000000 1.74000000E+001
8.00000000 9.50000000 1.75000000E+001
8.00000000 9.60000000 1.76000000E+001
8.00000000 9.70000000 1.77000000E+001
8.00000000 9.80000000 1.78000000E+001
8.00000000 9.90000000 1.79000000E+001
8.00000000 10.00000000 1.80000000E+001
8.00000000 10.10000000 1.81000000E+001
8.00000000 10.20000000 1.82000000E+001
8.00000000 10.30000000 1.83000000E+001
8.00000000 10.40000000 1.84000000E+001
8.00000000 10.50000000 1.85000000E+001
8.00000000 10.60000000 1.86000000E+001
8.00000000 10.70000000 1.87000000E+001
8.00000000 10.80000000 1.88000000E+001
8.00000000 10.90000000 1.89000000E+001
8.00000000 11.00000000 1.90000000E+001
8.10000000 1.00000000 9.10000000E+000
8.10000000 1.10000000 9.20000000E+000
8.10000000 1.20000000 9.30000000E+000
8.10000000 1.30000000 9.40000000E+000
8.10000000 1.40000000 9.50000000E+000
8.10000000 1.50000000 9.60000000E+000
8.10000000 1.60000000 9.70000000E+000
8.10000000 1.70000000 9.80000000E+000
8.10000000 1.80000000 9.90000000E+000
8.10000000 1.90000000 1.00000000E+001
8.10000000 2.00000000 1.01000000E+001
8.10000000 2.10000000 1.02000000E+001
8.10000000 2.20000000 1.03000000E+001
8.10000000 2.30000000 1.04000000E+001
8.10000000 2.40000000 1.05000000E+001
8.10000000 2.50000000 1.06000000E+001
8.10000000 2.60000000 1.07000000E+001
8.10000000 2.70000000 1.08000000E+001
8.10000000 2.80000000 1.09000000E+001
8.10000000 2.90000000 1.10000000E+001
8.10000000 3.00000000 1.11000000E+001
8.10000000 3.10000000 1.12000000E+001
8.10000000 3.20000000 1.13000000E+001
8.10000000 3.30000000 1.14000000E+001
8.10000000 3.40000000 1.15000000E+001
8.10000000 3.50000000 1.16000000E+001
8.10000000 3.60000000 1.17000000E+001
8.10000000 3.70000000 1.18000000E+001
8.10000000 3.80000000 1.19000000E+001
8.10000000 3.90000000 1.20000000E+001
8.10000000 4.00000000 1.21000000E+001
8.10000000 4.10000000 1.22000000E+001
8.10000000 4.20000000 1.23000000E+001
8.10000000 4.30000000 1.24000000E+001
8.10000000 4.40000000 1.25000000E+001
8.10000000 4.50000000 1.26000000E+001
8.10000000 4.60000000 1.27000000E+001
8.10000000 4.70000000 1.28000000E+001
8.10000000 4.80000000 1.29000000E+001
8.10000000 4.90000000 1.30000000E+001
8.10000000 5.00000000 1.31000000E+001
8.10000000 5.10000000 1.32000000E+001
8.10000000 5.20000000 1.33000000E+001
8.10000000 5.30000000 1.34000000E+001
8.10000000 5.40000000 1.35000000E+001
8.10000000 5.50000000 1.36000000E+001
8.10000000 5.60000000 1.37000000E+001
8.10000000 5.70000000 1.38000000E+001
8.10000000 5.80000000 1.39000000E+001
8.10000000 5.90000000 1.40000000E+001
8.10000000 6.00000000 1.41000000E+001
8.10000000 6.10000000 1.42000000E+001
8.10000000 6.20000000 1.43000000E+001
8.10000000 6.30000000 1.44000000E+001
8.10000000 6.40000000 1.45000000E+001
8.10000000 6.50000000 1.46000000E+001
8.10000000 6.60000000 1.47000000E+001
8.10000000 6.70000000 1.48000000E+001
8.10000000 6.80000000 1.49000000E+001
8.10000000 6.90000000 1.50000000E+001
8.10000000 7.00000000 1.51000000E+001
8.10000000 7.10000000 1.52000000E+001
8.10000000 7.20000000 1.53000000E+001
8.10000000 7.30000000 1.54000000E+001
8.10000000 7.40000000 1.55000000E+001
8.10000000 7.50000000 1.56000000E+001
8.10000000 7.60000000 1.57000000E+001
8.10000000 7.70000000 1.58000000E+001
8.10000000 7.80000000 1.59000000E+001
8.10000000 7.90000000 1.60000000E+001
8.10000000 8.00000000 1.61000000E+001
8.10000000 8.10000000 1.62000000E+001
8.10000000 8.20000000 1.63000000E+001
8.10000000 8.30000000 1.64000000E+001
8.10000000 8.40000000 1.65000000E+001
8.10000000 8.50000000 1.66000000E+001
8.10000000 8.60000000 1.67000000E+001
8.10000000 8.70000000 1.68000000E+001
8.10000000 8.80000000 1.69000000E+001
8.10000000 8.90000000 1.70000000E+001
8.10000000 9.00000000 1.71000000E+001
8.10000000 9.10000000 1.72000000E+001
8.10000000 9.20000000 1.73000000E+001
8.10000000 9.30000000 1.74000000E+001
8.10000000 9.40000000 1.75000000E+001
8.10000000 9.50000000 1.76000000E+001
8.10000000 9.60000000 1.77000000E+001
8.10000000 9.70000000 1.78000000E+001
8.10000000 9.80000000 1.79000000E+001
8.10000000 9.90000000 1.80000000E+001
8.10000000 10.00000000 1.81000000E+001
8.10000000 10.10000000 1.82000000E+001
8.10000000 10.20000000 1.83000000E+001
8.10000000 10.30000000 1.84000000E+001
8.10000000 10.40000000 1.85000000E+001
8.10000000 10.50000000 1.86000000E+001
8.10000000 10.60000000 1.87000000E+001
8.10000000 10.70000000 1.88000000E+001
8.10000000 10.80000000 1.89000000E+001
8.10000000 10.90000000 1.90000000E+001
8.10000000 11.00000000 1.91000000E+001
8.20000000 1.00000000 9.20000000E+000
8.20000000 1.10000000 9.30000000E+000
8.20000000 1.20000000 9.40000000E+000
8.20000000 1.30000000 9.50000000E+000
8.20000000 1.40000000 9.60000000E+000
8.20000000 1.50000000 9.70000000E+000
8.20000000 1.60000000 9.80000000E+000
8.20000000 1.70000000 9.90000000E+000
8.20000000 1.80000000 1.00000000E+001
8.20000000 1.90000000 1.01000000E+001
8.20000000 2.00000000 1.02000000E+001
8.20000000 2.10000000 1.03000000E+001
8.20000000 2.20000000 1.04000000E+001
8.20000000 2.30000000 1.05000000E+001
8.20000000 2.40000000 1.06000000E+001
8.20000000 2.50000000 1.07000000E+001
8.20000000 2.60000000 1.08000000E+001
8.20000000 2.70000000 1.09000000E+001
8.20000000 2.80000000 1.10000000E+001
8.20000000 2.90000000 1.11000000E+001
8.20000000 3.00000000 1.12000000E+001
8.20000000 3.10000000 1.13000000E+001
8.20000000 3.20000000 1.14000000E+001
8.20000000 3.30000000 1.15000000E+001
8.20000000 3.40000000 1.16000000E+001
8.20000000 3.50000000 1.17000000E+001
8.20000000 3.60000000 1.18000000E+001
8.20000000 3.70000000 1.19000000E+001
8.20000000 3.80000000 1.20000000E+001
8.20000000 3.90000000 1.21000000E+001
8.20000000 4.00000000 1.22000000E+001
8.20000000 4.10000000 1.23000000E+001
8.20000000 4.20000000 1.24000000E+001
8.20000000 4.30000000 1.25000000E+001
8.20000000 4.40000000 1.26000000E+001
8.20000000 4.50000000 1.27000000E+001
8.20000000 4.60000000 1.28000000E+001
8.20000000 4.70000000 1.29000000E+001
8.20000000 4.80000000 1.30000000E+001
8.20000000 4.90000000 1.31000000E+001
8.20000000 5.00000000 1.32000000E+001
8.20000000 5.10000000 1.33000000E+001
8.20000000 5.20000000 1.34000000E+001
8.20000000 5.30000000 1.35000000E+001
8.20000000 5.40000000 1.36000000E+001
8.20000000 5.50000000 1.37000000E+001
8.20000000 5.60000000 1.38000000E+001
8.20000000 5.70000000 1.39000000E+001
8.20000000 5.80000000 1.40000000E+001
8.20000000 5.90000000 1.41000000E+001
8.20000000 6.00000000 1.42000000E+001
8.20000000 6.10000000 1.43000000E+001
8.20000000 6.20000000 1.44000000E+001
8.20000000 6.30000000 1.45000000E+001
8.20000000 6.40000000 1.46000000E+001
8.20000000 6.50000000 1.47000000E+001
8.20000000 6.60000000 1.48000000E+001
8.20000000 6.70000000 1.49000000E+001
8.20000000 6.80000000 1.50000000E+001
8.20000000 6.90000000 1.51000000E+001
8.20000000 7.00000000 1.52000000E+001
8.20000000 7.10000000 1.53000000E+001
8.20000000 7.20000000 1.54000000E+001
8.20000000 7.30000000 1.55000000E+001
8.20000000 7.40000000 1.56000000E+001
8.20000000 7.50000000 1.57000000E+001
8.20000000 7.60000000 1.58000000E+001
8.20000000 7.70000000 1.59000000E+001
8.20000000 7.80000000 1.60000000E+001
8.20000000 7.90000000 1.61000000E+001
8.20000000 8.00000000 1.62000000E+001
8.20000000 8.10000000 1.63000000E+001
8.20000000 8.20000000 1.64000000E+001
8.20000000 8.30000000 1.65000000E+001
8.20000000 8.40000000 1.66000000E+001
8.20000000 8.50000000 1.67000000E+001
8.20000000 8.60000000 1.68000000E+001
8.20000000 8.70000000 1.69000000E+001
8.20000000 8.80000000 1.70000000E+001
8.20000000 8.90000000 1.71000000E+001
8.20000000 9.00000000 1.72000000E+001
8.20000000 9.10000000 1.73000000E+001
8.20000000 9.20000000 1.74000000E+001
8.20000000 9.30000000 1.75000000E+001
8.20000000 9.40000000 1.76000000E+001
8.20000000 9.50000000 1.77000000E+001
8.20000000 9.60000000 1.78000000E+001
8.20000000 9.70000000 1.79000000E+001
8.20000000 9.80000000 1.80000000E+001
8.20000000 9.90000000 1.81000000E+001
8.20000000 10.00000000 1.82000000E+001
8.20000000 10.10000000 1.83000000E+001
8.20000000 10.20000000 1.84000000E+001
8.20000000 10.30000000 1.85000000E+001
8.20000000 10.40000000 1.86000000E+001
8.20000000 10.50000000 1.87000000E+001
8.20000000 10.60000000 1.88000000E+001
8.20000000 10.70000000 1.89000000E+001
8.20000000 10.80000000 1.90000000E+001
8.20000000 10.90000000 1.91000000E+001
8.20000000 11.00000000 1.92000000E+001
8.30000000 1.00000000 9.30000000E+000
8.30000000 1.10000000 9.40000000E+000
8.30000000 1.20000000 9.50000000E+000
8.30000000 1.30000000 9.60000000E+000
8.30000000 1.40000000 9.70000000E+000
8.30000000 1.50000000 9.80000000E+000
8.30000000 1.60000000 9.90000000E+000
8.30000000 1.70000000 1.00000000E+001
8.30000000 1.80000000 1.01000000E+001
8.30000000 1.90000000 1.02000000E+001
8.30000000 2.00000000 1.03000000E+001
8.30000000 2.10000000 1.04000000E+001
8.30000000 2.20000000 1.05000000E+001
8.30000000 2.30000000 1.06000000E+001
8.30000000 2.40000000 1.07000000E+001
8.30000000 2.50000000 1.08000000E+001
8.30000000 2.60000000 1.09000000E+001
8.30000000 2.70000000 1.10000000E+001
8.30000000 2.80000000 1.11000000E+001
8.30000000 2.90000000 1.12000000E+001
8.30000000 3.00000000 1.13000000E+001
8.30000000 3.10000000 1.14000000E+001
8.30000000 3.20000000 1.15000000E+001
8.30000000 3.30000000 1.16000000E+001
8.30000000 3.40000000 1.17000000E+001
8.30000000 3.50000000 1.18000000E+001
8.30000000 3.60000000 1.19000000E+001
8.30000000 3.70000000 1.20000000E+001
8.30000000 3.80000000 1.21000000E+001
8.30000000 3.90000000 1.22000000E+001
8.30000000 4.00000000 1.23000000E+001
8.30000000 4.10000000 1.24000000E+001
8.30000000 4.20000000 1.25000000E+001
8.30000000 4.30000000 1.26000000E+001
8.30000000 4.40000000 1.27000000E+001
8.30000000 4.50000000 1.28000000E+001
8.30000000 4.60000000 1.29000000E+001
8.30000000 4.70000000 1.30000000E+001
8.30000000 4.80000000 1.31000000E+001
8.30000000 4.90000000 1.32000000E+001
8.30000000 5.00000000 1.33000000E+001
8.30000000 5.10000000 1.34000000E+001
8.30000000 5.20000000 1.35000000E+001
8.30000000 5.30000000 1.36000000E+001
8.30000000 5.40000000 1.37000000E+001
8.30000000 5.50000000 1.38000000E+001
8.30000000 5.60000000 1.39000000E+001
8.30000000 5.70000000 1.40000000E+001
8.30000000 5.80000000 1.41000000E+001
8.30000000 5.90000000 1.42000000E+001
8.30000000 6.00000000 1.43000000E+001
8.30000000 6.10000000 1.44000000E+001
8.30000000 6.20000000 1.45000000E+001
8.30000000 6.30000000 1.46000000E+001
8.30000000 6.40000000 1.47000000E+001
8.30000000 6.50000000 1.48000000E+001
8.30000000 6.60000000 1.49000000E+001
8.30000000 6.70000000 1.50000000E+001
8.30000000 6.80000000 1.51000000E+001
8.30000000 6.90000000 1.52000000E+001
8.30000000 7.00000000 1.53000000E+001
8.30000000 7.10000000 1.54000000E+001
8.30000000 7.20000000 1.55000000E+001
8.30000000 7.30000000 1.56000000E+001
8.30000000 7.40000000 1.57000000E+001
8.30000000 7.50000000 1.58000000E+001
8.30000000 7.60000000 1.59000000E+001
8.30000000 7.70000000 1.60000000E+001
8.30000000 7.80000000 1.61000000E+001
8.30000000 7.90000000 1.62000000E+001
8.30000000 8.00000000 1.63000000E+001
8.30000000 8.10000000 1.64000000E+001
8.30000000 8.20000000 1.65000000E+001
8.30000000 8.30000000 1.66000000E+001
8.30000000 8.40000000 1.67000000E+001
8.30000000 8.50000000 1.68000000E+001
8.30000000 8.60000000 1.69000000E+001
8.30000000 8.70000000 1.70000000E+001
8.30000000 8.80000000 1.71000000E+001
8.30000000 8.90000000 1.72000000E+001
8.30000000 9.00000000 1.73000000E+001
8.30000000 9.10000000 1.74000000E+001
8.30000000 9.20000000 1.75000000E+001
8.30000000 9.30000000 1.76000000E+001
8.30000000 9.40000000 1.77000000E+001
8.30000000 9.50000000 1.78000000E+001
8.30000000 9.60000000 1.79000000E+001
8.30000000 9.70000000 1.80000000E+001
8.30000000 9.80000000 1.81000000E+001
8.30000000 9.90000000 1.82000000E+001
8.30000000 10.00000000 1.83000000E+001
8.30000000 10.10000000 1.84000000E+001
8.30000000 10.20000000 1.85000000E+001
8.30000000 10.30000000 1.86000000E+001
8.30000000 10.40000000 1.87000000E+001
8.30000000 10.50000000 1.88000000E+001
8.30000000 10.60000000 1.89000000E+001
8.30000000 10.70000000 1.90000000E+001
8.30000000 10.80000000 1.91000000E+001
8.30000000 10.90000000 1.92000000E+001
8.30000000 11.00000000 1.93000000E+001
8.40000000 1.00000000 9.40000000E+000
8.40000000 1.10000000 9.50000000E+000
8.40000000 1.20000000 9.60000000E+000
8.40000000 1.30000000 9.70000000E+000
8.40000000 1.40000000 9.80000000E+000
8.40000000 1.50000000 9.90000000E+000
8.40000000 1.60000000 1.00000000E+001
8.40000000 1.70000000 1.01000000E+001
8.40000000 1.80000000 1.02000000E+001
8.40000000 1.90000000 1.03000000E+001
8.40000000 2.00000000 1.04000000E+001
8.40000000 2.10000000 1.05000000E+001
8.40000000 2.20000000 1.06000000E+001
8.40000000 2.30000000 1.07000000E+001
8.40000000 2.40000000 1.08000000E+001
8.40000000 2.50000000 1.09000000E+001
8.40000000 2.60000000 1.10000000E+001
8.40000000 2.70000000 1.11000000E+001
8.40000000 2.80000000 1.12000000E+001
8.40000000 2.90000000 1.13000000E+001
8.40000000 3.00000000 1.14000000E+001
8.40000000 3.10000000 1.15000000E+001
8.40000000 3.20000000 1.16000000E+001
8.40000000 3.30000000 1.17000000E+001
8.40000000 3.40000000 1.18000000E+001
8.40000000 3.50000000 1.19000000E+001
8.40000000 3.60000000 1.20000000E+001
8.40000000 3.70000000 1.21000000E+001
8.40000000 3.80000000 1.22000000E+001
8.40000000 3.90000000 1.23000000E+001
8.40000000 4.00000000 1.24000000E+001
8.40000000 4.10000000 1.25000000E+001
8.40000000 4.20000000 1.26000000E+001
8.40000000 4.30000000 1.27000000E+001
8.40000000 4.40000000 1.28000000E+001
8.40000000 4.50000000 1.29000000E+001
8.40000000 4.60000000 1.30000000E+001
8.40000000 4.70000000 1.31000000E+001
8.40000000 4.80000000 1.32000000E+001
8.40000000 4.90000000 1.33000000E+001
8.40000000 5.00000000 1.34000000E+001
8.40000000 5.10000000 1.35000000E+001
8.40000000 5.20000000 1.36000000E+001
8.40000000 5.30000000 1.37000000E+001
8.40000000 5.40000000 1.38000000E+001
8.40000000 5.50000000 1.39000000E+001
8.40000000 5.60000000 1.40000000E+001
8.40000000 5.70000000 1.41000000E+001
8.40000000 5.80000000 1.42000000E+001
8.40000000 5.90000000 1.43000000E+001
8.40000000 6.00000000 1.44000000E+001
8.40000000 6.10000000 1.45000000E+001
8.40000000 6.20000000 1.46000000E+001
8.40000000 6.30000000 1.47000000E+001
8.40000000 6.40000000 1.48000000E+001
8.40000000 6.50000000 1.49000000E+001
8.40000000 6.60000000 1.50000000E+001
8.40000000 6.70000000 1.51000000E+001
8.40000000 6.80000000 1.52000000E+001
8.40000000 6.90000000 1.53000000E+001
8.40000000 7.00000000 1.54000000E+001
8.40000000 7.10000000 1.55000000E+001
8.40000000 7.20000000 1.56000000E+001
8.40000000 7.30000000 1.57000000E+001
8.40000000 7.40000000 1.58000000E+001
8.40000000 7.50000000 1.59000000E+001
8.40000000 7.60000000 1.60000000E+001
8.40000000 7.70000000 1.61000000E+001
8.40000000 7.80000000 1.62000000E+001
8.40000000 7.90000000 1.63000000E+001
8.40000000 8.00000000 1.64000000E+001
8.40000000 8.10000000 1.65000000E+001
8.40000000 8.20000000 1.66000000E+001
8.40000000 8.30000000 1.67000000E+001
8.40000000 8.40000000 1.68000000E+001
8.40000000 8.50000000 1.69000000E+001
8.40000000 8.60000000 1.70000000E+001
8.40000000 8.70000000 1.71000000E+001
8.40000000 8.80000000 1.72000000E+001
8.40000000 8.90000000 1.73000000E+001
8.40000000 9.00000000 1.74000000E+001
8.40000000 9.10000000 1.75000000E+001
8.40000000 9.20000000 1.76000000E+001
8.40000000 9.30000000 1.77000000E+001
8.40000000 9.40000000 1.78000000E+001
8.40000000 9.50000000 1.79000000E+001
8.40000000 9.60000000 1.80000000E+001
8.40000000 9.70000000 1.81000000E+001
8.40000000 9.80000000 1.82000000E+001
8.40000000 9.90000000 1.83000000E+001
8.40000000 10.00000000 1.84000000E+001
8.40000000 10.10000000 1.85000000E+001
8.40000000 10.20000000 1.86000000E+001
8.40000000 10.30000000 1.87000000E+001
8.40000000 10.40000000 1.88000000E+001
8.40000000 10.50000000 1.89000000E+001
8.40000000 10.60000000 1.90000000E+001
8.40000000 10.70000000 1.91000000E+001
8.40000000 10.80000000 1.92000000E+001
8.40000000 10.90000000 1.93000000E+001
8.40000000 11.00000000 1.94000000E+001
8.50000000 1.00000000 9.50000000E+000
8.50000000 1.10000000 9.60000000E+000
8.50000000 1.20000000 9.70000000E+000
8.50000000 1.30000000 9.80000000E+000
8.50000000 1.40000000 9.90000000E+000
8.50000000 1.50000000 1.00000000E+001
8.50000000 1.60000000 1.01000000E+001
8.50000000 1.70000000 1.02000000E+001
8.50000000 1.80000000 1.03000000E+001
8.50000000 1.90000000 1.04000000E+001
8.50000000 2.00000000 1.05000000E+001
8.50000000 2.10000000 1.06000000E+001
8.50000000 2.20000000 1.07000000E+001
8.50000000 2.30000000 1.08000000E+001
8.50000000 2.40000000 1.09000000E+001
8.50000000 2.50000000 1.10000000E+001
8.50000000 2.60000000 1.11000000E+001
8.50000000 2.70000000 1.12000000E+001
8.50000000 2.80000000 1.13000000E+001
8.50000000 2.90000000 1.14000000E+001
8.50000000 3.00000000 1.15000000E+001
8.50000000 3.10000000 1.16000000E+001
8.50000000 3.20000000 1.17000000E+001
8.50000000 3.30000000 1.18000000E+001
8.50000000 3.40000000 1.19000000E+001
8.50000000 3.50000000 1.20000000E+001
8.50000000 3.60000000 1.21000000E+001
8.50000000 3.70000000 1.22000000E+001
8.50000000 3.80000000 1.23000000E+001
8.50000000 3.90000000 1.24000000E+001
8.50000000 4.00000000 1.25000000E+001
8.50000000 4.10000000 1.26000000E+001
8.50000000 4.20000000 1.27000000E+001
8.50000000 4.30000000 1.28000000E+001
8.50000000 4.40000000 1.29000000E+001
8.50000000 4.50000000 1.30000000E+001
8.50000000 4.60000000 1.31000000E+001
8.50000000 4.70000000 1.32000000E+001
8.50000000 4.80000000 1.33000000E+001
8.50000000 4.90000000 1.34000000E+001
8.50000000 5.00000000 1.35000000E+001
8.50000000 5.10000000 1.36000000E+001
8.50000000 5.20000000 1.37000000E+001
8.50000000 5.30000000 1.38000000E+001
8.50000000 5.40000000 1.39000000E+001
8.50000000 5.50000000 1.40000000E+001
8.50000000 5.60000000 1.41000000E+001
8.50000000 5.70000000 1.42000000E+001
8.50000000 5.80000000 1.43000000E+001
8.50000000 5.90000000 1.44000000E+001
8.50000000 6.00000000 1.45000000E+001
8.50000000 6.10000000 1.46000000E+001
8.50000000 6.20000000 1.47000000E+001
8.50000000 6.30000000 1.48000000E+001
8.50000000 6.40000000 1.49000000E+001
8.50000000 6.50000000 1.50000000E+001
8.50000000 6.60000000 1.51000000E+001
8.50000000 6.70000000 1.52000000E+001
8.50000000 6.80000000 1.53000000E+001
8.50000000 6.90000000 1.54000000E+001
8.50000000 7.00000000 1.55000000E+001
8.50000000 7.10000000 1.56000000E+001
8.50000000 7.20000000 1.57000000E+001
8.50000000 7.30000000 1.58000000E+001
8.50000000 7.40000000 1.59000000E+001
8.50000000 7.50000000 1.60000000E+001
8.50000000 7.60000000 1.61000000E+001
8.50000000 7.70000000 1.62000000E+001
8.50000000 7.80000000 1.63000000E+001
8.50000000 7.90000000 1.64000000E+001
8.50000000 8.00000000 1.65000000E+001
8.50000000 8.10000000 1.66000000E+001
8.50000000 8.20000000 1.67000000E+001
8.50000000 8.30000000 1.68000000E+001
8.50000000 8.40000000 1.69000000E+001
8.50000000 8.50000000 1.70000000E+001
8.50000000 8.60000000 1.71000000E+001
8.50000000 8.70000000 1.72000000E+001
8.50000000 8.80000000 1.73000000E+001
8.50000000 8.90000000 1.74000000E+001
8.50000000 9.00000000 1.75000000E+001
8.50000000 9.10000000 1.76000000E+001
8.50000000 9.20000000 1.77000000E+001
8.50000000 9.30000000 1.78000000E+001
8.50000000 9.40000000 1.79000000E+001
8.50000000 9.50000000 1.80000000E+001
8.50000000 9.60000000 1.81000000E+001
8.50000000 9.70000000 1.82000000E+001
8.50000000 9.80000000 1.83000000E+001
8.50000000 9.90000000 1.84000000E+001
8.50000000 10.00000000 1.85000000E+001
8.50000000 10.10000000 1.86000000E+001
8.50000000 10.20000000 1.87000000E+001
8.50000000 10.30000000 1.88000000E+001
8.50000000 10.40000000 1.89000000E+001
8.50000000 10.50000000 1.90000000E+001
8.50000000 10.60000000 1.91000000E+001
8.50000000 10.70000000 1.92000000E+001
8.50000000 10.80000000 1.93000000E+001
8.50000000 10.90000000 1.94000000E+001
8.50000000 11.00000000 1.95000000E+001
8.60000000 1.00000000 9.60000000E+000
8.60000000 1.10000000 9.70000000E+000
8.60000000 1.20000000 9.80000000E+000
8.60000000 1.30000000 9.90000000E+000
8.60000000 1.40000000 1.00000000E+001
8.60000000 1.50000000 1.01000000E+001
8.60000000 1.60000000 1.02000000E+001
8.60000000 1.70000000 1.03000000E+001
8.60000000 1.80000000 1.04000000E+001
8.60000000 1.90000000 1.05000000E+001
8.60000000 2.00000000 1.06000000E+001
8.60000000 2.10000000 1.07000000E+001
8.60000000 2.20000000 1.08000000E+001
8.60000000 2.30000000 1.09000000E+001
8.60000000 2.40000000 1.10000000E+001
8.60000000 2.50000000 1.11000000E+001
8.60000000 2.60000000 1.12000000E+001
8.60000000 2.70000000 1.13000000E+001
8.60000000 2.80000000 1.14000000E+001
8.60000000 2.90000000 1.15000000E+001
8.60000000 3.00000000 1.16000000E+001
8.60000000 3.10000000 1.17000000E+001
8.60000000 3.20000000 1.18000000E+001
8.60000000 3.30000000 1.19000000E+001
8.60000000 3.40000000 1.20000000E+001
8.60000000 3.50000000 1.21000000E+001
8.60000000 3.60000000 1.22000000E+001
8.60000000 3.70000000 1.23000000E+001
8.60000000 3.80000000 1.24000000E+001
8.60000000 3.90000000 1.25000000E+001
8.60000000 4.00000000 1.26000000E+001
8.60000000 4.10000000 1.27000000E+001
8.60000000 4.20000000 1.28000000E+001
8.60000000 4.30000000 1.29000000E+001
8.60000000 4.40000000 1.30000000E+001
8.60000000 4.50000000 1.31000000E+001
8.60000000 4.60000000 1.32000000E+001
8.60000000 4.70000000 1.33000000E+001
8.60000000 4.80000000 1.34000000E+001
8.60000000 4.90000000 1.35000000E+001
8.60000000 5.00000000 1.36000000E+001
8.60000000 5.10000000 1.37000000E+001
8.60000000 5.20000000 1.38000000E+001
8.60000000 5.30000000 1.39000000E+001
8.60000000 5.40000000 1.40000000E+001
8.60000000 5.50000000 1.41000000E+001
8.60000000 5.60000000 1.42000000E+001
8.60000000 5.70000000 1.43000000E+001
8.60000000 5.80000000 1.44000000E+001
8.60000000 5.90000000 1.45000000E+001
8.60000000 6.00000000 1.46000000E+001
8.60000000 6.10000000 1.47000000E+001
8.60000000 6.20000000 1.48000000E+001
8.60000000 6.30000000 1.49000000E+001
8.60000000 6.40000000 1.50000000E+001
8.60000000 6.50000000 1.51000000E+001
8.60000000 6.60000000 1.52000000E+001
8.60000000 6.70000000 1.53000000E+001
8.60000000 6.80000000 1.54000000E+001
8.60000000 6.90000000 1.55000000E+001
8.60000000 7.00000000 1.56000000E+001
8.60000000 7.10000000 1.57000000E+001
8.60000000 7.20000000 1.58000000E+001
8.60000000 7.30000000 1.59000000E+001
8.60000000 7.40000000 1.60000000E+001
8.60000000 7.50000000 1.61000000E+001
8.60000000 7.60000000 1.62000000E+001
8.60000000 7.70000000 1.63000000E+001
8.60000000 7.80000000 1.64000000E+001
8.60000000 7.90000000 1.65000000E+001
8.60000000 8.00000000 1.66000000E+001
8.60000000 8.10000000 1.67000000E+001
8.60000000 8.20000000 1.68000000E+001
8.60000000 8.30000000 1.69000000E+001
8.60000000 8.40000000 1.70000000E+001
8.60000000 8.50000000 1.71000000E+001
8.60000000 8.60000000 1.72000000E+001
8.60000000 8.70000000 1.73000000E+001
8.60000000 8.80000000 1.74000000E+001
8.60000000 8.90000000 1.75000000E+001
8.60000000 9.00000000 1.76000000E+001
8.60000000 9.10000000 1.77000000E+001
8.60000000 9.20000000 1.78000000E+001
8.60000000 9.30000000 1.79000000E+001
8.60000000 9.40000000 1.80000000E+001
8.60000000 9.50000000 1.81000000E+001
8.60000000 9.60000000 1.82000000E+001
8.60000000 9.70000000 1.83000000E+001
8.60000000 9.80000000 1.84000000E+001
8.60000000 9.90000000 1.85000000E+001
8.60000000 10.00000000 1.86000000E+001
8.60000000 10.10000000 1.87000000E+001
8.60000000 10.20000000 1.88000000E+001
8.60000000 10.30000000 1.89000000E+001
8.60000000 10.40000000 1.90000000E+001
8.60000000 10.50000000 1.91000000E+001
8.60000000 10.60000000 1.92000000E+001
8.60000000 10.70000000 1.93000000E+001
8.60000000 10.80000000 1.94000000E+001
8.60000000 10.90000000 1.95000000E+001
8.60000000 11.00000000 1.96000000E+001
8.70000000 1.00000000 9.70000000E+000
8.70000000 1.10000000 9.80000000E+000
8.70000000 1.20000000 9.90000000E+000
8.70000000 1.30000000 1.00000000E+001
8.70000000 1.40000000 1.01000000E+001
8.70000000 1.50000000 1.02000000E+001
8.70000000 1.60000000 1.03000000E+001
8.70000000 1.70000000 1.04000000E+001
8.70000000 1.80000000 1.05000000E+001
8.70000000 1.90000000 1.06000000E+001
8.70000000 2.00000000 1.07000000E+001
8.70000000 2.10000000 1.08000000E+001
8.70000000 2.20000000 1.09000000E+001
8.70000000 2.30000000 1.10000000E+001
8.70000000 2.40000000 1.11000000E+001
8.70000000 2.50000000 1.12000000E+001
8.70000000 2.60000000 1.13000000E+001
8.70000000 2.70000000 1.14000000E+001
8.70000000 2.80000000 1.15000000E+001
8.70000000 2.90000000 1.16000000E+001
8.70000000 3.00000000 1.17000000E+001
8.70000000 3.10000000 1.18000000E+001
8.70000000 3.20000000 1.19000000E+001
8.70000000 3.30000000 1.20000000E+001
8.70000000 3.40000000 1.21000000E+001
8.70000000 3.50000000 1.22000000E+001
8.70000000 3.60000000 1.23000000E+001
8.70000000 3.70000000 1.24000000E+001
8.70000000 3.80000000 1.25000000E+001
8.70000000 3.90000000 1.26000000E+001
8.70000000 4.00000000 1.27000000E+001
8.70000000 4.10000000 1.28000000E+001
8.70000000 4.20000000 1.29000000E+001
8.70000000 4.30000000 1.30000000E+001
8.70000000 4.40000000 1.31000000E+001
8.70000000 4.50000000 1.32000000E+001
8.70000000 4.60000000 1.33000000E+001
8.70000000 4.70000000 1.34000000E+001
8.70000000 4.80000000 1.35000000E+001
8.70000000 4.90000000 1.36000000E+001
8.70000000 5.00000000 1.37000000E+001
8.70000000 5.10000000 1.38000000E+001
8.70000000 5.20000000 1.39000000E+001
8.70000000 5.30000000 1.40000000E+001
8.70000000 5.40000000 1.41000000E+001
8.70000000 5.50000000 1.42000000E+001
8.70000000 5.60000000 1.43000000E+001
8.70000000 5.70000000 1.44000000E+001
8.70000000 5.80000000 1.45000000E+001
8.70000000 5.90000000 1.46000000E+001
8.70000000 6.00000000 1.47000000E+001
8.70000000 6.10000000 1.48000000E+001
8.70000000 6.20000000 1.49000000E+001
8.70000000 6.30000000 1.50000000E+001
8.70000000 6.40000000 1.51000000E+001
8.70000000 6.50000000 1.52000000E+001
8.70000000 6.60000000 1.53000000E+001
8.70000000 6.70000000 1.54000000E+001
8.70000000 6.80000000 1.55000000E+001
8.70000000 6.90000000 1.56000000E+001
8.70000000 7.00000000 1.57000000E+001
8.70000000 7.10000000 1.58000000E+001
8.70000000 7.20000000 1.59000000E+001
8.70000000 7.30000000 1.60000000E+001
8.70000000 7.40000000 1.61000000E+001
8.70000000 7.50000000 1.62000000E+001
8.70000000 7.60000000 1.63000000E+001
8.70000000 7.70000000 1.64000000E+001
8.70000000 7.80000000 1.65000000E+001
8.70000000 7.90000000 1.66000000E+001
8.70000000 8.00000000 1.67000000E+001
8.70000000 8.10000000 1.68000000E+001
8.70000000 8.20000000 1.69000000E+001
8.70000000 8.30000000 1.70000000E+001
8.70000000 8.40000000 1.71000000E+001
8.70000000 8.50000000 1.72000000E+001
8.70000000 8.60000000 1.73000000E+001
8.70000000 8.70000000 1.74000000E+001
8.70000000 8.80000000 1.75000000E+001
8.70000000 8.90000000 1.76000000E+001
8.70000000 9.00000000 1.77000000E+001
8.70000000 9.10000000 1.78000000E+001
8.70000000 9.20000000 1.79000000E+001
8.70000000 9.30000000 1.80000000E+001
8.70000000 9.40000000 1.81000000E+001
8.70000000 9.50000000 1.82000000E+001
8.70000000 9.60000000 1.83000000E+001
8.70000000 9.70000000 1.84000000E+001
8.70000000 9.80000000 1.85000000E+001
8.70000000 9.90000000 1.86000000E+001
8.70000000 10.00000000 1.87000000E+001
8.70000000 10.10000000 1.88000000E+001
8.70000000 10.20000000 1.89000000E+001
8.70000000 10.30000000 1.90000000E+001
8.70000000 10.40000000 1.91000000E+001
8.70000000 10.50000000 1.92000000E+001
8.70000000 10.60000000 1.93000000E+001
8.70000000 10.70000000 1.94000000E+001
8.70000000 10.80000000 1.95000000E+001
8.70000000 10.90000000 1.96000000E+001
8.70000000 11.00000000 1.97000000E+001
8.80000000 1.00000000 9.80000000E+000
8.80000000 1.10000000 9.90000000E+000
8.80000000 1.20000000 1.00000000E+001
8.80000000 1.30000000 1.01000000E+001
8.80000000 1.40000000 1.02000000E+001
8.80000000 1.50000000 1.03000000E+001
8.80000000 1.60000000 1.04000000E+001
8.80000000 1.70000000 1.05000000E+001
8.80000000 1.80000000 1.06000000E+001
8.80000000 1.90000000 1.07000000E+001
8.80000000 2.00000000 1.08000000E+001
8.80000000 2.10000000 1.09000000E+001
8.80000000 2.20000000 1.10000000E+001
8.80000000 2.30000000 1.11000000E+001
8.80000000 2.40000000 1.12000000E+001
8.80000000 2.50000000 1.13000000E+001
8.80000000 2.60000000 1.14000000E+001
8.80000000 2.70000000 1.15000000E+001
8.80000000 2.80000000 1.16000000E+001
8.80000000 2.90000000 1.17000000E+001
8.80000000 3.00000000 1.18000000E+001
8.80000000 3.10000000 1.19000000E+001
8.80000000 3.20000000 1.20000000E+001
8.80000000 3.30000000 1.21000000E+001
8.80000000 3.40000000 1.22000000E+001
8.80000000 3.50000000 1.23000000E+001
8.80000000 3.60000000 1.24000000E+001
8.80000000 3.70000000 1.25000000E+001
8.80000000 3.80000000 1.26000000E+001
8.80000000 3.90000000 1.27000000E+001
8.80000000 4.00000000 1.28000000E+001
8.80000000 4.10000000 1.29000000E+001
8.80000000 4.20000000 1.30000000E+001
8.80000000 4.30000000 1.31000000E+001
8.80000000 4.40000000 1.32000000E+001
8.80000000 4.50000000 1.33000000E+001
8.80000000 4.60000000 1.34000000E+001
8.80000000 4.70000000 1.35000000E+001
8.80000000 4.80000000 1.36000000E+001
8.80000000 4.90000000 1.37000000E+001
8.80000000 5.00000000 1.38000000E+001
8.80000000 5.10000000 1.39000000E+001
8.80000000 5.20000000 1.40000000E+001
8.80000000 5.30000000 1.41000000E+001
8.80000000 5.40000000 1.42000000E+001
8.80000000 5.50000000 1.43000000E+001
8.80000000 5.60000000 1.44000000E+001
8.80000000 5.70000000 1.45000000E+001
8.80000000 5.80000000 1.46000000E+001
8.80000000 5.90000000 1.47000000E+001
8.80000000 6.00000000 1.48000000E+001
8.80000000 6.10000000 1.49000000E+001
8.80000000 6.20000000 1.50000000E+001
8.80000000 6.30000000 1.51000000E+001
8.80000000 6.40000000 1.52000000E+001
8.80000000 6.50000000 1.53000000E+001
8.80000000 6.60000000 1.54000000E+001
8.80000000 6.70000000 1.55000000E+001
8.80000000 6.80000000 1.56000000E+001
8.80000000 6.90000000 1.57000000E+001
8.80000000 7.00000000 1.58000000E+001
8.80000000 7.10000000 1.59000000E+001
8.80000000 7.20000000 1.60000000E+001
8.80000000 7.30000000 1.61000000E+001
8.80000000 7.40000000 1.62000000E+001
8.80000000 7.50000000 1.63000000E+001
8.80000000 7.60000000 1.64000000E+001
8.80000000 7.70000000 1.65000000E+001
8.80000000 7.80000000 1.66000000E+001
8.80000000 7.90000000 1.67000000E+001
8.80000000 8.00000000 1.68000000E+001
8.80000000 8.10000000 1.69000000E+001
8.80000000 8.20000000 1.70000000E+001
8.80000000 8.30000000 1.71000000E+001
8.80000000 8.40000000 1.72000000E+001
8.80000000 8.50000000 1.73000000E+001
8.80000000 8.60000000 1.74000000E+001
8.80000000 8.70000000 1.75000000E+001
8.80000000 8.80000000 1.76000000E+001
8.80000000 8.90000000 1.77000000E+001
8.80000000 9.00000000 1.78000000E+001
8.80000000 9.10000000 1.79000000E+001
8.80000000 9.20000000 1.80000000E+001
8.80000000 9.30000000 1.81000000E+001
8.80000000 9.40000000 1.82000000E+001
8.80000000 9.50000000 1.83000000E+001
8.80000000 9.60000000 1.84000000E+001
8.80000000 9.70000000 1.85000000E+001
8.80000000 9.80000000 1.86000000E+001
8.80000000 9.90000000 1.87000000E+001
8.80000000 10.00000000 1.88000000E+001
8.80000000 10.10000000 1.89000000E+001
8.80000000 10.20000000 1.90000000E+001
8.80000000 10.30000000 1.91000000E+001
8.80000000 10.40000000 1.92000000E+001
8.80000000 10.50000000 1.93000000E+001
8.80000000 10.60000000 1.94000000E+001
8.80000000 10.70000000 1.95000000E+001
8.80000000 10.80000000 1.96000000E+001
8.80000000 10.90000000 1.97000000E+001
8.80000000 11.00000000 1.98000000E+001
8.90000000 1.00000000 9.90000000E+000
8.90000000 1.10000000 1.00000000E+001
8.90000000 1.20000000 1.01000000E+001
8.90000000 1.30000000 1.02000000E+001
8.90000000 1.40000000 1.03000000E+001
8.90000000 1.50000000 1.04000000E+001
8.90000000 1.60000000 1.05000000E+001
8.90000000 1.70000000 1.06000000E+001
8.90000000 1.80000000 1.07000000E+001
8.90000000 1.90000000 1.08000000E+001
8.90000000 2.00000000 1.09000000E+001
8.90000000 2.10000000 1.10000000E+001
8.90000000 2.20000000 1.11000000E+001
8.90000000 2.30000000 1.12000000E+001
8.90000000 2.40000000 1.13000000E+001
8.90000000 2.50000000 1.14000000E+001
8.90000000 2.60000000 1.15000000E+001
8.90000000 2.70000000 1.16000000E+001
8.90000000 2.80000000 1.17000000E+001
8.90000000 2.90000000 1.18000000E+001
8.90000000 3.00000000 1.19000000E+001
8.90000000 3.10000000 1.20000000E+001
8.90000000 3.20000000 1.21000000E+001
8.90000000 3.30000000 1.22000000E+001
8.90000000 3.40000000 1.23000000E+001
8.90000000 3.50000000 1.24000000E+001
8.90000000 3.60000000 1.25000000E+001
8.90000000 3.70000000 1.26000000E+001
8.90000000 3.80000000 1.27000000E+001
8.90000000 3.90000000 1.28000000E+001
8.90000000 4.00000000 1.29000000E+001
8.90000000 4.10000000 1.30000000E+001
8.90000000 4.20000000 1.31000000E+001
8.90000000 4.30000000 1.32000000E+001
8.90000000 4.40000000 1.33000000E+001
8.90000000 4.50000000 1.34000000E+001
8.90000000 4.60000000 1.35000000E+001
8.90000000 4.70000000 1.36000000E+001
8.90000000 4.80000000 1.37000000E+001
8.90000000 4.90000000 1.38000000E+001
8.90000000 5.00000000 1.39000000E+001
8.90000000 5.10000000 1.40000000E+001
8.90000000 5.20000000 1.41000000E+001
8.90000000 5.30000000 1.42000000E+001
8.90000000 5.40000000 1.43000000E+001
8.90000000 5.50000000 1.44000000E+001
8.90000000 5.60000000 1.45000000E+001
8.90000000 5.70000000 1.46000000E+001
8.90000000 5.80000000 1.47000000E+001
8.90000000 5.90000000 1.48000000E+001
8.90000000 6.00000000 1.49000000E+001
8.90000000 6.10000000 1.50000000E+001
8.90000000 6.20000000 1.51000000E+001
8.90000000 6.30000000 1.52000000E+001
8.90000000 6.40000000 1.53000000E+001
8.90000000 6.50000000 1.54000000E+001
8.90000000 6.60000000 1.55000000E+001
8.90000000 6.70000000 1.56000000E+001
8.90000000 6.80000000 1.57000000E+001
8.90000000 6.90000000 1.58000000E+001
8.90000000 7.00000000 1.59000000E+001
8.90000000 7.10000000 1.60000000E+001
8.90000000 7.20000000 1.61000000E+001
8.90000000 7.30000000 1.62000000E+001
8.90000000 7.40000000 1.63000000E+001
8.90000000 7.50000000 1.64000000E+001
8.90000000 7.60000000 1.65000000E+001
8.90000000 7.70000000 1.66000000E+001
8.90000000 7.80000000 1.67000000E+001
8.90000000 7.90000000 1.68000000E+001
8.90000000 8.00000000 1.69000000E+001
8.90000000 8.10000000 1.70000000E+001
8.90000000 8.20000000 1.71000000E+001
8.90000000 8.30000000 1.72000000E+001
8.90000000 8.40000000 1.73000000E+001
8.90000000 8.50000000 1.74000000E+001
8.90000000 8.60000000 1.75000000E+001
8.90000000 8.70000000 1.76000000E+001
8.90000000 8.80000000 1.77000000E+001
8.90000000 8.90000000 1.78000000E+001
8.90000000 9.00000000 1.79000000E+001
8.90000000 9.10000000 1.80000000E+001
8.90000000 9.20000000 1.81000000E+001
8.90000000 9.30000000 1.82000000E+001
8.90000000 9.40000000 1.83000000E+001
8.90000000 9.50000000 1.84000000E+001
8.90000000 9.60000000 1.85000000E+001
8.90000000 9.70000000 1.86000000E+001
8.90000000 9.80000000 1.87000000E+001
8.90000000 9.90000000 1.88000000E+001
8.90000000 10.00000000 1.89000000E+001
8.90000000 10.10000000 1.90000000E+001
8.90000000 10.20000000 1.91000000E+001
8.90000000 10.30000000 1.92000000E+001
8.90000000 10.40000000 1.93000000E+001
8.90000000 10.50000000 1.94000000E+001
8.90000000 10.60000000 1.95000000E+001
8.90000000 10.70000000 1.96000000E+001
8.90000000 10.80000000 1.97000000E+001
8.90000000 10.90000000 1.98000000E+001
8.90000000 11.00000000 1.99000000E+001
9.00000000 1.00000000 1.00000000E+001
9.00000000 1.10000000 1.01000000E+001
9.00000000 1.20000000 1.02000000E+001
9.00000000 1.30000000 1.03000000E+001
9.00000000 1.40000000 1.04000000E+001
9.00000000 1.50000000 1.05000000E+001
9.00000000 1.60000000 1.06000000E+001
9.00000000 1.70000000 1.07000000E+001
9.00000000 1.80000000 1.08000000E+001
9.00000000 1.90000000 1.09000000E+001
9.00000000 2.00000000 1.10000000E+001
9.00000000 2.10000000 1.11000000E+001
9.00000000 2.20000000 1.12000000E+001
9.00000000 2.30000000 1.13000000E+001
9.00000000 2.40000000 1.14000000E+001
9.00000000 2.50000000 1.15000000E+001
9.00000000 2.60000000 1.16000000E+001
9.00000000 2.70000000 1.17000000E+001
9.00000000 2.80000000 1.18000000E+001
9.00000000 2.90000000 1.19000000E+001
9.00000000 3.00000000 1.20000000E+001
9.00000000 3.10000000 1.21000000E+001
9.00000000 3.20000000 1.22000000E+001
9.00000000 3.30000000 1.23000000E+001
9.00000000 3.40000000 1.24000000E+001
9.00000000 3.50000000 1.25000000E+001
9.00000000 3.60000000 1.26000000E+001
9.00000000 3.70000000 1.27000000E+001
9.00000000 3.80000000 1.28000000E+001
9.00000000 3.90000000 1.29000000E+001
9.00000000 4.00000000 1.30000000E+001
9.00000000 4.10000000 1.31000000E+001
9.00000000 4.20000000 1.32000000E+001
9.00000000 4.30000000 1.33000000E+001
9.00000000 4.40000000 1.34000000E+001
9.00000000 4.50000000 1.35000000E+001
9.00000000 4.60000000 1.36000000E+001
9.00000000 4.70000000 1.37000000E+001
9.00000000 4.80000000 1.38000000E+001
9.00000000 4.90000000 1.39000000E+001
9.00000000 5.00000000 1.40000000E+001
9.00000000 5.10000000 1.41000000E+001
9.00000000 5.20000000 1.42000000E+001
9.00000000 5.30000000 1.43000000E+001
9.00000000 5.40000000 1.44000000E+001
9.00000000 5.50000000 1.45000000E+001
9.00000000 5.60000000 1.46000000E+001
9.00000000 5.70000000 1.47000000E+001
9.00000000 5.80000000 1.48000000E+001
9.00000000 5.90000000 1.49000000E+001
9.00000000 6.00000000 1.50000000E+001
9.00000000 6.10000000 1.51000000E+001
9.00000000 6.20000000 1.52000000E+001
9.00000000 6.30000000 1.53000000E+001
9.00000000 6.40000000 1.54000000E+001
9.00000000 6.50000000 1.55000000E+001
9.00000000 6.60000000 1.56000000E+001
9.00000000 6.70000000 1.57000000E+001
9.00000000 6.80000000 1.58000000E+001
9.00000000 6.90000000 1.59000000E+001
9.00000000 7.00000000 1.60000000E+001
9.00000000 7.10000000 1.61000000E+001
9.00000000 7.20000000 1.62000000E+001
9.00000000 7.30000000 1.63000000E+001
9.00000000 7.40000000 1.64000000E+001
9.00000000 7.50000000 1.65000000E+001
9.00000000 7.60000000 1.66000000E+001
9.00000000 7.70000000 1.67000000E+001
9.00000000 7.80000000 1.68000000E+001
9.00000000 7.90000000 1.69000000E+001
9.00000000 8.00000000 1.70000000E+001
9.00000000 8.10000000 1.71000000E+001
9.00000000 8.20000000 1.72000000E+001
9.00000000 8.30000000 1.73000000E+001
9.00000000 8.40000000 1.74000000E+001
9.00000000 8.50000000 1.75000000E+001
9.00000000 8.60000000 1.76000000E+001
9.00000000 8.70000000 1.77000000E+001
9.00000000 8.80000000 1.78000000E+001
9.00000000 8.90000000 1.79000000E+001
9.00000000 9.00000000 1.80000000E+001
9.00000000 9.10000000 1.81000000E+001
9.00000000 9.20000000 1.82000000E+001
9.00000000 9.30000000 1.83000000E+001
9.00000000 9.40000000 1.84000000E+001
9.00000000 9.50000000 1.85000000E+001
9.00000000 9.60000000 1.86000000E+001
9.00000000 9.70000000 1.87000000E+001
9.00000000 9.80000000 1.88000000E+001
9.00000000 9.90000000 1.89000000E+001
9.00000000 10.00000000 1.90000000E+001
9.00000000 10.10000000 1.91000000E+001
9.00000000 10.20000000 1.92000000E+001
9.00000000 10.30000000 1.93000000E+001
9.00000000 10.40000000 1.94000000E+001
9.00000000 10.50000000 1.95000000E+001
9.00000000 10.60000000 1.96000000E+001
9.00000000 10.70000000 1.97000000E+001
9.00000000 10.80000000 1.98000000E+001
9.00000000 10.90000000 1.99000000E+001
9.00000000 11.00000000 2.00000000E+001
9.10000000 1.00000000 1.01000000E+001
9.10000000 1.10000000 1.02000000E+001
9.10000000 1.20000000 1.03000000E+001
9.10000000 1.30000000 1.04000000E+001
9.10000000 1.40000000 1.05000000E+001
9.10000000 1.50000000 1.06000000E+001
9.10000000 1.60000000 1.07000000E+001
9.10000000 1.70000000 1.08000000E+001
9.10000000 1.80000000 1.09000000E+001
9.10000000 1.90000000 1.10000000E+001
9.10000000 2.00000000 1.11000000E+001
9.10000000 2.10000000 1.12000000E+001
9.10000000 2.20000000 1.13000000E+001
9.10000000 2.30000000 1.14000000E+001
9.10000000 2.40000000 1.15000000E+001
9.10000000 2.50000000 1.16000000E+001
9.10000000 2.60000000 1.17000000E+001
9.10000000 2.70000000 1.18000000E+001
9.10000000 2.80000000 1.19000000E+001
9.10000000 2.90000000 1.20000000E+001
9.10000000 3.00000000 1.21000000E+001
9.10000000 3.10000000 1.22000000E+001
9.10000000 3.20000000 1.23000000E+001
9.10000000 3.30000000 1.24000000E+001
9.10000000 3.40000000 1.25000000E+001
9.10000000 3.50000000 1.26000000E+001
9.10000000 3.60000000 1.27000000E+001
9.10000000 3.70000000 1.28000000E+001
9.10000000 3.80000000 1.29000000E+001
9.10000000 3.90000000 1.30000000E+001
9.10000000 4.00000000 1.31000000E+001
9.10000000 4.10000000 1.32000000E+001
9.10000000 4.20000000 1.33000000E+001
9.10000000 4.30000000 1.34000000E+001
9.10000000 4.40000000 1.35000000E+001
9.10000000 4.50000000 1.36000000E+001
9.10000000 4.60000000 1.37000000E+001
9.10000000 4.70000000 1.38000000E+001
9.10000000 4.80000000 1.39000000E+001
9.10000000 4.90000000 1.40000000E+001
9.10000000 5.00000000 1.41000000E+001
9.10000000 5.10000000 1.42000000E+001
9.10000000 5.20000000 1.43000000E+001
9.10000000 5.30000000 1.44000000E+001
9.10000000 5.40000000 1.45000000E+001
9.10000000 5.50000000 1.46000000E+001
9.10000000 5.60000000 1.47000000E+001
9.10000000 5.70000000 1.48000000E+001
9.10000000 5.80000000 1.49000000E+001
9.10000000 5.90000000 1.50000000E+001
9.10000000 6.00000000 1.51000000E+001
9.10000000 6.10000000 1.52000000E+001
9.10000000 6.20000000 1.53000000E+001
9.10000000 6.30000000 1.54000000E+001
9.10000000 6.40000000 1.55000000E+001
9.10000000 6.50000000 1.56000000E+001
9.10000000 6.60000000 1.57000000E+001
9.10000000 6.70000000 1.58000000E+001
9.10000000 6.80000000 1.59000000E+001
9.10000000 6.90000000 1.60000000E+001
9.10000000 7.00000000 1.61000000E+001
9.10000000 7.10000000 1.62000000E+001
9.10000000 7.20000000 1.63000000E+001
9.10000000 7.30000000 1.64000000E+001
9.10000000 7.40000000 1.65000000E+001
9.10000000 7.50000000 1.66000000E+001
9.10000000 7.60000000 1.67000000E+001
9.10000000 7.70000000 1.68000000E+001
9.10000000 7.80000000 1.69000000E+001
9.10000000 7.90000000 1.70000000E+001
9.10000000 8.00000000 1.71000000E+001
9.10000000 8.10000000 1.72000000E+001
9.10000000 8.20000000 1.73000000E+001
9.10000000 8.30000000 1.74000000E+001
9.10000000 8.40000000 1.75000000E+001
9.10000000 8.50000000 1.76000000E+001
9.10000000 8.60000000 1.77000000E+001
9.10000000 8.70000000 1.78000000E+001
9.10000000 8.80000000 1.79000000E+001
9.10000000 8.90000000 1.80000000E+001
9.10000000 9.00000000 1.81000000E+001
9.10000000 9.10000000 1.82000000E+001
9.10000000 9.20000000 1.83000000E+001
9.10000000 9.30000000 1.84000000E+001
9.10000000 9.40000000 1.85000000E+001
9.10000000 9.50000000 1.86000000E+001
9.10000000 9.60000000 1.87000000E+001
9.10000000 9.70000000 1.88000000E+001
9.10000000 9.80000000 1.89000000E+001
9.10000000 9.90000000 1.90000000E+001
9.10000000 10.00000000 1.91000000E+001
9.10000000 10.10000000 1.92000000E+001
9.10000000 10.20000000 1.93000000E+001
9.10000000 10.30000000 1.94000000E+001
9.10000000 10.40000000 1.95000000E+001
9.10000000 10.50000000 1.96000000E+001
9.10000000 10.60000000 1.97000000E+001
9.10000000 10.70000000 1.98000000E+001
9.10000000 10.80000000 1.99000000E+001
9.10000000 10.90000000 2.00000000E+001
9.10000000 11.00000000 2.01000000E+001
9.20000000 1.00000000 1.02000000E+001
9.20000000 1.10000000 1.03000000E+001
9.20000000 1.20000000 1.04000000E+001
9.20000000 1.30000000 1.05000000E+001
9.20000000 1.40000000 1.06000000E+001
9.20000000 1.50000000 1.07000000E+001
9.20000000 1.60000000 1.08000000E+001
9.20000000 1.70000000 1.09000000E+001
9.20000000 1.80000000 1.10000000E+001
9.20000000 1.90000000 1.11000000E+001
9.20000000 2.00000000 1.12000000E+001
9.20000000 2.10000000 1.13000000E+001
9.20000000 2.20000000 1.14000000E+001
9.20000000 2.30000000 1.15000000E+001
9.20000000 2.40000000 1.16000000E+001
9.20000000 2.50000000 1.17000000E+001
9.20000000 2.60000000 1.18000000E+001
9.20000000 2.70000000 1.19000000E+001
9.20000000 2.80000000 1.20000000E+001
9.20000000 2.90000000 1.21000000E+001
9.20000000 3.00000000 1.22000000E+001
9.20000000 3.10000000 1.23000000E+001
9.20000000 3.20000000 1.24000000E+001
9.20000000 3.30000000 1.25000000E+001
9.20000000 3.40000000 1.26000000E+001
9.20000000 3.50000000 1.27000000E+001
9.20000000 3.60000000 1.28000000E+001
9.20000000 3.70000000 1.29000000E+001
9.20000000 3.80000000 1.30000000E+001
9.20000000 3.90000000 1.31000000E+001
9.20000000 4.00000000 1.32000000E+001
9.20000000 4.10000000 1.33000000E+001
9.20000000 4.20000000 1.34000000E+001
9.20000000 4.30000000 1.35000000E+001
9.20000000 4.40000000 1.36000000E+001
9.20000000 4.50000000 1.37000000E+001
9.20000000 4.60000000 1.38000000E+001
9.20000000 4.70000000 1.39000000E+001
9.20000000 4.80000000 1.40000000E+001
9.20000000 4.90000000 1.41000000E+001
9.20000000 5.00000000 1.42000000E+001
9.20000000 5.10000000 1.43000000E+001
9.20000000 5.20000000 1.44000000E+001
9.20000000 5.30000000 1.45000000E+001
9.20000000 5.40000000 1.46000000E+001
9.20000000 5.50000000 1.47000000E+001
9.20000000 5.60000000 1.48000000E+001
9.20000000 5.70000000 1.49000000E+001
9.20000000 5.80000000 1.50000000E+001
9.20000000 5.90000000 1.51000000E+001
9.20000000 6.00000000 1.52000000E+001
9.20000000 6.10000000 1.53000000E+001
9.20000000 6.20000000 1.54000000E+001
9.20000000 6.30000000 1.55000000E+001
9.20000000 6.40000000 1.56000000E+001
9.20000000 6.50000000 1.57000000E+001
9.20000000 6.60000000 1.58000000E+001
9.20000000 6.70000000 1.59000000E+001
9.20000000 6.80000000 1.60000000E+001
9.20000000 6.90000000 1.61000000E+001
9.20000000 7.00000000 1.62000000E+001
9.20000000 7.10000000 1.63000000E+001
9.20000000 7.20000000 1.64000000E+001
9.20000000 7.30000000 1.65000000E+001
9.20000000 7.40000000 1.66000000E+001
9.20000000 7.50000000 1.67000000E+001
9.20000000 7.60000000 1.68000000E+001
9.20000000 7.70000000 1.69000000E+001
9.20000000 7.80000000 1.70000000E+001
9.20000000 7.90000000 1.71000000E+001
9.20000000 8.00000000 1.72000000E+001
9.20000000 8.10000000 1.73000000E+001
9.20000000 8.20000000 1.74000000E+001
9.20000000 8.30000000 1.75000000E+001
9.20000000 8.40000000 1.76000000E+001
9.20000000 8.50000000 1.77000000E+001
9.20000000 8.60000000 1.78000000E+001
9.20000000 8.70000000 1.79000000E+001
9.20000000 8.80000000 1.80000000E+001
9.20000000 8.90000000 1.81000000E+001
9.20000000 9.00000000 1.82000000E+001
9.20000000 9.10000000 1.83000000E+001
9.20000000 9.20000000 1.84000000E+001
9.20000000 9.30000000 1.85000000E+001
9.20000000 9.40000000 1.86000000E+001
9.20000000 9.50000000 1.87000000E+001
9.20000000 9.60000000 1.88000000E+001
9.20000000 9.70000000 1.89000000E+001
9.20000000 9.80000000 1.90000000E+001
9.20000000 9.90000000 1.91000000E+001
9.20000000 10.00000000 1.92000000E+001
9.20000000 10.10000000 1.93000000E+001
9.20000000 10.20000000 1.94000000E+001
9.20000000 10.30000000 1.95000000E+001
9.20000000 10.40000000 1.96000000E+001
9.20000000 10.50000000 1.97000000E+001
9.20000000 10.60000000 1.98000000E+001
9.20000000 10.70000000 1.99000000E+001
9.20000000 10.80000000 2.00000000E+001
9.20000000 10.90000000 2.01000000E+001
9.20000000 11.00000000 2.02000000E+001
9.30000000 1.00000000 1.03000000E+001
9.30000000 1.10000000 1.04000000E+001
9.30000000 1.20000000 1.05000000E+001
9.30000000 1.30000000 1.06000000E+001
9.30000000 1.40000000 1.07000000E+001
9.30000000 1.50000000 1.08000000E+001
9.30000000 1.60000000 1.09000000E+001
9.30000000 1.70000000 1.10000000E+001
9.30000000 1.80000000 1.11000000E+001
9.30000000 1.90000000 1.12000000E+001
9.30000000 2.00000000 1.13000000E+001
9.30000000 2.10000000 1.14000000E+001
9.30000000 2.20000000 1.15000000E+001
9.30000000 2.30000000 1.16000000E+001
9.30000000 2.40000000 1.17000000E+001
9.30000000 2.50000000 1.18000000E+001
9.30000000 2.60000000 1.19000000E+001
9.30000000 2.70000000 1.20000000E+001
9.30000000 2.80000000 1.21000000E+001
9.30000000 2.90000000 1.22000000E+001
9.30000000 3.00000000 1.23000000E+001
9.30000000 3.10000000 1.24000000E+001
9.30000000 3.20000000 1.25000000E+001
9.30000000 3.30000000 1.26000000E+001
9.30000000 3.40000000 1.27000000E+001
9.30000000 3.50000000 1.28000000E+001
9.30000000 3.60000000 1.29000000E+001
9.30000000 3.70000000 1.30000000E+001
9.30000000 3.80000000 1.31000000E+001
9.30000000 3.90000000 1.32000000E+001
9.30000000 4.00000000 1.33000000E+001
9.30000000 4.10000000 1.34000000E+001
9.30000000 4.20000000 1.35000000E+001
9.30000000 4.30000000 1.36000000E+001
9.30000000 4.40000000 1.37000000E+001
9.30000000 4.50000000 1.38000000E+001
9.30000000 4.60000000 1.39000000E+001
9.30000000 4.70000000 1.40000000E+001
9.30000000 4.80000000 1.41000000E+001
9.30000000 4.90000000 1.42000000E+001
9.30000000 5.00000000 1.43000000E+001
9.30000000 5.10000000 1.44000000E+001
9.30000000 5.20000000 1.45000000E+001
9.30000000 5.30000000 1.46000000E+001
9.30000000 5.40000000 1.47000000E+001
9.30000000 5.50000000 1.48000000E+001
9.30000000 5.60000000 1.49000000E+001
9.30000000 5.70000000 1.50000000E+001
9.30000000 5.80000000 1.51000000E+001
9.30000000 5.90000000 1.52000000E+001
9.30000000 6.00000000 1.53000000E+001
9.30000000 6.10000000 1.54000000E+001
9.30000000 6.20000000 1.55000000E+001
9.30000000 6.30000000 1.56000000E+001
9.30000000 6.40000000 1.57000000E+001
9.30000000 6.50000000 1.58000000E+001
9.30000000 6.60000000 1.59000000E+001
9.30000000 6.70000000 1.60000000E+001
9.30000000 6.80000000 1.61000000E+001
9.30000000 6.90000000 1.62000000E+001
9.30000000 7.00000000 1.63000000E+001
9.30000000 7.10000000 1.64000000E+001
9.30000000 7.20000000 1.65000000E+001
9.30000000 7.30000000 1.66000000E+001
9.30000000 7.40000000 1.67000000E+001
9.30000000 7.50000000 1.68000000E+001
9.30000000 7.60000000 1.69000000E+001
9.30000000 7.70000000 1.70000000E+001
9.30000000 7.80000000 1.71000000E+001
9.30000000 7.90000000 1.72000000E+001
9.30000000 8.00000000 1.73000000E+001
9.30000000 8.10000000 1.74000000E+001
9.30000000 8.20000000 1.75000000E+001
9.30000000 8.30000000 1.76000000E+001
9.30000000 8.40000000 1.77000000E+001
9.30000000 8.50000000 1.78000000E+001
9.30000000 8.60000000 1.79000000E+001
9.30000000 8.70000000 1.80000000E+001
9.30000000 8.80000000 1.81000000E+001
9.30000000 8.90000000 1.82000000E+001
9.30000000 9.00000000 1.83000000E+001
9.30000000 9.10000000 1.84000000E+001
9.30000000 9.20000000 1.85000000E+001
9.30000000 9.30000000 1.86000000E+001
9.30000000 9.40000000 1.87000000E+001
9.30000000 9.50000000 1.88000000E+001
9.30000000 9.60000000 1.89000000E+001
9.30000000 9.70000000 1.90000000E+001
9.30000000 9.80000000 1.91000000E+001
9.30000000 9.90000000 1.92000000E+001
9.30000000 10.00000000 1.93000000E+001
9.30000000 10.10000000 1.94000000E+001
9.30000000 10.20000000 1.95000000E+001
9.30000000 10.30000000 1.96000000E+001
9.30000000 10.40000000 1.97000000E+001
9.30000000 10.50000000 1.98000000E+001
9.30000000 10.60000000 1.99000000E+001
9.30000000 10.70000000 2.00000000E+001
9.30000000 10.80000000 2.01000000E+001
9.30000000 10.90000000 2.02000000E+001
9.30000000 11.00000000 2.03000000E+001
9.40000000 1.00000000 1.04000000E+001
9.40000000 1.10000000 1.05000000E+001
9.40000000 1.20000000 1.06000000E+001
9.40000000 1.30000000 1.07000000E+001
9.40000000 1.40000000 1.08000000E+001
9.40000000 1.50000000 1.09000000E+001
9.40000000 1.60000000 1.10000000E+001
9.40000000 1.70000000 1.11000000E+001
9.40000000 1.80000000 1.12000000E+001
9.40000000 1.90000000 1.13000000E+001
9.40000000 2.00000000 1.14000000E+001
9.40000000 2.10000000 1.15000000E+001
9.40000000 2.20000000 1.16000000E+001
9.40000000 2.30000000 1.17000000E+001
9.40000000 2.40000000 1.18000000E+001
9.40000000 2.50000000 1.19000000E+001
9.40000000 2.60000000 1.20000000E+001
9.40000000 2.70000000 1.21000000E+001
9.40000000 2.80000000 1.22000000E+001
9.40000000 2.90000000 1.23000000E+001
9.40000000 3.00000000 1.24000000E+001
9.40000000 3.10000000 1.25000000E+001
9.40000000 3.20000000 1.26000000E+001
9.40000000 3.30000000 1.27000000E+001
9.40000000 3.40000000 1.28000000E+001
9.40000000 3.50000000 1.29000000E+001
9.40000000 3.60000000 1.30000000E+001
9.40000000 3.70000000 1.31000000E+001
9.40000000 3.80000000 1.32000000E+001
9.40000000 3.90000000 1.33000000E+001
9.40000000 4.00000000 1.34000000E+001
9.40000000 4.10000000 1.35000000E+001
9.40000000 4.20000000 1.36000000E+001
9.40000000 4.30000000 1.37000000E+001
9.40000000 4.40000000 1.38000000E+001
9.40000000 4.50000000 1.39000000E+001
9.40000000 4.60000000 1.40000000E+001
9.40000000 4.70000000 1.41000000E+001
9.40000000 4.80000000 1.42000000E+001
9.40000000 4.90000000 1.43000000E+001
9.40000000 5.00000000 1.44000000E+001
9.40000000 5.10000000 1.45000000E+001
9.40000000 5.20000000 1.46000000E+001
9.40000000 5.30000000 1.47000000E+001
9.40000000 5.40000000 1.48000000E+001
9.40000000 5.50000000 1.49000000E+001
9.40000000 5.60000000 1.50000000E+001
9.40000000 5.70000000 1.51000000E+001
9.40000000 5.80000000 1.52000000E+001
9.40000000 5.90000000 1.53000000E+001
9.40000000 6.00000000 1.54000000E+001
9.40000000 6.10000000 1.55000000E+001
9.40000000 6.20000000 1.56000000E+001
9.40000000 6.30000000 1.57000000E+001
9.40000000 6.40000000 1.58000000E+001
9.40000000 6.50000000 1.59000000E+001
9.40000000 6.60000000 1.60000000E+001
9.40000000 6.70000000 1.61000000E+001
9.40000000 6.80000000 1.62000000E+001
9.40000000 6.90000000 1.63000000E+001
9.40000000 7.00000000 1.64000000E+001
9.40000000 7.10000000 1.65000000E+001
9.40000000 7.20000000 1.66000000E+001
9.40000000 7.30000000 1.67000000E+001
9.40000000 7.40000000 1.68000000E+001
9.40000000 7.50000000 1.69000000E+001
9.40000000 7.60000000 1.70000000E+001
9.40000000 7.70000000 1.71000000E+001
9.40000000 7.80000000 1.72000000E+001
9.40000000 7.90000000 1.73000000E+001
9.40000000 8.00000000 1.74000000E+001
9.40000000 8.10000000 1.75000000E+001
9.40000000 8.20000000 1.76000000E+001
9.40000000 8.30000000 1.77000000E+001
9.40000000 8.40000000 1.78000000E+001
9.40000000 8.50000000 1.79000000E+001
9.40000000 8.60000000 1.80000000E+001
9.40000000 8.70000000 1.81000000E+001
9.40000000 8.80000000 1.82000000E+001
9.40000000 8.90000000 1.83000000E+001
9.40000000 9.00000000 1.84000000E+001
9.40000000 9.10000000 1.85000000E+001
9.40000000 9.20000000 1.86000000E+001
9.40000000 9.30000000 1.87000000E+001
9.40000000 9.40000000 1.88000000E+001
9.40000000 9.50000000 1.89000000E+001
9.40000000 9.60000000 1.90000000E+001
9.40000000 9.70000000 1.91000000E+001
9.40000000 9.80000000 1.92000000E+001
9.40000000 9.90000000 1.93000000E+001
9.40000000 10.00000000 1.94000000E+001
9.40000000 10.10000000 1.95000000E+001
9.40000000 10.20000000 1.96000000E+001
9.40000000 10.30000000 1.97000000E+001
9.40000000 10.40000000 1.98000000E+001
9.40000000 10.50000000 1.99000000E+001
9.40000000 10.60000000 2.00000000E+001
9.40000000 10.70000000 2.01000000E+001
9.40000000 10.80000000 2.02000000E+001
9.40000000 10.90000000 2.03000000E+001
9.40000000 11.00000000 2.04000000E+001
9.50000000 1.00000000 1.05000000E+001
9.50000000 1.10000000 1.06000000E+001
9.50000000 1.20000000 1.07000000E+001
9.50000000 1.30000000 1.08000000E+001
9.50000000 1.40000000 1.09000000E+001
9.50000000 1.50000000 1.10000000E+001
9.50000000 1.60000000 1.11000000E+001
9.50000000 1.70000000 1.12000000E+001
9.50000000 1.80000000 1.13000000E+001
9.50000000 1.90000000 1.14000000E+001
9.50000000 2.00000000 1.15000000E+001
9.50000000 2.10000000 1.16000000E+001
9.50000000 2.20000000 1.17000000E+001
9.50000000 2.30000000 1.18000000E+001
9.50000000 2.40000000 1.19000000E+001
9.50000000 2.50000000 1.20000000E+001
9.50000000 2.60000000 1.21000000E+001
9.50000000 2.70000000 1.22000000E+001
9.50000000 2.80000000 1.23000000E+001
9.50000000 2.90000000 1.24000000E+001
9.50000000 3.00000000 1.25000000E+001
9.50000000 3.10000000 1.26000000E+001
9.50000000 3.20000000 1.27000000E+001
9.50000000 3.30000000 1.28000000E+001
9.50000000 3.40000000 1.29000000E+001
9.50000000 3.50000000 1.30000000E+001
9.50000000 3.60000000 1.31000000E+001
9.50000000 3.70000000 1.32000000E+001
9.50000000 3.80000000 1.33000000E+001
9.50000000 3.90000000 1.34000000E+001
9.50000000 4.00000000 1.35000000E+001
9.50000000 4.10000000 1.36000000E+001
9.50000000 4.20000000 1.37000000E+001
9.50000000 4.30000000 1.38000000E+001
9.50000000 4.40000000 1.39000000E+001
9.50000000 4.50000000 1.40000000E+001
9.50000000 4.60000000 1.41000000E+001
9.50000000 4.70000000 1.42000000E+001
9.50000000 4.80000000 1.43000000E+001
9.50000000 4.90000000 1.44000000E+001
9.50000000 5.00000000 1.45000000E+001
9.50000000 5.10000000 1.46000000E+001
9.50000000 5.20000000 1.47000000E+001
9.50000000 5.30000000 1.48000000E+001
9.50000000 5.40000000 1.49000000E+001
9.50000000 5.50000000 1.50000000E+001
9.50000000 5.60000000 1.51000000E+001
9.50000000 5.70000000 1.52000000E+001
9.50000000 5.80000000 1.53000000E+001
9.50000000 5.90000000 1.54000000E+001
9.50000000 6.00000000 1.55000000E+001
9.50000000 6.10000000 1.56000000E+001
9.50000000 6.20000000 1.57000000E+001
9.50000000 6.30000000 1.58000000E+001
9.50000000 6.40000000 1.59000000E+001
9.50000000 6.50000000 1.60000000E+001
9.50000000 6.60000000 1.61000000E+001
9.50000000 6.70000000 1.62000000E+001
9.50000000 6.80000000 1.63000000E+001
9.50000000 6.90000000 1.64000000E+001
9.50000000 7.00000000 1.65000000E+001
9.50000000 7.10000000 1.66000000E+001
9.50000000 7.20000000 1.67000000E+001
9.50000000 7.30000000 1.68000000E+001
9.50000000 7.40000000 1.69000000E+001
9.50000000 7.50000000 1.70000000E+001
9.50000000 7.60000000 1.71000000E+001
9.50000000 7.70000000 1.72000000E+001
9.50000000 7.80000000 1.73000000E+001
9.50000000 7.90000000 1.74000000E+001
9.50000000 8.00000000 1.75000000E+001
9.50000000 8.10000000 1.76000000E+001
9.50000000 8.20000000 1.77000000E+001
9.50000000 8.30000000 1.78000000E+001
9.50000000 8.40000000 1.79000000E+001
9.50000000 8.50000000 1.80000000E+001
9.50000000 8.60000000 1.81000000E+001
9.50000000 8.70000000 1.82000000E+001
9.50000000 8.80000000 1.83000000E+001
9.50000000 8.90000000 1.84000000E+001
9.50000000 9.00000000 1.85000000E+001
9.50000000 9.10000000 1.86000000E+001
9.50000000 9.20000000 1.87000000E+001
9.50000000 9.30000000 1.88000000E+001
9.50000000 9.40000000 1.89000000E+001
9.50000000 9.50000000 1.90000000E+001
9.50000000 9.60000000 1.91000000E+001
9.50000000 9.70000000 1.92000000E+001
9.50000000 9.80000000 1.93000000E+001
9.50000000 9.90000000 1.94000000E+001
9.50000000 10.00000000 1.95000000E+001
9.50000000 10.10000000 1.96000000E+001
9.50000000 10.20000000 1.97000000E+001
9.50000000 10.30000000 1.98000000E+001
9.50000000 10.40000000 1.99000000E+001
9.50000000 10.50000000 2.00000000E+001
9.50000000 10.60000000 2.01000000E+001
9.50000000 10.70000000 2.02000000E+001
9.50000000 10.80000000 2.03000000E+001
9.50000000 10.90000000 2.04000000E+001
9.50000000 11.00000000 2.05000000E+001
9.60000000 1.00000000 1.06000000E+001
9.60000000 1.10000000 1.07000000E+001
9.60000000 1.20000000 1.08000000E+001
9.60000000 1.30000000 1.09000000E+001
9.60000000 1.40000000 1.10000000E+001
9.60000000 1.50000000 1.11000000E+001
9.60000000 1.60000000 1.12000000E+001
9.60000000 1.70000000 1.13000000E+001
9.60000000 1.80000000 1.14000000E+001
9.60000000 1.90000000 1.15000000E+001
9.60000000 2.00000000 1.16000000E+001
9.60000000 2.10000000 1.17000000E+001
9.60000000 2.20000000 1.18000000E+001
9.60000000 2.30000000 1.19000000E+001
9.60000000 2.40000000 1.20000000E+001
9.60000000 2.50000000 1.21000000E+001
9.60000000 2.60000000 1.22000000E+001
9.60000000 2.70000000 1.23000000E+001
9.60000000 2.80000000 1.24000000E+001
9.60000000 2.90000000 1.25000000E+001
9.60000000 3.00000000 1.26000000E+001
9.60000000 3.10000000 1.27000000E+001
9.60000000 3.20000000 1.28000000E+001
9.60000000 3.30000000 1.29000000E+001
9.60000000 3.40000000 1.30000000E+001
9.60000000 3.50000000 1.31000000E+001
9.60000000 3.60000000 1.32000000E+001
9.60000000 3.70000000 1.33000000E+001
9.60000000 3.80000000 1.34000000E+001
9.60000000 3.90000000 1.35000000E+001
9.60000000 4.00000000 1.36000000E+001
9.60000000 4.10000000 1.37000000E+001
9.60000000 4.20000000 1.38000000E+001
9.60000000 4.30000000 1.39000000E+001
9.60000000 4.40000000 1.40000000E+001
9.60000000 4.50000000 1.41000000E+001
9.60000000 4.60000000 1.42000000E+001
9.60000000 4.70000000 1.43000000E+001
9.60000000 4.80000000 1.44000000E+001
9.60000000 4.90000000 1.45000000E+001
9.60000000 5.00000000 1.46000000E+001
9.60000000 5.10000000 1.47000000E+001
9.60000000 5.20000000 1.48000000E+001
9.60000000 5.30000000 1.49000000E+001
9.60000000 5.40000000 1.50000000E+001
9.60000000 5.50000000 1.51000000E+001
9.60000000 5.60000000 1.52000000E+001
9.60000000 5.70000000 1.53000000E+001
9.60000000 5.80000000 1.54000000E+001
9.60000000 5.90000000 1.55000000E+001
9.60000000 6.00000000 1.56000000E+001
9.60000000 6.10000000 1.57000000E+001
9.60000000 6.20000000 1.58000000E+001
9.60000000 6.30000000 1.59000000E+001
9.60000000 6.40000000 1.60000000E+001
9.60000000 6.50000000 1.61000000E+001
9.60000000 6.60000000 1.62000000E+001
9.60000000 6.70000000 1.63000000E+001
9.60000000 6.80000000 1.64000000E+001
9.60000000 6.90000000 1.65000000E+001
9.60000000 7.00000000 1.66000000E+001
9.60000000 7.10000000 1.67000000E+001
9.60000000 7.20000000 1.68000000E+001
9.60000000 7.30000000 1.69000000E+001
9.60000000 7.40000000 1.70000000E+001
9.60000000 7.50000000 1.71000000E+001
9.60000000 7.60000000 1.72000000E+001
9.60000000 7.70000000 1.73000000E+001
9.60000000 7.80000000 1.74000000E+001
9.60000000 7.90000000 1.75000000E+001
9.60000000 8.00000000 1.76000000E+001
9.60000000 8.10000000 1.77000000E+001
9.60000000 8.20000000 1.78000000E+001
9.60000000 8.30000000 1.79000000E+001
9.60000000 8.40000000 1.80000000E+001
9.60000000 8.50000000 1.81000000E+001
9.60000000 8.60000000 1.82000000E+001
9.60000000 8.70000000 1.83000000E+001
9.60000000 8.80000000 1.84000000E+001
9.60000000 8.90000000 1.85000000E+001
9.60000000 9.00000000 1.86000000E+001
9.60000000 9.10000000 1.87000000E+001
9.60000000 9.20000000 1.88000000E+001
9.60000000 9.30000000 1.89000000E+001
9.60000000 9.40000000 1.90000000E+001
9.60000000 9.50000000 1.91000000E+001
9.60000000 9.60000000 1.92000000E+001
9.60000000 9.70000000 1.93000000E+001
9.60000000 9.80000000 1.94000000E+001
9.60000000 9.90000000 1.95000000E+001
9.60000000 10.00000000 1.96000000E+001
9.60000000 10.10000000 1.97000000E+001
9.60000000 10.20000000 1.98000000E+001
9.60000000 10.30000000 1.99000000E+001
9.60000000 10.40000000 2.00000000E+001
9.60000000 10.50000000 2.01000000E+001
9.60000000 10.60000000 2.02000000E+001
9.60000000 10.70000000 2.03000000E+001
9.60000000 10.80000000 2.04000000E+001
9.60000000 10.90000000 2.05000000E+001
9.60000000 11.00000000 2.06000000E+001
9.70000000 1.00000000 1.07000000E+001
9.70000000 1.10000000 1.08000000E+001
9.70000000 1.20000000 1.09000000E+001
9.70000000 1.30000000 1.10000000E+001
9.70000000 1.40000000 1.11000000E+001
9.70000000 1.50000000 1.12000000E+001
9.70000000 1.60000000 1.13000000E+001
9.70000000 1.70000000 1.14000000E+001
9.70000000 1.80000000 1.15000000E+001
9.70000000 1.90000000 1.16000000E+001
9.70000000 2.00000000 1.17000000E+001
9.70000000 2.10000000 1.18000000E+001
9.70000000 2.20000000 1.19000000E+001
9.70000000 2.30000000 1.20000000E+001
9.70000000 2.40000000 1.21000000E+001
9.70000000 2.50000000 1.22000000E+001
9.70000000 2.60000000 1.23000000E+001
9.70000000 2.70000000 1.24000000E+001
9.70000000 2.80000000 1.25000000E+001
9.70000000 2.90000000 1.26000000E+001
9.70000000 3.00000000 1.27000000E+001
9.70000000 3.10000000 1.28000000E+001
9.70000000 3.20000000 1.29000000E+001
9.70000000 3.30000000 1.30000000E+001
9.70000000 3.40000000 1.31000000E+001
9.70000000 3.50000000 1.32000000E+001
9.70000000 3.60000000 1.33000000E+001
9.70000000 3.70000000 1.34000000E+001
9.70000000 3.80000000 1.35000000E+001
9.70000000 3.90000000 1.36000000E+001
9.70000000 4.00000000 1.37000000E+001
9.70000000 4.10000000 1.38000000E+001
9.70000000 4.20000000 1.39000000E+001
9.70000000 4.30000000 1.40000000E+001
9.70000000 4.40000000 1.41000000E+001
9.70000000 4.50000000 1.42000000E+001
9.70000000 4.60000000 1.43000000E+001
9.70000000 4.70000000 1.44000000E+001
9.70000000 4.80000000 1.45000000E+001
9.70000000 4.90000000 1.46000000E+001
9.70000000 5.00000000 1.47000000E+001
9.70000000 5.10000000 1.48000000E+001
9.70000000 5.20000000 1.49000000E+001
9.70000000 5.30000000 1.50000000E+001
9.70000000 5.40000000 1.51000000E+001
9.70000000 5.50000000 1.52000000E+001
9.70000000 5.60000000 1.53000000E+001
9.70000000 5.70000000 1.54000000E+001
9.70000000 5.80000000 1.55000000E+001
9.70000000 5.90000000 1.56000000E+001
9.70000000 6.00000000 1.57000000E+001
9.70000000 6.10000000 1.58000000E+001
9.70000000 6.20000000 1.59000000E+001
9.70000000 6.30000000 1.60000000E+001
9.70000000 6.40000000 1.61000000E+001
9.70000000 6.50000000 1.62000000E+001
9.70000000 6.60000000 1.63000000E+001
9.70000000 6.70000000 1.64000000E+001
9.70000000 6.80000000 1.65000000E+001
9.70000000 6.90000000 1.66000000E+001
9.70000000 7.00000000 1.67000000E+001
9.70000000 7.10000000 1.68000000E+001
9.70000000 7.20000000 1.69000000E+001
9.70000000 7.30000000 1.70000000E+001
9.70000000 7.40000000 1.71000000E+001
9.70000000 7.50000000 1.72000000E+001
9.70000000 7.60000000 1.73000000E+001
9.70000000 7.70000000 1.74000000E+001
9.70000000 7.80000000 1.75000000E+001
9.70000000 7.90000000 1.76000000E+001
9.70000000 8.00000000 1.77000000E+001
9.70000000 8.10000000 1.78000000E+001
9.70000000 8.20000000 1.79000000E+001
9.70000000 8.30000000 1.80000000E+001
9.70000000 8.40000000 1.81000000E+001
9.70000000 8.50000000 1.82000000E+001
9.70000000 8.60000000 1.83000000E+001
9.70000000 8.70000000 1.84000000E+001
9.70000000 8.80000000 1.85000000E+001
9.70000000 8.90000000 1.86000000E+001
9.70000000 9.00000000 1.87000000E+001
9.70000000 9.10000000 1.88000000E+001
9.70000000 9.20000000 1.89000000E+001
9.70000000 9.30000000 1.90000000E+001
9.70000000 9.40000000 1.91000000E+001
9.70000000 9.50000000 1.92000000E+001
9.70000000 9.60000000 1.93000000E+001
9.70000000 9.70000000 1.94000000E+001
9.70000000 9.80000000 1.95000000E+001
9.70000000 9.90000000 1.96000000E+001
9.70000000 10.00000000 1.97000000E+001
9.70000000 10.10000000 1.98000000E+001
9.70000000 10.20000000 1.99000000E+001
9.70000000 10.30000000 2.00000000E+001
9.70000000 10.40000000 2.01000000E+001
9.70000000 10.50000000 2.02000000E+001
9.70000000 10.60000000 2.03000000E+001
9.70000000 10.70000000 2.04000000E+001
9.70000000 10.80000000 2.05000000E+001
9.70000000 10.90000000 2.06000000E+001
9.70000000 11.00000000 2.07000000E+001
9.80000000 1.00000000 1.08000000E+001
9.80000000 1.10000000 1.09000000E+001
9.80000000 1.20000000 1.10000000E+001
9.80000000 1.30000000 1.11000000E+001
9.80000000 1.40000000 1.12000000E+001
9.80000000 1.50000000 1.13000000E+001
9.80000000 1.60000000 1.14000000E+001
9.80000000 1.70000000 1.15000000E+001
9.80000000 1.80000000 1.16000000E+001
9.80000000 1.90000000 1.17000000E+001
9.80000000 2.00000000 1.18000000E+001
9.80000000 2.10000000 1.19000000E+001
9.80000000 2.20000000 1.20000000E+001
9.80000000 2.30000000 1.21000000E+001
9.80000000 2.40000000 1.22000000E+001
9.80000000 2.50000000 1.23000000E+001
9.80000000 2.60000000 1.24000000E+001
9.80000000 2.70000000 1.25000000E+001
9.80000000 2.80000000 1.26000000E+001
9.80000000 2.90000000 1.27000000E+001
9.80000000 3.00000000 1.28000000E+001
9.80000000 3.10000000 1.29000000E+001
9.80000000 3.20000000 1.30000000E+001
9.80000000 3.30000000 1.31000000E+001
9.80000000 3.40000000 1.32000000E+001
9.80000000 3.50000000 1.33000000E+001
9.80000000 3.60000000 1.34000000E+001
9.80000000 3.70000000 1.35000000E+001
9.80000000 3.80000000 1.36000000E+001
9.80000000 3.90000000 1.37000000E+001
9.80000000 4.00000000 1.38000000E+001
9.80000000 4.10000000 1.39000000E+001
9.80000000 4.20000000 1.40000000E+001
9.80000000 4.30000000 1.41000000E+001
9.80000000 4.40000000 1.42000000E+001
9.80000000 4.50000000 1.43000000E+001
9.80000000 4.60000000 1.44000000E+001
9.80000000 4.70000000 1.45000000E+001
9.80000000 4.80000000 1.46000000E+001
9.80000000 4.90000000 1.47000000E+001
9.80000000 5.00000000 1.48000000E+001
9.80000000 5.10000000 1.49000000E+001
9.80000000 5.20000000 1.50000000E+001
9.80000000 5.30000000 1.51000000E+001
9.80000000 5.40000000 1.52000000E+001
9.80000000 5.50000000 1.53000000E+001
9.80000000 5.60000000 1.54000000E+001
9.80000000 5.70000000 1.55000000E+001
9.80000000 5.80000000 1.56000000E+001
9.80000000 5.90000000 1.57000000E+001
9.80000000 6.00000000 1.58000000E+001
9.80000000 6.10000000 1.59000000E+001
9.80000000 6.20000000 1.60000000E+001
9.80000000 6.30000000 1.61000000E+001
9.80000000 6.40000000 1.62000000E+001
9.80000000 6.50000000 1.63000000E+001
9.80000000 6.60000000 1.64000000E+001
9.80000000 6.70000000 1.65000000E+001
9.80000000 6.80000000 1.66000000E+001
9.80000000 6.90000000 1.67000000E+001
9.80000000 7.00000000 1.68000000E+001
9.80000000 7.10000000 1.69000000E+001
9.80000000 7.20000000 1.70000000E+001
9.80000000 7.30000000 1.71000000E+001
9.80000000 7.40000000 1.72000000E+001
9.80000000 7.50000000 1.73000000E+001
9.80000000 7.60000000 1.74000000E+001
9.80000000 7.70000000 1.75000000E+001
9.80000000 7.80000000 1.76000000E+001
9.80000000 7.90000000 1.77000000E+001
9.80000000 8.00000000 1.78000000E+001
9.80000000 8.10000000 1.79000000E+001
9.80000000 8.20000000 1.80000000E+001
9.80000000 8.30000000 1.81000000E+001
9.80000000 8.40000000 1.82000000E+001
9.80000000 8.50000000 1.83000000E+001
9.80000000 8.60000000 1.84000000E+001
9.80000000 8.70000000 1.85000000E+001
9.80000000 8.80000000 1.86000000E+001
9.80000000 8.90000000 1.87000000E+001
9.80000000 9.00000000 1.88000000E+001
9.80000000 9.10000000 1.89000000E+001
9.80000000 9.20000000 1.90000000E+001
9.80000000 9.30000000 1.91000000E+001
9.80000000 9.40000000 1.92000000E+001
9.80000000 9.50000000 1.93000000E+001
9.80000000 9.60000000 1.94000000E+001
9.80000000 9.70000000 1.95000000E+001
9.80000000 9.80000000 1.96000000E+001
9.80000000 9.90000000 1.97000000E+001
9.80000000 10.00000000 1.98000000E+001
9.80000000 10.10000000 1.99000000E+001
9.80000000 10.20000000 2.00000000E+001
9.80000000 10.30000000 2.01000000E+001
9.80000000 10.40000000 2.02000000E+001
9.80000000 10.50000000 2.03000000E+001
9.80000000 10.60000000 2.04000000E+001
9.80000000 10.70000000 2.05000000E+001
9.80000000 10.80000000 2.06000000E+001
9.80000000 10.90000000 2.07000000E+001
9.80000000 11.00000000 2.08000000E+001
9.90000000 1.00000000 1.09000000E+001
9.90000000 1.10000000 1.10000000E+001
9.90000000 1.20000000 1.11000000E+001
9.90000000 1.30000000 1.12000000E+001
9.90000000 1.40000000 1.13000000E+001
9.90000000 1.50000000 1.14000000E+001
9.90000000 1.60000000 1.15000000E+001
9.90000000 1.70000000 1.16000000E+001
9.90000000 1.80000000 1.17000000E+001
9.90000000 1.90000000 1.18000000E+001
9.90000000 2.00000000 1.19000000E+001
9.90000000 2.10000000 1.20000000E+001
9.90000000 2.20000000 1.21000000E+001
9.90000000 2.30000000 1.22000000E+001
9.90000000 2.40000000 1.23000000E+001
9.90000000 2.50000000 1.24000000E+001
9.90000000 2.60000000 1.25000000E+001
9.90000000 2.70000000 1.26000000E+001
9.90000000 2.80000000 1.27000000E+001
9.90000000 2.90000000 1.28000000E+001
9.90000000 3.00000000 1.29000000E+001
9.90000000 3.10000000 1.30000000E+001
9.90000000 3.20000000 1.31000000E+001
9.90000000 3.30000000 1.32000000E+001
9.90000000 3.40000000 1.33000000E+001
9.90000000 3.50000000 1.34000000E+001
9.90000000 3.60000000 1.35000000E+001
9.90000000 3.70000000 1.36000000E+001
9.90000000 3.80000000 1.37000000E+001
9.90000000 3.90000000 1.38000000E+001
9.90000000 4.00000000 1.39000000E+001
9.90000000 4.10000000 1.40000000E+001
9.90000000 4.20000000 1.41000000E+001
9.90000000 4.30000000 1.42000000E+001
9.90000000 4.40000000 1.43000000E+001
9.90000000 4.50000000 1.44000000E+001
9.90000000 4.60000000 1.45000000E+001
9.90000000 4.70000000 1.46000000E+001
9.90000000 4.80000000 1.47000000E+001
9.90000000 4.90000000 1.48000000E+001
9.90000000 5.00000000 1.49000000E+001
9.90000000 5.10000000 1.50000000E+001
9.90000000 5.20000000 1.51000000E+001
9.90000000 5.30000000 1.52000000E+001
9.90000000 5.40000000 1.53000000E+001
9.90000000 5.50000000 1.54000000E+001
9.90000000 5.60000000 1.55000000E+001
9.90000000 5.70000000 1.56000000E+001
9.90000000 5.80000000 1.57000000E+001
9.90000000 5.90000000 1.58000000E+001
9.90000000 6.00000000 1.59000000E+001
9.90000000 6.10000000 1.60000000E+001
9.90000000 6.20000000 1.61000000E+001
9.90000000 6.30000000 1.62000000E+001
9.90000000 6.40000000 1.63000000E+001
9.90000000 6.50000000 1.64000000E+001
9.90000000 6.60000000 1.65000000E+001
9.90000000 6.70000000 1.66000000E+001
9.90000000 6.80000000 1.67000000E+001
9.90000000 6.90000000 1.68000000E+001
9.90000000 7.00000000 1.69000000E+001
9.90000000 7.10000000 1.70000000E+001
9.90000000 7.20000000 1.71000000E+001
9.90000000 7.30000000 1.72000000E+001
9.90000000 7.40000000 1.73000000E+001
9.90000000 7.50000000 1.74000000E+001
9.90000000 7.60000000 1.75000000E+001
9.90000000 7.70000000 1.76000000E+001
9.90000000 7.80000000 1.77000000E+001
9.90000000 7.90000000 1.78000000E+001
9.90000000 8.00000000 1.79000000E+001
9.90000000 8.10000000 1.80000000E+001
9.90000000 8.20000000 1.81000000E+001
9.90000000 8.30000000 1.82000000E+001
9.90000000 8.40000000 1.83000000E+001
9.90000000 8.50000000 1.84000000E+001
9.90000000 8.60000000 1.85000000E+001
9.90000000 8.70000000 1.86000000E+001
9.90000000 8.80000000 1.87000000E+001
9.90000000 8.90000000 1.88000000E+001
9.90000000 9.00000000 1.89000000E+001
9.90000000 9.10000000 1.90000000E+001
9.90000000 9.20000000 1.91000000E+001
9.90000000 9.30000000 1.92000000E+001
9.90000000 9.40000000 1.93000000E+001
9.90000000 9.50000000 1.94000000E+001
9.90000000 9.60000000 1.95000000E+001
9.90000000 9.70000000 1.96000000E+001
9.90000000 9.80000000 1.97000000E+001
9.90000000 9.90000000 1.98000000E+001
9.90000000 10.00000000 1.99000000E+001
9.90000000 10.10000000 2.00000000E+001
9.90000000 10.20000000 2.01000000E+001
9.90000000 10.30000000 2.02000000E+001
9.90000000 10.40000000 2.03000000E+001
9.90000000 10.50000000 2.04000000E+001
9.90000000 10.60000000 2.05000000E+001
9.90000000 10.70000000 2.06000000E+001
9.90000000 10.80000000 2.07000000E+001
9.90000000 10.90000000 2.08000000E+001
9.90000000 11.00000000 2.09000000E+001
10.00000000 1.00000000 1.10000000E+001
10.00000000 1.10000000 1.11000000E+001
10.00000000 1.20000000 1.12000000E+001
10.00000000 1.30000000 1.13000000E+001
10.00000000 1.40000000 1.14000000E+001
10.00000000 1.50000000 1.15000000E+001
10.00000000 1.60000000 1.16000000E+001
10.00000000 1.70000000 1.17000000E+001
10.00000000 1.80000000 1.18000000E+001
10.00000000 1.90000000 1.19000000E+001
10.00000000 2.00000000 1.20000000E+001
10.00000000 2.10000000 1.21000000E+001
10.00000000 2.20000000 1.22000000E+001
10.00000000 2.30000000 1.23000000E+001
10.00000000 2.40000000 1.24000000E+001
10.00000000 2.50000000 1.25000000E+001
10.00000000 2.60000000 1.26000000E+001
10.00000000 2.70000000 1.27000000E+001
10.00000000 2.80000000 1.28000000E+001
10.00000000 2.90000000 1.29000000E+001
10.00000000 3.00000000 1.30000000E+001
10.00000000 3.10000000 1.31000000E+001
10.00000000 3.20000000 1.32000000E+001
10.00000000 3.30000000 1.33000000E+001
10.00000000 3.40000000 1.34000000E+001
10.00000000 3.50000000 1.35000000E+001
10.00000000 3.60000000 1.36000000E+001
10.00000000 3.70000000 1.37000000E+001
10.00000000 3.80000000 1.38000000E+001
10.00000000 3.90000000 1.39000000E+001
10.00000000 4.00000000 1.40000000E+001
10.00000000 4.10000000 1.41000000E+001
10.00000000 4.20000000 1.42000000E+001
10.00000000 4.30000000 1.43000000E+001
10.00000000 4.40000000 1.44000000E+001
10.00000000 4.50000000 1.45000000E+001
10.00000000 4.60000000 1.46000000E+001
10.00000000 4.70000000 1.47000000E+001
10.00000000 4.80000000 1.48000000E+001
10.00000000 4.90000000 1.49000000E+001
10.00000000 5.00000000 1.50000000E+001
10.00000000 5.10000000 1.51000000E+001
10.00000000 5.20000000 1.52000000E+001
10.00000000 5.30000000 1.53000000E+001
10.00000000 5.40000000 1.54000000E+001
10.00000000 5.50000000 1.55000000E+001
10.00000000 5.60000000 1.56000000E+001
10.00000000 5.70000000 1.57000000E+001
10.00000000 5.80000000 1.58000000E+001
10.00000000 5.90000000 1.59000000E+001
10.00000000 6.00000000 1.60000000E+001
10.00000000 6.10000000 1.61000000E+001
10.00000000 6.20000000 1.62000000E+001
10.00000000 6.30000000 1.63000000E+001
10.00000000 6.40000000 1.64000000E+001
10.00000000 6.50000000 1.65000000E+001
10.00000000 6.60000000 1.66000000E+001
10.00000000 6.70000000 1.67000000E+001
10.00000000 6.80000000 1.68000000E+001
10.00000000 6.90000000 1.69000000E+001
10.00000000 7.00000000 1.70000000E+001
10.00000000 7.10000000 1.71000000E+001
10.00000000 7.20000000 1.72000000E+001
10.00000000 7.30000000 1.73000000E+001
10.00000000 7.40000000 1.74000000E+001
10.00000000 7.50000000 1.75000000E+001
10.00000000 7.60000000 1.76000000E+001
10.00000000 7.70000000 1.77000000E+001
10.00000000 7.80000000 1.78000000E+001
10.00000000 7.90000000 1.79000000E+001
10.00000000 8.00000000 1.80000000E+001
10.00000000 8.10000000 1.81000000E+001
10.00000000 8.20000000 1.82000000E+001
10.00000000 8.30000000 1.83000000E+001
10.00000000 8.40000000 1.84000000E+001
10.00000000 8.50000000 1.85000000E+001
10.00000000 8.60000000 1.86000000E+001
10.00000000 8.70000000 1.87000000E+001
10.00000000 8.80000000 1.88000000E+001
10.00000000 8.90000000 1.89000000E+001
10.00000000 9.00000000 1.90000000E+001
10.00000000 9.10000000 1.91000000E+001
10.00000000 9.20000000 1.92000000E+001
10.00000000 9.30000000 1.93000000E+001
10.00000000 9.40000000 1.94000000E+001
10.00000000 9.50000000 1.95000000E+001
10.00000000 9.60000000 1.96000000E+001
10.00000000 9.70000000 1.97000000E+001
10.00000000 9.80000000 1.98000000E+001
10.00000000 9.90000000 1.99000000E+001
10.00000000 10.00000000 2.00000000E+001
10.00000000 10.10000000 2.01000000E+001
10.00000000 10.20000000 2.02000000E+001
10.00000000 10.30000000 2.03000000E+001
10.00000000 10.40000000 2.04000000E+001
10.00000000 10.50000000 2.05000000E+001
10.00000000 10.60000000 2.06000000E+001
10.00000000 10.70000000 2.07000000E+001
10.00000000 10.80000000 2.08000000E+001
10.00000000 10.90000000 2.09000000E+001
10.00000000 11.00000000 2.10000000E+001
10.10000000 1.00000000 1.11000000E+001
10.10000000 1.10000000 1.12000000E+001
10.10000000 1.20000000 1.13000000E+001
10.10000000 1.30000000 1.14000000E+001
10.10000000 1.40000000 1.15000000E+001
10.10000000 1.50000000 1.16000000E+001
10.10000000 1.60000000 1.17000000E+001
10.10000000 1.70000000 1.18000000E+001
10.10000000 1.80000000 1.19000000E+001
10.10000000 1.90000000 1.20000000E+001
10.10000000 2.00000000 1.21000000E+001
10.10000000 2.10000000 1.22000000E+001
10.10000000 2.20000000 1.23000000E+001
10.10000000 2.30000000 1.24000000E+001
10.10000000 2.40000000 1.25000000E+001
10.10000000 2.50000000 1.26000000E+001
10.10000000 2.60000000 1.27000000E+001
10.10000000 2.70000000 1.28000000E+001
10.10000000 2.80000000 1.29000000E+001
10.10000000 2.90000000 1.30000000E+001
10.10000000 3.00000000 1.31000000E+001
10.10000000 3.10000000 1.32000000E+001
10.10000000 3.20000000 1.33000000E+001
10.10000000 3.30000000 1.34000000E+001
10.10000000 3.40000000 1.35000000E+001
10.10000000 3.50000000 1.36000000E+001
10.10000000 3.60000000 1.37000000E+001
10.10000000 3.70000000 1.38000000E+001
10.10000000 3.80000000 1.39000000E+001
10.10000000 3.90000000 1.40000000E+001
10.10000000 4.00000000 1.41000000E+001
10.10000000 4.10000000 1.42000000E+001
10.10000000 4.20000000 1.43000000E+001
10.10000000 4.30000000 1.44000000E+001
10.10000000 4.40000000 1.45000000E+001
10.10000000 4.50000000 1.46000000E+001
10.10000000 4.60000000 1.47000000E+001
10.10000000 4.70000000 1.48000000E+001
10.10000000 4.80000000 1.49000000E+001
10.10000000 4.90000000 1.50000000E+001
10.10000000 5.00000000 1.51000000E+001
10.10000000 5.10000000 1.52000000E+001
10.10000000 5.20000000 1.53000000E+001
10.10000000 5.30000000 1.54000000E+001
10.10000000 5.40000000 1.55000000E+001
10.10000000 5.50000000 1.56000000E+001
10.10000000 5.60000000 1.57000000E+001
10.10000000 5.70000000 1.58000000E+001
10.10000000 5.80000000 1.59000000E+001
10.10000000 5.90000000 1.60000000E+001
10.10000000 6.00000000 1.61000000E+001
10.10000000 6.10000000 1.62000000E+001
10.10000000 6.20000000 1.63000000E+001
10.10000000 6.30000000 1.64000000E+001
10.10000000 6.40000000 1.65000000E+001
10.10000000 6.50000000 1.66000000E+001
10.10000000 6.60000000 1.67000000E+001
10.10000000 6.70000000 1.68000000E+001
10.10000000 6.80000000 1.69000000E+001
10.10000000 6.90000000 1.70000000E+001
10.10000000 7.00000000 1.71000000E+001
10.10000000 7.10000000 1.72000000E+001
10.10000000 7.20000000 1.73000000E+001
10.10000000 7.30000000 1.74000000E+001
10.10000000 7.40000000 1.75000000E+001
10.10000000 7.50000000 1.76000000E+001
10.10000000 7.60000000 1.77000000E+001
10.10000000 7.70000000 1.78000000E+001
10.10000000 7.80000000 1.79000000E+001
10.10000000 7.90000000 1.80000000E+001
10.10000000 8.00000000 1.81000000E+001
10.10000000 8.10000000 1.82000000E+001
10.10000000 8.20000000 1.83000000E+001
10.10000000 8.30000000 1.84000000E+001
10.10000000 8.40000000 1.85000000E+001
10.10000000 8.50000000 1.86000000E+001
10.10000000 8.60000000 1.87000000E+001
10.10000000 8.70000000 1.88000000E+001
10.10000000 8.80000000 1.89000000E+001
10.10000000 8.90000000 1.90000000E+001
10.10000000 9.00000000 1.91000000E+001
10.10000000 9.10000000 1.92000000E+001
10.10000000 9.20000000 1.93000000E+001
10.10000000 9.30000000 1.94000000E+001
10.10000000 9.40000000 1.95000000E+001
10.10000000 9.50000000 1.96000000E+001
10.10000000 9.60000000 1.97000000E+001
10.10000000 9.70000000 1.98000000E+001
10.10000000 9.80000000 1.99000000E+001
10.10000000 9.90000000 2.00000000E+001
10.10000000 10.00000000 2.01000000E+001
10.10000000 10.10000000 2.02000000E+001
10.10000000 10.20000000 2.03000000E+001
10.10000000 10.30000000 2.04000000E+001
10.10000000 10.40000000 2.05000000E+001
10.10000000 10.50000000 2.06000000E+001
10.10000000 10.60000000 2.07000000E+001
10.10000000 10.70000000 2.08000000E+001
10.10000000 10.80000000 2.09000000E+001
10.10000000 10.90000000 2.10000000E+001
10.10000000 11.00000000 2.11000000E+001
10.20000000 1.00000000 1.12000000E+001
10.20000000 1.10000000 1.13000000E+001
10.20000000 1.20000000 1.14000000E+001
10.20000000 1.30000000 1.15000000E+001
10.20000000 1.40000000 1.16000000E+001
10.20000000 1.50000000 1.17000000E+001
10.20000000 1.60000000 1.18000000E+001
10.20000000 1.70000000 1.19000000E+001
10.20000000 1.80000000 1.20000000E+001
10.20000000 1.90000000 1.21000000E+001
10.20000000 2.00000000 1.22000000E+001
10.20000000 2.10000000 1.23000000E+001
10.20000000 2.20000000 1.24000000E+001
10.20000000 2.30000000 1.25000000E+001
10.20000000 2.40000000 1.26000000E+001
10.20000000 2.50000000 1.27000000E+001
10.20000000 2.60000000 1.28000000E+001
10.20000000 2.70000000 1.29000000E+001
10.20000000 2.80000000 1.30000000E+001
10.20000000 2.90000000 1.31000000E+001
10.20000000 3.00000000 1.32000000E+001
10.20000000 3.10000000 1.33000000E+001
10.20000000 3.20000000 1.34000000E+001
10.20000000 3.30000000 1.35000000E+001
10.20000000 3.40000000 1.36000000E+001
10.20000000 3.50000000 1.37000000E+001
10.20000000 3.60000000 1.38000000E+001
10.20000000 3.70000000 1.39000000E+001
10.20000000 3.80000000 1.40000000E+001
10.20000000 3.90000000 1.41000000E+001
10.20000000 4.00000000 1.42000000E+001
10.20000000 4.10000000 1.43000000E+001
10.20000000 4.20000000 1.44000000E+001
10.20000000 4.30000000 1.45000000E+001
10.20000000 4.40000000 1.46000000E+001
10.20000000 4.50000000 1.47000000E+001
10.20000000 4.60000000 1.48000000E+001
10.20000000 4.70000000 1.49000000E+001
10.20000000 4.80000000 1.50000000E+001
10.20000000 4.90000000 1.51000000E+001
10.20000000 5.00000000 1.52000000E+001
10.20000000 5.10000000 1.53000000E+001
10.20000000 5.20000000 1.54000000E+001
10.20000000 5.30000000 1.55000000E+001
10.20000000 5.40000000 1.56000000E+001
10.20000000 5.50000000 1.57000000E+001
10.20000000 5.60000000 1.58000000E+001
10.20000000 5.70000000 1.59000000E+001
10.20000000 5.80000000 1.60000000E+001
10.20000000 5.90000000 1.61000000E+001
10.20000000 6.00000000 1.62000000E+001
10.20000000 6.10000000 1.63000000E+001
10.20000000 6.20000000 1.64000000E+001
10.20000000 6.30000000 1.65000000E+001
10.20000000 6.40000000 1.66000000E+001
10.20000000 6.50000000 1.67000000E+001
10.20000000 6.60000000 1.68000000E+001
10.20000000 6.70000000 1.69000000E+001
10.20000000 6.80000000 1.70000000E+001
10.20000000 6.90000000 1.71000000E+001
10.20000000 7.00000000 1.72000000E+001
10.20000000 7.10000000 1.73000000E+001
10.20000000 7.20000000 1.74000000E+001
10.20000000 7.30000000 1.75000000E+001
10.20000000 7.40000000 1.76000000E+001
10.20000000 7.50000000 1.77000000E+001
10.20000000 7.60000000 1.78000000E+001
10.20000000 7.70000000 1.79000000E+001
10.20000000 7.80000000 1.80000000E+001
10.20000000 7.90000000 1.81000000E+001
10.20000000 8.00000000 1.82000000E+001
10.20000000 8.10000000 1.83000000E+001
10.20000000 8.20000000 1.84000000E+001
10.20000000 8.30000000 1.85000000E+001
10.20000000 8.40000000 1.86000000E+001
10.20000000 8.50000000 1.87000000E+001
10.20000000 8.60000000 1.88000000E+001
10.20000000 8.70000000 1.89000000E+001
10.20000000 8.80000000 1.90000000E+001
10.20000000 8.90000000 1.91000000E+001
10.20000000 9.00000000 1.92000000E+001
10.20000000 9.10000000 1.93000000E+001
10.20000000 9.20000000 1.94000000E+001
10.20000000 9.30000000 1.95000000E+001
10.20000000 9.40000000 1.96000000E+001
10.20000000 9.50000000 1.97000000E+001
10.20000000 9.60000000 1.98000000E+001
10.20000000 9.70000000 1.99000000E+001
10.20000000 9.80000000 2.00000000E+001
10.20000000 9.90000000 2.01000000E+001
10.20000000 10.00000000 2.02000000E+001
10.20000000 10.10000000 2.03000000E+001
10.20000000 10.20000000 2.04000000E+001
10.20000000 10.30000000 2.05000000E+001
10.20000000 10.40000000 2.06000000E+001
10.20000000 10.50000000 2.07000000E+001
10.20000000 10.60000000 2.08000000E+001
10.20000000 10.70000000 2.09000000E+001
10.20000000 10.80000000 2.10000000E+001
10.20000000 10.90000000 2.11000000E+001
10.20000000 11.00000000 2.12000000E+001
10.30000000 1.00000000 1.13000000E+001
10.30000000 1.10000000 1.14000000E+001
10.30000000 1.20000000 1.15000000E+001
10.30000000 1.30000000 1.16000000E+001
10.30000000 1.40000000 1.17000000E+001
10.30000000 1.50000000 1.18000000E+001
10.30000000 1.60000000 1.19000000E+001
10.30000000 1.70000000 1.20000000E+001
10.30000000 1.80000000 1.21000000E+001
10.30000000 1.90000000 1.22000000E+001
10.30000000 2.00000000 1.23000000E+001
10.30000000 2.10000000 1.24000000E+001
10.30000000 2.20000000 1.25000000E+001
10.30000000 2.30000000 1.26000000E+001
10.30000000 2.40000000 1.27000000E+001
10.30000000 2.50000000 1.28000000E+001
10.30000000 2.60000000 1.29000000E+001
10.30000000 2.70000000 1.30000000E+001
10.30000000 2.80000000 1.31000000E+001
10.30000000 2.90000000 1.32000000E+001
10.30000000 3.00000000 1.33000000E+001
10.30000000 3.10000000 1.34000000E+001
10.30000000 3.20000000 1.35000000E+001
10.30000000 3.30000000 1.36000000E+001
10.30000000 3.40000000 1.37000000E+001
10.30000000 3.50000000 1.38000000E+001
10.30000000 3.60000000 1.39000000E+001
10.30000000 3.70000000 1.40000000E+001
10.30000000 3.80000000 1.41000000E+001
10.30000000 3.90000000 1.42000000E+001
10.30000000 4.00000000 1.43000000E+001
10.30000000 4.10000000 1.44000000E+001
10.30000000 4.20000000 1.45000000E+001
10.30000000 4.30000000 1.46000000E+001
10.30000000 4.40000000 1.47000000E+001
10.30000000 4.50000000 1.48000000E+001
10.30000000 4.60000000 1.49000000E+001
10.30000000 4.70000000 1.50000000E+001
10.30000000 4.80000000 1.51000000E+001
10.30000000 4.90000000 1.52000000E+001
10.30000000 5.00000000 1.53000000E+001
10.30000000 5.10000000 1.54000000E+001
10.30000000 5.20000000 1.55000000E+001
10.30000000 5.30000000 1.56000000E+001
10.30000000 5.40000000 1.57000000E+001
10.30000000 5.50000000 1.58000000E+001
10.30000000 5.60000000 1.59000000E+001
10.30000000 5.70000000 1.60000000E+001
10.30000000 5.80000000 1.61000000E+001
10.30000000 5.90000000 1.62000000E+001
10.30000000 6.00000000 1.63000000E+001
10.30000000 6.10000000 1.64000000E+001
10.30000000 6.20000000 1.65000000E+001
10.30000000 6.30000000 1.66000000E+001
10.30000000 6.40000000 1.67000000E+001
10.30000000 6.50000000 1.68000000E+001
10.30000000 6.60000000 1.69000000E+001
10.30000000 6.70000000 1.70000000E+001
10.30000000 6.80000000 1.71000000E+001
10.30000000 6.90000000 1.72000000E+001
10.30000000 7.00000000 1.73000000E+001
10.30000000 7.10000000 1.74000000E+001
10.30000000 7.20000000 1.75000000E+001
10.30000000 7.30000000 1.76000000E+001
10.30000000 7.40000000 1.77000000E+001
10.30000000 7.50000000 1.78000000E+001
10.30000000 7.60000000 1.79000000E+001
10.30000000 7.70000000 1.80000000E+001
10.30000000 7.80000000 1.81000000E+001
10.30000000 7.90000000 1.82000000E+001
10.30000000 8.00000000 1.83000000E+001
10.30000000 8.10000000 1.84000000E+001
10.30000000 8.20000000 1.85000000E+001
10.30000000 8.30000000 1.86000000E+001
10.30000000 8.40000000 1.87000000E+001
10.30000000 8.50000000 1.88000000E+001
10.30000000 8.60000000 1.89000000E+001
10.30000000 8.70000000 1.90000000E+001
10.30000000 8.80000000 1.91000000E+001
10.30000000 8.90000000 1.92000000E+001
10.30000000 9.00000000 1.93000000E+001
10.30000000 9.10000000 1.94000000E+001
10.30000000 9.20000000 1.95000000E+001
10.30000000 9.30000000 1.96000000E+001
10.30000000 9.40000000 1.97000000E+001
10.30000000 9.50000000 1.98000000E+001
10.30000000 9.60000000 1.99000000E+001
10.30000000 9.70000000 2.00000000E+001
10.30000000 9.80000000 2.01000000E+001
10.30000000 9.90000000 2.02000000E+001
10.30000000 10.00000000 2.03000000E+001
10.30000000 10.10000000 2.04000000E+001
10.30000000 10.20000000 2.05000000E+001
10.30000000 10.30000000 2.06000000E+001
10.30000000 10.40000000 2.07000000E+001
10.30000000 10.50000000 2.08000000E+001
10.30000000 10.60000000 2.09000000E+001
10.30000000 10.70000000 2.10000000E+001
10.30000000 10.80000000 2.11000000E+001
10.30000000 10.90000000 2.12000000E+001
10.30000000 11.00000000 2.13000000E+001
10.40000000 1.00000000 1.14000000E+001
10.40000000 1.10000000 1.15000000E+001
10.40000000 1.20000000 1.16000000E+001
10.40000000 1.30000000 1.17000000E+001
10.40000000 1.40000000 1.18000000E+001
10.40000000 1.50000000 1.19000000E+001
10.40000000 1.60000000 1.20000000E+001
10.40000000 1.70000000 1.21000000E+001
10.40000000 1.80000000 1.22000000E+001
10.40000000 1.90000000 1.23000000E+001
10.40000000 2.00000000 1.24000000E+001
10.40000000 2.10000000 1.25000000E+001
10.40000000 2.20000000 1.26000000E+001
10.40000000 2.30000000 1.27000000E+001
10.40000000 2.40000000 1.28000000E+001
10.40000000 2.50000000 1.29000000E+001
10.40000000 2.60000000 1.30000000E+001
10.40000000 2.70000000 1.31000000E+001
10.40000000 2.80000000 1.32000000E+001
10.40000000 2.90000000 1.33000000E+001
10.40000000 3.00000000 1.34000000E+001
10.40000000 3.10000000 1.35000000E+001
10.40000000 3.20000000 1.36000000E+001
10.40000000 3.30000000 1.37000000E+001
10.40000000 3.40000000 1.38000000E+001
10.40000000 3.50000000 1.39000000E+001
10.40000000 3.60000000 1.40000000E+001
10.40000000 3.70000000 1.41000000E+001
10.40000000 3.80000000 1.42000000E+001
10.40000000 3.90000000 1.43000000E+001
10.40000000 4.00000000 1.44000000E+001
10.40000000 4.10000000 1.45000000E+001
10.40000000 4.20000000 1.46000000E+001
10.40000000 4.30000000 1.47000000E+001
10.40000000 4.40000000 1.48000000E+001
10.40000000 4.50000000 1.49000000E+001
10.40000000 4.60000000 1.50000000E+001
10.40000000 4.70000000 1.51000000E+001
10.40000000 4.80000000 1.52000000E+001
10.40000000 4.90000000 1.53000000E+001
10.40000000 5.00000000 1.54000000E+001
10.40000000 5.10000000 1.55000000E+001
10.40000000 5.20000000 1.56000000E+001
10.40000000 5.30000000 1.57000000E+001
10.40000000 5.40000000 1.58000000E+001
10.40000000 5.50000000 1.59000000E+001
10.40000000 5.60000000 1.60000000E+001
10.40000000 5.70000000 1.61000000E+001
10.40000000 5.80000000 1.62000000E+001
10.40000000 5.90000000 1.63000000E+001
10.40000000 6.00000000 1.64000000E+001
10.40000000 6.10000000 1.65000000E+001
10.40000000 6.20000000 1.66000000E+001
10.40000000 6.30000000 1.67000000E+001
10.40000000 6.40000000 1.68000000E+001
10.40000000 6.50000000 1.69000000E+001
10.40000000 6.60000000 1.70000000E+001
10.40000000 6.70000000 1.71000000E+001
10.40000000 6.80000000 1.72000000E+001
10.40000000 6.90000000 1.73000000E+001
10.40000000 7.00000000 1.74000000E+001
10.40000000 7.10000000 1.75000000E+001
10.40000000 7.20000000 1.76000000E+001
10.40000000 7.30000000 1.77000000E+001
10.40000000 7.40000000 1.78000000E+001
10.40000000 7.50000000 1.79000000E+001
10.40000000 7.60000000 1.80000000E+001
10.40000000 7.70000000 1.81000000E+001
10.40000000 7.80000000 1.82000000E+001
10.40000000 7.90000000 1.83000000E+001
10.40000000 8.00000000 1.84000000E+001
10.40000000 8.10000000 1.85000000E+001
10.40000000 8.20000000 1.86000000E+001
10.40000000 8.30000000 1.87000000E+001
10.40000000 8.40000000 1.88000000E+001
10.40000000 8.50000000 1.89000000E+001
10.40000000 8.60000000 1.90000000E+001
10.40000000 8.70000000 1.91000000E+001
10.40000000 8.80000000 1.92000000E+001
10.40000000 8.90000000 1.93000000E+001
10.40000000 9.00000000 1.94000000E+001
10.40000000 9.10000000 1.95000000E+001
10.40000000 9.20000000 1.96000000E+001
10.40000000 9.30000000 1.97000000E+001
10.40000000 9.40000000 1.98000000E+001
10.40000000 9.50000000 1.99000000E+001
10.40000000 9.60000000 2.00000000E+001
10.40000000 9.70000000 2.01000000E+001
10.40000000 9.80000000 2.02000000E+001
10.40000000 9.90000000 2.03000000E+001
10.40000000 10.00000000 2.04000000E+001
10.40000000 10.10000000 2.05000000E+001
10.40000000 10.20000000 2.06000000E+001
10.40000000 10.30000000 2.07000000E+001
10.40000000 10.40000000 2.08000000E+001
10.40000000 10.50000000 2.09000000E+001
10.40000000 10.60000000 2.10000000E+001
10.40000000 10.70000000 2.11000000E+001
10.40000000 10.80000000 2.12000000E+001
10.40000000 10.90000000 2.13000000E+001
10.40000000 11.00000000 2.14000000E+001
10.50000000 1.00000000 1.15000000E+001
10.50000000 1.10000000 1.16000000E+001
10.50000000 1.20000000 1.17000000E+001
10.50000000 1.30000000 1.18000000E+001
10.50000000 1.40000000 1.19000000E+001
10.50000000 1.50000000 1.20000000E+001
10.50000000 1.60000000 1.21000000E+001
10.50000000 1.70000000 1.22000000E+001
10.50000000 1.80000000 1.23000000E+001
10.50000000 1.90000000 1.24000000E+001
10.50000000 2.00000000 1.25000000E+001
10.50000000 2.10000000 1.26000000E+001
10.50000000 2.20000000 1.27000000E+001
10.50000000 2.30000000 1.28000000E+001
10.50000000 2.40000000 1.29000000E+001
10.50000000 2.50000000 1.30000000E+001
10.50000000 2.60000000 1.31000000E+001
10.50000000 2.70000000 1.32000000E+001
10.50000000 2.80000000 1.33000000E+001
10.50000000 2.90000000 1.34000000E+001
10.50000000 3.00000000 1.35000000E+001
10.50000000 3.10000000 1.36000000E+001
10.50000000 3.20000000 1.37000000E+001
10.50000000 3.30000000 1.38000000E+001
10.50000000 3.40000000 1.39000000E+001
10.50000000 3.50000000 1.40000000E+001
10.50000000 3.60000000 1.41000000E+001
10.50000000 3.70000000 1.42000000E+001
10.50000000 3.80000000 1.43000000E+001
10.50000000 3.90000000 1.44000000E+001
10.50000000 4.00000000 1.45000000E+001
10.50000000 4.10000000 1.46000000E+001
10.50000000 4.20000000 1.47000000E+001
10.50000000 4.30000000 1.48000000E+001
10.50000000 4.40000000 1.49000000E+001
10.50000000 4.50000000 1.50000000E+001
10.50000000 4.60000000 1.51000000E+001
10.50000000 4.70000000 1.52000000E+001
10.50000000 4.80000000 1.53000000E+001
10.50000000 4.90000000 1.54000000E+001
10.50000000 5.00000000 1.55000000E+001
10.50000000 5.10000000 1.56000000E+001
10.50000000 5.20000000 1.57000000E+001
10.50000000 5.30000000 1.58000000E+001
10.50000000 5.40000000 1.59000000E+001
10.50000000 5.50000000 1.60000000E+001
10.50000000 5.60000000 1.61000000E+001
10.50000000 5.70000000 1.62000000E+001
10.50000000 5.80000000 1.63000000E+001
10.50000000 5.90000000 1.64000000E+001
10.50000000 6.00000000 1.65000000E+001
10.50000000 6.10000000 1.66000000E+001
10.50000000 6.20000000 1.67000000E+001
10.50000000 6.30000000 1.68000000E+001
10.50000000 6.40000000 1.69000000E+001
10.50000000 6.50000000 1.70000000E+001
10.50000000 6.60000000 1.71000000E+001
10.50000000 6.70000000 1.72000000E+001
10.50000000 6.80000000 1.73000000E+001
10.50000000 6.90000000 1.74000000E+001
10.50000000 7.00000000 1.75000000E+001
10.50000000 7.10000000 1.76000000E+001
10.50000000 7.20000000 1.77000000E+001
10.50000000 7.30000000 1.78000000E+001
10.50000000 7.40000000 1.79000000E+001
10.50000000 7.50000000 1.80000000E+001
10.50000000 7.60000000 1.81000000E+001
10.50000000 7.70000000 1.82000000E+001
10.50000000 7.80000000 1.83000000E+001
10.50000000 7.90000000 1.84000000E+001
10.50000000 8.00000000 1.85000000E+001
10.50000000 8.10000000 1.86000000E+001
10.50000000 8.20000000 1.87000000E+001
10.50000000 8.30000000 1.88000000E+001
10.50000000 8.40000000 1.89000000E+001
10.50000000 8.50000000 1.90000000E+001
10.50000000 8.60000000 1.91000000E+001
10.50000000 8.70000000 1.92000000E+001
10.50000000 8.80000000 1.93000000E+001
10.50000000 8.90000000 1.94000000E+001
10.50000000 9.00000000 1.95000000E+001
10.50000000 9.10000000 1.96000000E+001
10.50000000 9.20000000 1.97000000E+001
10.50000000 9.30000000 1.98000000E+001
10.50000000 9.40000000 1.99000000E+001
10.50000000 9.50000000 2.00000000E+001
10.50000000 9.60000000 2.01000000E+001
10.50000000 9.70000000 2.02000000E+001
10.50000000 9.80000000 2.03000000E+001
10.50000000 9.90000000 2.04000000E+001
10.50000000 10.00000000 2.05000000E+001
10.50000000 10.10000000 2.06000000E+001
10.50000000 10.20000000 2.07000000E+001
10.50000000 10.30000000 2.08000000E+001
10.50000000 10.40000000 2.09000000E+001
10.50000000 10.50000000 2.10000000E+001
10.50000000 10.60000000 2.11000000E+001
10.50000000 10.70000000 2.12000000E+001
10.50000000 10.80000000 2.13000000E+001
10.50000000 10.90000000 2.14000000E+001
10.50000000 11.00000000 2.15000000E+001
10.60000000 1.00000000 1.16000000E+001
10.60000000 1.10000000 1.17000000E+001
10.60000000 1.20000000 1.18000000E+001
10.60000000 1.30000000 1.19000000E+001
10.60000000 1.40000000 1.20000000E+001
10.60000000 1.50000000 1.21000000E+001
10.60000000 1.60000000 1.22000000E+001
10.60000000 1.70000000 1.23000000E+001
10.60000000 1.80000000 1.24000000E+001
10.60000000 1.90000000 1.25000000E+001
10.60000000 2.00000000 1.26000000E+001
10.60000000 2.10000000 1.27000000E+001
10.60000000 2.20000000 1.28000000E+001
10.60000000 2.30000000 1.29000000E+001
10.60000000 2.40000000 1.30000000E+001
10.60000000 2.50000000 1.31000000E+001
10.60000000 2.60000000 1.32000000E+001
10.60000000 2.70000000 1.33000000E+001
10.60000000 2.80000000 1.34000000E+001
10.60000000 2.90000000 1.35000000E+001
10.60000000 3.00000000 1.36000000E+001
10.60000000 3.10000000 1.37000000E+001
10.60000000 3.20000000 1.38000000E+001
10.60000000 3.30000000 1.39000000E+001
10.60000000 3.40000000 1.40000000E+001
10.60000000 3.50000000 1.41000000E+001
10.60000000 3.60000000 1.42000000E+001
10.60000000 3.70000000 1.43000000E+001
10.60000000 3.80000000 1.44000000E+001
10.60000000 3.90000000 1.45000000E+001
10.60000000 4.00000000 1.46000000E+001
10.60000000 4.10000000 1.47000000E+001
10.60000000 4.20000000 1.48000000E+001
10.60000000 4.30000000 1.49000000E+001
10.60000000 4.40000000 1.50000000E+001
10.60000000 4.50000000 1.51000000E+001
10.60000000 4.60000000 1.52000000E+001
10.60000000 4.70000000 1.53000000E+001
10.60000000 4.80000000 1.54000000E+001
10.60000000 4.90000000 1.55000000E+001
10.60000000 5.00000000 1.56000000E+001
10.60000000 5.10000000 1.57000000E+001
10.60000000 5.20000000 1.58000000E+001
10.60000000 5.30000000 1.59000000E+001
10.60000000 5.40000000 1.60000000E+001
10.60000000 5.50000000 1.61000000E+001
10.60000000 5.60000000 1.62000000E+001
10.60000000 5.70000000 1.63000000E+001
10.60000000 5.80000000 1.64000000E+001
10.60000000 5.90000000 1.65000000E+001
10.60000000 6.00000000 1.66000000E+001
10.60000000 6.10000000 1.67000000E+001
10.60000000 6.20000000 1.68000000E+001
10.60000000 6.30000000 1.69000000E+001
10.60000000 6.40000000 1.70000000E+001
10.60000000 6.50000000 1.71000000E+001
10.60000000 6.60000000 1.72000000E+001
10.60000000 6.70000000 1.73000000E+001
10.60000000 6.80000000 1.74000000E+001
10.60000000 6.90000000 1.75000000E+001
10.60000000 7.00000000 1.76000000E+001
10.60000000 7.10000000 1.77000000E+001
10.60000000 7.20000000 1.78000000E+001
10.60000000 7.30000000 1.79000000E+001
10.60000000 7.40000000 1.80000000E+001
10.60000000 7.50000000 1.81000000E+001
10.60000000 7.60000000 1.82000000E+001
10.60000000 7.70000000 1.83000000E+001
10.60000000 7.80000000 1.84000000E+001
10.60000000 7.90000000 1.85000000E+001
10.60000000 8.00000000 1.86000000E+001
10.60000000 8.10000000 1.87000000E+001
10.60000000 8.20000000 1.88000000E+001
10.60000000 8.30000000 1.89000000E+001
10.60000000 8.40000000 1.90000000E+001
10.60000000 8.50000000 1.91000000E+001
10.60000000 8.60000000 1.92000000E+001
10.60000000 8.70000000 1.93000000E+001
10.60000000 8.80000000 1.94000000E+001
10.60000000 8.90000000 1.95000000E+001
10.60000000 9.00000000 1.96000000E+001
10.60000000 9.10000000 1.97000000E+001
10.60000000 9.20000000 1.98000000E+001
10.60000000 9.30000000 1.99000000E+001
10.60000000 9.40000000 2.00000000E+001
10.60000000 9.50000000 2.01000000E+001
10.60000000 9.60000000 2.02000000E+001
10.60000000 9.70000000 2.03000000E+001
10.60000000 9.80000000 2.04000000E+001
10.60000000 9.90000000 2.05000000E+001
10.60000000 10.00000000 2.06000000E+001
10.60000000 10.10000000 2.07000000E+001
10.60000000 10.20000000 2.08000000E+001
10.60000000 10.30000000 2.09000000E+001
10.60000000 10.40000000 2.10000000E+001
10.60000000 10.50000000 2.11000000E+001
10.60000000 10.60000000 2.12000000E+001
10.60000000 10.70000000 2.13000000E+001
10.60000000 10.80000000 2.14000000E+001
10.60000000 10.90000000 2.15000000E+001
10.60000000 11.00000000 2.16000000E+001
10.70000000 1.00000000 1.17000000E+001
10.70000000 1.10000000 1.18000000E+001
10.70000000 1.20000000 1.19000000E+001
10.70000000 1.30000000 1.20000000E+001
10.70000000 1.40000000 1.21000000E+001
10.70000000 1.50000000 1.22000000E+001
10.70000000 1.60000000 1.23000000E+001
10.70000000 1.70000000 1.24000000E+001
10.70000000 1.80000000 1.25000000E+001
10.70000000 1.90000000 1.26000000E+001
10.70000000 2.00000000 1.27000000E+001
10.70000000 2.10000000 1.28000000E+001
10.70000000 2.20000000 1.29000000E+001
10.70000000 2.30000000 1.30000000E+001
10.70000000 2.40000000 1.31000000E+001
10.70000000 2.50000000 1.32000000E+001
10.70000000 2.60000000 1.33000000E+001
10.70000000 2.70000000 1.34000000E+001
10.70000000 2.80000000 1.35000000E+001
10.70000000 2.90000000 1.36000000E+001
10.70000000 3.00000000 1.37000000E+001
10.70000000 3.10000000 1.38000000E+001
10.70000000 3.20000000 1.39000000E+001
10.70000000 3.30000000 1.40000000E+001
10.70000000 3.40000000 1.41000000E+001
10.70000000 3.50000000 1.42000000E+001
10.70000000 3.60000000 1.43000000E+001
10.70000000 3.70000000 1.44000000E+001
10.70000000 3.80000000 1.45000000E+001
10.70000000 3.90000000 1.46000000E+001
10.70000000 4.00000000 1.47000000E+001
10.70000000 4.10000000 1.48000000E+001
10.70000000 4.20000000 1.49000000E+001
10.70000000 4.30000000 1.50000000E+001
10.70000000 4.40000000 1.51000000E+001
10.70000000 4.50000000 1.52000000E+001
10.70000000 4.60000000 1.53000000E+001
10.70000000 4.70000000 1.54000000E+001
10.70000000 4.80000000 1.55000000E+001
10.70000000 4.90000000 1.56000000E+001
10.70000000 5.00000000 1.57000000E+001
10.70000000 5.10000000 1.58000000E+001
10.70000000 5.20000000 1.59000000E+001
10.70000000 5.30000000 1.60000000E+001
10.70000000 5.40000000 1.61000000E+001
10.70000000 5.50000000 1.62000000E+001
10.70000000 5.60000000 1.63000000E+001
10.70000000 5.70000000 1.64000000E+001
10.70000000 5.80000000 1.65000000E+001
10.70000000 5.90000000 1.66000000E+001
10.70000000 6.00000000 1.67000000E+001
10.70000000 6.10000000 1.68000000E+001
10.70000000 6.20000000 1.69000000E+001
10.70000000 6.30000000 1.70000000E+001
10.70000000 6.40000000 1.71000000E+001
10.70000000 6.50000000 1.72000000E+001
10.70000000 6.60000000 1.73000000E+001
10.70000000 6.70000000 1.74000000E+001
10.70000000 6.80000000 1.75000000E+001
10.70000000 6.90000000 1.76000000E+001
10.70000000 7.00000000 1.77000000E+001
10.70000000 7.10000000 1.78000000E+001
10.70000000 7.20000000 1.79000000E+001
10.70000000 7.30000000 1.80000000E+001
10.70000000 7.40000000 1.81000000E+001
10.70000000 7.50000000 1.82000000E+001
10.70000000 7.60000000 1.83000000E+001
10.70000000 7.70000000 1.84000000E+001
10.70000000 7.80000000 1.85000000E+001
10.70000000 7.90000000 1.86000000E+001
10.70000000 8.00000000 1.87000000E+001
10.70000000 8.10000000 1.88000000E+001
10.70000000 8.20000000 1.89000000E+001
10.70000000 8.30000000 1.90000000E+001
10.70000000 8.40000000 1.91000000E+001
10.70000000 8.50000000 1.92000000E+001
10.70000000 8.60000000 1.93000000E+001
10.70000000 8.70000000 1.94000000E+001
10.70000000 8.80000000 1.95000000E+001
10.70000000 8.90000000 1.96000000E+001
10.70000000 9.00000000 1.97000000E+001
10.70000000 9.10000000 1.98000000E+001
10.70000000 9.20000000 1.99000000E+001
10.70000000 9.30000000 2.00000000E+001
10.70000000 9.40000000 2.01000000E+001
10.70000000 9.50000000 2.02000000E+001
10.70000000 9.60000000 2.03000000E+001
10.70000000 9.70000000 2.04000000E+001
10.70000000 9.80000000 2.05000000E+001
10.70000000 9.90000000 2.06000000E+001
10.70000000 10.00000000 2.07000000E+001
10.70000000 10.10000000 2.08000000E+001
10.70000000 10.20000000 2.09000000E+001
10.70000000 10.30000000 2.10000000E+001
10.70000000 10.40000000 2.11000000E+001
10.70000000 10.50000000 2.12000000E+001
10.70000000 10.60000000 2.13000000E+001
10.70000000 10.70000000 2.14000000E+001
10.70000000 10.80000000 2.15000000E+001
10.70000000 10.90000000 2.16000000E+001
10.70000000 11.00000000 2.17000000E+001
10.80000000 1.00000000 1.18000000E+001
10.80000000 1.10000000 1.19000000E+001
10.80000000 1.20000000 1.20000000E+001
10.80000000 1.30000000 1.21000000E+001
10.80000000 1.40000000 1.22000000E+001
10.80000000 1.50000000 1.23000000E+001
10.80000000 1.60000000 1.24000000E+001
10.80000000 1.70000000 1.25000000E+001
10.80000000 1.80000000 1.26000000E+001
10.80000000 1.90000000 1.27000000E+001
10.80000000 2.00000000 1.28000000E+001
10.80000000 2.10000000 1.29000000E+001
10.80000000 2.20000000 1.30000000E+001
10.80000000 2.30000000 1.31000000E+001
10.80000000 2.40000000 1.32000000E+001
10.80000000 2.50000000 1.33000000E+001
10.80000000 2.60000000 1.34000000E+001
10.80000000 2.70000000 1.35000000E+001
10.80000000 2.80000000 1.36000000E+001
10.80000000 2.90000000 1.37000000E+001
10.80000000 3.00000000 1.38000000E+001
10.80000000 3.10000000 1.39000000E+001
10.80000000 3.20000000 1.40000000E+001
10.80000000 3.30000000 1.41000000E+001
10.80000000 3.40000000 1.42000000E+001
10.80000000 3.50000000 1.43000000E+001
10.80000000 3.60000000 1.44000000E+001
10.80000000 3.70000000 1.45000000E+001
10.80000000 3.80000000 1.46000000E+001
10.80000000 3.90000000 1.47000000E+001
10.80000000 4.00000000 1.48000000E+001
10.80000000 4.10000000 1.49000000E+001
10.80000000 4.20000000 1.50000000E+001
10.80000000 4.30000000 1.51000000E+001
10.80000000 4.40000000 1.52000000E+001
10.80000000 4.50000000 1.53000000E+001
10.80000000 4.60000000 1.54000000E+001
10.80000000 4.70000000 1.55000000E+001
10.80000000 4.80000000 1.56000000E+001
10.80000000 4.90000000 1.57000000E+001
10.80000000 5.00000000 1.58000000E+001
10.80000000 5.10000000 1.59000000E+001
10.80000000 5.20000000 1.60000000E+001
10.80000000 5.30000000 1.61000000E+001
10.80000000 5.40000000 1.62000000E+001
10.80000000 5.50000000 1.63000000E+001
10.80000000 5.60000000 1.64000000E+001
10.80000000 5.70000000 1.65000000E+001
10.80000000 5.80000000 1.66000000E+001
10.80000000 5.90000000 1.67000000E+001
10.80000000 6.00000000 1.68000000E+001
10.80000000 6.10000000 1.69000000E+001
10.80000000 6.20000000 1.70000000E+001
10.80000000 6.30000000 1.71000000E+001
10.80000000 6.40000000 1.72000000E+001
10.80000000 6.50000000 1.73000000E+001
10.80000000 6.60000000 1.74000000E+001
10.80000000 6.70000000 1.75000000E+001
10.80000000 6.80000000 1.76000000E+001
10.80000000 6.90000000 1.77000000E+001
10.80000000 7.00000000 1.78000000E+001
10.80000000 7.10000000 1.79000000E+001
10.80000000 7.20000000 1.80000000E+001
10.80000000 7.30000000 1.81000000E+001
10.80000000 7.40000000 1.82000000E+001
10.80000000 7.50000000 1.83000000E+001
10.80000000 7.60000000 1.84000000E+001
10.80000000 7.70000000 1.85000000E+001
10.80000000 7.80000000 1.86000000E+001
10.80000000 7.90000000 1.87000000E+001
10.80000000 8.00000000 1.88000000E+001
10.80000000 8.10000000 1.89000000E+001
10.80000000 8.20000000 1.90000000E+001
10.80000000 8.30000000 1.91000000E+001
10.80000000 8.40000000 1.92000000E+001
10.80000000 8.50000000 1.93000000E+001
10.80000000 8.60000000 1.94000000E+001
10.80000000 8.70000000 1.95000000E+001
10.80000000 8.80000000 1.96000000E+001
10.80000000 8.90000000 1.97000000E+001
10.80000000 9.00000000 1.98000000E+001
10.80000000 9.10000000 1.99000000E+001
10.80000000 9.20000000 2.00000000E+001
10.80000000 9.30000000 2.01000000E+001
10.80000000 9.40000000 2.02000000E+001
10.80000000 9.50000000 2.03000000E+001
10.80000000 9.60000000 2.04000000E+001
10.80000000 9.70000000 2.05000000E+001
10.80000000 9.80000000 2.06000000E+001
10.80000000 9.90000000 2.07000000E+001
10.80000000 10.00000000 2.08000000E+001
10.80000000 10.10000000 2.09000000E+001
10.80000000 10.20000000 2.10000000E+001
10.80000000 10.30000000 2.11000000E+001
10.80000000 10.40000000 2.12000000E+001
10.80000000 10.50000000 2.13000000E+001
10.80000000 10.60000000 2.14000000E+001
10.80000000 10.70000000 2.15000000E+001
10.80000000 10.80000000 2.16000000E+001
10.80000000 10.90000000 2.17000000E+001
10.80000000 11.00000000 2.18000000E+001
10.90000000 1.00000000 1.19000000E+001
10.90000000 1.10000000 1.20000000E+001
10.90000000 1.20000000 1.21000000E+001
10.90000000 1.30000000 1.22000000E+001
10.90000000 1.40000000 1.23000000E+001
10.90000000 1.50000000 1.24000000E+001
10.90000000 1.60000000 1.25000000E+001
10.90000000 1.70000000 1.26000000E+001
10.90000000 1.80000000 1.27000000E+001
10.90000000 1.90000000 1.28000000E+001
10.90000000 2.00000000 1.29000000E+001
10.90000000 2.10000000 1.30000000E+001
10.90000000 2.20000000 1.31000000E+001
10.90000000 2.30000000 1.32000000E+001
10.90000000 2.40000000 1.33000000E+001
10.90000000 2.50000000 1.34000000E+001
10.90000000 2.60000000 1.35000000E+001
10.90000000 2.70000000 1.36000000E+001
10.90000000 2.80000000 1.37000000E+001
10.90000000 2.90000000 1.38000000E+001
10.90000000 3.00000000 1.39000000E+001
10.90000000 3.10000000 1.40000000E+001
10.90000000 3.20000000 1.41000000E+001
10.90000000 3.30000000 1.42000000E+001
10.90000000 3.40000000 1.43000000E+001
10.90000000 3.50000000 1.44000000E+001
10.90000000 3.60000000 1.45000000E+001
10.90000000 3.70000000 1.46000000E+001
10.90000000 3.80000000 1.47000000E+001
10.90000000 3.90000000 1.48000000E+001
10.90000000 4.00000000 1.49000000E+001
10.90000000 4.10000000 1.50000000E+001
10.90000000 4.20000000 1.51000000E+001
10.90000000 4.30000000 1.52000000E+001
10.90000000 4.40000000 1.53000000E+001
10.90000000 4.50000000 1.54000000E+001
10.90000000 4.60000000 1.55000000E+001
10.90000000 4.70000000 1.56000000E+001
10.90000000 4.80000000 1.57000000E+001
10.90000000 4.90000000 1.58000000E+001
10.90000000 5.00000000 1.59000000E+001
10.90000000 5.10000000 1.60000000E+001
10.90000000 5.20000000 1.61000000E+001
10.90000000 5.30000000 1.62000000E+001
10.90000000 5.40000000 1.63000000E+001
10.90000000 5.50000000 1.64000000E+001
10.90000000 5.60000000 1.65000000E+001
10.90000000 5.70000000 1.66000000E+001
10.90000000 5.80000000 1.67000000E+001
10.90000000 5.90000000 1.68000000E+001
10.90000000 6.00000000 1.69000000E+001
10.90000000 6.10000000 1.70000000E+001
10.90000000 6.20000000 1.71000000E+001
10.90000000 6.30000000 1.72000000E+001
10.90000000 6.40000000 1.73000000E+001
10.90000000 6.50000000 1.74000000E+001
10.90000000 6.60000000 1.75000000E+001
10.90000000 6.70000000 1.76000000E+001
10.90000000 6.80000000 1.77000000E+001
10.90000000 6.90000000 1.78000000E+001
10.90000000 7.00000000 1.79000000E+001
10.90000000 7.10000000 1.80000000E+001
10.90000000 7.20000000 1.81000000E+001
10.90000000 7.30000000 1.82000000E+001
10.90000000 7.40000000 1.83000000E+001
10.90000000 7.50000000 1.84000000E+001
10.90000000 7.60000000 1.85000000E+001
10.90000000 7.70000000 1.86000000E+001
10.90000000 7.80000000 1.87000000E+001
10.90000000 7.90000000 1.88000000E+001
10.90000000 8.00000000 1.89000000E+001
10.90000000 8.10000000 1.90000000E+001
10.90000000 8.20000000 1.91000000E+001
10.90000000 8.30000000 1.92000000E+001
10.90000000 8.40000000 1.93000000E+001
10.90000000 8.50000000 1.94000000E+001
10.90000000 8.60000000 1.95000000E+001
10.90000000 8.70000000 1.96000000E+001
10.90000000 8.80000000 1.97000000E+001
10.90000000 8.90000000 1.98000000E+001
10.90000000 9.00000000 1.99000000E+001
10.90000000 9.10000000 2.00000000E+001
10.90000000 9.20000000 2.01000000E+001
10.90000000 9.30000000 2.02000000E+001
10.90000000 9.40000000 2.03000000E+001
10.90000000 9.50000000 2.04000000E+001
10.90000000 9.60000000 2.05000000E+001
10.90000000 9.70000000 2.06000000E+001
10.90000000 9.80000000 2.07000000E+001
10.90000000 9.90000000 2.08000000E+001
10.90000000 10.00000000 2.09000000E+001
10.90000000 10.10000000 2.10000000E+001
10.90000000 10.20000000 2.11000000E+001
10.90000000 10.30000000 2.12000000E+001
10.90000000 10.40000000 2.13000000E+001
10.90000000 10.50000000 2.14000000E+001
10.90000000 10.60000000 2.15000000E+001
10.90000000 10.70000000 2.16000000E+001
10.90000000 10.80000000 2.17000000E+001
10.90000000 10.90000000 2.18000000E+001
10.90000000 11.00000000 2.19000000E+001
11.00000000 1.00000000 1.20000000E+001
11.00000000 1.10000000 1.21000000E+001
11.00000000 1.20000000 1.22000000E+001
11.00000000 1.30000000 1.23000000E+001
11.00000000 1.40000000 1.24000000E+001
11.00000000 1.50000000 1.25000000E+001
11.00000000 1.60000000 1.26000000E+001
11.00000000 1.70000000 1.27000000E+001
11.00000000 1.80000000 1.28000000E+001
11.00000000 1.90000000 1.29000000E+001
11.00000000 2.00000000 1.30000000E+001
11.00000000 2.10000000 1.31000000E+001
11.00000000 2.20000000 1.32000000E+001
11.00000000 2.30000000 1.33000000E+001
11.00000000 2.40000000 1.34000000E+001
11.00000000 2.50000000 1.35000000E+001
11.00000000 2.60000000 1.36000000E+001
11.00000000 2.70000000 1.37000000E+001
11.00000000 2.80000000 1.38000000E+001
11.00000000 2.90000000 1.39000000E+001
11.00000000 3.00000000 1.40000000E+001
11.00000000 3.10000000 1.41000000E+001
11.00000000 3.20000000 1.42000000E+001
11.00000000 3.30000000 1.43000000E+001
11.00000000 3.40000000 1.44000000E+001
11.00000000 3.50000000 1.45000000E+001
11.00000000 3.60000000 1.46000000E+001
11.00000000 3.70000000 1.47000000E+001
11.00000000 3.80000000 1.48000000E+001
11.00000000 3.90000000 1.49000000E+001
11.00000000 4.00000000 1.50000000E+001
11.00000000 4.10000000 1.51000000E+001
11.00000000 4.20000000 1.52000000E+001
11.00000000 4.30000000 1.53000000E+001
11.00000000 4.40000000 1.54000000E+001
11.00000000 4.50000000 1.55000000E+001
11.00000000 4.60000000 1.56000000E+001
11.00000000 4.70000000 1.57000000E+001
11.00000000 4.80000000 1.58000000E+001
11.00000000 4.90000000 1.59000000E+001
11.00000000 5.00000000 1.60000000E+001
11.00000000 5.10000000 1.61000000E+001
11.00000000 5.20000000 1.62000000E+001
11.00000000 5.30000000 1.63000000E+001
11.00000000 5.40000000 1.64000000E+001
11.00000000 5.50000000 1.65000000E+001
11.00000000 5.60000000 1.66000000E+001
11.00000000 5.70000000 1.67000000E+001
11.00000000 5.80000000 1.68000000E+001
11.00000000 5.90000000 1.69000000E+001
11.00000000 6.00000000 1.70000000E+001
11.00000000 6.10000000 1.71000000E+001
11.00000000 6.20000000 1.72000000E+001
11.00000000 6.30000000 1.73000000E+001
11.00000000 6.40000000 1.74000000E+001
11.00000000 6.50000000 1.75000000E+001
11.00000000 6.60000000 1.76000000E+001
11.00000000 6.70000000 1.77000000E+001
11.00000000 6.80000000 1.78000000E+001
11.00000000 6.90000000 1.79000000E+001
11.00000000 7.00000000 1.80000000E+001
11.00000000 7.10000000 1.81000000E+001
11.00000000 7.20000000 1.82000000E+001
11.00000000 7.30000000 1.83000000E+001
11.00000000 7.40000000 1.84000000E+001
11.00000000 7.50000000 1.85000000E+001
11.00000000 7.60000000 1.86000000E+001
11.00000000 7.70000000 1.87000000E+001
11.00000000 7.80000000 1.88000000E+001
11.00000000 7.90000000 1.89000000E+001
11.00000000 8.00000000 1.90000000E+001
11.00000000 8.10000000 1.91000000E+001
11.00000000 8.20000000 1.92000000E+001
11.00000000 8.30000000 1.93000000E+001
11.00000000 8.40000000 1.94000000E+001
11.00000000 8.50000000 1.95000000E+001
11.00000000 8.60000000 1.96000000E+001
11.00000000 8.70000000 1.97000000E+001
11.00000000 8.80000000 1.98000000E+001
11.00000000 8.90000000 1.99000000E+001
11.00000000 9.00000000 2.00000000E+001
11.00000000 9.10000000 2.01000000E+001
11.00000000 9.20000000 2.02000000E+001
11.00000000 9.30000000 2.03000000E+001
11.00000000 9.40000000 2.04000000E+001
11.00000000 9.50000000 2.05000000E+001
11.00000000 9.60000000 2.06000000E+001
11.00000000 9.70000000 2.07000000E+001
11.00000000 9.80000000 2.08000000E+001
11.00000000 9.90000000 2.09000000E+001
11.00000000 10.00000000 2.10000000E+001
11.00000000 10.10000000 2.11000000E+001
11.00000000 10.20000000 2.12000000E+001
11.00000000 10.30000000 2.13000000E+001
11.00000000 10.40000000 2.14000000E+001
11.00000000 10.50000000 2.15000000E+001
11.00000000 10.60000000 2.16000000E+001
11.00000000 10.70000000 2.17000000E+001
11.00000000 10.80000000 2.18000000E+001
11.00000000 10.90000000 2.19000000E+001
11.00000000 11.00000000 2.20000000E+001
